{"v":"5.7.6","fr":29.9700012207031,"ip":0,"op":150.000006109625,"w":901,"h":901,"nm":"pinnumber","ddd":0,"assets":[{"id":"comp_0","layers":[{"ddd":0,"ind":1,"ty":4,"nm":"*-6 Outlines","sr":1,"ks":{"o":{"a":0,"k":100,"ix":11},"r":{"a":0,"k":0,"ix":10},"p":{"a":0,"k":[765.034,534.667,0],"ix":2,"l":2},"a":{"a":0,"k":[23.384,22.099,0],"ix":1,"l":2},"s":{"a":0,"k":[100,100,100],"ix":6,"l":2}},"ao":0,"shapes":[{"ty":"gr","it":[{"ind":0,"ty":"sh","ix":1,"ks":{"a":0,"k":{"i":[[0,0],[0,0],[0,0],[0,0],[0,0],[0,0],[0,0],[0,0],[0,0],[0,0],[0,0],[0,0],[0,0],[0,0],[0,0],[0,0],[0,0],[0,0]],"o":[[0,0],[0,0],[0,0],[0,0],[0,0],[0,0],[0,0],[0,0],[0,0],[0,0],[0,0],[0,0],[0,0],[0,0],[0,0],[0,0],[0,0],[0,0]],"v":[[23.135,-4.285],[23.135,4.284],[8.471,4.284],[15.406,15.957],[7.381,21.849],[-0.049,9.745],[-7.184,21.849],[-15.406,15.957],[-8.273,4.284],[-23.135,4.284],[-23.135,-4.285],[-8.273,-4.285],[-15.406,-15.85],[-7.184,-21.849],[-0.049,-9.639],[7.381,-21.849],[15.406,-15.85],[8.471,-4.285]],"c":true},"ix":2},"nm":"Path 1","mn":"ADBE Vector Shape - Group","hd":false},{"ty":"fl","c":{"a":0,"k":[1,1,1,1],"ix":4},"o":{"a":0,"k":100,"ix":5},"r":1,"bm":0,"nm":"Fill 1","mn":"ADBE Vector Graphic - Fill","hd":false},{"ty":"tr","p":{"a":0,"k":[23.384,22.099],"ix":2},"a":{"a":0,"k":[0,0],"ix":1},"s":{"a":0,"k":[100,100],"ix":3},"r":{"a":0,"k":0,"ix":6},"o":{"a":0,"k":100,"ix":7},"sk":{"a":0,"k":0,"ix":4},"sa":{"a":0,"k":0,"ix":5},"nm":"Transform"}],"nm":"Group 1","np":2,"cix":2,"bm":0,"ix":1,"mn":"ADBE Vector Group","hd":false}],"ip":0,"op":900.000036657751,"st":0,"bm":0},{"ddd":0,"ind":2,"ty":4,"nm":"*-5 Outlines","sr":1,"ks":{"o":{"a":0,"k":100,"ix":11},"r":{"a":0,"k":0,"ix":10},"p":{"a":0,"k":[702.352,534.667,0],"ix":2,"l":2},"a":{"a":0,"k":[23.384,22.099,0],"ix":1,"l":2},"s":{"a":0,"k":[100,100,100],"ix":6,"l":2}},"ao":0,"shapes":[{"ty":"gr","it":[{"ind":0,"ty":"sh","ix":1,"ks":{"a":0,"k":{"i":[[0,0],[0,0],[0,0],[0,0],[0,0],[0,0],[0,0],[0,0],[0,0],[0,0],[0,0],[0,0],[0,0],[0,0],[0,0],[0,0],[0,0],[0,0]],"o":[[0,0],[0,0],[0,0],[0,0],[0,0],[0,0],[0,0],[0,0],[0,0],[0,0],[0,0],[0,0],[0,0],[0,0],[0,0],[0,0],[0,0],[0,0]],"v":[[23.134,-4.285],[23.134,4.284],[8.471,4.284],[15.406,15.957],[7.381,21.849],[-0.05,9.745],[-7.184,21.849],[-15.407,15.957],[-8.274,4.284],[-23.134,4.284],[-23.134,-4.285],[-8.274,-4.285],[-15.407,-15.85],[-7.184,-21.849],[-0.05,-9.639],[7.381,-21.849],[15.406,-15.85],[8.471,-4.285]],"c":true},"ix":2},"nm":"Path 1","mn":"ADBE Vector Shape - Group","hd":false},{"ty":"fl","c":{"a":0,"k":[1,1,1,1],"ix":4},"o":{"a":0,"k":100,"ix":5},"r":1,"bm":0,"nm":"Fill 1","mn":"ADBE Vector Graphic - Fill","hd":false},{"ty":"tr","p":{"a":0,"k":[23.384,22.099],"ix":2},"a":{"a":0,"k":[0,0],"ix":1},"s":{"a":0,"k":[100,100],"ix":3},"r":{"a":0,"k":0,"ix":6},"o":{"a":0,"k":100,"ix":7},"sk":{"a":0,"k":0,"ix":4},"sa":{"a":0,"k":0,"ix":5},"nm":"Transform"}],"nm":"Group 1","np":2,"cix":2,"bm":0,"ix":1,"mn":"ADBE Vector Group","hd":false}],"ip":0,"op":900.000036657751,"st":0,"bm":0},{"ddd":0,"ind":3,"ty":4,"nm":"*-4 Outlines","sr":1,"ks":{"o":{"a":0,"k":100,"ix":11},"r":{"a":0,"k":0,"ix":10},"p":{"a":0,"k":[639.67,534.667,0],"ix":2,"l":2},"a":{"a":0,"k":[23.384,22.099,0],"ix":1,"l":2},"s":{"a":0,"k":[100,100,100],"ix":6,"l":2}},"ao":0,"shapes":[{"ty":"gr","it":[{"ind":0,"ty":"sh","ix":1,"ks":{"a":0,"k":{"i":[[0,0],[0,0],[0,0],[0,0],[0,0],[0,0],[0,0],[0,0],[0,0],[0,0],[0,0],[0,0],[0,0],[0,0],[0,0],[0,0],[0,0],[0,0]],"o":[[0,0],[0,0],[0,0],[0,0],[0,0],[0,0],[0,0],[0,0],[0,0],[0,0],[0,0],[0,0],[0,0],[0,0],[0,0],[0,0],[0,0],[0,0]],"v":[[23.135,-4.285],[23.135,4.284],[8.471,4.284],[15.406,15.957],[7.381,21.849],[-0.049,9.745],[-7.184,21.849],[-15.406,15.957],[-8.273,4.284],[-23.135,4.284],[-23.135,-4.285],[-8.273,-4.285],[-15.406,-15.85],[-7.184,-21.849],[-0.049,-9.639],[7.381,-21.849],[15.406,-15.85],[8.471,-4.285]],"c":true},"ix":2},"nm":"Path 1","mn":"ADBE Vector Shape - Group","hd":false},{"ty":"fl","c":{"a":0,"k":[1,1,1,1],"ix":4},"o":{"a":0,"k":100,"ix":5},"r":1,"bm":0,"nm":"Fill 1","mn":"ADBE Vector Graphic - Fill","hd":false},{"ty":"tr","p":{"a":0,"k":[23.384,22.099],"ix":2},"a":{"a":0,"k":[0,0],"ix":1},"s":{"a":0,"k":[100,100],"ix":3},"r":{"a":0,"k":0,"ix":6},"o":{"a":0,"k":100,"ix":7},"sk":{"a":0,"k":0,"ix":4},"sa":{"a":0,"k":0,"ix":5},"nm":"Transform"}],"nm":"Group 1","np":2,"cix":2,"bm":0,"ix":1,"mn":"ADBE Vector Group","hd":false}],"ip":0,"op":900.000036657751,"st":0,"bm":0},{"ddd":0,"ind":4,"ty":4,"nm":"*-3 Outlines","sr":1,"ks":{"o":{"a":0,"k":100,"ix":11},"r":{"a":0,"k":0,"ix":10},"p":{"a":0,"k":[576.989,534.667,0],"ix":2,"l":2},"a":{"a":0,"k":[23.384,22.099,0],"ix":1,"l":2},"s":{"a":0,"k":[100,100,100],"ix":6,"l":2}},"ao":0,"shapes":[{"ty":"gr","it":[{"ind":0,"ty":"sh","ix":1,"ks":{"a":0,"k":{"i":[[0,0],[0,0],[0,0],[0,0],[0,0],[0,0],[0,0],[0,0],[0,0],[0,0],[0,0],[0,0],[0,0],[0,0],[0,0],[0,0],[0,0],[0,0]],"o":[[0,0],[0,0],[0,0],[0,0],[0,0],[0,0],[0,0],[0,0],[0,0],[0,0],[0,0],[0,0],[0,0],[0,0],[0,0],[0,0],[0,0],[0,0]],"v":[[23.134,-4.285],[23.134,4.284],[8.471,4.284],[15.406,15.957],[7.381,21.849],[-0.05,9.745],[-7.183,21.849],[-15.407,15.957],[-8.274,4.284],[-23.134,4.284],[-23.134,-4.285],[-8.274,-4.285],[-15.407,-15.85],[-7.183,-21.849],[-0.05,-9.639],[7.381,-21.849],[15.406,-15.85],[8.471,-4.285]],"c":true},"ix":2},"nm":"Path 1","mn":"ADBE Vector Shape - Group","hd":false},{"ty":"fl","c":{"a":0,"k":[1,1,1,1],"ix":4},"o":{"a":0,"k":100,"ix":5},"r":1,"bm":0,"nm":"Fill 1","mn":"ADBE Vector Graphic - Fill","hd":false},{"ty":"tr","p":{"a":0,"k":[23.384,22.099],"ix":2},"a":{"a":0,"k":[0,0],"ix":1},"s":{"a":0,"k":[100,100],"ix":3},"r":{"a":0,"k":0,"ix":6},"o":{"a":0,"k":100,"ix":7},"sk":{"a":0,"k":0,"ix":4},"sa":{"a":0,"k":0,"ix":5},"nm":"Transform"}],"nm":"Group 1","np":2,"cix":2,"bm":0,"ix":1,"mn":"ADBE Vector Group","hd":false}],"ip":0,"op":900.000036657751,"st":0,"bm":0},{"ddd":0,"ind":5,"ty":4,"nm":"*-2 Outlines","sr":1,"ks":{"o":{"a":0,"k":100,"ix":11},"r":{"a":0,"k":0,"ix":10},"p":{"a":0,"k":[514.306,534.667,0],"ix":2,"l":2},"a":{"a":0,"k":[23.384,22.099,0],"ix":1,"l":2},"s":{"a":0,"k":[100,100,100],"ix":6,"l":2}},"ao":0,"shapes":[{"ty":"gr","it":[{"ind":0,"ty":"sh","ix":1,"ks":{"a":0,"k":{"i":[[0,0],[0,0],[0,0],[0,0],[0,0],[0,0],[0,0],[0,0],[0,0],[0,0],[0,0],[0,0],[0,0],[0,0],[0,0],[0,0],[0,0],[0,0]],"o":[[0,0],[0,0],[0,0],[0,0],[0,0],[0,0],[0,0],[0,0],[0,0],[0,0],[0,0],[0,0],[0,0],[0,0],[0,0],[0,0],[0,0],[0,0]],"v":[[23.135,-4.285],[23.135,4.284],[8.471,4.284],[15.406,15.957],[7.381,21.849],[-0.05,9.745],[-7.184,21.849],[-15.407,15.957],[-8.274,4.284],[-23.135,4.284],[-23.135,-4.285],[-8.274,-4.285],[-15.407,-15.85],[-7.184,-21.849],[-0.05,-9.639],[7.381,-21.849],[15.406,-15.85],[8.471,-4.285]],"c":true},"ix":2},"nm":"Path 1","mn":"ADBE Vector Shape - Group","hd":false},{"ty":"fl","c":{"a":0,"k":[1,1,1,1],"ix":4},"o":{"a":0,"k":100,"ix":5},"r":1,"bm":0,"nm":"Fill 1","mn":"ADBE Vector Graphic - Fill","hd":false},{"ty":"tr","p":{"a":0,"k":[23.384,22.099],"ix":2},"a":{"a":0,"k":[0,0],"ix":1},"s":{"a":0,"k":[100,100],"ix":3},"r":{"a":0,"k":0,"ix":6},"o":{"a":0,"k":100,"ix":7},"sk":{"a":0,"k":0,"ix":4},"sa":{"a":0,"k":0,"ix":5},"nm":"Transform"}],"nm":"Group 1","np":2,"cix":2,"bm":0,"ix":1,"mn":"ADBE Vector Group","hd":false}],"ip":0,"op":900.000036657751,"st":0,"bm":0},{"ddd":0,"ind":6,"ty":4,"nm":"*-1 Outlines","sr":1,"ks":{"o":{"a":0,"k":100,"ix":11},"r":{"a":0,"k":0,"ix":10},"p":{"a":0,"k":[451.625,534.667,0],"ix":2,"l":2},"a":{"a":0,"k":[23.384,22.099,0],"ix":1,"l":2},"s":{"a":0,"k":[100,100,100],"ix":6,"l":2}},"ao":0,"shapes":[{"ty":"gr","it":[{"ind":0,"ty":"sh","ix":1,"ks":{"a":0,"k":{"i":[[0,0],[0,0],[0,0],[0,0],[0,0],[0,0],[0,0],[0,0],[0,0],[0,0],[0,0],[0,0],[0,0],[0,0],[0,0],[0,0],[0,0],[0,0]],"o":[[0,0],[0,0],[0,0],[0,0],[0,0],[0,0],[0,0],[0,0],[0,0],[0,0],[0,0],[0,0],[0,0],[0,0],[0,0],[0,0],[0,0],[0,0]],"v":[[23.134,-4.285],[23.134,4.284],[8.471,4.284],[15.406,15.957],[7.381,21.849],[-0.05,9.745],[-7.183,21.849],[-15.406,15.957],[-8.274,4.284],[-23.134,4.284],[-23.134,-4.285],[-8.274,-4.285],[-15.406,-15.85],[-7.183,-21.849],[-0.05,-9.639],[7.381,-21.849],[15.406,-15.85],[8.471,-4.285]],"c":true},"ix":2},"nm":"Path 1","mn":"ADBE Vector Shape - Group","hd":false},{"ty":"fl","c":{"a":0,"k":[1,1,1,1],"ix":4},"o":{"a":0,"k":100,"ix":5},"r":1,"bm":0,"nm":"Fill 1","mn":"ADBE Vector Graphic - Fill","hd":false},{"ty":"tr","p":{"a":0,"k":[23.384,22.099],"ix":2},"a":{"a":0,"k":[0,0],"ix":1},"s":{"a":0,"k":[100,100],"ix":3},"r":{"a":0,"k":0,"ix":6},"o":{"a":0,"k":100,"ix":7},"sk":{"a":0,"k":0,"ix":4},"sa":{"a":0,"k":0,"ix":5},"nm":"Transform"}],"nm":"Group 1","np":2,"cix":2,"bm":0,"ix":1,"mn":"ADBE Vector Group","hd":false}],"ip":0,"op":900.000036657751,"st":0,"bm":0}]},{"id":"comp_1","layers":[{"ddd":0,"ind":1,"ty":4,"nm":"레이어 16 Outlines","sr":1,"ks":{"o":{"a":0,"k":100,"ix":11},"r":{"a":0,"k":0,"ix":10},"p":{"a":1,"k":[{"i":{"x":0,"y":0.983},"o":{"x":0.333,"y":0},"t":75,"s":[605.071,406.85,0],"to":[0,-2.167,0],"ti":[0,2.167,0]},{"t":81.0000032991976,"s":[605.071,393.85,0]}],"ix":2,"l":2},"a":{"a":0,"k":[605.071,406.85,0],"ix":1,"l":2},"s":{"a":0,"k":[100,100,100],"ix":6,"l":2}},"ao":0,"shapes":[{"ty":"gr","it":[{"ind":0,"ty":"sh","ix":1,"ks":{"a":0,"k":{"i":[[13.684,0],[0,-13.683],[0,0],[0,0],[0,0],[-5.541,0],[0,-5.541],[0,0],[0,0],[0,0]],"o":[[-13.683,0],[0,0],[0,0],[0,0],[0,-5.541],[5.542,0],[0,0],[0,0],[0,0],[0,-13.683]],"v":[[0,-26.638],[-24.815,-1.823],[-24.815,9.169],[-10.051,9.17],[-10.051,-1.821],[-0.002,-11.869],[10.047,-1.821],[10.047,26.638],[24.815,26.636],[24.815,-1.823]],"c":true},"ix":2},"nm":"Path 1","mn":"ADBE Vector Shape - Group","hd":false},{"ty":"fl","c":{"a":0,"k":[1,1,1,1],"ix":4},"o":{"a":0,"k":100,"ix":5},"r":1,"bm":0,"nm":"Fill 1","mn":"ADBE Vector Graphic - Fill","hd":false},{"ty":"tr","p":{"a":0,"k":[605.071,406.85],"ix":2},"a":{"a":0,"k":[0,0],"ix":1},"s":{"a":0,"k":[100,100],"ix":3},"r":{"a":0,"k":0,"ix":6},"o":{"a":0,"k":100,"ix":7},"sk":{"a":0,"k":0,"ix":4},"sa":{"a":0,"k":0,"ix":5},"nm":"Transform"}],"nm":"Group 1","np":2,"cix":2,"bm":0,"ix":1,"mn":"ADBE Vector Group","hd":false}],"ip":0,"op":900.000036657751,"st":0,"bm":0},{"ddd":0,"ind":2,"ty":4,"nm":"레이어 3 Outlines","sr":1,"ks":{"o":{"a":0,"k":100,"ix":11},"r":{"a":0,"k":0,"ix":10},"p":{"a":0,"k":[450.5,450.5,0],"ix":2,"l":2},"a":{"a":0,"k":[450.5,450.5,0],"ix":1,"l":2},"s":{"a":0,"k":[100,100,100],"ix":6,"l":2}},"ao":0,"shapes":[{"ty":"gr","it":[{"ind":0,"ty":"sh","ix":1,"ks":{"a":0,"k":{"i":[[3.117,-1.731],[0,0],[2.715,0],[0,2.715],[0,0],[0,3.814],[-3.117,1.73],[-1.788,0],[-1.452,-0.813],[0,-3.815]],"o":[[0,0],[0,2.715],[-2.715,0],[0,0],[-3.117,-1.731],[0,-3.815],[1.452,-0.813],[1.788,0],[3.117,1.73],[0,3.814]],"v":[[4.924,0.356],[4.924,13.727],[0.002,18.649],[-4.92,13.727],[-4.92,0.356],[-10.138,-8.512],[-4.92,-17.379],[0.002,-18.652],[4.924,-17.379],[10.141,-8.512]],"c":true},"ix":2},"nm":"Path 1","mn":"ADBE Vector Shape - Group","hd":false},{"ind":1,"ty":"sh","ix":2,"ks":{"a":0,"k":{"i":[[0,0],[0,0],[0,-4.354],[0,0],[-4.364,0],[0,0],[0,4.364],[0,0],[4.342,0.017],[0,0]],"o":[[0,0],[-4.35,0.017],[0,0],[0,4.364],[0,0],[4.356,0],[0,0],[0,-4.354],[0,0],[0,0]],"v":[[-10.047,-31.119],[-29.402,-31.119],[-37.272,-23.22],[-37.272,23.219],[-29.372,31.119],[29.38,31.119],[37.272,23.219],[37.272,-23.22],[29.41,-31.119],[10.051,-31.119]],"c":true},"ix":2},"nm":"Path 2","mn":"ADBE Vector Shape - Group","hd":false},{"ty":"mm","mm":1,"nm":"Merge Paths 1","mn":"ADBE Vector Filter - Merge","hd":false},{"ty":"fl","c":{"a":0,"k":[1,1,1,1],"ix":4},"o":{"a":0,"k":100,"ix":5},"r":1,"bm":0,"nm":"Fill 1","mn":"ADBE Vector Graphic - Fill","hd":false},{"ty":"tr","p":{"a":0,"k":[605.071,447.154],"ix":2},"a":{"a":0,"k":[0,0],"ix":1},"s":{"a":0,"k":[100,100],"ix":3},"r":{"a":0,"k":0,"ix":6},"o":{"a":0,"k":100,"ix":7},"sk":{"a":0,"k":0,"ix":4},"sa":{"a":0,"k":0,"ix":5},"nm":"Transform"}],"nm":"Group 1","np":4,"cix":2,"bm":0,"ix":1,"mn":"ADBE Vector Group","hd":false}],"ip":0,"op":900.000036657751,"st":0,"bm":0}]}],"layers":[{"ddd":0,"ind":1,"ty":4,"nm":"*---6 Outlines","sr":1,"ks":{"o":{"a":1,"k":[{"i":{"x":[0],"y":[1.008]},"o":{"x":[0.333],"y":[0]},"t":65,"s":[0]},{"t":67.0000027289659,"s":[100]}],"ix":11},"r":{"a":0,"k":0,"ix":10},"p":{"a":0,"k":[765.034,534.667,0],"ix":2,"l":2},"a":{"a":0,"k":[23.384,22.099,0],"ix":1,"l":2},"s":{"a":0,"k":[100,100,100],"ix":6,"l":2}},"ao":0,"shapes":[{"ty":"gr","it":[{"ind":0,"ty":"sh","ix":1,"ks":{"a":0,"k":{"i":[[0,0],[0,0],[0,0],[0,0],[0,0],[0,0],[0,0],[0,0],[0,0],[0,0],[0,0],[0,0],[0,0],[0,0],[0,0],[0,0],[0,0],[0,0]],"o":[[0,0],[0,0],[0,0],[0,0],[0,0],[0,0],[0,0],[0,0],[0,0],[0,0],[0,0],[0,0],[0,0],[0,0],[0,0],[0,0],[0,0],[0,0]],"v":[[23.135,-4.285],[23.135,4.284],[8.471,4.284],[15.406,15.957],[7.381,21.849],[-0.049,9.745],[-7.184,21.849],[-15.406,15.957],[-8.273,4.284],[-23.135,4.284],[-23.135,-4.285],[-8.273,-4.285],[-15.406,-15.85],[-7.184,-21.849],[-0.049,-9.639],[7.381,-21.849],[15.406,-15.85],[8.471,-4.285]],"c":true},"ix":2},"nm":"Path 1","mn":"ADBE Vector Shape - Group","hd":false},{"ty":"fl","c":{"a":0,"k":[0.10980392156862745,0.10980392156862745,0.10196078431372549,1],"ix":4},"o":{"a":0,"k":100,"ix":5},"r":1,"bm":0,"nm":"Fill 1","mn":"ADBE Vector Graphic - Fill","hd":false},{"ty":"tr","p":{"a":0,"k":[23.384,22.099],"ix":2},"a":{"a":0,"k":[0,0],"ix":1},"s":{"a":0,"k":[100,100],"ix":3},"r":{"a":0,"k":0,"ix":6},"o":{"a":0,"k":100,"ix":7},"sk":{"a":0,"k":0,"ix":4},"sa":{"a":0,"k":0,"ix":5},"nm":"Transform"}],"nm":"Group 1","np":2,"cix":2,"bm":0,"ix":1,"mn":"ADBE Vector Group","hd":false}],"ip":10.0000004073083,"op":910.00003706506,"st":10.0000004073083,"bm":0},{"ddd":0,"ind":2,"ty":4,"nm":"*---5 Outlines","sr":1,"ks":{"o":{"a":1,"k":[{"i":{"x":[0],"y":[1.008]},"o":{"x":[0.333],"y":[0]},"t":61,"s":[0]},{"t":63.0000025660426,"s":[100]}],"ix":11},"r":{"a":0,"k":0,"ix":10},"p":{"a":0,"k":[702.352,534.667,0],"ix":2,"l":2},"a":{"a":0,"k":[23.384,22.099,0],"ix":1,"l":2},"s":{"a":0,"k":[100,100,100],"ix":6,"l":2}},"ao":0,"shapes":[{"ty":"gr","it":[{"ind":0,"ty":"sh","ix":1,"ks":{"a":0,"k":{"i":[[0,0],[0,0],[0,0],[0,0],[0,0],[0,0],[0,0],[0,0],[0,0],[0,0],[0,0],[0,0],[0,0],[0,0],[0,0],[0,0],[0,0],[0,0]],"o":[[0,0],[0,0],[0,0],[0,0],[0,0],[0,0],[0,0],[0,0],[0,0],[0,0],[0,0],[0,0],[0,0],[0,0],[0,0],[0,0],[0,0],[0,0]],"v":[[23.134,-4.285],[23.134,4.284],[8.471,4.284],[15.406,15.957],[7.381,21.849],[-0.05,9.745],[-7.184,21.849],[-15.407,15.957],[-8.274,4.284],[-23.134,4.284],[-23.134,-4.285],[-8.274,-4.285],[-15.407,-15.85],[-7.184,-21.849],[-0.05,-9.639],[7.381,-21.849],[15.406,-15.85],[8.471,-4.285]],"c":true},"ix":2},"nm":"Path 1","mn":"ADBE Vector Shape - Group","hd":false},{"ty":"fl","c":{"a":0,"k":[0.10980392156862745,0.10980392156862745,0.10196078431372549,1],"ix":4},"o":{"a":0,"k":100,"ix":5},"r":1,"bm":0,"nm":"Fill 1","mn":"ADBE Vector Graphic - Fill","hd":false},{"ty":"tr","p":{"a":0,"k":[23.384,22.099],"ix":2},"a":{"a":0,"k":[0,0],"ix":1},"s":{"a":0,"k":[100,100],"ix":3},"r":{"a":0,"k":0,"ix":6},"o":{"a":0,"k":100,"ix":7},"sk":{"a":0,"k":0,"ix":4},"sa":{"a":0,"k":0,"ix":5},"nm":"Transform"}],"nm":"Group 1","np":2,"cix":2,"bm":0,"ix":1,"mn":"ADBE Vector Group","hd":false}],"ip":10.0000004073083,"op":910.00003706506,"st":10.0000004073083,"bm":0},{"ddd":0,"ind":3,"ty":4,"nm":"*---4 Outlines","sr":1,"ks":{"o":{"a":1,"k":[{"i":{"x":[0],"y":[1.008]},"o":{"x":[0.333],"y":[0]},"t":53,"s":[0]},{"t":55.0000022401959,"s":[100]}],"ix":11},"r":{"a":0,"k":0,"ix":10},"p":{"a":0,"k":[639.67,534.667,0],"ix":2,"l":2},"a":{"a":0,"k":[23.384,22.099,0],"ix":1,"l":2},"s":{"a":0,"k":[100,100,100],"ix":6,"l":2}},"ao":0,"shapes":[{"ty":"gr","it":[{"ind":0,"ty":"sh","ix":1,"ks":{"a":0,"k":{"i":[[0,0],[0,0],[0,0],[0,0],[0,0],[0,0],[0,0],[0,0],[0,0],[0,0],[0,0],[0,0],[0,0],[0,0],[0,0],[0,0],[0,0],[0,0]],"o":[[0,0],[0,0],[0,0],[0,0],[0,0],[0,0],[0,0],[0,0],[0,0],[0,0],[0,0],[0,0],[0,0],[0,0],[0,0],[0,0],[0,0],[0,0]],"v":[[23.135,-4.285],[23.135,4.284],[8.471,4.284],[15.406,15.957],[7.381,21.849],[-0.049,9.745],[-7.184,21.849],[-15.406,15.957],[-8.273,4.284],[-23.135,4.284],[-23.135,-4.285],[-8.273,-4.285],[-15.406,-15.85],[-7.184,-21.849],[-0.049,-9.639],[7.381,-21.849],[15.406,-15.85],[8.471,-4.285]],"c":true},"ix":2},"nm":"Path 1","mn":"ADBE Vector Shape - Group","hd":false},{"ty":"fl","c":{"a":0,"k":[0.10980392156862745,0.10980392156862745,0.10196078431372549,1],"ix":4},"o":{"a":0,"k":100,"ix":5},"r":1,"bm":0,"nm":"Fill 1","mn":"ADBE Vector Graphic - Fill","hd":false},{"ty":"tr","p":{"a":0,"k":[23.384,22.099],"ix":2},"a":{"a":0,"k":[0,0],"ix":1},"s":{"a":0,"k":[100,100],"ix":3},"r":{"a":0,"k":0,"ix":6},"o":{"a":0,"k":100,"ix":7},"sk":{"a":0,"k":0,"ix":4},"sa":{"a":0,"k":0,"ix":5},"nm":"Transform"}],"nm":"Group 1","np":2,"cix":2,"bm":0,"ix":1,"mn":"ADBE Vector Group","hd":false}],"ip":6.00000024438501,"op":906.000036902136,"st":6.00000024438501,"bm":0},{"ddd":0,"ind":4,"ty":4,"nm":"*---3 Outlines","sr":1,"ks":{"o":{"a":1,"k":[{"i":{"x":[0],"y":[1.008]},"o":{"x":[0.333],"y":[0]},"t":46,"s":[0]},{"t":48.0000019550801,"s":[100]}],"ix":11},"r":{"a":0,"k":0,"ix":10},"p":{"a":0,"k":[576.989,534.667,0],"ix":2,"l":2},"a":{"a":0,"k":[23.384,22.099,0],"ix":1,"l":2},"s":{"a":0,"k":[100,100,100],"ix":6,"l":2}},"ao":0,"shapes":[{"ty":"gr","it":[{"ind":0,"ty":"sh","ix":1,"ks":{"a":0,"k":{"i":[[0,0],[0,0],[0,0],[0,0],[0,0],[0,0],[0,0],[0,0],[0,0],[0,0],[0,0],[0,0],[0,0],[0,0],[0,0],[0,0],[0,0],[0,0]],"o":[[0,0],[0,0],[0,0],[0,0],[0,0],[0,0],[0,0],[0,0],[0,0],[0,0],[0,0],[0,0],[0,0],[0,0],[0,0],[0,0],[0,0],[0,0]],"v":[[23.134,-4.285],[23.134,4.284],[8.471,4.284],[15.406,15.957],[7.381,21.849],[-0.05,9.745],[-7.183,21.849],[-15.407,15.957],[-8.274,4.284],[-23.134,4.284],[-23.134,-4.285],[-8.274,-4.285],[-15.407,-15.85],[-7.183,-21.849],[-0.05,-9.639],[7.381,-21.849],[15.406,-15.85],[8.471,-4.285]],"c":true},"ix":2},"nm":"Path 1","mn":"ADBE Vector Shape - Group","hd":false},{"ty":"fl","c":{"a":0,"k":[0.10980392156862745,0.10980392156862745,0.10196078431372549,1],"ix":4},"o":{"a":0,"k":100,"ix":5},"r":1,"bm":0,"nm":"Fill 1","mn":"ADBE Vector Graphic - Fill","hd":false},{"ty":"tr","p":{"a":0,"k":[23.384,22.099],"ix":2},"a":{"a":0,"k":[0,0],"ix":1},"s":{"a":0,"k":[100,100],"ix":3},"r":{"a":0,"k":0,"ix":6},"o":{"a":0,"k":100,"ix":7},"sk":{"a":0,"k":0,"ix":4},"sa":{"a":0,"k":0,"ix":5},"nm":"Transform"}],"nm":"Group 1","np":2,"cix":2,"bm":0,"ix":1,"mn":"ADBE Vector Group","hd":false}],"ip":3.00000012219251,"op":903.000036779944,"st":3.00000012219251,"bm":0},{"ddd":0,"ind":5,"ty":4,"nm":"*---2 Outlines","sr":1,"ks":{"o":{"a":1,"k":[{"i":{"x":[0],"y":[1.008]},"o":{"x":[0.333],"y":[0]},"t":41,"s":[0]},{"t":43.0000017514259,"s":[100]}],"ix":11},"r":{"a":0,"k":0,"ix":10},"p":{"a":0,"k":[514.306,534.667,0],"ix":2,"l":2},"a":{"a":0,"k":[23.384,22.099,0],"ix":1,"l":2},"s":{"a":0,"k":[100,100,100],"ix":6,"l":2}},"ao":0,"shapes":[{"ty":"gr","it":[{"ind":0,"ty":"sh","ix":1,"ks":{"a":0,"k":{"i":[[0,0],[0,0],[0,0],[0,0],[0,0],[0,0],[0,0],[0,0],[0,0],[0,0],[0,0],[0,0],[0,0],[0,0],[0,0],[0,0],[0,0],[0,0]],"o":[[0,0],[0,0],[0,0],[0,0],[0,0],[0,0],[0,0],[0,0],[0,0],[0,0],[0,0],[0,0],[0,0],[0,0],[0,0],[0,0],[0,0],[0,0]],"v":[[23.135,-4.285],[23.135,4.284],[8.471,4.284],[15.406,15.957],[7.381,21.849],[-0.05,9.745],[-7.184,21.849],[-15.407,15.957],[-8.274,4.284],[-23.135,4.284],[-23.135,-4.285],[-8.274,-4.285],[-15.407,-15.85],[-7.184,-21.849],[-0.05,-9.639],[7.381,-21.849],[15.406,-15.85],[8.471,-4.285]],"c":true},"ix":2},"nm":"Path 1","mn":"ADBE Vector Shape - Group","hd":false},{"ty":"fl","c":{"a":0,"k":[0.10980392156862745,0.10980392156862745,0.10196078431372549,1],"ix":4},"o":{"a":0,"k":100,"ix":5},"r":1,"bm":0,"nm":"Fill 1","mn":"ADBE Vector Graphic - Fill","hd":false},{"ty":"tr","p":{"a":0,"k":[23.384,22.099],"ix":2},"a":{"a":0,"k":[0,0],"ix":1},"s":{"a":0,"k":[100,100],"ix":3},"r":{"a":0,"k":0,"ix":6},"o":{"a":0,"k":100,"ix":7},"sk":{"a":0,"k":0,"ix":4},"sa":{"a":0,"k":0,"ix":5},"nm":"Transform"}],"nm":"Group 1","np":2,"cix":2,"bm":0,"ix":1,"mn":"ADBE Vector Group","hd":false}],"ip":2.00000008146167,"op":902.000036739213,"st":2.00000008146167,"bm":0},{"ddd":0,"ind":6,"ty":4,"nm":"*---1 Outlines","sr":1,"ks":{"o":{"a":1,"k":[{"i":{"x":[0],"y":[1.008]},"o":{"x":[0.333],"y":[0]},"t":35,"s":[0]},{"t":37.0000015070409,"s":[100]}],"ix":11},"r":{"a":0,"k":0,"ix":10},"p":{"a":0,"k":[451.625,534.667,0],"ix":2,"l":2},"a":{"a":0,"k":[23.384,22.099,0],"ix":1,"l":2},"s":{"a":0,"k":[100,100,100],"ix":6,"l":2}},"ao":0,"shapes":[{"ty":"gr","it":[{"ind":0,"ty":"sh","ix":1,"ks":{"a":0,"k":{"i":[[0,0],[0,0],[0,0],[0,0],[0,0],[0,0],[0,0],[0,0],[0,0],[0,0],[0,0],[0,0],[0,0],[0,0],[0,0],[0,0],[0,0],[0,0]],"o":[[0,0],[0,0],[0,0],[0,0],[0,0],[0,0],[0,0],[0,0],[0,0],[0,0],[0,0],[0,0],[0,0],[0,0],[0,0],[0,0],[0,0],[0,0]],"v":[[23.134,-4.285],[23.134,4.284],[8.471,4.284],[15.406,15.957],[7.381,21.849],[-0.05,9.745],[-7.183,21.849],[-15.406,15.957],[-8.274,4.284],[-23.134,4.284],[-23.134,-4.285],[-8.274,-4.285],[-15.406,-15.85],[-7.183,-21.849],[-0.05,-9.639],[7.381,-21.849],[15.406,-15.85],[8.471,-4.285]],"c":true},"ix":2},"nm":"Path 1","mn":"ADBE Vector Shape - Group","hd":false},{"ty":"fl","c":{"a":0,"k":[0.10980392156862745,0.10980392156862745,0.10196078431372549,1],"ix":4},"o":{"a":0,"k":100,"ix":5},"r":1,"bm":0,"nm":"Fill 1","mn":"ADBE Vector Graphic - Fill","hd":false},{"ty":"tr","p":{"a":0,"k":[23.384,22.099],"ix":2},"a":{"a":0,"k":[0,0],"ix":1},"s":{"a":0,"k":[100,100],"ix":3},"r":{"a":0,"k":0,"ix":6},"o":{"a":0,"k":100,"ix":7},"sk":{"a":0,"k":0,"ix":4},"sa":{"a":0,"k":0,"ix":5},"nm":"Transform"}],"nm":"Group 1","np":2,"cix":2,"bm":0,"ix":1,"mn":"ADBE Vector Group","hd":false}],"ip":0,"op":900.000036657751,"st":0,"bm":0},{"ddd":0,"ind":7,"ty":0,"nm":"Pre-comp 1","refId":"comp_0","sr":1,"ks":{"o":{"a":0,"k":100,"ix":11},"r":{"a":0,"k":0,"ix":10},"p":{"a":0,"k":[610.5,531.5,0],"ix":2,"l":2},"a":{"a":0,"k":[610.5,531.5,0],"ix":1,"l":2},"s":{"a":1,"k":[{"i":{"x":[0.481,0.481,0.667],"y":[1.003,1.003,1]},"o":{"x":[0.333,0.333,0.333],"y":[0,0,0]},"t":6,"s":[0,0,100]},{"i":{"x":[0.173,0.173,0.667],"y":[0.982,0.982,1]},"o":{"x":[0.333,0.333,0.333],"y":[0,0,0]},"t":15.268,"s":[110,110,100]},{"t":19.0000007738859,"s":[100,100,100]}],"ix":6,"l":2}},"ao":0,"w":901,"h":901,"ip":0,"op":900.000036657751,"st":0,"bm":0},{"ddd":0,"ind":8,"ty":0,"nm":"pinnumber.ai---1","cl":"ai---1","refId":"comp_1","sr":1,"ks":{"o":{"a":0,"k":100,"ix":11},"r":{"a":0,"k":0,"ix":10},"p":{"a":0,"k":[603.5,533.5,0],"ix":2,"l":2},"a":{"a":0,"k":[603.5,533.5,0],"ix":1,"l":2},"s":{"a":1,"k":[{"i":{"x":[0.481,0.481,0.667],"y":[1.003,1.003,1]},"o":{"x":[0.333,0.333,0.333],"y":[0,0,0]},"t":6,"s":[0,0,100]},{"i":{"x":[0.173,0.173,0.667],"y":[0.982,0.982,1]},"o":{"x":[0.333,0.333,0.333],"y":[0,0,0]},"t":15.268,"s":[110,110,100]},{"t":19.0000007738859,"s":[100,100,100]}],"ix":6,"l":2}},"ao":0,"w":901,"h":901,"ip":0,"op":900.000036657751,"st":0,"bm":0},{"ddd":0,"ind":9,"ty":4,"nm":"레이어 2 Outlines","sr":1,"ks":{"o":{"a":0,"k":100,"ix":11},"r":{"a":0,"k":0,"ix":10},"p":{"a":0,"k":[605.071,531.539,0],"ix":2,"l":2},"a":{"a":0,"k":[267.292,202.146,0],"ix":1,"l":2},"s":{"a":1,"k":[{"i":{"x":[0.481,0.481,0.667],"y":[1.003,1.003,1]},"o":{"x":[0.333,0.333,0.333],"y":[0,0,0]},"t":6,"s":[0,0,100]},{"i":{"x":[0.173,0.173,0.667],"y":[0.982,0.982,1]},"o":{"x":[0.333,0.333,0.333],"y":[0,0,0]},"t":15.268,"s":[110,110,100]},{"t":19.0000007738859,"s":[100,100,100]}],"ix":6,"l":2}},"ao":0,"shapes":[{"ty":"gr","it":[{"ind":0,"ty":"sh","ix":1,"ks":{"a":0,"k":{"i":[[0,0],[0,-33.682],[0,0],[-33.681,0],[0,0],[-0.377,-0.388],[0.017,-0.541],[0,0],[-0.811,-4.652],[-19.921,20.67],[-0.543,0],[0,0],[0,33.681],[0,0],[33.682,0]],"o":[[-33.681,0],[0,0],[0,33.681],[0,0],[0.541,0],[0.376,0.388],[0,0],[-0.502,16.244],[6.328,-3.742],[0.377,-0.391],[0,0],[33.682,0],[0,0],[0,-33.682],[0,0]],"v":[[-201.959,-156.895],[-263.042,-95.812],[-263.042,50.398],[-201.959,111.48],[-201.153,111.48],[-199.717,112.087],[-199.154,113.541],[-199.352,120.008],[-199.519,156.339],[-148.166,112.092],[-146.726,111.48],[201.959,111.48],[263.042,50.398],[263.042,-95.812],[201.959,-156.895]],"c":true},"ix":2},"nm":"Path 1","mn":"ADBE Vector Shape - Group","hd":false},{"ind":1,"ty":"sh","ix":2,"ks":{"a":0,"k":{"i":[[4.104,0],[0.489,0.504],[-0.932,30.171],[0,0],[0,35.466],[0,0],[-35.887,0],[0,0],[0,-35.887],[0,0],[35.887,0],[0,0]],"o":[[-0.671,0],[-2.1,-2.166],[0,0],[-35.308,-0.674],[0,0],[0,-35.887],[0,0],[35.887,0],[0,0],[0,35.887],[0,0],[-20.146,20.771]],"v":[[-200.391,160.896],[-202.189,160.115],[-203.35,119.885],[-203.215,115.468],[-267.042,50.398],[-267.042,-95.812],[-201.959,-160.895],[201.959,-160.895],[267.042,-95.812],[267.042,50.398],[201.959,115.48],[-145.877,115.48]],"c":true},"ix":2},"nm":"Path 2","mn":"ADBE Vector Shape - Group","hd":false},{"ty":"mm","mm":1,"nm":"Merge Paths 1","mn":"ADBE Vector Filter - Merge","hd":false},{"ty":"fl","c":{"a":0,"k":[0.0392156862745098,0.5098039215686274,0.9529411764705882,1],"ix":4},"o":{"a":0,"k":100,"ix":5},"r":1,"bm":0,"nm":"Fill 1","mn":"ADBE Vector Graphic - Fill","hd":false},{"ty":"tr","p":{"a":0,"k":[267.292,161.146],"ix":2},"a":{"a":0,"k":[0,0],"ix":1},"s":{"a":0,"k":[100,100],"ix":3},"r":{"a":0,"k":0,"ix":6},"o":{"a":0,"k":100,"ix":7},"sk":{"a":0,"k":0,"ix":4},"sa":{"a":0,"k":0,"ix":5},"nm":"Transform"}],"nm":"Group 1","np":4,"cix":2,"bm":0,"ix":1,"mn":"ADBE Vector Group","hd":false},{"ty":"gr","it":[{"ind":0,"ty":"sh","ix":1,"ks":{"a":0,"k":{"i":[[34.839,0],[0,0],[0,-34.84],[0,0],[-34.84,0],[0,0],[-2.361,0],[-21.937,22.761],[0,0],[0,34.839],[0,0]],"o":[[0,0],[-34.84,0],[0,0],[0,34.839],[0,0],[-0.787,26.141],[2.59,0],[0,0],[34.839,0],[0,0],[0,-34.84]],"v":[[201.959,-158.895],[-201.959,-158.895],[-265.042,-95.812],[-265.042,50.398],[-201.959,113.48],[-201.153,113.48],[-200.392,158.896],[-146.726,113.48],[201.959,113.48],[265.042,50.398],[265.042,-95.812]],"c":true},"ix":2},"nm":"Path 1","mn":"ADBE Vector Shape - Group","hd":false},{"ty":"fl","c":{"a":0,"k":[0.0392156862745098,0.5098039215686274,0.9529411764705882,1],"ix":4},"o":{"a":0,"k":100,"ix":5},"r":1,"bm":0,"nm":"Fill 1","mn":"ADBE Vector Graphic - Fill","hd":false},{"ty":"tr","p":{"a":0,"k":[267.292,161.146],"ix":2},"a":{"a":0,"k":[0,0],"ix":1},"s":{"a":0,"k":[100,100],"ix":3},"r":{"a":0,"k":0,"ix":6},"o":{"a":0,"k":100,"ix":7},"sk":{"a":0,"k":0,"ix":4},"sa":{"a":0,"k":0,"ix":5},"nm":"Transform"}],"nm":"Group 2","np":2,"cix":2,"bm":0,"ix":2,"mn":"ADBE Vector Group","hd":false}],"ip":-4.00000016292334,"op":896.000036494828,"st":-4.00000016292334,"bm":0},{"ddd":0,"ind":10,"ty":4,"nm":"레이어 1 Outlines","sr":1,"ks":{"o":{"a":0,"k":100,"ix":11},"r":{"a":0,"k":0,"ix":10},"p":{"a":0,"k":[241.07,440.5,0],"ix":2,"l":2},"a":{"a":0,"k":[196.569,264.206,0],"ix":1,"l":2},"s":{"a":0,"k":[100,100,100],"ix":6,"l":2}},"ao":0,"shapes":[{"ty":"gr","it":[{"ind":0,"ty":"sh","ix":1,"ks":{"a":0,"k":{"i":[[-56.703,-0.058],[0,56.727],[56.728,0],[0,-56.727]],"o":[[56.728,0],[0,-56.727],[-56.727,0],[0.058,56.703]],"v":[[0,102.713],[102.713,0],[0,-102.713],[-102.713,0]],"c":true},"ix":2},"nm":"Path 1","mn":"ADBE Vector Shape - Group","hd":false},{"ty":"fl","c":{"a":0,"k":[0.788235294117647,0.788235294117647,0.788235294117647,1],"ix":4},"o":{"a":0,"k":100,"ix":5},"r":1,"bm":0,"nm":"Fill 1","mn":"ADBE Vector Graphic - Fill","hd":false},{"ty":"tr","p":{"a":0,"k":[196.621,102.963],"ix":2},"a":{"a":0,"k":[0,0],"ix":1},"s":{"a":0,"k":[100,100],"ix":3},"r":{"a":0,"k":0,"ix":6},"o":{"a":0,"k":100,"ix":7},"sk":{"a":0,"k":0,"ix":4},"sa":{"a":0,"k":0,"ix":5},"nm":"Transform"}],"nm":"Group 1","np":2,"cix":2,"bm":0,"ix":1,"mn":"ADBE Vector Group","hd":false},{"ty":"gr","it":[{"ind":0,"ty":"sh","ix":1,"ks":{"a":0,"k":{"i":[[108.26,0],[0,-122.719],[0,0],[-38.321,0],[0,0],[-0.354,42.597],[0,0]],"o":[[-108.26,0],[0,0],[0.355,42.632],[0,0],[38.318,0],[0,0],[0.018,-122.719]],"v":[[-0.001,-151.022],[-196.328,71.539],[-196.328,73.709],[-126.188,151.022],[126.172,151.022],[196.31,73.745],[196.31,71.539]],"c":true},"ix":2},"nm":"Path 1","mn":"ADBE Vector Shape - Group","hd":false},{"ty":"fl","c":{"a":0,"k":[0.788235294117647,0.788235294117647,0.788235294117647,1],"ix":4},"o":{"a":0,"k":100,"ix":5},"r":1,"bm":0,"nm":"Fill 1","mn":"ADBE Vector Graphic - Fill","hd":false},{"ty":"tr","p":{"a":0,"k":[196.578,377.139],"ix":2},"a":{"a":0,"k":[0,0],"ix":1},"s":{"a":0,"k":[100,100],"ix":3},"r":{"a":0,"k":0,"ix":6},"o":{"a":0,"k":100,"ix":7},"sk":{"a":0,"k":0,"ix":4},"sa":{"a":0,"k":0,"ix":5},"nm":"Transform"}],"nm":"Group 2","np":2,"cix":2,"bm":0,"ix":2,"mn":"ADBE Vector Group","hd":false}],"ip":0,"op":900.000036657751,"st":0,"bm":0}],"markers":[]}