{
  "project_info": {
    "project_number": "322882986189",
    "firebase_url": "https://android-15de2.firebaseio.com",
    "project_id": "android-15de2",
    "storage_bucket": "android-15de2.appspot.com"
  },
  "client": [
    {
      "client_info": {
        "mobilesdk_app_id": "1:322882986189:android:8cbdb2c7c3345dc9",
        "android_client_info": {
          "package_name": "com.baby.name.meaning.latest.style.world"
        }
      },
      "oauth_client": [
        {
          "client_id": "322882986189-8hbv5tmv43i81vketfir7toam34pg5rm.apps.googleusercontent.com",
          "client_type": 3
        }
      ],
      "api_key": [
        {
          "current_key": "AIzaSyBwMaS49CNVYnNLHtOLsE8LclY_NBiW6o0"
        }
      ],
      "services": {
        "appinvite_service": {
          "other_platform_oauth_client": [
            {
              "client_id": "322882986189-btp9pm6qpvniqs07r4versvpda03dhqj.apps.googleusercontent.com",
              "client_type": 3
            }
          ]
        }
      }
    },
    {
      "client_info": {
        "mobilesdk_app_id": "1:322882986189:android:a081f60e9c10fd9f404984",
        "android_client_info": {
          "package_name": "com.be.closer.family.location.tracker.gps"
        }
      },
      "oauth_client": [
        {
          "client_id": "322882986189-8hbv5tmv43i81vketfir7toam34pg5rm.apps.googleusercontent.com",
          "client_type": 3
        }
      ],
      "api_key": [
        {
          "current_key": "AIzaSyBwMaS49CNVYnNLHtOLsE8LclY_NBiW6o0"
        }
      ],
      "services": {
        "appinvite_service": {
          "other_platform_oauth_client": [
            {
              "client_id": "322882986189-btp9pm6qpvniqs07r4versvpda03dhqj.apps.googleusercontent.com",
              "client_type": 3
            }
          ]
        }
      }
    },
    {
      "client_info": {
        "mobilesdk_app_id": "1:322882986189:android:63b56c4cd8e1a049404984",
        "android_client_info": {
          "package_name": "com.betterme.weight.loss.workouts.fitness"
        }
      },
      "oauth_client": [
        {
          "client_id": "322882986189-skp299eug4ad7gl2cpu1saa43hvml4cv.apps.googleusercontent.com",
          "client_type": 1,
          "android_info": {
            "package_name": "com.betterme.weight.loss.workouts.fitness",
            "certificate_hash": "f2ed191bdf7242c2e0268d1406e8eccd0db801bc"
          }
        },
        {
          "client_id": "322882986189-8hbv5tmv43i81vketfir7toam34pg5rm.apps.googleusercontent.com",
          "client_type": 3
        }
      ],
      "api_key": [
        {
          "current_key": "AIzaSyBwMaS49CNVYnNLHtOLsE8LclY_NBiW6o0"
        }
      ],
      "services": {
        "appinvite_service": {
          "other_platform_oauth_client": [
            {
              "client_id": "322882986189-btp9pm6qpvniqs07r4versvpda03dhqj.apps.googleusercontent.com",
              "client_type": 3
            }
          ]
        }
      }
    },
    {
      "client_info": {
        "mobilesdk_app_id": "1:322882986189:android:f456086a1ffc35b6404984",
        "android_client_info": {
          "package_name": "com.border.light.wallpaper.live.screen.led.color"
        }
      },
      "oauth_client": [
        {
          "client_id": "322882986189-8hbv5tmv43i81vketfir7toam34pg5rm.apps.googleusercontent.com",
          "client_type": 3
        }
      ],
      "api_key": [
        {
          "current_key": "AIzaSyBwMaS49CNVYnNLHtOLsE8LclY_NBiW6o0"
        }
      ],
      "services": {
        "appinvite_service": {
          "other_platform_oauth_client": [
            {
              "client_id": "322882986189-btp9pm6qpvniqs07r4versvpda03dhqj.apps.googleusercontent.com",
              "client_type": 3
            }
          ]
        }
      }
    },
    {
      "client_info": {
        "mobilesdk_app_id": "1:322882986189:android:a5366815812de193404984",
        "android_client_info": {
          "package_name": "com.camera.body.symbol.photo.hd"
        }
      },
      "oauth_client": [
        {
          "client_id": "322882986189-8hbv5tmv43i81vketfir7toam34pg5rm.apps.googleusercontent.com",
          "client_type": 3
        }
      ],
      "api_key": [
        {
          "current_key": "AIzaSyBwMaS49CNVYnNLHtOLsE8LclY_NBiW6o0"
        }
      ],
      "services": {
        "appinvite_service": {
          "other_platform_oauth_client": [
            {
              "client_id": "322882986189-btp9pm6qpvniqs07r4versvpda03dhqj.apps.googleusercontent.com",
              "client_type": 3
            }
          ]
        }
      }
    },
    {
      "client_info": {
        "mobilesdk_app_id": "1:322882986189:android:961412855d17a87b404984",
        "android_client_info": {
          "package_name": "com.clipboard.copy.paste.notes.save.list.history.action.manager"
        }
      },
      "oauth_client": [
        {
          "client_id": "322882986189-8hbv5tmv43i81vketfir7toam34pg5rm.apps.googleusercontent.com",
          "client_type": 3
        }
      ],
      "api_key": [
        {
          "current_key": "AIzaSyBwMaS49CNVYnNLHtOLsE8LclY_NBiW6o0"
        }
      ],
      "services": {
        "appinvite_service": {
          "other_platform_oauth_client": [
            {
              "client_id": "322882986189-btp9pm6qpvniqs07r4versvpda03dhqj.apps.googleusercontent.com",
              "client_type": 3
            }
          ]
        }
      }
    },
    {
      "client_info": {
        "mobilesdk_app_id": "1:322882986189:android:9d8d1a860386c3c9",
        "android_client_info": {
          "package_name": "com.coloring.art.book.pages.number.paint.drawing"
        }
      },
      "oauth_client": [
        {
          "client_id": "322882986189-8hbv5tmv43i81vketfir7toam34pg5rm.apps.googleusercontent.com",
          "client_type": 3
        }
      ],
      "api_key": [
        {
          "current_key": "AIzaSyBwMaS49CNVYnNLHtOLsE8LclY_NBiW6o0"
        }
      ],
      "services": {
        "appinvite_service": {
          "other_platform_oauth_client": [
            {
              "client_id": "322882986189-btp9pm6qpvniqs07r4versvpda03dhqj.apps.googleusercontent.com",
              "client_type": 3
            }
          ]
        }
      }
    },
    {
      "client_info": {
        "mobilesdk_app_id": "1:322882986189:android:bbc9d5b164b70e07404984",
        "android_client_info": {
          "package_name": "com.counter.number.button.click.tally.digital"
        }
      },
      "oauth_client": [
        {
          "client_id": "322882986189-8hbv5tmv43i81vketfir7toam34pg5rm.apps.googleusercontent.com",
          "client_type": 3
        }
      ],
      "api_key": [
        {
          "current_key": "AIzaSyBwMaS49CNVYnNLHtOLsE8LclY_NBiW6o0"
        }
      ],
      "services": {
        "appinvite_service": {
          "other_platform_oauth_client": [
            {
              "client_id": "322882986189-btp9pm6qpvniqs07r4versvpda03dhqj.apps.googleusercontent.com",
              "client_type": 3
            }
          ]
        }
      }
    },
    {
      "client_info": {
        "mobilesdk_app_id": "1:322882986189:android:f2cb03388916d5bc404984",
        "android_client_info": {
          "package_name": "com.country.code.phone.capital.city.currency.timezone"
        }
      },
      "oauth_client": [
        {
          "client_id": "322882986189-8hbv5tmv43i81vketfir7toam34pg5rm.apps.googleusercontent.com",
          "client_type": 3
        }
      ],
      "api_key": [
        {
          "current_key": "AIzaSyBwMaS49CNVYnNLHtOLsE8LclY_NBiW6o0"
        }
      ],
      "services": {
        "appinvite_service": {
          "other_platform_oauth_client": [
            {
              "client_id": "322882986189-btp9pm6qpvniqs07r4versvpda03dhqj.apps.googleusercontent.com",
              "client_type": 3
            }
          ]
        }
      }
    },
    {
      "client_info": {
        "mobilesdk_app_id": "1:322882986189:android:7e9cfd72fdc21a8b404984",
        "android_client_info": {
          "package_name": "com.custom.floating.toolbox.change.size.color.icon"
        }
      },
      "oauth_client": [
        {
          "client_id": "322882986189-8hbv5tmv43i81vketfir7toam34pg5rm.apps.googleusercontent.com",
          "client_type": 3
        }
      ],
      "api_key": [
        {
          "current_key": "AIzaSyBwMaS49CNVYnNLHtOLsE8LclY_NBiW6o0"
        }
      ],
      "services": {
        "appinvite_service": {
          "other_platform_oauth_client": [
            {
              "client_id": "322882986189-btp9pm6qpvniqs07r4versvpda03dhqj.apps.googleusercontent.com",
              "client_type": 3
            }
          ]
        }
      }
    },
    {
      "client_info": {
        "mobilesdk_app_id": "1:322882986189:android:4939153961fdc7bb",
        "android_client_info": {
          "package_name": "com.dmv.car.driving.practice.questions.test"
        }
      },
      "oauth_client": [
        {
          "client_id": "322882986189-8hbv5tmv43i81vketfir7toam34pg5rm.apps.googleusercontent.com",
          "client_type": 3
        }
      ],
      "api_key": [
        {
          "current_key": "AIzaSyBwMaS49CNVYnNLHtOLsE8LclY_NBiW6o0"
        }
      ],
      "services": {
        "appinvite_service": {
          "other_platform_oauth_client": [
            {
              "client_id": "322882986189-btp9pm6qpvniqs07r4versvpda03dhqj.apps.googleusercontent.com",
              "client_type": 3
            }
          ]
        }
      }
    },
    {
      "client_info": {
        "mobilesdk_app_id": "1:322882986189:android:8cd8971b783c839e404984",
        "android_client_info": {
          "package_name": "com.drum.pad.machine.dubstep.bass.electro.trap"
        }
      },
      "oauth_client": [
        {
          "client_id": "322882986189-8hbv5tmv43i81vketfir7toam34pg5rm.apps.googleusercontent.com",
          "client_type": 3
        }
      ],
      "api_key": [
        {
          "current_key": "AIzaSyBwMaS49CNVYnNLHtOLsE8LclY_NBiW6o0"
        }
      ],
      "services": {
        "appinvite_service": {
          "other_platform_oauth_client": [
            {
              "client_id": "322882986189-btp9pm6qpvniqs07r4versvpda03dhqj.apps.googleusercontent.com",
              "client_type": 3
            }
          ]
        }
      }
    },
    {
      "client_info": {
        "mobilesdk_app_id": "1:322882986189:android:239f2fd2a0e0f638",
        "android_client_info": {
          "package_name": "com.face.privacy.phone.lock.photo.password"
        }
      },
      "oauth_client": [
        {
          "client_id": "322882986189-8hbv5tmv43i81vketfir7toam34pg5rm.apps.googleusercontent.com",
          "client_type": 3
        }
      ],
      "api_key": [
        {
          "current_key": "AIzaSyBwMaS49CNVYnNLHtOLsE8LclY_NBiW6o0"
        }
      ],
      "services": {
        "appinvite_service": {
          "other_platform_oauth_client": [
            {
              "client_id": "322882986189-btp9pm6qpvniqs07r4versvpda03dhqj.apps.googleusercontent.com",
              "client_type": 3
            }
          ]
        }
      }
    },
    {
      "client_info": {
        "mobilesdk_app_id": "1:322882986189:android:37b5a854970a47ee404984",
        "android_client_info": {
          "package_name": "com.fancy.fonts.style.keyboard.emojis.screen.number"
        }
      },
      "oauth_client": [
        {
          "client_id": "322882986189-8hbv5tmv43i81vketfir7toam34pg5rm.apps.googleusercontent.com",
          "client_type": 3
        }
      ],
      "api_key": [
        {
          "current_key": "AIzaSyBwMaS49CNVYnNLHtOLsE8LclY_NBiW6o0"
        }
      ],
      "services": {
        "appinvite_service": {
          "other_platform_oauth_client": [
            {
              "client_id": "322882986189-btp9pm6qpvniqs07r4versvpda03dhqj.apps.googleusercontent.com",
              "client_type": 3
            }
          ]
        }
      }
    },
    {
      "client_info": {
        "mobilesdk_app_id": "1:322882986189:android:68475c5847439e13404984",
        "android_client_info": {
          "package_name": "com.free.wifi.internet.network.finder"
        }
      },
      "oauth_client": [
        {
          "client_id": "322882986189-etgnp41ptubj9ih0tb0r2s1jo7lcstht.apps.googleusercontent.com",
          "client_type": 1,
          "android_info": {
            "package_name": "com.free.wifi.internet.network.finder",
            "certificate_hash": "a358c9ce2e94bbab3cf3bb2317e1b6baaaa9d089"
          }
        },
        {
          "client_id": "322882986189-8hbv5tmv43i81vketfir7toam34pg5rm.apps.googleusercontent.com",
          "client_type": 3
        }
      ],
      "api_key": [
        {
          "current_key": "AIzaSyBwMaS49CNVYnNLHtOLsE8LclY_NBiW6o0"
        }
      ],
      "services": {
        "appinvite_service": {
          "other_platform_oauth_client": [
            {
              "client_id": "322882986189-btp9pm6qpvniqs07r4versvpda03dhqj.apps.googleusercontent.com",
              "client_type": 3
            }
          ]
        }
      }
    },
    {
      "client_info": {
        "mobilesdk_app_id": "1:322882986189:android:a3979551fe4293a1404984",
        "android_client_info": {
          "package_name": "com.fuel.calculator.consumption.mileage.distance.trip"
        }
      },
      "oauth_client": [
        {
          "client_id": "322882986189-8hbv5tmv43i81vketfir7toam34pg5rm.apps.googleusercontent.com",
          "client_type": 3
        }
      ],
      "api_key": [
        {
          "current_key": "AIzaSyBwMaS49CNVYnNLHtOLsE8LclY_NBiW6o0"
        }
      ],
      "services": {
        "appinvite_service": {
          "other_platform_oauth_client": [
            {
              "client_id": "322882986189-btp9pm6qpvniqs07r4versvpda03dhqj.apps.googleusercontent.com",
              "client_type": 3
            }
          ]
        }
      }
    },
    {
      "client_info": {
        "mobilesdk_app_id": "1:322882986189:android:580b952e23b2241a404984",
        "android_client_info": {
          "package_name": "com.giganticon.icons.launcher.touch.screen.widget.notifications"
        }
      },
      "oauth_client": [
        {
          "client_id": "322882986189-0fm7d20seg9j8b3pl4mgl45ode95eq9d.apps.googleusercontent.com",
          "client_type": 1,
          "android_info": {
            "package_name": "com.giganticon.icons.launcher.touch.screen.widget.notifications",
            "certificate_hash": "a358c9ce2e94bbab3cf3bb2317e1b6baaaa9d089"
          }
        },
        {
          "client_id": "322882986189-8hbv5tmv43i81vketfir7toam34pg5rm.apps.googleusercontent.com",
          "client_type": 3
        }
      ],
      "api_key": [
        {
          "current_key": "AIzaSyBwMaS49CNVYnNLHtOLsE8LclY_NBiW6o0"
        }
      ],
      "services": {
        "appinvite_service": {
          "other_platform_oauth_client": [
            {
              "client_id": "322882986189-btp9pm6qpvniqs07r4versvpda03dhqj.apps.googleusercontent.com",
              "client_type": 3
            }
          ]
        }
      }
    },
    {
      "client_info": {
        "mobilesdk_app_id": "1:322882986189:android:7d62c36bc3ce29e2",
        "android_client_info": {
          "package_name": "com.grunge.textures.photo.color.splash.effect.background"
        }
      },
      "oauth_client": [
        {
          "client_id": "322882986189-8hbv5tmv43i81vketfir7toam34pg5rm.apps.googleusercontent.com",
          "client_type": 3
        }
      ],
      "api_key": [
        {
          "current_key": "AIzaSyBwMaS49CNVYnNLHtOLsE8LclY_NBiW6o0"
        }
      ],
      "services": {
        "appinvite_service": {
          "other_platform_oauth_client": [
            {
              "client_id": "322882986189-btp9pm6qpvniqs07r4versvpda03dhqj.apps.googleusercontent.com",
              "client_type": 3
            }
          ]
        }
      }
    },
    {
      "client_info": {
        "mobilesdk_app_id": "1:322882986189:android:f99e26862fca51b1",
        "android_client_info": {
          "package_name": "com.kit.tools.box.disk.news.shopping"
        }
      },
      "oauth_client": [
        {
          "client_id": "322882986189-8hbv5tmv43i81vketfir7toam34pg5rm.apps.googleusercontent.com",
          "client_type": 3
        }
      ],
      "api_key": [
        {
          "current_key": "AIzaSyBwMaS49CNVYnNLHtOLsE8LclY_NBiW6o0"
        }
      ],
      "services": {
        "appinvite_service": {
          "other_platform_oauth_client": [
            {
              "client_id": "322882986189-btp9pm6qpvniqs07r4versvpda03dhqj.apps.googleusercontent.com",
              "client_type": 3
            }
          ]
        }
      }
    },
    {
      "client_info": {
        "mobilesdk_app_id": "1:322882986189:android:f21feeef9c597333404984",
        "android_client_info": {
          "package_name": "com.knock.pattern.time.password.lock.screen"
        }
      },
      "oauth_client": [
        {
          "client_id": "322882986189-8hbv5tmv43i81vketfir7toam34pg5rm.apps.googleusercontent.com",
          "client_type": 3
        }
      ],
      "api_key": [
        {
          "current_key": "AIzaSyBwMaS49CNVYnNLHtOLsE8LclY_NBiW6o0"
        }
      ],
      "services": {
        "appinvite_service": {
          "other_platform_oauth_client": [
            {
              "client_id": "322882986189-btp9pm6qpvniqs07r4versvpda03dhqj.apps.googleusercontent.com",
              "client_type": 3
            }
          ]
        }
      }
    },
    {
      "client_info": {
        "mobilesdk_app_id": "1:322882986189:android:17c097eccc0a3528404984",
        "android_client_info": {
          "package_name": "com.learn.spanish.english.alphabet.speak.lessons"
        }
      },
      "oauth_client": [
        {
          "client_id": "322882986189-8hbv5tmv43i81vketfir7toam34pg5rm.apps.googleusercontent.com",
          "client_type": 3
        }
      ],
      "api_key": [
        {
          "current_key": "AIzaSyBwMaS49CNVYnNLHtOLsE8LclY_NBiW6o0"
        }
      ],
      "services": {
        "appinvite_service": {
          "other_platform_oauth_client": [
            {
              "client_id": "322882986189-btp9pm6qpvniqs07r4versvpda03dhqj.apps.googleusercontent.com",
              "client_type": 3
            }
          ]
        }
      }
    },
    {
      "client_info": {
        "mobilesdk_app_id": "1:322882986189:android:7097f5cdcd250477",
        "android_client_info": {
          "package_name": "com.lock.unlock.voice.screen.speak.phone.password"
        }
      },
      "oauth_client": [
        {
          "client_id": "322882986189-8hbv5tmv43i81vketfir7toam34pg5rm.apps.googleusercontent.com",
          "client_type": 3
        }
      ],
      "api_key": [
        {
          "current_key": "AIzaSyBwMaS49CNVYnNLHtOLsE8LclY_NBiW6o0"
        }
      ],
      "services": {
        "appinvite_service": {
          "other_platform_oauth_client": [
            {
              "client_id": "322882986189-btp9pm6qpvniqs07r4versvpda03dhqj.apps.googleusercontent.com",
              "client_type": 3
            }
          ]
        }
      }
    },
    {
      "client_info": {
        "mobilesdk_app_id": "1:322882986189:android:d214934185611400",
        "android_client_info": {
          "package_name": "com.logo.icon.design.creator.graphics.maker"
        }
      },
      "oauth_client": [
        {
          "client_id": "322882986189-5652r2t06njlk95mui1kidper521m4dt.apps.googleusercontent.com",
          "client_type": 1,
          "android_info": {
            "package_name": "com.logo.icon.design.creator.graphics.maker",
            "certificate_hash": "43e170de1e364d8778e2f4cde17a101b4c044509"
          }
        },
        {
          "client_id": "322882986189-8hbv5tmv43i81vketfir7toam34pg5rm.apps.googleusercontent.com",
          "client_type": 3
        }
      ],
      "api_key": [
        {
          "current_key": "AIzaSyBwMaS49CNVYnNLHtOLsE8LclY_NBiW6o0"
        }
      ],
      "services": {
        "appinvite_service": {
          "other_platform_oauth_client": [
            {
              "client_id": "322882986189-btp9pm6qpvniqs07r4versvpda03dhqj.apps.googleusercontent.com",
              "client_type": 3
            }
          ]
        }
      }
    },
    {
      "client_info": {
        "mobilesdk_app_id": "1:322882986189:android:ccd2d0e1f9c0e60c",
        "android_client_info": {
          "package_name": "com.music.strobe.led.flashing.lights.color.torch"
        }
      },
      "oauth_client": [
        {
          "client_id": "322882986189-8hbv5tmv43i81vketfir7toam34pg5rm.apps.googleusercontent.com",
          "client_type": 3
        }
      ],
      "api_key": [
        {
          "current_key": "AIzaSyBwMaS49CNVYnNLHtOLsE8LclY_NBiW6o0"
        }
      ],
      "services": {
        "appinvite_service": {
          "other_platform_oauth_client": [
            {
              "client_id": "322882986189-btp9pm6qpvniqs07r4versvpda03dhqj.apps.googleusercontent.com",
              "client_type": 3
            }
          ]
        }
      }
    },
    {
      "client_info": {
        "mobilesdk_app_id": "1:322882986189:android:9e7a76fe85ed8aca",
        "android_client_info": {
          "package_name": "com.my.affirmations.daily.positive.quotes.card.reminder"
        }
      },
      "oauth_client": [
        {
          "client_id": "322882986189-d3qd5k06e5if1vqpkncpq195lh87hr4n.apps.googleusercontent.com",
          "client_type": 1,
          "android_info": {
            "package_name": "com.my.affirmations.daily.positive.quotes.card.reminder",
            "certificate_hash": "122f77ee9d0d17970106c9d491f838f83e8f8a6c"
          }
        },
        {
          "client_id": "322882986189-8hbv5tmv43i81vketfir7toam34pg5rm.apps.googleusercontent.com",
          "client_type": 3
        }
      ],
      "api_key": [
        {
          "current_key": "AIzaSyBwMaS49CNVYnNLHtOLsE8LclY_NBiW6o0"
        }
      ],
      "services": {
        "appinvite_service": {
          "other_platform_oauth_client": [
            {
              "client_id": "322882986189-btp9pm6qpvniqs07r4versvpda03dhqj.apps.googleusercontent.com",
              "client_type": 3
            }
          ]
        }
      }
    },
    {
      "client_info": {
        "mobilesdk_app_id": "1:322882986189:android:bcc48ec6b35170d8404984",
        "android_client_info": {
          "package_name": "com.navigation.gesture.smart.shortcut.swipe.controls"
        }
      },
      "oauth_client": [
        {
          "client_id": "322882986189-1jtuvh2nd3ijrpl3reg2q00khltaup5j.apps.googleusercontent.com",
          "client_type": 1,
          "android_info": {
            "package_name": "com.navigation.gesture.smart.shortcut.swipe.controls",
            "certificate_hash": "76c31c830cdea29fb8698f69a0a64c499dd64152"
          }
        },
        {
          "client_id": "322882986189-8hbv5tmv43i81vketfir7toam34pg5rm.apps.googleusercontent.com",
          "client_type": 3
        }
      ],
      "api_key": [
        {
          "current_key": "AIzaSyBwMaS49CNVYnNLHtOLsE8LclY_NBiW6o0"
        }
      ],
      "services": {
        "appinvite_service": {
          "other_platform_oauth_client": [
            {
              "client_id": "322882986189-btp9pm6qpvniqs07r4versvpda03dhqj.apps.googleusercontent.com",
              "client_type": 3
            }
          ]
        }
      }
    },
    {
      "client_info": {
        "mobilesdk_app_id": "1:322882986189:android:991232f858f0aefc404984",
        "android_client_info": {
          "package_name": "com.passport.Id.size.photo.maker.print.editor"
        }
      },
      "oauth_client": [
        {
          "client_id": "322882986189-ig8a2oeorej06bre95ubcb0mr899gd6p.apps.googleusercontent.com",
          "client_type": 1,
          "android_info": {
            "package_name": "com.passport.Id.size.photo.maker.print.editor",
            "certificate_hash": "a358c9ce2e94bbab3cf3bb2317e1b6baaaa9d089"
          }
        },
        {
          "client_id": "322882986189-8hbv5tmv43i81vketfir7toam34pg5rm.apps.googleusercontent.com",
          "client_type": 3
        }
      ],
      "api_key": [
        {
          "current_key": "AIzaSyBwMaS49CNVYnNLHtOLsE8LclY_NBiW6o0"
        }
      ],
      "services": {
        "appinvite_service": {
          "other_platform_oauth_client": [
            {
              "client_id": "322882986189-btp9pm6qpvniqs07r4versvpda03dhqj.apps.googleusercontent.com",
              "client_type": 3
            }
          ]
        }
      }
    },
    {
      "client_info": {
        "mobilesdk_app_id": "1:322882986189:android:e11506c3af6286ea404984",
        "android_client_info": {
          "package_name": "com.phone.screen.on.off.shake.lock.unlock"
        }
      },
      "oauth_client": [
        {
          "client_id": "322882986189-8hbv5tmv43i81vketfir7toam34pg5rm.apps.googleusercontent.com",
          "client_type": 3
        }
      ],
      "api_key": [
        {
          "current_key": "AIzaSyBwMaS49CNVYnNLHtOLsE8LclY_NBiW6o0"
        }
      ],
      "services": {
        "appinvite_service": {
          "other_platform_oauth_client": [
            {
              "client_id": "322882986189-btp9pm6qpvniqs07r4versvpda03dhqj.apps.googleusercontent.com",
              "client_type": 3
            }
          ]
        }
      }
    },
    {
      "client_info": {
        "mobilesdk_app_id": "1:322882986189:android:5d3fec83c1e0fcf0",
        "android_client_info": {
          "package_name": "com.photo.motion.pictures.music.effect.editor"
        }
      },
      "oauth_client": [
        {
          "client_id": "322882986189-1nd16bqim80vu3jan2fivlujfn8l97a9.apps.googleusercontent.com",
          "client_type": 1,
          "android_info": {
            "package_name": "com.photo.motion.pictures.music.effect.editor",
            "certificate_hash": "122f77ee9d0d17970106c9d491f838f83e8f8a6c"
          }
        },
        {
          "client_id": "322882986189-8hbv5tmv43i81vketfir7toam34pg5rm.apps.googleusercontent.com",
          "client_type": 3
        }
      ],
      "api_key": [
        {
          "current_key": "AIzaSyBwMaS49CNVYnNLHtOLsE8LclY_NBiW6o0"
        }
      ],
      "services": {
        "appinvite_service": {
          "other_platform_oauth_client": [
            {
              "client_id": "322882986189-btp9pm6qpvniqs07r4versvpda03dhqj.apps.googleusercontent.com",
              "client_type": 3
            }
          ]
        }
      }
    },
    {
      "client_info": {
        "mobilesdk_app_id": "1:322882986189:android:77cefef05a239907404984",
        "android_client_info": {
          "package_name": "com.quiz.general.knowledge.world.gk.topic.global"
        }
      },
      "oauth_client": [
        {
          "client_id": "322882986189-4e2avvpnsa4r5kbkk3icuie6oe285ar8.apps.googleusercontent.com",
          "client_type": 1,
          "android_info": {
            "package_name": "com.quiz.general.knowledge.world.gk.topic.global",
            "certificate_hash": "390479ebb7629a4a2c836ce0028df7357961fc53"
          }
        },
        {
          "client_id": "322882986189-rurginl4odri88q7vf9m2aiiiv0ek310.apps.googleusercontent.com",
          "client_type": 1,
          "android_info": {
            "package_name": "com.quiz.general.knowledge.world.gk.topic.global",
            "certificate_hash": "dda5c966dcb3988f0fcd572f90ab596874832fc9"
          }
        },
        {
          "client_id": "322882986189-8hbv5tmv43i81vketfir7toam34pg5rm.apps.googleusercontent.com",
          "client_type": 3
        }
      ],
      "api_key": [
        {
          "current_key": "AIzaSyBwMaS49CNVYnNLHtOLsE8LclY_NBiW6o0"
        }
      ],
      "services": {
        "appinvite_service": {
          "other_platform_oauth_client": [
            {
              "client_id": "322882986189-btp9pm6qpvniqs07r4versvpda03dhqj.apps.googleusercontent.com",
              "client_type": 3
            }
          ]
        }
      }
    },
    {
      "client_info": {
        "mobilesdk_app_id": "1:322882986189:android:1f6349dbb754c6d3",
        "android_client_info": {
          "package_name": "com.quotes.creator.text.picture.design.status"
        }
      },
      "oauth_client": [
        {
          "client_id": "322882986189-8hbv5tmv43i81vketfir7toam34pg5rm.apps.googleusercontent.com",
          "client_type": 3
        }
      ],
      "api_key": [
        {
          "current_key": "AIzaSyBwMaS49CNVYnNLHtOLsE8LclY_NBiW6o0"
        }
      ],
      "services": {
        "appinvite_service": {
          "other_platform_oauth_client": [
            {
              "client_id": "322882986189-btp9pm6qpvniqs07r4versvpda03dhqj.apps.googleusercontent.com",
              "client_type": 3
            }
          ]
        }
      }
    },
    {
      "client_info": {
        "mobilesdk_app_id": "1:322882986189:android:0f797fb5f18a2050404984",
        "android_client_info": {
          "package_name": "com.reachability.cursor.computer.mouse.pointer.phone.hand"
        }
      },
      "oauth_client": [
        {
          "client_id": "322882986189-8hbv5tmv43i81vketfir7toam34pg5rm.apps.googleusercontent.com",
          "client_type": 3
        }
      ],
      "api_key": [
        {
          "current_key": "AIzaSyBwMaS49CNVYnNLHtOLsE8LclY_NBiW6o0"
        }
      ],
      "services": {
        "appinvite_service": {
          "other_platform_oauth_client": [
            {
              "client_id": "322882986189-btp9pm6qpvniqs07r4versvpda03dhqj.apps.googleusercontent.com",
              "client_type": 3
            }
          ]
        }
      }
    },
    {
      "client_info": {
        "mobilesdk_app_id": "1:322882986189:android:e09015016c703b8b404984",
        "android_client_info": {
          "package_name": "com.reverse.image.search.photo.detector.camera"
        }
      },
      "oauth_client": [
        {
          "client_id": "322882986189-8hbv5tmv43i81vketfir7toam34pg5rm.apps.googleusercontent.com",
          "client_type": 3
        }
      ],
      "api_key": [
        {
          "current_key": "AIzaSyBwMaS49CNVYnNLHtOLsE8LclY_NBiW6o0"
        }
      ],
      "services": {
        "appinvite_service": {
          "other_platform_oauth_client": [
            {
              "client_id": "322882986189-btp9pm6qpvniqs07r4versvpda03dhqj.apps.googleusercontent.com",
              "client_type": 3
            }
          ]
        }
      }
    },
    {
      "client_info": {
        "mobilesdk_app_id": "1:322882986189:android:75c0b308c97d78a6",
        "android_client_info": {
          "package_name": "com.route.save.maps.gps.navigation.locations"
        }
      },
      "oauth_client": [
        {
          "client_id": "322882986189-8hbv5tmv43i81vketfir7toam34pg5rm.apps.googleusercontent.com",
          "client_type": 3
        }
      ],
      "api_key": [
        {
          "current_key": "AIzaSyBwMaS49CNVYnNLHtOLsE8LclY_NBiW6o0"
        }
      ],
      "services": {
        "appinvite_service": {
          "other_platform_oauth_client": [
            {
              "client_id": "322882986189-btp9pm6qpvniqs07r4versvpda03dhqj.apps.googleusercontent.com",
              "client_type": 3
            }
          ]
        }
      }
    },
    {
      "client_info": {
        "mobilesdk_app_id": "1:322882986189:android:ece234c16ea58b80404984",
        "android_client_info": {
          "package_name": "com.sectograph.planner.time.clock.manager.reminder"
        }
      },
      "oauth_client": [
        {
          "client_id": "322882986189-qou05cdjo6cg4atl6du4js59d95ihpqe.apps.googleusercontent.com",
          "client_type": 1,
          "android_info": {
            "package_name": "com.sectograph.planner.time.clock.manager.reminder",
            "certificate_hash": "7a626055508328fa28790144b0fe12fd9542c332"
          }
        },
        {
          "client_id": "322882986189-8hbv5tmv43i81vketfir7toam34pg5rm.apps.googleusercontent.com",
          "client_type": 3
        }
      ],
      "api_key": [
        {
          "current_key": "AIzaSyBwMaS49CNVYnNLHtOLsE8LclY_NBiW6o0"
        }
      ],
      "services": {
        "appinvite_service": {
          "other_platform_oauth_client": [
            {
              "client_id": "322882986189-btp9pm6qpvniqs07r4versvpda03dhqj.apps.googleusercontent.com",
              "client_type": 3
            }
          ]
        }
      }
    },
    {
      "client_info": {
        "mobilesdk_app_id": "1:322882986189:android:7199b8a4b4529845",
        "android_client_info": {
          "package_name": "com.smart.level.bubble.measure.tools.device"
        }
      },
      "oauth_client": [
        {
          "client_id": "322882986189-8hbv5tmv43i81vketfir7toam34pg5rm.apps.googleusercontent.com",
          "client_type": 3
        }
      ],
      "api_key": [
        {
          "current_key": "AIzaSyBwMaS49CNVYnNLHtOLsE8LclY_NBiW6o0"
        }
      ],
      "services": {
        "appinvite_service": {
          "other_platform_oauth_client": [
            {
              "client_id": "322882986189-btp9pm6qpvniqs07r4versvpda03dhqj.apps.googleusercontent.com",
              "client_type": 3
            }
          ]
        }
      }
    },
    {
      "client_info": {
        "mobilesdk_app_id": "1:322882986189:android:cb0af6247af6d5cb",
        "android_client_info": {
          "package_name": "com.smart.magnifier.glass.light.camera.tools"
        }
      },
      "oauth_client": [
        {
          "client_id": "322882986189-8hbv5tmv43i81vketfir7toam34pg5rm.apps.googleusercontent.com",
          "client_type": 3
        }
      ],
      "api_key": [
        {
          "current_key": "AIzaSyBwMaS49CNVYnNLHtOLsE8LclY_NBiW6o0"
        }
      ],
      "services": {
        "appinvite_service": {
          "other_platform_oauth_client": [
            {
              "client_id": "322882986189-btp9pm6qpvniqs07r4versvpda03dhqj.apps.googleusercontent.com",
              "client_type": 3
            }
          ]
        }
      }
    },
    {
      "client_info": {
        "mobilesdk_app_id": "1:322882986189:android:25a490a2e70790db",
        "android_client_info": {
          "package_name": "com.social.media.post.graphics.template.card.maker"
        }
      },
      "oauth_client": [
        {
          "client_id": "322882986189-8hbv5tmv43i81vketfir7toam34pg5rm.apps.googleusercontent.com",
          "client_type": 3
        }
      ],
      "api_key": [
        {
          "current_key": "AIzaSyBwMaS49CNVYnNLHtOLsE8LclY_NBiW6o0"
        }
      ],
      "services": {
        "appinvite_service": {
          "other_platform_oauth_client": [
            {
              "client_id": "322882986189-btp9pm6qpvniqs07r4versvpda03dhqj.apps.googleusercontent.com",
              "client_type": 3
            }
          ]
        }
      }
    },
    {
      "client_info": {
        "mobilesdk_app_id": "1:322882986189:android:f8c48e1c34225d36404984",
        "android_client_info": {
          "package_name": "com.speaking.clock.date.time.talking.voice.buzzer"
        }
      },
      "oauth_client": [
        {
          "client_id": "322882986189-8hbv5tmv43i81vketfir7toam34pg5rm.apps.googleusercontent.com",
          "client_type": 3
        }
      ],
      "api_key": [
        {
          "current_key": "AIzaSyBwMaS49CNVYnNLHtOLsE8LclY_NBiW6o0"
        }
      ],
      "services": {
        "appinvite_service": {
          "other_platform_oauth_client": [
            {
              "client_id": "322882986189-btp9pm6qpvniqs07r4versvpda03dhqj.apps.googleusercontent.com",
              "client_type": 3
            }
          ]
        }
      }
    },
    {
      "client_info": {
        "mobilesdk_app_id": "1:322882986189:android:bf42f7241b65a953404984",
        "android_client_info": {
          "package_name": "com.split.screen.shortcut.overview.accessibility.notification"
        }
      },
      "oauth_client": [
        {
          "client_id": "322882986189-8hbv5tmv43i81vketfir7toam34pg5rm.apps.googleusercontent.com",
          "client_type": 3
        }
      ],
      "api_key": [
        {
          "current_key": "AIzaSyBwMaS49CNVYnNLHtOLsE8LclY_NBiW6o0"
        }
      ],
      "services": {
        "appinvite_service": {
          "other_platform_oauth_client": [
            {
              "client_id": "322882986189-btp9pm6qpvniqs07r4versvpda03dhqj.apps.googleusercontent.com",
              "client_type": 3
            }
          ]
        }
      }
    },
    {
      "client_info": {
        "mobilesdk_app_id": "1:322882986189:android:d1bed433fa7a43d3404984",
        "android_client_info": {
          "package_name": "com.step.shoe.interactive.lacing.guide.free"
        }
      },
      "oauth_client": [
        {
          "client_id": "322882986189-r2oqlempkougrm5nh3h2mmjmrg04p00f.apps.googleusercontent.com",
          "client_type": 1,
          "android_info": {
            "package_name": "com.step.shoe.interactive.lacing.guide.free",
            "certificate_hash": "a358c9ce2e94bbab3cf3bb2317e1b6baaaa9d089"
          }
        },
        {
          "client_id": "322882986189-8hbv5tmv43i81vketfir7toam34pg5rm.apps.googleusercontent.com",
          "client_type": 3
        }
      ],
      "api_key": [
        {
          "current_key": "AIzaSyBwMaS49CNVYnNLHtOLsE8LclY_NBiW6o0"
        }
      ],
      "services": {
        "appinvite_service": {
          "other_platform_oauth_client": [
            {
              "client_id": "322882986189-btp9pm6qpvniqs07r4versvpda03dhqj.apps.googleusercontent.com",
              "client_type": 3
            }
          ]
        }
      }
    },
    {
      "client_info": {
        "mobilesdk_app_id": "1:322882986189:android:b7564cbd467ea322",
        "android_client_info": {
          "package_name": "com.tool.box.kit.compass.app.disk"
        }
      },
      "oauth_client": [
        {
          "client_id": "322882986189-8hbv5tmv43i81vketfir7toam34pg5rm.apps.googleusercontent.com",
          "client_type": 3
        }
      ],
      "api_key": [
        {
          "current_key": "AIzaSyBwMaS49CNVYnNLHtOLsE8LclY_NBiW6o0"
        }
      ],
      "services": {
        "appinvite_service": {
          "other_platform_oauth_client": [
            {
              "client_id": "322882986189-btp9pm6qpvniqs07r4versvpda03dhqj.apps.googleusercontent.com",
              "client_type": 3
            }
          ]
        }
      }
    },
    {
      "client_info": {
        "mobilesdk_app_id": "1:322882986189:android:771c8ae786ddbf47404984",
        "android_client_info": {
          "package_name": "com.touch.lock.screen.password.security"
        }
      },
      "oauth_client": [
        {
          "client_id": "322882986189-8hbv5tmv43i81vketfir7toam34pg5rm.apps.googleusercontent.com",
          "client_type": 3
        }
      ],
      "api_key": [
        {
          "current_key": "AIzaSyBwMaS49CNVYnNLHtOLsE8LclY_NBiW6o0"
        }
      ],
      "services": {
        "appinvite_service": {
          "other_platform_oauth_client": [
            {
              "client_id": "322882986189-btp9pm6qpvniqs07r4versvpda03dhqj.apps.googleusercontent.com",
              "client_type": 3
            }
          ]
        }
      }
    },
    {
      "client_info": {
        "mobilesdk_app_id": "1:322882986189:android:72dfb12254038a9b",
        "android_client_info": {
          "package_name": "com.twin.camera.clone.photo.magic.editor"
        }
      },
      "oauth_client": [
        {
          "client_id": "322882986189-k347757hs57s4m16vpjdvt74ndgt266s.apps.googleusercontent.com",
          "client_type": 1,
          "android_info": {
            "package_name": "com.twin.camera.clone.photo.magic.editor",
            "certificate_hash": "a50ccd8226c655cee06845cc50afbcc7864aef68"
          }
        },
        {
          "client_id": "322882986189-8hbv5tmv43i81vketfir7toam34pg5rm.apps.googleusercontent.com",
          "client_type": 3
        }
      ],
      "api_key": [
        {
          "current_key": "AIzaSyBwMaS49CNVYnNLHtOLsE8LclY_NBiW6o0"
        }
      ],
      "services": {
        "appinvite_service": {
          "other_platform_oauth_client": [
            {
              "client_id": "322882986189-btp9pm6qpvniqs07r4versvpda03dhqj.apps.googleusercontent.com",
              "client_type": 3
            }
          ]
        }
      }
    },
    {
      "client_info": {
        "mobilesdk_app_id": "1:322882986189:android:b1760b25a2e51a0f",
        "android_client_info": {
          "package_name": "com.video.status.music.photo.effects.maker.editing"
        }
      },
      "oauth_client": [
        {
          "client_id": "322882986189-8hbv5tmv43i81vketfir7toam34pg5rm.apps.googleusercontent.com",
          "client_type": 3
        }
      ],
      "api_key": [
        {
          "current_key": "AIzaSyBwMaS49CNVYnNLHtOLsE8LclY_NBiW6o0"
        }
      ],
      "services": {
        "appinvite_service": {
          "other_platform_oauth_client": [
            {
              "client_id": "322882986189-btp9pm6qpvniqs07r4versvpda03dhqj.apps.googleusercontent.com",
              "client_type": 3
            }
          ]
        }
      }
    },
    {
      "client_info": {
        "mobilesdk_app_id": "1:322882986189:android:66b3660a96594e44404984",
        "android_client_info": {
          "package_name": "com.voice.call.dialer.phone.speaking.caller.ringtone"
        }
      },
      "oauth_client": [
        {
          "client_id": "322882986189-8hbv5tmv43i81vketfir7toam34pg5rm.apps.googleusercontent.com",
          "client_type": 3
        }
      ],
      "api_key": [
        {
          "current_key": "AIzaSyBwMaS49CNVYnNLHtOLsE8LclY_NBiW6o0"
        }
      ],
      "services": {
        "appinvite_service": {
          "other_platform_oauth_client": [
            {
              "client_id": "322882986189-btp9pm6qpvniqs07r4versvpda03dhqj.apps.googleusercontent.com",
              "client_type": 3
            }
          ]
        }
      }
    },
    {
      "client_info": {
        "mobilesdk_app_id": "1:322882986189:android:28dc9e7bd42d9bd6404984",
        "android_client_info": {
          "package_name": "com.wedding.planner.guest.budget.function.marriage.lady"
        }
      },
      "oauth_client": [
        {
          "client_id": "322882986189-12cu27tnsptqfek0ildpkpsqknqsd17k.apps.googleusercontent.com",
          "client_type": 1,
          "android_info": {
            "package_name": "com.wedding.planner.guest.budget.function.marriage.lady",
            "certificate_hash": "bb5063ed7f4d9d571e37f8239e4bf7821fffc457"
          }
        },
        {
          "client_id": "322882986189-8hbv5tmv43i81vketfir7toam34pg5rm.apps.googleusercontent.com",
          "client_type": 3
        }
      ],
      "api_key": [
        {
          "current_key": "AIzaSyBwMaS49CNVYnNLHtOLsE8LclY_NBiW6o0"
        }
      ],
      "services": {
        "appinvite_service": {
          "other_platform_oauth_client": [
            {
              "client_id": "322882986189-btp9pm6qpvniqs07r4versvpda03dhqj.apps.googleusercontent.com",
              "client_type": 3
            }
          ]
        }
      }
    },
    {
      "client_info": {
        "mobilesdk_app_id": "1:322882986189:android:25086a200bca5367",
        "android_client_info": {
          "package_name": "com.wifi.thief.detector.password.block.admin.router"
        }
      },
      "oauth_client": [
        {
          "client_id": "322882986189-8hbv5tmv43i81vketfir7toam34pg5rm.apps.googleusercontent.com",
          "client_type": 3
        }
      ],
      "api_key": [
        {
          "current_key": "AIzaSyBwMaS49CNVYnNLHtOLsE8LclY_NBiW6o0"
        }
      ],
      "services": {
        "appinvite_service": {
          "other_platform_oauth_client": [
            {
              "client_id": "322882986189-btp9pm6qpvniqs07r4versvpda03dhqj.apps.googleusercontent.com",
              "client_type": 3
            }
          ]
        }
      }
    },
    {
      "client_info": {
        "mobilesdk_app_id": "1:322882986189:android:1bf0d81064d85b85",
        "android_client_info": {
          "package_name": "com.wishes.festivals.message.greeting.cards.maker"
        }
      },
      "oauth_client": [
        {
          "client_id": "322882986189-8hbv5tmv43i81vketfir7toam34pg5rm.apps.googleusercontent.com",
          "client_type": 3
        }
      ],
      "api_key": [
        {
          "current_key": "AIzaSyBwMaS49CNVYnNLHtOLsE8LclY_NBiW6o0"
        }
      ],
      "services": {
        "appinvite_service": {
          "other_platform_oauth_client": [
            {
              "client_id": "322882986189-btp9pm6qpvniqs07r4versvpda03dhqj.apps.googleusercontent.com",
              "client_type": 3
            }
          ]
        }
      }
    },
    {
      "client_info": {
        "mobilesdk_app_id": "1:322882986189:android:a411a9fee4b5a1a5",
        "android_client_info": {
          "package_name": "com.word.cloud.art.color.photos.generator"
        }
      },
      "oauth_client": [
        {
          "client_id": "322882986189-ghkjrh39hv0mivu02b2pp5ogib8mefrl.apps.googleusercontent.com",
          "client_type": 1,
          "android_info": {
            "package_name": "com.word.cloud.art.color.photos.generator",
            "certificate_hash": "3773c8e817a359c047d7ff5421bcb5f984bda42f"
          }
        },
        {
          "client_id": "322882986189-8hbv5tmv43i81vketfir7toam34pg5rm.apps.googleusercontent.com",
          "client_type": 3
        }
      ],
      "api_key": [
        {
          "current_key": "AIzaSyBwMaS49CNVYnNLHtOLsE8LclY_NBiW6o0"
        }
      ],
      "services": {
        "appinvite_service": {
          "other_platform_oauth_client": [
            {
              "client_id": "322882986189-btp9pm6qpvniqs07r4versvpda03dhqj.apps.googleusercontent.com",
              "client_type": 3
            }
          ]
        }
      }
    },
    {
      "client_info": {
        "mobilesdk_app_id": "1:322882986189:android:9bd9370956484cd6404984",
        "android_client_info": {
          "package_name": "com.world.clock.time.date.widget.zones.countries"
        }
      },
      "oauth_client": [
        {
          "client_id": "322882986189-8hbv5tmv43i81vketfir7toam34pg5rm.apps.googleusercontent.com",
          "client_type": 3
        }
      ],
      "api_key": [
        {
          "current_key": "AIzaSyBwMaS49CNVYnNLHtOLsE8LclY_NBiW6o0"
        }
      ],
      "services": {
        "appinvite_service": {
          "other_platform_oauth_client": [
            {
              "client_id": "322882986189-btp9pm6qpvniqs07r4versvpda03dhqj.apps.googleusercontent.com",
              "client_type": 3
            }
          ]
        }
      }
    }
  ],
  "configuration_version": "1"
}