{
  "project_info": {
    "project_number": "933603671374",
    "project_id": "gallery-app-toonboon",
    "storage_bucket": "gallery-app-toonboon.appspot.com"
  },
  "client": [
    {
      "client_info": {
        "mobilesdk_app_id": "1:933603671374:android:4e8ca4d7e614ccaa85721f",
        "android_client_info": {
          "package_name": "gallery.gallerylock.vaultgallery.hidepictures"
        }
      },
      "oauth_client": [
        {
          "client_id": "933603671374-6odrqp4qsrmeq8eqjs8mao6f6pb4jlq2.apps.googleusercontent.com",
          "client_type": 1,
          "android_info": {
            "package_name": "gallery.gallerylock.vaultgallery.hidepictures",
            "certificate_hash": "b2f403b455076c775fc46950f92baed230e9e462"
          }
        },
        {
          "client_id": "933603671374-r5k82ki4poldu9sh9bl0n2hlngd3t4k8.apps.googleusercontent.com",
          "client_type": 3
        }
      ],
      "api_key": [
        {
          "current_key": "AIzaSyCNKiIm1EHsh5lt0Vke_ROpQnAshKOXlBE"
        }
      ],
      "services": {
        "appinvite_service": {
          "other_platform_oauth_client": [
            {
              "client_id": "933603671374-r5k82ki4poldu9sh9bl0n2hlngd3t4k8.apps.googleusercontent.com",
              "client_type": 3
            }
          ]
        }
      },
      "admob_app_id": "ca-app-pub-4729058785930330~5369647027"
    }
  ],
  "configuration_version": "1"
}