{"nm":"Comp 1","ddd":0,"h":500,"w":500,"meta":{"g":"LottieFiles AE 3.5.3"},"layers":[{"ty":4,"nm":"Layer 3","sr":1,"st":0,"op":65.0000026475043,"ip":0,"hd":false,"ddd":0,"bm":0,"hasMask":false,"ao":0,"ks":{"a":{"a":0,"k":[0,0,0],"ix":1},"s":{"a":0,"k":[100,100,100],"ix":6},"sk":{"a":0,"k":0},"p":{"a":1,"k":[{"o":{"x":0.333,"y":0},"i":{"x":0.667,"y":1},"s":[158.48,245.5,0],"t":0,"ti":[-0.333,0,0],"to":[30.5,0,0]},{"o":{"x":0.269,"y":0},"i":{"x":0.667,"y":1},"s":[341.48,245.5,0],"t":15,"ti":[0,0,0],"to":[0.03,0,0]},{"o":{"x":0.269,"y":0},"i":{"x":0.667,"y":1},"s":[341.48,245.5,0],"t":35,"ti":[0,0,0],"to":[0,0,0]},{"s":[158.5,245.5,0],"t":50.0000020365418}],"ix":2},"r":{"a":0,"k":0,"ix":10},"sa":{"a":0,"k":0},"o":{"a":0,"k":100,"ix":11}},"ef":[],"shapes":[{"ty":"gr","bm":0,"hd":false,"mn":"ADBE Vector Group","nm":"Group 1","ix":1,"cix":2,"np":2,"it":[{"ty":"sh","bm":0,"hd":false,"mn":"ADBE Vector Shape - Group","nm":"Path 1","ix":1,"d":1,"ks":{"a":0,"k":{"c":true,"i":[[0,-38.346],[37.892,0],[0,38.346],[-37.892,0]],"o":[[0,38.346],[-37.892,0],[0,-38.346],[37.892,0]],"v":[[68.61,0],[0,69.431],[-68.61,0],[0,-69.431]]},"ix":2}},{"ty":"fl","bm":0,"hd":false,"mn":"ADBE Vector Graphic - Fill","nm":"Fill 1","c":{"a":0,"k":[1,1,1],"ix":4},"r":1,"o":{"a":0,"k":100,"ix":5}},{"ty":"tr","a":{"a":0,"k":[0,0],"ix":1},"s":{"a":0,"k":[100,100],"ix":3},"sk":{"a":0,"k":0,"ix":4},"p":{"a":0,"k":[0,0],"ix":2},"r":{"a":0,"k":0,"ix":6},"sa":{"a":0,"k":0,"ix":5},"o":{"a":0,"k":100,"ix":7}}]}],"ind":1},{"ty":4,"nm":"Layer 2","sr":1,"st":0,"op":65.0000026475043,"ip":0,"hd":false,"ddd":0,"bm":0,"hasMask":false,"ao":0,"ks":{"a":{"a":0,"k":[0,0,0],"ix":1},"s":{"a":0,"k":[100,100,100],"ix":6},"sk":{"a":0,"k":0},"p":{"a":0,"k":[250,245.5,0],"ix":2},"r":{"a":0,"k":0,"ix":10},"sa":{"a":0,"k":0},"o":{"a":1,"k":[{"o":{"x":0.333,"y":0},"i":{"x":0.667,"y":1},"s":[0],"t":0},{"o":{"x":0.333,"y":0},"i":{"x":0.667,"y":1},"s":[100],"t":15},{"o":{"x":0.333,"y":0},"i":{"x":0.667,"y":1},"s":[100],"t":35},{"s":[0],"t":50.0000020365418}],"ix":11}},"ef":[],"shapes":[{"ty":"gr","bm":0,"hd":false,"mn":"ADBE Vector Group","nm":"Group 1","ix":1,"cix":2,"np":2,"it":[{"ty":"sh","bm":0,"hd":false,"mn":"ADBE Vector Shape - Group","nm":"Path 1","ix":1,"d":1,"ks":{"a":0,"k":{"c":true,"i":[[44.183,0],[0,0],[0,44.183],[0,0],[-44.183,0],[0,0],[0,-44.183],[0,0]],"o":[[0,0],[-44.183,0],[0,0],[0,-44.183],[0,0],[44.183,0],[0,0],[0,44.183]],"v":[[96,80.5],[-96,80.5],[-176,0.5],[-176,-0.5],[-96,-80.5],[96,-80.5],[176,-0.5],[176,0.5]]},"ix":2}},{"ty":"fl","bm":0,"hd":false,"mn":"ADBE Vector Graphic - Fill","nm":"Fill 1","c":{"a":0,"k":[0.0941,0.4706,0.9529],"ix":4},"r":1,"o":{"a":0,"k":100,"ix":5}},{"ty":"tr","a":{"a":0,"k":[0,0],"ix":1},"s":{"a":0,"k":[100,100],"ix":3},"sk":{"a":0,"k":0,"ix":4},"p":{"a":0,"k":[0,0],"ix":2},"r":{"a":0,"k":0,"ix":6},"sa":{"a":0,"k":0,"ix":5},"o":{"a":0,"k":100,"ix":7}}]}],"ind":2},{"ty":4,"nm":"Layer 1","sr":1,"st":0,"op":65.0000026475043,"ip":0,"hd":false,"ddd":0,"bm":0,"hasMask":false,"ao":0,"ks":{"a":{"a":0,"k":[0,0,0],"ix":1},"s":{"a":0,"k":[100,100,100],"ix":6},"sk":{"a":0,"k":0},"p":{"a":0,"k":[250,245.5,0],"ix":2},"r":{"a":0,"k":0,"ix":10},"sa":{"a":0,"k":0},"o":{"a":0,"k":100,"ix":11}},"ef":[],"shapes":[{"ty":"gr","bm":0,"hd":false,"mn":"ADBE Vector Group","nm":"Group 1","ix":1,"cix":2,"np":2,"it":[{"ty":"sh","bm":0,"hd":false,"mn":"ADBE Vector Shape - Group","nm":"Path 1","ix":1,"d":1,"ks":{"a":0,"k":{"c":true,"i":[[44.183,0],[0,0],[0,44.183],[0,0],[-44.183,0],[0,0],[0,-44.183],[0,0]],"o":[[0,0],[-44.183,0],[0,0],[0,-44.183],[0,0],[44.183,0],[0,0],[0,44.183]],"v":[[96,80.5],[-96,80.5],[-176,0.5],[-176,-0.5],[-96,-80.5],[96,-80.5],[176,-0.5],[176,0.5]]},"ix":2}},{"ty":"fl","bm":0,"hd":false,"mn":"ADBE Vector Graphic - Fill","nm":"Fill 1","c":{"a":0,"k":[0.7098,0.7098,0.7098],"ix":4},"r":1,"o":{"a":0,"k":100,"ix":5}},{"ty":"tr","a":{"a":0,"k":[0,0],"ix":1},"s":{"a":0,"k":[100,100],"ix":3},"sk":{"a":0,"k":0,"ix":4},"p":{"a":0,"k":[0,0],"ix":2},"r":{"a":0,"k":0,"ix":6},"sa":{"a":0,"k":0,"ix":5},"o":{"a":0,"k":100,"ix":7}}]}],"ind":3}],"v":"4.8.0","fr":29.9700012207031,"op":65.0000026475043,"ip":0,"assets":[]}