{
  "v": "5.5.6",
  "fr": 30,
  "ip": 0,
  "op": 60,
  "w": 1080,
  "h": 1080,
  "nm": "final animation3",
  "ddd": 0,
  "assets": [
    {
      "id": "image_0",
      "w": 2500,
      "h": 2500,
      "u": "animation12/",
      "p": "img_0.png",
      "e": 0
    },
    {
      "id": "comp_0",
      "layers": [
        {
          "ddd": 0,
          "ind": 1,
          "ty": 2,
          "nm": "5d8367682ee7f.png",
          "cl": "png",
          "refId": "image_0",
          "sr": 1,
          "ks": {
            "o": {
              "a": 1,
              "k": [
                {
                  "i": {
                    "x": [
                      0.833
                    ],
                    "y": [
                      0.833
                    ]
                  },
                  "o": {
                    "x": [
                      0.167
                    ],
                    "y": [
                      0.167
                    ]
                  },
                  "t": 0,
                  "s": [
                    0
                  ]
                },
                {
                  "i": {
                    "x": [
                      0.833
                    ],
                    "y": [
                      0.833
                    ]
                  },
                  "o": {
                    "x": [
                      0.167
                    ],
                    "y": [
                      0.167
                    ]
                  },
                  "t": 15,
                  "s": [
                    100
                  ]
                },
                {
                  "t": 30,
                  "s": [
                    0
                  ]
                }
              ],
              "ix": 11,
              "x": "var $bm_rt;\n$bm_rt = loopOut('cycle', 0);"
            },
            "r": {
              "a": 0,
              "k": 0,
              "ix": 10
            },
            "p": {
              "a": 0,
              "k": [
                1138,
                305,
                0
              ],
              "ix": 2
            },
            "a": {
              "a": 0,
              "k": [
                1250,
                1250,
                0
              ],
              "ix": 1
            },
            "s": {
              "a": 0,
              "k": [
                9,
                9,
                100
              ],
              "ix": 6
            }
          },
          "ao": 0,
          "ip": 0,
          "op": 63,
          "st": -11,
          "bm": 0
        },
        {
          "ddd": 0,
          "ind": 2,
          "ty": 2,
          "nm": "5d8367682ee7f.png",
          "cl": "png",
          "refId": "image_0",
          "sr": 1,
          "ks": {
            "o": {
              "a": 1,
              "k": [
                {
                  "i": {
                    "x": [
                      0.833
                    ],
                    "y": [
                      0.833
                    ]
                  },
                  "o": {
                    "x": [
                      0.167
                    ],
                    "y": [
                      0.167
                    ]
                  },
                  "t": 0,
                  "s": [
                    0
                  ]
                },
                {
                  "i": {
                    "x": [
                      0.833
                    ],
                    "y": [
                      0.833
                    ]
                  },
                  "o": {
                    "x": [
                      0.167
                    ],
                    "y": [
                      0.167
                    ]
                  },
                  "t": 15,
                  "s": [
                    100
                  ]
                },
                {
                  "t": 30,
                  "s": [
                    0
                  ]
                }
              ],
              "ix": 11,
              "x": "var $bm_rt;\n$bm_rt = loopOut('cycle', 0);"
            },
            "r": {
              "a": 0,
              "k": 0,
              "ix": 10
            },
            "p": {
              "a": 0,
              "k": [
                1138,
                765,
                0
              ],
              "ix": 2
            },
            "a": {
              "a": 0,
              "k": [
                1250,
                1250,
                0
              ],
              "ix": 1
            },
            "s": {
              "a": 0,
              "k": [
                9,
                9,
                100
              ],
              "ix": 6
            }
          },
          "ao": 0,
          "ip": 0,
          "op": 63,
          "st": -11,
          "bm": 0
        },
        {
          "ddd": 0,
          "ind": 3,
          "ty": 2,
          "nm": "5d8367682ee7f.png",
          "cl": "png",
          "refId": "image_0",
          "sr": 1,
          "ks": {
            "o": {
              "a": 1,
              "k": [
                {
                  "i": {
                    "x": [
                      0.833
                    ],
                    "y": [
                      0.833
                    ]
                  },
                  "o": {
                    "x": [
                      0.167
                    ],
                    "y": [
                      0.167
                    ]
                  },
                  "t": 0,
                  "s": [
                    0
                  ]
                },
                {
                  "i": {
                    "x": [
                      0.833
                    ],
                    "y": [
                      0.833
                    ]
                  },
                  "o": {
                    "x": [
                      0.167
                    ],
                    "y": [
                      0.167
                    ]
                  },
                  "t": 15,
                  "s": [
                    100
                  ]
                },
                {
                  "t": 30,
                  "s": [
                    0
                  ]
                }
              ],
              "ix": 11,
              "x": "var $bm_rt;\n$bm_rt = loopOut('cycle', 0);"
            },
            "r": {
              "a": 0,
              "k": 0,
              "ix": 10
            },
            "p": {
              "a": 0,
              "k": [
                998,
                65,
                0
              ],
              "ix": 2
            },
            "a": {
              "a": 0,
              "k": [
                1250,
                1250,
                0
              ],
              "ix": 1
            },
            "s": {
              "a": 0,
              "k": [
                9,
                9,
                100
              ],
              "ix": 6
            }
          },
          "ao": 0,
          "ip": 0,
          "op": 63,
          "st": -11,
          "bm": 0
        },
        {
          "ddd": 0,
          "ind": 4,
          "ty": 2,
          "nm": "5d8367682ee7f.png",
          "cl": "png",
          "refId": "image_0",
          "sr": 1,
          "ks": {
            "o": {
              "a": 1,
              "k": [
                {
                  "i": {
                    "x": [
                      0.833
                    ],
                    "y": [
                      0.833
                    ]
                  },
                  "o": {
                    "x": [
                      0.167
                    ],
                    "y": [
                      0.167
                    ]
                  },
                  "t": 0,
                  "s": [
                    0
                  ]
                },
                {
                  "i": {
                    "x": [
                      0.833
                    ],
                    "y": [
                      0.833
                    ]
                  },
                  "o": {
                    "x": [
                      0.167
                    ],
                    "y": [
                      0.167
                    ]
                  },
                  "t": 15,
                  "s": [
                    100
                  ]
                },
                {
                  "t": 30,
                  "s": [
                    0
                  ]
                }
              ],
              "ix": 11,
              "x": "var $bm_rt;\n$bm_rt = loopOut('cycle', 0);"
            },
            "r": {
              "a": 0,
              "k": 0,
              "ix": 10
            },
            "p": {
              "a": 0,
              "k": [
                998,
                525,
                0
              ],
              "ix": 2
            },
            "a": {
              "a": 0,
              "k": [
                1250,
                1250,
                0
              ],
              "ix": 1
            },
            "s": {
              "a": 0,
              "k": [
                9,
                9,
                100
              ],
              "ix": 6
            }
          },
          "ao": 0,
          "ip": 0,
          "op": 63,
          "st": -11,
          "bm": 0
        },
        {
          "ddd": 0,
          "ind": 5,
          "ty": 2,
          "nm": "5d8367682ee7f.png",
          "cl": "png",
          "refId": "image_0",
          "sr": 1,
          "ks": {
            "o": {
              "a": 1,
              "k": [
                {
                  "i": {
                    "x": [
                      0.833
                    ],
                    "y": [
                      0.833
                    ]
                  },
                  "o": {
                    "x": [
                      0.167
                    ],
                    "y": [
                      0.167
                    ]
                  },
                  "t": 0,
                  "s": [
                    0
                  ]
                },
                {
                  "i": {
                    "x": [
                      0.833
                    ],
                    "y": [
                      0.833
                    ]
                  },
                  "o": {
                    "x": [
                      0.167
                    ],
                    "y": [
                      0.167
                    ]
                  },
                  "t": 15,
                  "s": [
                    100
                  ]
                },
                {
                  "t": 30,
                  "s": [
                    0
                  ]
                }
              ],
              "ix": 11,
              "x": "var $bm_rt;\n$bm_rt = loopOut('cycle', 0);"
            },
            "r": {
              "a": 0,
              "k": 0,
              "ix": 10
            },
            "p": {
              "a": 0,
              "k": [
                998,
                985,
                0
              ],
              "ix": 2
            },
            "a": {
              "a": 0,
              "k": [
                1250,
                1250,
                0
              ],
              "ix": 1
            },
            "s": {
              "a": 0,
              "k": [
                9,
                9,
                100
              ],
              "ix": 6
            }
          },
          "ao": 0,
          "ip": 0,
          "op": 63,
          "st": -11,
          "bm": 0
        },
        {
          "ddd": 0,
          "ind": 6,
          "ty": 2,
          "nm": "5d8367682ee7f.png",
          "cl": "png",
          "refId": "image_0",
          "sr": 1,
          "ks": {
            "o": {
              "a": 1,
              "k": [
                {
                  "i": {
                    "x": [
                      0.833
                    ],
                    "y": [
                      0.833
                    ]
                  },
                  "o": {
                    "x": [
                      0.167
                    ],
                    "y": [
                      0.167
                    ]
                  },
                  "t": 0,
                  "s": [
                    0
                  ]
                },
                {
                  "i": {
                    "x": [
                      0.833
                    ],
                    "y": [
                      0.833
                    ]
                  },
                  "o": {
                    "x": [
                      0.167
                    ],
                    "y": [
                      0.167
                    ]
                  },
                  "t": 15,
                  "s": [
                    100
                  ]
                },
                {
                  "t": 30,
                  "s": [
                    0
                  ]
                }
              ],
              "ix": 11,
              "x": "var $bm_rt;\n$bm_rt = loopOut('cycle', 0);"
            },
            "r": {
              "a": 0,
              "k": 0,
              "ix": 10
            },
            "p": {
              "a": 0,
              "k": [
                848,
                305,
                0
              ],
              "ix": 2
            },
            "a": {
              "a": 0,
              "k": [
                1250,
                1250,
                0
              ],
              "ix": 1
            },
            "s": {
              "a": 0,
              "k": [
                9,
                9,
                100
              ],
              "ix": 6
            }
          },
          "ao": 0,
          "ip": 0,
          "op": 63,
          "st": -11,
          "bm": 0
        },
        {
          "ddd": 0,
          "ind": 7,
          "ty": 2,
          "nm": "5d8367682ee7f.png",
          "cl": "png",
          "refId": "image_0",
          "sr": 1,
          "ks": {
            "o": {
              "a": 1,
              "k": [
                {
                  "i": {
                    "x": [
                      0.833
                    ],
                    "y": [
                      0.833
                    ]
                  },
                  "o": {
                    "x": [
                      0.167
                    ],
                    "y": [
                      0.167
                    ]
                  },
                  "t": 0,
                  "s": [
                    0
                  ]
                },
                {
                  "i": {
                    "x": [
                      0.833
                    ],
                    "y": [
                      0.833
                    ]
                  },
                  "o": {
                    "x": [
                      0.167
                    ],
                    "y": [
                      0.167
                    ]
                  },
                  "t": 15,
                  "s": [
                    100
                  ]
                },
                {
                  "t": 30,
                  "s": [
                    0
                  ]
                }
              ],
              "ix": 11,
              "x": "var $bm_rt;\n$bm_rt = loopOut('cycle', 0);"
            },
            "r": {
              "a": 0,
              "k": 0,
              "ix": 10
            },
            "p": {
              "a": 0,
              "k": [
                848,
                765,
                0
              ],
              "ix": 2
            },
            "a": {
              "a": 0,
              "k": [
                1250,
                1250,
                0
              ],
              "ix": 1
            },
            "s": {
              "a": 0,
              "k": [
                9,
                9,
                100
              ],
              "ix": 6
            }
          },
          "ao": 0,
          "ip": 0,
          "op": 63,
          "st": -11,
          "bm": 0
        },
        {
          "ddd": 0,
          "ind": 8,
          "ty": 2,
          "nm": "5d8367682ee7f.png",
          "cl": "png",
          "refId": "image_0",
          "sr": 1,
          "ks": {
            "o": {
              "a": 1,
              "k": [
                {
                  "i": {
                    "x": [
                      0.833
                    ],
                    "y": [
                      0.833
                    ]
                  },
                  "o": {
                    "x": [
                      0.167
                    ],
                    "y": [
                      0.167
                    ]
                  },
                  "t": 0,
                  "s": [
                    0
                  ]
                },
                {
                  "i": {
                    "x": [
                      0.833
                    ],
                    "y": [
                      0.833
                    ]
                  },
                  "o": {
                    "x": [
                      0.167
                    ],
                    "y": [
                      0.167
                    ]
                  },
                  "t": 15,
                  "s": [
                    100
                  ]
                },
                {
                  "t": 30,
                  "s": [
                    0
                  ]
                }
              ],
              "ix": 11,
              "x": "var $bm_rt;\n$bm_rt = loopOut('cycle', 0);"
            },
            "r": {
              "a": 0,
              "k": 0,
              "ix": 10
            },
            "p": {
              "a": 0,
              "k": [
                708,
                65,
                0
              ],
              "ix": 2
            },
            "a": {
              "a": 0,
              "k": [
                1250,
                1250,
                0
              ],
              "ix": 1
            },
            "s": {
              "a": 0,
              "k": [
                9,
                9,
                100
              ],
              "ix": 6
            }
          },
          "ao": 0,
          "ip": 0,
          "op": 63,
          "st": -11,
          "bm": 0
        },
        {
          "ddd": 0,
          "ind": 9,
          "ty": 2,
          "nm": "5d8367682ee7f.png",
          "cl": "png",
          "refId": "image_0",
          "sr": 1,
          "ks": {
            "o": {
              "a": 1,
              "k": [
                {
                  "i": {
                    "x": [
                      0.833
                    ],
                    "y": [
                      0.833
                    ]
                  },
                  "o": {
                    "x": [
                      0.167
                    ],
                    "y": [
                      0.167
                    ]
                  },
                  "t": 0,
                  "s": [
                    0
                  ]
                },
                {
                  "i": {
                    "x": [
                      0.833
                    ],
                    "y": [
                      0.833
                    ]
                  },
                  "o": {
                    "x": [
                      0.167
                    ],
                    "y": [
                      0.167
                    ]
                  },
                  "t": 15,
                  "s": [
                    100
                  ]
                },
                {
                  "t": 30,
                  "s": [
                    0
                  ]
                }
              ],
              "ix": 11,
              "x": "var $bm_rt;\n$bm_rt = loopOut('cycle', 0);"
            },
            "r": {
              "a": 0,
              "k": 0,
              "ix": 10
            },
            "p": {
              "a": 0,
              "k": [
                708,
                525,
                0
              ],
              "ix": 2
            },
            "a": {
              "a": 0,
              "k": [
                1250,
                1250,
                0
              ],
              "ix": 1
            },
            "s": {
              "a": 0,
              "k": [
                9,
                9,
                100
              ],
              "ix": 6
            }
          },
          "ao": 0,
          "ip": 0,
          "op": 63,
          "st": -11,
          "bm": 0
        },
        {
          "ddd": 0,
          "ind": 10,
          "ty": 2,
          "nm": "5d8367682ee7f.png",
          "cl": "png",
          "refId": "image_0",
          "sr": 1,
          "ks": {
            "o": {
              "a": 1,
              "k": [
                {
                  "i": {
                    "x": [
                      0.833
                    ],
                    "y": [
                      0.833
                    ]
                  },
                  "o": {
                    "x": [
                      0.167
                    ],
                    "y": [
                      0.167
                    ]
                  },
                  "t": 0,
                  "s": [
                    0
                  ]
                },
                {
                  "i": {
                    "x": [
                      0.833
                    ],
                    "y": [
                      0.833
                    ]
                  },
                  "o": {
                    "x": [
                      0.167
                    ],
                    "y": [
                      0.167
                    ]
                  },
                  "t": 15,
                  "s": [
                    100
                  ]
                },
                {
                  "t": 30,
                  "s": [
                    0
                  ]
                }
              ],
              "ix": 11,
              "x": "var $bm_rt;\n$bm_rt = loopOut('cycle', 0);"
            },
            "r": {
              "a": 0,
              "k": 0,
              "ix": 10
            },
            "p": {
              "a": 0,
              "k": [
                708,
                985,
                0
              ],
              "ix": 2
            },
            "a": {
              "a": 0,
              "k": [
                1250,
                1250,
                0
              ],
              "ix": 1
            },
            "s": {
              "a": 0,
              "k": [
                9,
                9,
                100
              ],
              "ix": 6
            }
          },
          "ao": 0,
          "ip": 0,
          "op": 63,
          "st": -11,
          "bm": 0
        },
        {
          "ddd": 0,
          "ind": 11,
          "ty": 2,
          "nm": "5d8367682ee7f.png",
          "cl": "png",
          "refId": "image_0",
          "sr": 1,
          "ks": {
            "o": {
              "a": 1,
              "k": [
                {
                  "i": {
                    "x": [
                      0.833
                    ],
                    "y": [
                      0.833
                    ]
                  },
                  "o": {
                    "x": [
                      0.167
                    ],
                    "y": [
                      0.167
                    ]
                  },
                  "t": 0,
                  "s": [
                    0
                  ]
                },
                {
                  "i": {
                    "x": [
                      0.833
                    ],
                    "y": [
                      0.833
                    ]
                  },
                  "o": {
                    "x": [
                      0.167
                    ],
                    "y": [
                      0.167
                    ]
                  },
                  "t": 15,
                  "s": [
                    100
                  ]
                },
                {
                  "t": 30,
                  "s": [
                    0
                  ]
                }
              ],
              "ix": 11,
              "x": "var $bm_rt;\n$bm_rt = loopOut('cycle', 0);"
            },
            "r": {
              "a": 0,
              "k": 0,
              "ix": 10
            },
            "p": {
              "a": 0,
              "k": [
                544,
                305,
                0
              ],
              "ix": 2
            },
            "a": {
              "a": 0,
              "k": [
                1250,
                1250,
                0
              ],
              "ix": 1
            },
            "s": {
              "a": 0,
              "k": [
                9,
                9,
                100
              ],
              "ix": 6
            }
          },
          "ao": 0,
          "ip": 0,
          "op": 63,
          "st": -11,
          "bm": 0
        },
        {
          "ddd": 0,
          "ind": 12,
          "ty": 2,
          "nm": "5d8367682ee7f.png",
          "cl": "png",
          "refId": "image_0",
          "sr": 1,
          "ks": {
            "o": {
              "a": 1,
              "k": [
                {
                  "i": {
                    "x": [
                      0.833
                    ],
                    "y": [
                      0.833
                    ]
                  },
                  "o": {
                    "x": [
                      0.167
                    ],
                    "y": [
                      0.167
                    ]
                  },
                  "t": 0,
                  "s": [
                    0
                  ]
                },
                {
                  "i": {
                    "x": [
                      0.833
                    ],
                    "y": [
                      0.833
                    ]
                  },
                  "o": {
                    "x": [
                      0.167
                    ],
                    "y": [
                      0.167
                    ]
                  },
                  "t": 15,
                  "s": [
                    100
                  ]
                },
                {
                  "t": 30,
                  "s": [
                    0
                  ]
                }
              ],
              "ix": 11,
              "x": "var $bm_rt;\n$bm_rt = loopOut('cycle', 0);"
            },
            "r": {
              "a": 0,
              "k": 0,
              "ix": 10
            },
            "p": {
              "a": 0,
              "k": [
                544,
                765,
                0
              ],
              "ix": 2
            },
            "a": {
              "a": 0,
              "k": [
                1250,
                1250,
                0
              ],
              "ix": 1
            },
            "s": {
              "a": 0,
              "k": [
                9,
                9,
                100
              ],
              "ix": 6
            }
          },
          "ao": 0,
          "ip": 0,
          "op": 63,
          "st": -11,
          "bm": 0
        },
        {
          "ddd": 0,
          "ind": 13,
          "ty": 2,
          "nm": "5d8367682ee7f.png",
          "cl": "png",
          "refId": "image_0",
          "sr": 1,
          "ks": {
            "o": {
              "a": 1,
              "k": [
                {
                  "i": {
                    "x": [
                      0.833
                    ],
                    "y": [
                      0.833
                    ]
                  },
                  "o": {
                    "x": [
                      0.167
                    ],
                    "y": [
                      0.167
                    ]
                  },
                  "t": 0,
                  "s": [
                    0
                  ]
                },
                {
                  "i": {
                    "x": [
                      0.833
                    ],
                    "y": [
                      0.833
                    ]
                  },
                  "o": {
                    "x": [
                      0.167
                    ],
                    "y": [
                      0.167
                    ]
                  },
                  "t": 15,
                  "s": [
                    100
                  ]
                },
                {
                  "t": 30,
                  "s": [
                    0
                  ]
                }
              ],
              "ix": 11,
              "x": "var $bm_rt;\n$bm_rt = loopOut('cycle', 0);"
            },
            "r": {
              "a": 0,
              "k": 0,
              "ix": 10
            },
            "p": {
              "a": 0,
              "k": [
                404,
                65,
                0
              ],
              "ix": 2
            },
            "a": {
              "a": 0,
              "k": [
                1250,
                1250,
                0
              ],
              "ix": 1
            },
            "s": {
              "a": 0,
              "k": [
                9,
                9,
                100
              ],
              "ix": 6
            }
          },
          "ao": 0,
          "ip": 0,
          "op": 63,
          "st": -11,
          "bm": 0
        },
        {
          "ddd": 0,
          "ind": 14,
          "ty": 2,
          "nm": "5d8367682ee7f.png",
          "cl": "png",
          "refId": "image_0",
          "sr": 1,
          "ks": {
            "o": {
              "a": 1,
              "k": [
                {
                  "i": {
                    "x": [
                      0.833
                    ],
                    "y": [
                      0.833
                    ]
                  },
                  "o": {
                    "x": [
                      0.167
                    ],
                    "y": [
                      0.167
                    ]
                  },
                  "t": 0,
                  "s": [
                    0
                  ]
                },
                {
                  "i": {
                    "x": [
                      0.833
                    ],
                    "y": [
                      0.833
                    ]
                  },
                  "o": {
                    "x": [
                      0.167
                    ],
                    "y": [
                      0.167
                    ]
                  },
                  "t": 15,
                  "s": [
                    100
                  ]
                },
                {
                  "t": 30,
                  "s": [
                    0
                  ]
                }
              ],
              "ix": 11,
              "x": "var $bm_rt;\n$bm_rt = loopOut('cycle', 0);"
            },
            "r": {
              "a": 0,
              "k": 0,
              "ix": 10
            },
            "p": {
              "a": 0,
              "k": [
                404,
                525,
                0
              ],
              "ix": 2
            },
            "a": {
              "a": 0,
              "k": [
                1250,
                1250,
                0
              ],
              "ix": 1
            },
            "s": {
              "a": 0,
              "k": [
                9,
                9,
                100
              ],
              "ix": 6
            }
          },
          "ao": 0,
          "ip": 0,
          "op": 63,
          "st": -11,
          "bm": 0
        },
        {
          "ddd": 0,
          "ind": 15,
          "ty": 2,
          "nm": "5d8367682ee7f.png",
          "cl": "png",
          "refId": "image_0",
          "sr": 1,
          "ks": {
            "o": {
              "a": 1,
              "k": [
                {
                  "i": {
                    "x": [
                      0.833
                    ],
                    "y": [
                      0.833
                    ]
                  },
                  "o": {
                    "x": [
                      0.167
                    ],
                    "y": [
                      0.167
                    ]
                  },
                  "t": 0,
                  "s": [
                    0
                  ]
                },
                {
                  "i": {
                    "x": [
                      0.833
                    ],
                    "y": [
                      0.833
                    ]
                  },
                  "o": {
                    "x": [
                      0.167
                    ],
                    "y": [
                      0.167
                    ]
                  },
                  "t": 15,
                  "s": [
                    100
                  ]
                },
                {
                  "t": 30,
                  "s": [
                    0
                  ]
                }
              ],
              "ix": 11,
              "x": "var $bm_rt;\n$bm_rt = loopOut('cycle', 0);"
            },
            "r": {
              "a": 0,
              "k": 0,
              "ix": 10
            },
            "p": {
              "a": 0,
              "k": [
                404,
                985,
                0
              ],
              "ix": 2
            },
            "a": {
              "a": 0,
              "k": [
                1250,
                1250,
                0
              ],
              "ix": 1
            },
            "s": {
              "a": 0,
              "k": [
                9,
                9,
                100
              ],
              "ix": 6
            }
          },
          "ao": 0,
          "ip": 0,
          "op": 63,
          "st": -11,
          "bm": 0
        },
        {
          "ddd": 0,
          "ind": 16,
          "ty": 2,
          "nm": "5d8367682ee7f.png",
          "cl": "png",
          "refId": "image_0",
          "sr": 1,
          "ks": {
            "o": {
              "a": 1,
              "k": [
                {
                  "i": {
                    "x": [
                      0.833
                    ],
                    "y": [
                      0.833
                    ]
                  },
                  "o": {
                    "x": [
                      0.167
                    ],
                    "y": [
                      0.167
                    ]
                  },
                  "t": 0,
                  "s": [
                    0
                  ]
                },
                {
                  "i": {
                    "x": [
                      0.833
                    ],
                    "y": [
                      0.833
                    ]
                  },
                  "o": {
                    "x": [
                      0.167
                    ],
                    "y": [
                      0.167
                    ]
                  },
                  "t": 15,
                  "s": [
                    100
                  ]
                },
                {
                  "t": 30,
                  "s": [
                    0
                  ]
                }
              ],
              "ix": 11,
              "x": "var $bm_rt;\n$bm_rt = loopOut('cycle', 0);"
            },
            "r": {
              "a": 0,
              "k": 0,
              "ix": 10
            },
            "p": {
              "a": 0,
              "k": [
                232,
                305,
                0
              ],
              "ix": 2
            },
            "a": {
              "a": 0,
              "k": [
                1250,
                1250,
                0
              ],
              "ix": 1
            },
            "s": {
              "a": 0,
              "k": [
                9,
                9,
                100
              ],
              "ix": 6
            }
          },
          "ao": 0,
          "ip": 0,
          "op": 63,
          "st": -11,
          "bm": 0
        },
        {
          "ddd": 0,
          "ind": 17,
          "ty": 2,
          "nm": "5d8367682ee7f.png",
          "cl": "png",
          "refId": "image_0",
          "sr": 1,
          "ks": {
            "o": {
              "a": 1,
              "k": [
                {
                  "i": {
                    "x": [
                      0.833
                    ],
                    "y": [
                      0.833
                    ]
                  },
                  "o": {
                    "x": [
                      0.167
                    ],
                    "y": [
                      0.167
                    ]
                  },
                  "t": 0,
                  "s": [
                    0
                  ]
                },
                {
                  "i": {
                    "x": [
                      0.833
                    ],
                    "y": [
                      0.833
                    ]
                  },
                  "o": {
                    "x": [
                      0.167
                    ],
                    "y": [
                      0.167
                    ]
                  },
                  "t": 15,
                  "s": [
                    100
                  ]
                },
                {
                  "t": 30,
                  "s": [
                    0
                  ]
                }
              ],
              "ix": 11,
              "x": "var $bm_rt;\n$bm_rt = loopOut('cycle', 0);"
            },
            "r": {
              "a": 0,
              "k": 0,
              "ix": 10
            },
            "p": {
              "a": 0,
              "k": [
                232,
                765,
                0
              ],
              "ix": 2
            },
            "a": {
              "a": 0,
              "k": [
                1250,
                1250,
                0
              ],
              "ix": 1
            },
            "s": {
              "a": 0,
              "k": [
                9,
                9,
                100
              ],
              "ix": 6
            }
          },
          "ao": 0,
          "ip": 0,
          "op": 63,
          "st": -11,
          "bm": 0
        },
        {
          "ddd": 0,
          "ind": 18,
          "ty": 2,
          "nm": "5d8367682ee7f.png",
          "cl": "png",
          "refId": "image_0",
          "sr": 1,
          "ks": {
            "o": {
              "a": 1,
              "k": [
                {
                  "i": {
                    "x": [
                      0.833
                    ],
                    "y": [
                      0.833
                    ]
                  },
                  "o": {
                    "x": [
                      0.167
                    ],
                    "y": [
                      0.167
                    ]
                  },
                  "t": 0,
                  "s": [
                    0
                  ]
                },
                {
                  "i": {
                    "x": [
                      0.833
                    ],
                    "y": [
                      0.833
                    ]
                  },
                  "o": {
                    "x": [
                      0.167
                    ],
                    "y": [
                      0.167
                    ]
                  },
                  "t": 15,
                  "s": [
                    100
                  ]
                },
                {
                  "t": 30,
                  "s": [
                    0
                  ]
                }
              ],
              "ix": 11,
              "x": "var $bm_rt;\n$bm_rt = loopOut('cycle', 0);"
            },
            "r": {
              "a": 0,
              "k": 0,
              "ix": 10
            },
            "p": {
              "a": 0,
              "k": [
                92,
                65,
                0
              ],
              "ix": 2
            },
            "a": {
              "a": 0,
              "k": [
                1250,
                1250,
                0
              ],
              "ix": 1
            },
            "s": {
              "a": 0,
              "k": [
                9,
                9,
                100
              ],
              "ix": 6
            }
          },
          "ao": 0,
          "ip": 0,
          "op": 63,
          "st": -11,
          "bm": 0
        },
        {
          "ddd": 0,
          "ind": 19,
          "ty": 2,
          "nm": "5d8367682ee7f.png",
          "cl": "png",
          "refId": "image_0",
          "sr": 1,
          "ks": {
            "o": {
              "a": 1,
              "k": [
                {
                  "i": {
                    "x": [
                      0.833
                    ],
                    "y": [
                      0.833
                    ]
                  },
                  "o": {
                    "x": [
                      0.167
                    ],
                    "y": [
                      0.167
                    ]
                  },
                  "t": 0,
                  "s": [
                    0
                  ]
                },
                {
                  "i": {
                    "x": [
                      0.833
                    ],
                    "y": [
                      0.833
                    ]
                  },
                  "o": {
                    "x": [
                      0.167
                    ],
                    "y": [
                      0.167
                    ]
                  },
                  "t": 15,
                  "s": [
                    100
                  ]
                },
                {
                  "t": 30,
                  "s": [
                    0
                  ]
                }
              ],
              "ix": 11,
              "x": "var $bm_rt;\n$bm_rt = loopOut('cycle', 0);"
            },
            "r": {
              "a": 0,
              "k": 0,
              "ix": 10
            },
            "p": {
              "a": 0,
              "k": [
                92,
                525,
                0
              ],
              "ix": 2
            },
            "a": {
              "a": 0,
              "k": [
                1250,
                1250,
                0
              ],
              "ix": 1
            },
            "s": {
              "a": 0,
              "k": [
                9,
                9,
                100
              ],
              "ix": 6
            }
          },
          "ao": 0,
          "ip": 0,
          "op": 63,
          "st": -11,
          "bm": 0
        },
        {
          "ddd": 0,
          "ind": 20,
          "ty": 2,
          "nm": "5d8367682ee7f.png",
          "cl": "png",
          "refId": "image_0",
          "sr": 1,
          "ks": {
            "o": {
              "a": 1,
              "k": [
                {
                  "i": {
                    "x": [
                      0.833
                    ],
                    "y": [
                      0.833
                    ]
                  },
                  "o": {
                    "x": [
                      0.167
                    ],
                    "y": [
                      0.167
                    ]
                  },
                  "t": 0,
                  "s": [
                    0
                  ]
                },
                {
                  "i": {
                    "x": [
                      0.833
                    ],
                    "y": [
                      0.833
                    ]
                  },
                  "o": {
                    "x": [
                      0.167
                    ],
                    "y": [
                      0.167
                    ]
                  },
                  "t": 15,
                  "s": [
                    100
                  ]
                },
                {
                  "t": 30,
                  "s": [
                    0
                  ]
                }
              ],
              "ix": 11,
              "x": "var $bm_rt;\n$bm_rt = loopOut('cycle', 0);"
            },
            "r": {
              "a": 0,
              "k": 0,
              "ix": 10
            },
            "p": {
              "a": 0,
              "k": [
                92,
                985,
                0
              ],
              "ix": 2
            },
            "a": {
              "a": 0,
              "k": [
                1250,
                1250,
                0
              ],
              "ix": 1
            },
            "s": {
              "a": 0,
              "k": [
                9,
                9,
                100
              ],
              "ix": 6
            }
          },
          "ao": 0,
          "ip": 0,
          "op": 63,
          "st": -11,
          "bm": 0
        }
      ]
    }
  ],
  "layers": [
    {
      "ddd": 0,
      "ind": 1,
      "ty": 0,
      "nm": "Pre-comp 3",
      "parent": 2,
      "refId": "comp_0",
      "sr": 1,
      "ks": {
        "o": {
          "a": 0,
          "k": 100,
          "ix": 11
        },
        "r": {
          "a": 0,
          "k": 0,
          "ix": 10
        },
        "p": {
          "a": 0,
          "k": [
            540,
            1416,
            0
          ],
          "ix": 2
        },
        "a": {
          "a": 0,
          "k": [
            540,
            540,
            0
          ],
          "ix": 1
        },
        "s": {
          "a": 0,
          "k": [
            100,
            100,
            100
          ],
          "ix": 6
        }
      },
      "ao": 0,
      "hasMask": true,
      "masksProperties": [
        {
          "inv": false,
          "mode": "a",
          "pt": {
            "a": 0,
            "k": {
              "i": [
                [
                  0,
                  0
                ],
                [
                  0,
                  0
                ],
                [
                  0,
                  0
                ],
                [
                  0,
                  0
                ]
              ],
              "o": [
                [
                  0,
                  0
                ],
                [
                  0,
                  0
                ],
                [
                  0,
                  0
                ],
                [
                  0,
                  0
                ]
              ],
              "v": [
                [
                  1351.25,
                  164
                ],
                [
                  -28,
                  164
                ],
                [
                  -28,
                  1367.906
                ],
                [
                  1351.25,
                  1367.906
                ]
              ],
              "c": true
            },
            "ix": 1
          },
          "o": {
            "a": 0,
            "k": 100,
            "ix": 3
          },
          "x": {
            "a": 0,
            "k": 0,
            "ix": 4
          },
          "nm": "Mask 1"
        }
      ],
      "w": 1080,
      "h": 1080,
      "ip": 0,
      "op": 90,
      "st": 0,
      "bm": 0
    },
    {
      "ddd": 0,
      "ind": 2,
      "ty": 0,
      "nm": "Pre-comp 3",
      "refId": "comp_0",
      "sr": 1,
      "ks": {
        "o": {
          "a": 0,
          "k": 100,
          "ix": 11
        },
        "r": {
          "a": 0,
          "k": 0,
          "ix": 10
        },
        "p": {
          "a": 1,
          "k": [
            {
              "i": {
                "x": 0.833,
                "y": 0.833
              },
              "o": {
                "x": 0.167,
                "y": 0.167
              },
              "t": 0,
              "s": [
                540,
                540,
                0
              ],
              "to": [
                0,
                -80,
                0
              ],
              "ti": [
                0,
                80,
                0
              ]
            },
            {
              "t": 60,
              "s": [
                540,
                60,
                0
              ]
            }
          ],
          "ix": 2
        },
        "a": {
          "a": 0,
          "k": [
            540,
            540,
            0
          ],
          "ix": 1
        },
        "s": {
          "a": 0,
          "k": [
            100,
            100,
            100
          ],
          "ix": 6
        }
      },
      "ao": 0,
      "w": 1080,
      "h": 1080,
      "ip": 0,
      "op": 90,
      "st": 0,
      "bm": 0
    }
  ],
  "markers": []
}