{
  "v": "5.5.9",
  "fr": 30,
  "ip": 0,
  "op": 60,
  "w": 300,
  "h": 300,
  "nm": "Comp 1",
  "ddd": 1,
  "assets": [
    {
      "id": "image_0",
      "w": 137,
      "h": 52,
      "u": "sticker7/",
      "p": "img_0.png",
      "e": 0
    },
    {
      "id": "image_1",
      "w": 203,
      "h": 215,
      "u": "sticker7/",
      "p": "img_1.png",
      "e": 0
    },
    {
      "id": "comp_0",
      "layers": [
        {
          "ddd": 0,
          "ind": 1,
          "ty": 4,
          "nm": "Shape Layer 4",
          "sr": 1,
          "ks": {
            "o": {
              "a": 1,
              "k": [
                {
                  "i": {
                    "x": [
                      0.667
                    ],
                    "y": [
                      1
                    ]
                  },
                  "o": {
                    "x": [
                      0.333
                    ],
                    "y": [
                      0
                    ]
                  },
                  "t": 50,
                  "s": [
                    100
                  ]
                },
                {
                  "t": 60,
                  "s": [
                    0
                  ]
                }
              ],
              "ix": 11
            },
            "r": {
              "a": 1,
              "k": [
                {
                  "i": {
                    "x": [
                      0.667
                    ],
                    "y": [
                      1
                    ]
                  },
                  "o": {
                    "x": [
                      0.333
                    ],
                    "y": [
                      0
                    ]
                  },
                  "t": 40,
                  "s": [
                    0
                  ]
                },
                {
                  "t": 50,
                  "s": [
                    -97
                  ]
                }
              ],
              "ix": 10
            },
            "p": {
              "a": 0,
              "k": [
                24,
                86,
                0
              ],
              "ix": 2
            },
            "a": {
              "a": 0,
              "k": [
                -93,
                -124,
                0
              ],
              "ix": 1
            },
            "s": {
              "a": 1,
              "k": [
                {
                  "i": {
                    "x": [
                      0.667,
                      0.667,
                      0.667
                    ],
                    "y": [
                      1,
                      1,
                      1
                    ]
                  },
                  "o": {
                    "x": [
                      0.333,
                      0.333,
                      0.333
                    ],
                    "y": [
                      0,
                      0,
                      0
                    ]
                  },
                  "t": 40,
                  "s": [
                    0,
                    0,
                    100
                  ]
                },
                {
                  "t": 50,
                  "s": [
                    100,
                    100,
                    100
                  ]
                }
              ],
              "ix": 6
            }
          },
          "ao": 0,
          "shapes": [
            {
              "ty": "gr",
              "it": [
                {
                  "ty": "sr",
                  "sy": 1,
                  "d": 1,
                  "pt": {
                    "a": 0,
                    "k": 5,
                    "ix": 3
                  },
                  "p": {
                    "a": 0,
                    "k": [
                      0,
                      0
                    ],
                    "ix": 4
                  },
                  "r": {
                    "a": 0,
                    "k": 141.917,
                    "ix": 5
                  },
                  "ir": {
                    "a": 0,
                    "k": 11.662,
                    "ix": 6
                  },
                  "is": {
                    "a": 0,
                    "k": 0,
                    "ix": 8
                  },
                  "or": {
                    "a": 0,
                    "k": 23.325,
                    "ix": 7
                  },
                  "os": {
                    "a": 0,
                    "k": 0,
                    "ix": 9
                  },
                  "ix": 1,
                  "nm": "Polystar Path 1",
                  "mn": "ADBE Vector Shape - Star",
                  "hd": false
                },
                {
                  "ty": "fl",
                  "c": {
                    "a": 0,
                    "k": [
                      1,
                      0.400643382353,
                      0,
                      1
                    ],
                    "ix": 4
                  },
                  "o": {
                    "a": 0,
                    "k": 100,
                    "ix": 5
                  },
                  "r": 1,
                  "bm": 0,
                  "nm": "Fill 1",
                  "mn": "ADBE Vector Graphic - Fill",
                  "hd": false
                },
                {
                  "ty": "tr",
                  "p": {
                    "a": 0,
                    "k": [
                      -92,
                      -125
                    ],
                    "ix": 2
                  },
                  "a": {
                    "a": 0,
                    "k": [
                      0,
                      0
                    ],
                    "ix": 1
                  },
                  "s": {
                    "a": 0,
                    "k": [
                      100,
                      100
                    ],
                    "ix": 3
                  },
                  "r": {
                    "a": 0,
                    "k": 0,
                    "ix": 6
                  },
                  "o": {
                    "a": 0,
                    "k": 100,
                    "ix": 7
                  },
                  "sk": {
                    "a": 0,
                    "k": 0,
                    "ix": 4
                  },
                  "sa": {
                    "a": 0,
                    "k": 0,
                    "ix": 5
                  },
                  "nm": "Transform"
                }
              ],
              "nm": "Polystar 1",
              "np": 3,
              "cix": 2,
              "bm": 0,
              "ix": 1,
              "mn": "ADBE Vector Group",
              "hd": false
            }
          ],
          "ip": 40,
          "op": 191,
          "st": 40,
          "bm": 0
        },
        {
          "ddd": 0,
          "ind": 2,
          "ty": 4,
          "nm": "Shape Layer 3",
          "sr": 1,
          "ks": {
            "o": {
              "a": 1,
              "k": [
                {
                  "i": {
                    "x": [
                      0.667
                    ],
                    "y": [
                      1
                    ]
                  },
                  "o": {
                    "x": [
                      0.333
                    ],
                    "y": [
                      0
                    ]
                  },
                  "t": 33,
                  "s": [
                    100
                  ]
                },
                {
                  "t": 43,
                  "s": [
                    0
                  ]
                }
              ],
              "ix": 11
            },
            "r": {
              "a": 1,
              "k": [
                {
                  "i": {
                    "x": [
                      0.667
                    ],
                    "y": [
                      1
                    ]
                  },
                  "o": {
                    "x": [
                      0.333
                    ],
                    "y": [
                      0
                    ]
                  },
                  "t": 23,
                  "s": [
                    0
                  ]
                },
                {
                  "t": 33,
                  "s": [
                    76
                  ]
                }
              ],
              "ix": 10
            },
            "p": {
              "a": 0,
              "k": [
                69,
                28.5,
                0
              ],
              "ix": 2
            },
            "a": {
              "a": 0,
              "k": [
                -93,
                -124,
                0
              ],
              "ix": 1
            },
            "s": {
              "a": 1,
              "k": [
                {
                  "i": {
                    "x": [
                      0.667,
                      0.667,
                      0.667
                    ],
                    "y": [
                      1,
                      1,
                      1
                    ]
                  },
                  "o": {
                    "x": [
                      0.333,
                      0.333,
                      0.333
                    ],
                    "y": [
                      0,
                      0,
                      0
                    ]
                  },
                  "t": 23,
                  "s": [
                    0,
                    0,
                    100
                  ]
                },
                {
                  "t": 33,
                  "s": [
                    100,
                    100,
                    100
                  ]
                }
              ],
              "ix": 6
            }
          },
          "ao": 0,
          "shapes": [
            {
              "ty": "gr",
              "it": [
                {
                  "ty": "sr",
                  "sy": 1,
                  "d": 1,
                  "pt": {
                    "a": 0,
                    "k": 5,
                    "ix": 3
                  },
                  "p": {
                    "a": 0,
                    "k": [
                      0,
                      0
                    ],
                    "ix": 4
                  },
                  "r": {
                    "a": 0,
                    "k": 141.917,
                    "ix": 5
                  },
                  "ir": {
                    "a": 0,
                    "k": 11.662,
                    "ix": 6
                  },
                  "is": {
                    "a": 0,
                    "k": 0,
                    "ix": 8
                  },
                  "or": {
                    "a": 0,
                    "k": 23.325,
                    "ix": 7
                  },
                  "os": {
                    "a": 0,
                    "k": 0,
                    "ix": 9
                  },
                  "ix": 1,
                  "nm": "Polystar Path 1",
                  "mn": "ADBE Vector Shape - Star",
                  "hd": false
                },
                {
                  "ty": "fl",
                  "c": {
                    "a": 0,
                    "k": [
                      1,
                      0.400643382353,
                      0,
                      1
                    ],
                    "ix": 4
                  },
                  "o": {
                    "a": 0,
                    "k": 100,
                    "ix": 5
                  },
                  "r": 1,
                  "bm": 0,
                  "nm": "Fill 1",
                  "mn": "ADBE Vector Graphic - Fill",
                  "hd": false
                },
                {
                  "ty": "tr",
                  "p": {
                    "a": 0,
                    "k": [
                      -92,
                      -125
                    ],
                    "ix": 2
                  },
                  "a": {
                    "a": 0,
                    "k": [
                      0,
                      0
                    ],
                    "ix": 1
                  },
                  "s": {
                    "a": 0,
                    "k": [
                      100,
                      100
                    ],
                    "ix": 3
                  },
                  "r": {
                    "a": 0,
                    "k": 0,
                    "ix": 6
                  },
                  "o": {
                    "a": 0,
                    "k": 100,
                    "ix": 7
                  },
                  "sk": {
                    "a": 0,
                    "k": 0,
                    "ix": 4
                  },
                  "sa": {
                    "a": 0,
                    "k": 0,
                    "ix": 5
                  },
                  "nm": "Transform"
                }
              ],
              "nm": "Polystar 1",
              "np": 3,
              "cix": 2,
              "bm": 0,
              "ix": 1,
              "mn": "ADBE Vector Group",
              "hd": false
            }
          ],
          "ip": 23,
          "op": 174,
          "st": 23,
          "bm": 0
        },
        {
          "ddd": 0,
          "ind": 3,
          "ty": 4,
          "nm": "Shape Layer 5",
          "sr": 1,
          "ks": {
            "o": {
              "a": 1,
              "k": [
                {
                  "i": {
                    "x": [
                      0.667
                    ],
                    "y": [
                      1
                    ]
                  },
                  "o": {
                    "x": [
                      0.333
                    ],
                    "y": [
                      0
                    ]
                  },
                  "t": 28,
                  "s": [
                    100
                  ]
                },
                {
                  "t": 38,
                  "s": [
                    0
                  ]
                }
              ],
              "ix": 11
            },
            "r": {
              "a": 1,
              "k": [
                {
                  "i": {
                    "x": [
                      0.667
                    ],
                    "y": [
                      1
                    ]
                  },
                  "o": {
                    "x": [
                      0.333
                    ],
                    "y": [
                      0
                    ]
                  },
                  "t": 18,
                  "s": [
                    0
                  ]
                },
                {
                  "t": 28,
                  "s": [
                    116
                  ]
                }
              ],
              "ix": 10
            },
            "p": {
              "a": 0,
              "k": [
                274,
                98.5,
                0
              ],
              "ix": 2
            },
            "a": {
              "a": 0,
              "k": [
                -93,
                -124,
                0
              ],
              "ix": 1
            },
            "s": {
              "a": 1,
              "k": [
                {
                  "i": {
                    "x": [
                      0.667,
                      0.667,
                      0.667
                    ],
                    "y": [
                      1,
                      1,
                      1
                    ]
                  },
                  "o": {
                    "x": [
                      0.333,
                      0.333,
                      0.333
                    ],
                    "y": [
                      0,
                      0,
                      0
                    ]
                  },
                  "t": 18,
                  "s": [
                    0,
                    0,
                    100
                  ]
                },
                {
                  "t": 28,
                  "s": [
                    100,
                    100,
                    100
                  ]
                }
              ],
              "ix": 6
            }
          },
          "ao": 0,
          "shapes": [
            {
              "ty": "gr",
              "it": [
                {
                  "ty": "sr",
                  "sy": 1,
                  "d": 1,
                  "pt": {
                    "a": 0,
                    "k": 5,
                    "ix": 3
                  },
                  "p": {
                    "a": 0,
                    "k": [
                      0,
                      0
                    ],
                    "ix": 4
                  },
                  "r": {
                    "a": 0,
                    "k": 141.917,
                    "ix": 5
                  },
                  "ir": {
                    "a": 0,
                    "k": 11.662,
                    "ix": 6
                  },
                  "is": {
                    "a": 0,
                    "k": 0,
                    "ix": 8
                  },
                  "or": {
                    "a": 0,
                    "k": 23.325,
                    "ix": 7
                  },
                  "os": {
                    "a": 0,
                    "k": 0,
                    "ix": 9
                  },
                  "ix": 1,
                  "nm": "Polystar Path 1",
                  "mn": "ADBE Vector Shape - Star",
                  "hd": false
                },
                {
                  "ty": "fl",
                  "c": {
                    "a": 0,
                    "k": [
                      1,
                      0.400643382353,
                      0,
                      1
                    ],
                    "ix": 4
                  },
                  "o": {
                    "a": 0,
                    "k": 100,
                    "ix": 5
                  },
                  "r": 1,
                  "bm": 0,
                  "nm": "Fill 1",
                  "mn": "ADBE Vector Graphic - Fill",
                  "hd": false
                },
                {
                  "ty": "tr",
                  "p": {
                    "a": 0,
                    "k": [
                      -92,
                      -125
                    ],
                    "ix": 2
                  },
                  "a": {
                    "a": 0,
                    "k": [
                      0,
                      0
                    ],
                    "ix": 1
                  },
                  "s": {
                    "a": 0,
                    "k": [
                      100,
                      100
                    ],
                    "ix": 3
                  },
                  "r": {
                    "a": 0,
                    "k": 0,
                    "ix": 6
                  },
                  "o": {
                    "a": 0,
                    "k": 100,
                    "ix": 7
                  },
                  "sk": {
                    "a": 0,
                    "k": 0,
                    "ix": 4
                  },
                  "sa": {
                    "a": 0,
                    "k": 0,
                    "ix": 5
                  },
                  "nm": "Transform"
                }
              ],
              "nm": "Polystar 1",
              "np": 3,
              "cix": 2,
              "bm": 0,
              "ix": 1,
              "mn": "ADBE Vector Group",
              "hd": false
            }
          ],
          "ip": 18,
          "op": 169,
          "st": 18,
          "bm": 0
        },
        {
          "ddd": 0,
          "ind": 4,
          "ty": 4,
          "nm": "Shape Layer 2",
          "sr": 1,
          "ks": {
            "o": {
              "a": 1,
              "k": [
                {
                  "i": {
                    "x": [
                      0.667
                    ],
                    "y": [
                      1
                    ]
                  },
                  "o": {
                    "x": [
                      0.333
                    ],
                    "y": [
                      0
                    ]
                  },
                  "t": 39,
                  "s": [
                    100
                  ]
                },
                {
                  "t": 49,
                  "s": [
                    0
                  ]
                }
              ],
              "ix": 11
            },
            "r": {
              "a": 1,
              "k": [
                {
                  "i": {
                    "x": [
                      0.667
                    ],
                    "y": [
                      1
                    ]
                  },
                  "o": {
                    "x": [
                      0.333
                    ],
                    "y": [
                      0
                    ]
                  },
                  "t": 29,
                  "s": [
                    0
                  ]
                },
                {
                  "t": 39,
                  "s": [
                    76
                  ]
                }
              ],
              "ix": 10
            },
            "p": {
              "a": 0,
              "k": [
                233,
                33.5,
                0
              ],
              "ix": 2
            },
            "a": {
              "a": 0,
              "k": [
                -93,
                -124,
                0
              ],
              "ix": 1
            },
            "s": {
              "a": 1,
              "k": [
                {
                  "i": {
                    "x": [
                      0.667,
                      0.667,
                      0.667
                    ],
                    "y": [
                      1,
                      1,
                      1
                    ]
                  },
                  "o": {
                    "x": [
                      0.333,
                      0.333,
                      0.333
                    ],
                    "y": [
                      0,
                      0,
                      0
                    ]
                  },
                  "t": 29,
                  "s": [
                    0,
                    0,
                    100
                  ]
                },
                {
                  "t": 39,
                  "s": [
                    100,
                    100,
                    100
                  ]
                }
              ],
              "ix": 6
            }
          },
          "ao": 0,
          "shapes": [
            {
              "ty": "gr",
              "it": [
                {
                  "ty": "sr",
                  "sy": 1,
                  "d": 1,
                  "pt": {
                    "a": 0,
                    "k": 5,
                    "ix": 3
                  },
                  "p": {
                    "a": 0,
                    "k": [
                      0,
                      0
                    ],
                    "ix": 4
                  },
                  "r": {
                    "a": 0,
                    "k": 141.917,
                    "ix": 5
                  },
                  "ir": {
                    "a": 0,
                    "k": 11.662,
                    "ix": 6
                  },
                  "is": {
                    "a": 0,
                    "k": 0,
                    "ix": 8
                  },
                  "or": {
                    "a": 0,
                    "k": 23.325,
                    "ix": 7
                  },
                  "os": {
                    "a": 0,
                    "k": 0,
                    "ix": 9
                  },
                  "ix": 1,
                  "nm": "Polystar Path 1",
                  "mn": "ADBE Vector Shape - Star",
                  "hd": false
                },
                {
                  "ty": "fl",
                  "c": {
                    "a": 0,
                    "k": [
                      1,
                      0.400643382353,
                      0,
                      1
                    ],
                    "ix": 4
                  },
                  "o": {
                    "a": 0,
                    "k": 100,
                    "ix": 5
                  },
                  "r": 1,
                  "bm": 0,
                  "nm": "Fill 1",
                  "mn": "ADBE Vector Graphic - Fill",
                  "hd": false
                },
                {
                  "ty": "tr",
                  "p": {
                    "a": 0,
                    "k": [
                      -92,
                      -125
                    ],
                    "ix": 2
                  },
                  "a": {
                    "a": 0,
                    "k": [
                      0,
                      0
                    ],
                    "ix": 1
                  },
                  "s": {
                    "a": 0,
                    "k": [
                      100,
                      100
                    ],
                    "ix": 3
                  },
                  "r": {
                    "a": 0,
                    "k": 0,
                    "ix": 6
                  },
                  "o": {
                    "a": 0,
                    "k": 100,
                    "ix": 7
                  },
                  "sk": {
                    "a": 0,
                    "k": 0,
                    "ix": 4
                  },
                  "sa": {
                    "a": 0,
                    "k": 0,
                    "ix": 5
                  },
                  "nm": "Transform"
                }
              ],
              "nm": "Polystar 1",
              "np": 3,
              "cix": 2,
              "bm": 0,
              "ix": 1,
              "mn": "ADBE Vector Group",
              "hd": false
            }
          ],
          "ip": 29,
          "op": 180,
          "st": 29,
          "bm": 0
        },
        {
          "ddd": 0,
          "ind": 5,
          "ty": 4,
          "nm": "Shape Layer 1",
          "sr": 1,
          "ks": {
            "o": {
              "a": 1,
              "k": [
                {
                  "i": {
                    "x": [
                      0.667
                    ],
                    "y": [
                      1
                    ]
                  },
                  "o": {
                    "x": [
                      0.333
                    ],
                    "y": [
                      0
                    ]
                  },
                  "t": 28,
                  "s": [
                    100
                  ]
                },
                {
                  "t": 38,
                  "s": [
                    0
                  ]
                }
              ],
              "ix": 11
            },
            "r": {
              "a": 1,
              "k": [
                {
                  "i": {
                    "x": [
                      0.667
                    ],
                    "y": [
                      1
                    ]
                  },
                  "o": {
                    "x": [
                      0.333
                    ],
                    "y": [
                      0
                    ]
                  },
                  "t": 18,
                  "s": [
                    0
                  ]
                },
                {
                  "t": 28,
                  "s": [
                    -136
                  ]
                }
              ],
              "ix": 10
            },
            "p": {
              "a": 0,
              "k": [
                148,
                113.5,
                0
              ],
              "ix": 2
            },
            "a": {
              "a": 0,
              "k": [
                -93,
                -124,
                0
              ],
              "ix": 1
            },
            "s": {
              "a": 1,
              "k": [
                {
                  "i": {
                    "x": [
                      0.667,
                      0.667,
                      0.667
                    ],
                    "y": [
                      1,
                      1,
                      1
                    ]
                  },
                  "o": {
                    "x": [
                      0.333,
                      0.333,
                      0.333
                    ],
                    "y": [
                      0,
                      0,
                      0
                    ]
                  },
                  "t": 18,
                  "s": [
                    0,
                    0,
                    100
                  ]
                },
                {
                  "t": 28,
                  "s": [
                    100,
                    100,
                    100
                  ]
                }
              ],
              "ix": 6
            }
          },
          "ao": 0,
          "shapes": [
            {
              "ty": "gr",
              "it": [
                {
                  "ty": "sr",
                  "sy": 1,
                  "d": 1,
                  "pt": {
                    "a": 0,
                    "k": 5,
                    "ix": 3
                  },
                  "p": {
                    "a": 0,
                    "k": [
                      0,
                      0
                    ],
                    "ix": 4
                  },
                  "r": {
                    "a": 0,
                    "k": 141.917,
                    "ix": 5
                  },
                  "ir": {
                    "a": 0,
                    "k": 11.662,
                    "ix": 6
                  },
                  "is": {
                    "a": 0,
                    "k": 0,
                    "ix": 8
                  },
                  "or": {
                    "a": 0,
                    "k": 23.325,
                    "ix": 7
                  },
                  "os": {
                    "a": 0,
                    "k": 0,
                    "ix": 9
                  },
                  "ix": 1,
                  "nm": "Polystar Path 1",
                  "mn": "ADBE Vector Shape - Star",
                  "hd": false
                },
                {
                  "ty": "fl",
                  "c": {
                    "a": 0,
                    "k": [
                      1,
                      0.400643382353,
                      0,
                      1
                    ],
                    "ix": 4
                  },
                  "o": {
                    "a": 0,
                    "k": 100,
                    "ix": 5
                  },
                  "r": 1,
                  "bm": 0,
                  "nm": "Fill 1",
                  "mn": "ADBE Vector Graphic - Fill",
                  "hd": false
                },
                {
                  "ty": "tr",
                  "p": {
                    "a": 0,
                    "k": [
                      -92,
                      -125
                    ],
                    "ix": 2
                  },
                  "a": {
                    "a": 0,
                    "k": [
                      0,
                      0
                    ],
                    "ix": 1
                  },
                  "s": {
                    "a": 0,
                    "k": [
                      100,
                      100
                    ],
                    "ix": 3
                  },
                  "r": {
                    "a": 0,
                    "k": 0,
                    "ix": 6
                  },
                  "o": {
                    "a": 0,
                    "k": 100,
                    "ix": 7
                  },
                  "sk": {
                    "a": 0,
                    "k": 0,
                    "ix": 4
                  },
                  "sa": {
                    "a": 0,
                    "k": 0,
                    "ix": 5
                  },
                  "nm": "Transform"
                }
              ],
              "nm": "Polystar 1",
              "np": 3,
              "cix": 2,
              "bm": 0,
              "ix": 1,
              "mn": "ADBE Vector Group",
              "hd": false
            }
          ],
          "ip": 18,
          "op": 169,
          "st": 18,
          "bm": 0
        },
        {
          "ddd": 0,
          "ind": 6,
          "ty": 2,
          "nm": "stand",
          "refId": "image_0",
          "sr": 1,
          "ks": {
            "o": {
              "a": 0,
              "k": 100,
              "ix": 11
            },
            "r": {
              "a": 0,
              "k": 0,
              "ix": 10
            },
            "p": {
              "a": 0,
              "k": [
                152.226,
                290.059,
                0
              ],
              "ix": 2
            },
            "a": {
              "a": 0,
              "k": [
                71.009,
                51.023,
                0
              ],
              "ix": 1
            },
            "s": {
              "a": 1,
              "k": [
                {
                  "i": {
                    "x": [
                      0.667,
                      0.667,
                      0.667
                    ],
                    "y": [
                      1,
                      1,
                      1
                    ]
                  },
                  "o": {
                    "x": [
                      0.333,
                      0.333,
                      0.333
                    ],
                    "y": [
                      0,
                      0,
                      0
                    ]
                  },
                  "t": 0,
                  "s": [
                    100,
                    -0.08,
                    100
                  ]
                },
                {
                  "t": 7.2001953125,
                  "s": [
                    100,
                    100,
                    100
                  ]
                }
              ],
              "ix": 6
            }
          },
          "ao": 0,
          "ip": 0,
          "op": 151,
          "st": 0,
          "bm": 0
        },
        {
          "ddd": 1,
          "ind": 7,
          "ty": 2,
          "nm": "cup",
          "refId": "image_1",
          "sr": 1,
          "ks": {
            "o": {
              "a": 0,
              "k": 100,
              "ix": 11
            },
            "rx": {
              "a": 0,
              "k": 0,
              "ix": 8
            },
            "ry": {
              "a": 0,
              "k": 0,
              "ix": 9
            },
            "rz": {
              "a": 0,
              "k": 0,
              "ix": 10
            },
            "or": {
              "a": 0,
              "k": [
                0,
                0,
                0
              ],
              "ix": 7
            },
            "p": {
              "a": 0,
              "k": [
                149.226,
                236.836,
                0
              ],
              "ix": 2
            },
            "a": {
              "a": 0,
              "k": [
                101.024,
                170.126,
                0
              ],
              "ix": 1
            },
            "s": {
              "a": 1,
              "k": [
                {
                  "i": {
                    "x": [
                      0.667,
                      0.667,
                      0.667
                    ],
                    "y": [
                      1,
                      1,
                      1
                    ]
                  },
                  "o": {
                    "x": [
                      0.333,
                      0.333,
                      0.333
                    ],
                    "y": [
                      0,
                      0,
                      0
                    ]
                  },
                  "t": 7.2,
                  "s": [
                    0,
                    0,
                    0
                  ]
                },
                {
                  "t": 18,
                  "s": [
                    100,
                    100,
                    100
                  ]
                }
              ],
              "ix": 6
            }
          },
          "ao": 0,
          "ip": 0,
          "op": 151,
          "st": 0,
          "bm": 0
        }
      ]
    }
  ],
  "layers": [
    {
      "ddd": 0,
      "ind": 1,
      "ty": 0,
      "nm": "cup",
      "refId": "comp_0",
      "sr": 1,
      "ks": {
        "o": {
          "a": 0,
          "k": 100,
          "ix": 11
        },
        "r": {
          "a": 0,
          "k": 0,
          "ix": 10
        },
        "p": {
          "a": 0,
          "k": [
            150,
            150,
            0
          ],
          "ix": 2
        },
        "a": {
          "a": 0,
          "k": [
            150,
            150,
            0
          ],
          "ix": 1
        },
        "s": {
          "a": 0,
          "k": [
            100,
            100,
            100
          ],
          "ix": 6
        }
      },
      "ao": 0,
      "w": 300,
      "h": 300,
      "ip": 0,
      "op": 151,
      "st": 0,
      "bm": 0
    }
  ],
  "markers": []
}