{
  "nm": "02 Blue",
  "ddd": 0,
  "h": 1080,
  "w": 1080,
  "meta": {
    "g": "@lottiefiles/toolkit-js 0.33.2"
  },
  "layers": [
    {
      "ty": 4,
      "nm": "Tick",
      "sr": 1,
      "st": 6,
      "op": 426,
      "ip": 9,
      "hd": false,
      "ddd": 0,
      "bm": 0,
      "hasMask": false,
      "ao": 0,
      "ks": {
        "a": {
          "a": 0,
          "k": [
            203.5,
            -14.5,
            0
          ],
          "ix": 1
        },
        "s": {
          "a": 0,
          "k": [
            100,
            100,
            100
          ],
          "ix": 6
        },
        "sk": {
          "a": 0,
          "k": 0
        },
        "p": {
          "a": 0,
          "k": [
            540,
            515,
            0
          ],
          "ix": 2
        },
        "r": {
          "a": 0,
          "k": -45,
          "ix": 10
        },
        "sa": {
          "a": 0,
          "k": 0
        },
        "o": {
          "a": 0,
          "k": 100,
          "ix": 11
        }
      },
      "ef": [],
      "shapes": [
        {
          "ty": "gr",
          "bm": 0,
          "hd": false,
          "mn": "ADBE Vector Group",
          "nm": "Shape 1",
          "ix": 1,
          "cix": 2,
          "np": 2,
          "it": [
            {
              "ty": "sh",
              "bm": 0,
              "hd": false,
              "mn": "ADBE Vector Shape - Group",
              "nm": "Path 1",
              "ix": 1,
              "d": 1,
              "ks": {
                "a": 0,
                "k": {
                  "c": false,
                  "i": [
                    [
                      0,
                      0
                    ],
                    [
                      0,
                      0
                    ],
                    [
                      0,
                      0
                    ]
                  ],
                  "o": [
                    [
                      0,
                      0
                    ],
                    [
                      0,
                      0
                    ],
                    [
                      0,
                      0
                    ]
                  ],
                  "v": [
                    [
                      148.75,
                      -40.25
                    ],
                    [
                      148.75,
                      11.25
                    ],
                    [
                      258.25,
                      11.25
                    ]
                  ]
                },
                "ix": 2
              }
            },
            {
              "ty": "st",
              "bm": 0,
              "hd": false,
              "mn": "ADBE Vector Graphic - Stroke",
              "nm": "Stroke 1",
              "lc": 2,
              "lj": 2,
              "ml": 1,
              "o": {
                "a": 0,
                "k": 100,
                "ix": 4
              },
              "w": {
                "a": 0,
                "k": 22,
                "ix": 5
              },
              "c": {
                "a": 0,
                "k": [
                  0.0157,
                  0.7294,
                  0.0196
                ],
                "ix": 3
              }
            },
            {
              "ty": "tr",
              "a": {
                "a": 0,
                "k": [
                  0,
                  0
                ],
                "ix": 1
              },
              "s": {
                "a": 0,
                "k": [
                  100,
                  100
                ],
                "ix": 3
              },
              "sk": {
                "a": 0,
                "k": 0,
                "ix": 4
              },
              "p": {
                "a": 0,
                "k": [
                  0,
                  0
                ],
                "ix": 2
              },
              "r": {
                "a": 0,
                "k": 0,
                "ix": 6
              },
              "sa": {
                "a": 0,
                "k": 0,
                "ix": 5
              },
              "o": {
                "a": 0,
                "k": 100,
                "ix": 7
              }
            }
          ]
        },
        {
          "ty": "tm",
          "bm": 0,
          "hd": false,
          "mn": "ADBE Vector Filter - Trim",
          "nm": "Trim Paths 1",
          "ix": 2,
          "e": {
            "a": 1,
            "k": [
              {
                "o": {
                  "x": 0.167,
                  "y": 0.167
                },
                "i": {
                  "x": 0.2,
                  "y": 1
                },
                "s": [
                  0
                ],
                "t": 6
              },
              {
                "s": [
                  100
                ],
                "t": 31
              }
            ],
            "ix": 2
          },
          "o": {
            "a": 0,
            "k": 0,
            "ix": 3
          },
          "s": {
            "a": 0,
            "k": 0,
            "ix": 1
          },
          "m": 1
        }
      ],
      "ind": 1
    },
    {
      "ty": 4,
      "nm": "Button",
      "sr": 1,
      "st": 0,
      "op": 420,
      "ip": 0,
      "hd": false,
      "ddd": 0,
      "bm": 0,
      "hasMask": false,
      "ao": 0,
      "ks": {
        "a": {
          "a": 0,
          "k": [
            0,
            0,
            0
          ],
          "ix": 1
        },
        "s": {
          "a": 1,
          "k": [
            {
              "o": {
                "x": 0.167,
                "y": 0.167
              },
              "i": {
                "x": 0.2,
                "y": 1
              },
              "s": [
                0,
                0,
                100
              ],
              "t": 0
            },
            {
              "s": [
                100,
                100,
                100
              ],
              "t": 20
            }
          ],
          "ix": 6
        },
        "sk": {
          "a": 0,
          "k": 0
        },
        "p": {
          "a": 0,
          "k": [
            540,
            540,
            0
          ],
          "ix": 2
        },
        "r": {
          "a": 1,
          "k": [
            {
              "o": {
                "x": 0.167,
                "y": 0.167
              },
              "i": {
                "x": 0.833,
                "y": 0.833
              },
              "s": [
                0
              ],
              "t": 0
            },
            {
              "s": [
                180
              ],
              "t": 120
            }
          ],
          "ix": 10
        },
        "sa": {
          "a": 0,
          "k": 0
        },
        "o": {
          "a": 0,
          "k": 100,
          "ix": 11
        }
      },
      "ef": [],
      "shapes": [
        {
          "ty": "gr",
          "bm": 0,
          "hd": false,
          "mn": "ADBE Vector Group",
          "nm": "Group 1",
          "ix": 1,
          "cix": 2,
          "np": 2,
          "it": [
            {
              "ty": "sh",
              "bm": 0,
              "hd": false,
              "mn": "ADBE Vector Shape - Group",
              "nm": "Path 1",
              "ix": 1,
              "d": 1,
              "ks": {
                "a": 0,
                "k": {
                  "c": true,
                  "i": [
                    [
                      31.508,
                      31.508
                    ],
                    [
                      0,
                      0
                    ],
                    [
                      0,
                      6.63
                    ],
                    [
                      0,
                      0
                    ],
                    [
                      58.365,
                      0
                    ],
                    [
                      0,
                      0
                    ],
                    [
                      4.688,
                      4.688
                    ],
                    [
                      0,
                      0
                    ],
                    [
                      41.27,
                      -41.27
                    ],
                    [
                      0,
                      0
                    ],
                    [
                      6.63,
                      0
                    ],
                    [
                      0,
                      0
                    ],
                    [
                      0,
                      -58.365
                    ],
                    [
                      0,
                      0
                    ],
                    [
                      4.688,
                      -4.688
                    ],
                    [
                      0,
                      0
                    ],
                    [
                      -41.27,
                      -41.27
                    ],
                    [
                      0,
                      0
                    ],
                    [
                      0,
                      -6.63
                    ],
                    [
                      0,
                      0
                    ],
                    [
                      -58.365,
                      0
                    ],
                    [
                      0,
                      0
                    ],
                    [
                      -4.688,
                      -4.688
                    ],
                    [
                      0,
                      0
                    ],
                    [
                      -41.27,
                      41.27
                    ],
                    [
                      0,
                      0
                    ],
                    [
                      -6.63,
                      0
                    ],
                    [
                      0,
                      0
                    ],
                    [
                      0,
                      58.365
                    ],
                    [
                      0,
                      0
                    ],
                    [
                      -4.688,
                      4.688
                    ],
                    [
                      0,
                      0
                    ]
                  ],
                  "o": [
                    [
                      0,
                      0
                    ],
                    [
                      -4.688,
                      -4.688
                    ],
                    [
                      0,
                      0
                    ],
                    [
                      0,
                      -58.365
                    ],
                    [
                      0,
                      0
                    ],
                    [
                      -6.63,
                      0
                    ],
                    [
                      0,
                      0
                    ],
                    [
                      -41.27,
                      -41.27
                    ],
                    [
                      0,
                      0
                    ],
                    [
                      -4.688,
                      4.688
                    ],
                    [
                      0,
                      0
                    ],
                    [
                      -58.365,
                      0
                    ],
                    [
                      0,
                      0
                    ],
                    [
                      0,
                      6.63
                    ],
                    [
                      0,
                      0
                    ],
                    [
                      -41.27,
                      41.27
                    ],
                    [
                      0,
                      0
                    ],
                    [
                      4.688,
                      4.688
                    ],
                    [
                      0,
                      0
                    ],
                    [
                      0,
                      58.365
                    ],
                    [
                      0,
                      0
                    ],
                    [
                      6.63,
                      0
                    ],
                    [
                      0,
                      0
                    ],
                    [
                      41.27,
                      41.27
                    ],
                    [
                      0,
                      0
                    ],
                    [
                      4.688,
                      -4.688
                    ],
                    [
                      0,
                      0
                    ],
                    [
                      58.365,
                      0
                    ],
                    [
                      0,
                      0
                    ],
                    [
                      0,
                      -6.63
                    ],
                    [
                      0,
                      0
                    ],
                    [
                      31.508,
                      -31.508
                    ]
                  ],
                  "v": [
                    [
                      313.292,
                      -57.05
                    ],
                    [
                      267.677,
                      -102.665
                    ],
                    [
                      260.355,
                      -120.341
                    ],
                    [
                      260.355,
                      -159.853
                    ],
                    [
                      154.677,
                      -265.532
                    ],
                    [
                      115.164,
                      -265.532
                    ],
                    [
                      97.489,
                      -272.854
                    ],
                    [
                      69.549,
                      -300.793
                    ],
                    [
                      -79.903,
                      -300.793
                    ],
                    [
                      -107.842,
                      -272.854
                    ],
                    [
                      -125.518,
                      -265.532
                    ],
                    [
                      -165.031,
                      -265.532
                    ],
                    [
                      -270.709,
                      -159.854
                    ],
                    [
                      -270.709,
                      -120.341
                    ],
                    [
                      -278.031,
                      -102.665
                    ],
                    [
                      -305.97,
                      -74.726
                    ],
                    [
                      -305.97,
                      74.726
                    ],
                    [
                      -278.031,
                      102.665
                    ],
                    [
                      -270.709,
                      120.341
                    ],
                    [
                      -270.709,
                      159.854
                    ],
                    [
                      -165.031,
                      265.532
                    ],
                    [
                      -125.518,
                      265.532
                    ],
                    [
                      -107.842,
                      272.854
                    ],
                    [
                      -79.903,
                      300.793
                    ],
                    [
                      69.549,
                      300.793
                    ],
                    [
                      97.489,
                      272.854
                    ],
                    [
                      115.164,
                      265.532
                    ],
                    [
                      154.676,
                      265.532
                    ],
                    [
                      260.355,
                      159.853
                    ],
                    [
                      260.355,
                      120.341
                    ],
                    [
                      267.677,
                      102.665
                    ],
                    [
                      313.292,
                      57.05
                    ]
                  ]
                },
                "ix": 2
              }
            },
            {
              "ty": "fl",
              "bm": 0,
              "hd": false,
              "mn": "ADBE Vector Graphic - Fill",
              "nm": "Fill 1",
              "c": {
                "a": 0,
                "k": [
                  1,
                  1,
                  1
                ],
                "ix": 4
              },
              "r": 1,
              "o": {
                "a": 0,
                "k": 100,
                "ix": 5
              }
            },
            {
              "ty": "tr",
              "a": {
                "a": 0,
                "k": [
                  0,
                  0
                ],
                "ix": 1
              },
              "s": {
                "a": 0,
                "k": [
                  50,
                  50
                ],
                "ix": 3
              },
              "sk": {
                "a": 0,
                "k": 0,
                "ix": 4
              },
              "p": {
                "a": 0,
                "k": [
                  0,
                  0
                ],
                "ix": 2
              },
              "r": {
                "a": 0,
                "k": 0,
                "ix": 6
              },
              "sa": {
                "a": 0,
                "k": 0,
                "ix": 5
              },
              "o": {
                "a": 0,
                "k": 100,
                "ix": 7
              }
            }
          ]
        }
      ],
      "ind": 2
    },
    {
      "ty": 4,
      "nm": "Shadows ",
      "sr": 1,
      "st": -40,
      "op": 380,
      "ip": 3,
      "hd": false,
      "ddd": 0,
      "bm": 0,
      "hasMask": false,
      "ao": 0,
      "ks": {
        "a": {
          "a": 0,
          "k": [
            -101,
            155,
            0
          ],
          "ix": 1
        },
        "s": {
          "a": 1,
          "k": [
            {
              "o": {
                "x": 0.167,
                "y": 0.167
              },
              "i": {
                "x": 0.2,
                "y": 1
              },
              "s": [
                0,
                0,
                100
              ],
              "t": -1
            },
            {
              "s": [
                150,
                150,
                100
              ],
              "t": 45
            }
          ],
          "ix": 6
        },
        "sk": {
          "a": 0,
          "k": 0
        },
        "p": {
          "a": 0,
          "k": [
            540,
            540,
            0
          ],
          "ix": 2
        },
        "r": {
          "a": 0,
          "k": 0,
          "ix": 10
        },
        "sa": {
          "a": 0,
          "k": 0
        },
        "o": {
          "a": 1,
          "k": [
            {
              "o": {
                "x": 0.167,
                "y": 0.167
              },
              "i": {
                "x": 0.2,
                "y": 1
              },
              "s": [
                100
              ],
              "t": -1
            },
            {
              "s": [
                0
              ],
              "t": 45
            }
          ],
          "ix": 11
        }
      },
      "ef": [],
      "shapes": [
        {
          "ty": "gr",
          "bm": 0,
          "hd": false,
          "mn": "ADBE Vector Group",
          "nm": "Ellipse 1",
          "ix": 1,
          "cix": 2,
          "np": 3,
          "it": [
            {
              "ty": "el",
              "bm": 0,
              "hd": false,
              "mn": "ADBE Vector Shape - Ellipse",
              "nm": "Ellipse Path 1",
              "d": 1,
              "p": {
                "a": 0,
                "k": [
                  0,
                  0
                ],
                "ix": 3
              },
              "s": {
                "a": 0,
                "k": [
                  454,
                  454
                ],
                "ix": 2
              }
            },
            {
              "ty": "st",
              "bm": 0,
              "hd": false,
              "mn": "ADBE Vector Graphic - Stroke",
              "nm": "Stroke 1",
              "lc": 1,
              "lj": 1,
              "ml": 4,
              "o": {
                "a": 0,
                "k": 100,
                "ix": 4
              },
              "w": {
                "a": 0,
                "k": 0,
                "ix": 5
              },
              "c": {
                "a": 0,
                "k": [
                  1,
                  1,
                  1
                ],
                "ix": 3
              }
            },
            {
              "ty": "fl",
              "bm": 0,
              "hd": false,
              "mn": "ADBE Vector Graphic - Fill",
              "nm": "Fill 1",
              "c": {
                "a": 0,
                "k": [
                  1,
                  1,
                  1
                ],
                "ix": 4
              },
              "r": 1,
              "o": {
                "a": 0,
                "k": 100,
                "ix": 5
              }
            },
            {
              "ty": "tr",
              "a": {
                "a": 0,
                "k": [
                  0,
                  0
                ],
                "ix": 1
              },
              "s": {
                "a": 0,
                "k": [
                  100,
                  100
                ],
                "ix": 3
              },
              "sk": {
                "a": 0,
                "k": 0,
                "ix": 4
              },
              "p": {
                "a": 0,
                "k": [
                  -101,
                  155
                ],
                "ix": 2
              },
              "r": {
                "a": 0,
                "k": 0,
                "ix": 6
              },
              "sa": {
                "a": 0,
                "k": 0,
                "ix": 5
              },
              "o": {
                "a": 0,
                "k": 100,
                "ix": 7
              }
            }
          ]
        }
      ],
      "ind": 3
    },
    {
      "ty": 4,
      "nm": "Circle",
      "sr": 1,
      "st": -40,
      "op": 380,
      "ip": 3,
      "hd": false,
      "ddd": 0,
      "bm": 0,
      "hasMask": false,
      "ao": 0,
      "ks": {
        "a": {
          "a": 0,
          "k": [
            -101,
            155,
            0
          ],
          "ix": 1
        },
        "s": {
          "a": 1,
          "k": [
            {
              "o": {
                "x": 0.167,
                "y": 0.167
              },
              "i": {
                "x": 0.2,
                "y": 1
              },
              "s": [
                0,
                0,
                100
              ],
              "t": -1
            },
            {
              "s": [
                100,
                100,
                100
              ],
              "t": 45
            }
          ],
          "ix": 6
        },
        "sk": {
          "a": 0,
          "k": 0
        },
        "p": {
          "a": 0,
          "k": [
            540,
            540,
            0
          ],
          "ix": 2
        },
        "r": {
          "a": 0,
          "k": 0,
          "ix": 10
        },
        "sa": {
          "a": 0,
          "k": 0
        },
        "o": {
          "a": 0,
          "k": 100,
          "ix": 11
        }
      },
      "ef": [],
      "shapes": [
        {
          "ty": "gr",
          "bm": 0,
          "hd": false,
          "mn": "ADBE Vector Group",
          "nm": "Ellipse 1",
          "ix": 1,
          "cix": 2,
          "np": 3,
          "it": [
            {
              "ty": "el",
              "bm": 0,
              "hd": false,
              "mn": "ADBE Vector Shape - Ellipse",
              "nm": "Ellipse Path 1",
              "d": 1,
              "p": {
                "a": 0,
                "k": [
                  0,
                  0
                ],
                "ix": 3
              },
              "s": {
                "a": 0,
                "k": [
                  454,
                  454
                ],
                "ix": 2
              }
            },
            {
              "ty": "st",
              "bm": 0,
              "hd": false,
              "mn": "ADBE Vector Graphic - Stroke",
              "nm": "Stroke 1",
              "lc": 1,
              "lj": 1,
              "ml": 4,
              "o": {
                "a": 0,
                "k": 100,
                "ix": 4
              },
              "w": {
                "a": 1,
                "k": [
                  {
                    "o": {
                      "x": 0.167,
                      "y": 0.167
                    },
                    "i": {
                      "x": 0.2,
                      "y": 1
                    },
                    "s": [
                      200
                    ],
                    "t": -1
                  },
                  {
                    "s": [
                      0
                    ],
                    "t": 45
                  }
                ],
                "ix": 5
              },
              "c": {
                "a": 0,
                "k": [
                  1,
                  1,
                  1
                ],
                "ix": 3
              }
            },
            {
              "ty": "tr",
              "a": {
                "a": 0,
                "k": [
                  0,
                  0
                ],
                "ix": 1
              },
              "s": {
                "a": 0,
                "k": [
                  100,
                  100
                ],
                "ix": 3
              },
              "sk": {
                "a": 0,
                "k": 0,
                "ix": 4
              },
              "p": {
                "a": 0,
                "k": [
                  -101,
                  155
                ],
                "ix": 2
              },
              "r": {
                "a": 0,
                "k": 0,
                "ix": 6
              },
              "sa": {
                "a": 0,
                "k": 0,
                "ix": 5
              },
              "o": {
                "a": 0,
                "k": 100,
                "ix": 7
              }
            }
          ]
        }
      ],
      "ind": 4
    }
  ],
  "v": "5.9.6",
  "fr": 60,
  "op": 121,
  "ip": 0,
  "assets": []
}