{
  "formatVersion": 1,
  "database": {
    "version": 1,
    "identityHash": "5f8194f8d57840cbbac2fabaa5edfc53",
    "entities": [
      {
        "tableName": "barcode_table",
        "createSql": "CREATE TABLE IF NOT EXISTS `${TABLE_NAME}` (`type` INTEGER NOT NULL, `title` TEXT, `decryptedText` TEXT, `others` TEXT, `dateTime` TEXT NOT NULL, `id` INTEGER PRIMARY KEY AUTOINCREMENT NOT NULL)",
        "fields": [
          {
            "fieldPath": "type",
            "columnName": "type",
            "affinity": "INTEGER",
            "notNull": true
          },
          {
            "fieldPath": "title",
            "columnName": "title",
            "affinity": "TEXT",
            "notNull": false
          },
          {
            "fieldPath": "decryptedText",
            "columnName": "decryptedText",
            "affinity": "TEXT",
            "notNull": false
          },
          {
            "fieldPath": "others",
            "columnName": "others",
            "affinity": "TEXT",
            "notNull": false
          },
          {
            "fieldPath": "dateTime",
            "columnName": "dateTime",
            "affinity": "TEXT",
            "notNull": true
          },
          {
            "fieldPath": "id",
            "columnName": "id",
            "affinity": "INTEGER",
            "notNull": true
          }
        ],
        "primaryKey": {
          "columnNames": [
            "id"
          ],
          "autoGenerate": true
        },
        "indices": [],
        "foreignKeys": []
      }
    ],
    "views": [],
    "setupQueries": [
      "CREATE TABLE IF NOT EXISTS room_master_table (id INTEGER PRIMARY KEY,identity_hash TEXT)",
      "INSERT OR REPLACE INTO room_master_table (id,identity_hash) VALUES(42, '5f8194f8d57840cbbac2fabaa5edfc53')"
    ]
  }
}