{
  "formatVersion": 1,
  "database": {
    "version": 2,
    "identityHash": "e70852f2758790bb1f54428452d4884a",
    "entities": [
      {
        "tableName": "barcode_table",
        "createSql": "CREATE TABLE IF NOT EXISTS `${TABLE_NAME}` (`format` INTEGER NOT NULL DEFAULT 256, `type` INTEGER NOT NULL, `title` TEXT, `decryptedText` TEXT, `others` TEXT, `dateTime` TEXT NOT NULL, `id` INTEGER PRIMARY KEY AUTOINCREMENT NOT NULL)",
        "fields": [
          {
            "fieldPath": "format",
            "columnName": "format",
            "affinity": "INTEGER",
            "notNull": true,
            "defaultValue": "256"
          },
          {
            "fieldPath": "type",
            "columnName": "type",
            "affinity": "INTEGER",
            "notNull": true
          },
          {
            "fieldPath": "title",
            "columnName": "title",
            "affinity": "TEXT",
            "notNull": false
          },
          {
            "fieldPath": "decryptedText",
            "columnName": "decryptedText",
            "affinity": "TEXT",
            "notNull": false
          },
          {
            "fieldPath": "others",
            "columnName": "others",
            "affinity": "TEXT",
            "notNull": false
          },
          {
            "fieldPath": "dateTime",
            "columnName": "dateTime",
            "affinity": "TEXT",
            "notNull": true
          },
          {
            "fieldPath": "id",
            "columnName": "id",
            "affinity": "INTEGER",
            "notNull": true
          }
        ],
        "primaryKey": {
          "autoGenerate": true,
          "columnNames": [
            "id"
          ]
        },
        "indices": [],
        "foreignKeys": []
      }
    ],
    "views": [],
    "setupQueries": [
      "CREATE TABLE IF NOT EXISTS room_master_table (id INTEGER PRIMARY KEY,identity_hash TEXT)",
      "INSERT OR REPLACE INTO room_master_table (id,identity_hash) VALUES(42, 'e70852f2758790bb1f54428452d4884a')"
    ]
  }
}