{
  "project_info": {
    "project_number": "302128489664",
    "project_id": "smartgallery-6836d",
    "storage_bucket": "smartgallery-6836d.appspot.com"
  },
  "client": [
    {
      "client_info": {
        "mobilesdk_app_id": "1:302128489664:android:1dc38a10e77ab1d5eab925",
        "android_client_info": {
          "package_name": "com.gallery.photos.vault.album"
        }
      },
      "oauth_client": [],
      "api_key": [
        {
          "current_key": "AIzaSyDHu6u3jGQFCUsvvBN2gCrbL9W4tBU1dX8"
        }
      ],
      "services": {
        "appinvite_service": {
          "other_platform_oauth_client": []
        }
      }
    }
  ],
  "configuration_version": "1"
}