{
  "Carnival": {
    "urls": [
      {
        "tag": "old",
        "user_type": "non_pro",
        "content": "single",
        "watch_ad": "ad_free",
        "url": "https://toonifime.fra1.cdn.digitaloceanspaces.com/toonifime/faceswap_new/2025/imagic/imagic_new_images/aiCarnivalImagic/aiCarnivalWomenImagic/aiCarnivalWomenImagic_1.jpg"
      }
    ],
    "other_non_property": "https://d3unhj084yahk3.cloudfront.net/tabicons/suits_tabicon/africa.webp",
    "cat_name_localised": {
      "en": "Carnival",
      "hi": "कार्निवल",
    }
  },
  "Artdeco": {
    "urls": [
      {
        "tag": "old",
        "user_type": "non_pro",
        "content": "single",
        "watch_ad": "ad_free",
        "url": "https://toonifime.fra1.cdn.digitaloceanspaces.com/toonifime/faceswap_new/2025/imagic/imagic_new_images/artdecoImagic/artdecoWomenImagic/artdecoWomenImagic_1.jpg"
      }
    ],
    "other_non_property": "https://d3unhj084yahk3.cloudfront.net/tabicons/suits_tabicon/africa.webp",
    "cat_name_localised": {
      "en": "Artdeco",
      "hi": "आर्टडेको"
    }
  },
  "Artists": {
    "urls": [
      {
        "tag": "old",
        "user_type": "non_pro",
        "content": "single",
        "watch_ad": "ad_free",
        "url": "https://toonifime.fra1.cdn.digitaloceanspaces.com/toonifime/faceswap_new/2025/imagic/imagic_new_images/artistImagic/artistWomenImagic/artistWomenImagic_1.jpg"
      }
    ],
    "other_non_property": "https://d3unhj084yahk3.cloudfront.net/tabicons/suits_tabicon/africa.webp",
    "cat_name_localised": {
      "en": "Artists",
      "hi": "कलाकार"
    }
  },
  "Birthday": {
    "urls": [
      {
        "tag": "old",
        "user_type": "non_pro",
        "content": "single",
        "watch_ad": "ad_free",
        "url": "https://toonifime.fra1.cdn.digitaloceanspaces.com/toonifime/faceswap_new/2025/imagic/imagic_new_images/birthdayImagic/birthdayWomenImagic/birthdayWomenImagic_1.jpg"
      }
    ],
    "other_non_property": "https://d3unhj084yahk3.cloudfront.net/tabicons/suits_tabicon/africa.webp",
    "cat_name_localised": {
      "en": "Birthday",
      "hi": "जन्मदिन"
    }
  },
  "Fashion": {
    "urls": [
      {
        "tag": "old",
        "user_type": "non_pro",
        "content": "single",
        "watch_ad": "ad_free",
        "url": "https://toonifime.fra1.cdn.digitaloceanspaces.com/toonifime/faceswap_new/2025/imagic/imagic_new_images/fashionImagic/fashionWomenImagic/fashionWomenImagic_1.jpg"
      }
    ],
    "other_non_property": "https://d3unhj084yahk3.cloudfront.net/tabicons/suits_tabicon/africa.webp",
    "cat_name_localised": {
      "en": "Fashion",
      "hi": "फैशन"
    }
  }
}
