{
  "v": "5.5.9",
  "fr": 30,
  "ip": 0,
  "op": 60,
  "w": 1080,
  "h": 1080,
  "nm": "glowflower",
  "ddd": 0,
  "assets": [
    {
      "id": "image_0",
      "w": 583,
      "h": 557,
      "u": "animation19/",
      "p": "img_0.png",
      "e": 0
    },
    {
      "id": "comp_0",
      "layers": [
        {
          "ddd": 0,
          "ind": 1,
          "ty": 2,
          "nm": "Vector Smart Object1.png",
          "cl": "png",
          "refId": "image_0",
          "sr": 1,
          "ks": {
            "o": {
              "a": 0,
              "k": 68,
              "ix": 11
            },
            "r": {
              "a": 1,
              "k": [
                {
                  "i": {
                    "x": [
                      0.833
                    ],
                    "y": [
                      0.833
                    ]
                  },
                  "o": {
                    "x": [
                      0.167
                    ],
                    "y": [
                      0.167
                    ]
                  },
                  "t": 0,
                  "s": [
                    60
                  ]
                },
                {
                  "t": 60,
                  "s": [
                    420
                  ]
                }
              ],
              "ix": 10
            },
            "p": {
              "a": 1,
              "k": [
                {
                  "i": {
                    "x": 0.833,
                    "y": 0.833
                  },
                  "o": {
                    "x": 0.167,
                    "y": 0.167
                  },
                  "t": 0,
                  "s": [
                    181,
                    474.003,
                    0
                  ],
                  "to": [
                    0,
                    0,
                    0
                  ],
                  "ti": [
                    0,
                    0,
                    0
                  ]
                },
                {
                  "i": {
                    "x": 0.833,
                    "y": 0.833
                  },
                  "o": {
                    "x": 0.167,
                    "y": 0.167
                  },
                  "t": 30,
                  "s": [
                    203,
                    488.003,
                    0
                  ],
                  "to": [
                    0,
                    0,
                    0
                  ],
                  "ti": [
                    0,
                    0,
                    0
                  ]
                },
                {
                  "t": 60,
                  "s": [
                    181,
                    474.003,
                    0
                  ]
                }
              ],
              "ix": 2
            },
            "a": {
              "a": 0,
              "k": [
                291.5,
                278.5,
                0
              ],
              "ix": 1
            },
            "s": {
              "a": 0,
              "k": [
                6,
                6,
                100
              ],
              "ix": 6
            }
          },
          "ao": 0,
          "ip": 0,
          "op": 90,
          "st": 0,
          "bm": 0
        },
        {
          "ddd": 0,
          "ind": 2,
          "ty": 2,
          "nm": "Vector Smart Object1.png",
          "cl": "png",
          "refId": "image_0",
          "sr": 1,
          "ks": {
            "o": {
              "a": 0,
              "k": 68,
              "ix": 11
            },
            "r": {
              "a": 1,
              "k": [
                {
                  "i": {
                    "x": [
                      0.833
                    ],
                    "y": [
                      0.833
                    ]
                  },
                  "o": {
                    "x": [
                      0.167
                    ],
                    "y": [
                      0.167
                    ]
                  },
                  "t": 0,
                  "s": [
                    -34
                  ]
                },
                {
                  "t": 60,
                  "s": [
                    326
                  ]
                }
              ],
              "ix": 10
            },
            "p": {
              "a": 1,
              "k": [
                {
                  "i": {
                    "x": 0.833,
                    "y": 0.833
                  },
                  "o": {
                    "x": 0.167,
                    "y": 0.167
                  },
                  "t": 0,
                  "s": [
                    191,
                    78.003,
                    0
                  ],
                  "to": [
                    0,
                    0,
                    0
                  ],
                  "ti": [
                    0,
                    0,
                    0
                  ]
                },
                {
                  "i": {
                    "x": 0.833,
                    "y": 0.833
                  },
                  "o": {
                    "x": 0.167,
                    "y": 0.167
                  },
                  "t": 30,
                  "s": [
                    177,
                    84.003,
                    0
                  ],
                  "to": [
                    0,
                    0,
                    0
                  ],
                  "ti": [
                    0,
                    0,
                    0
                  ]
                },
                {
                  "t": 60,
                  "s": [
                    191,
                    78.003,
                    0
                  ]
                }
              ],
              "ix": 2
            },
            "a": {
              "a": 0,
              "k": [
                291.5,
                278.5,
                0
              ],
              "ix": 1
            },
            "s": {
              "a": 0,
              "k": [
                6,
                6,
                100
              ],
              "ix": 6
            }
          },
          "ao": 0,
          "ip": 0,
          "op": 90,
          "st": 0,
          "bm": 0
        },
        {
          "ddd": 0,
          "ind": 3,
          "ty": 2,
          "nm": "Vector Smart Object1.png",
          "cl": "png",
          "refId": "image_0",
          "sr": 1,
          "ks": {
            "o": {
              "a": 0,
              "k": 68,
              "ix": 11
            },
            "r": {
              "a": 1,
              "k": [
                {
                  "i": {
                    "x": [
                      0.833
                    ],
                    "y": [
                      0.833
                    ]
                  },
                  "o": {
                    "x": [
                      0.167
                    ],
                    "y": [
                      0.167
                    ]
                  },
                  "t": 0,
                  "s": [
                    60
                  ]
                },
                {
                  "t": 60,
                  "s": [
                    636
                  ]
                }
              ],
              "ix": 10
            },
            "p": {
              "a": 1,
              "k": [
                {
                  "i": {
                    "x": 0.833,
                    "y": 0.833
                  },
                  "o": {
                    "x": 0.167,
                    "y": 0.167
                  },
                  "t": 0,
                  "s": [
                    885,
                    520.003,
                    0
                  ],
                  "to": [
                    0,
                    0,
                    0
                  ],
                  "ti": [
                    0,
                    0,
                    0
                  ]
                },
                {
                  "i": {
                    "x": 0.833,
                    "y": 0.833
                  },
                  "o": {
                    "x": 0.167,
                    "y": 0.167
                  },
                  "t": 30,
                  "s": [
                    919,
                    548.003,
                    0
                  ],
                  "to": [
                    0,
                    0,
                    0
                  ],
                  "ti": [
                    0,
                    0,
                    0
                  ]
                },
                {
                  "t": 60,
                  "s": [
                    885,
                    520.003,
                    0
                  ]
                }
              ],
              "ix": 2
            },
            "a": {
              "a": 0,
              "k": [
                291.5,
                278.5,
                0
              ],
              "ix": 1
            },
            "s": {
              "a": 0,
              "k": [
                10,
                10,
                100
              ],
              "ix": 6
            }
          },
          "ao": 0,
          "ip": 0,
          "op": 90,
          "st": 0,
          "bm": 0
        },
        {
          "ddd": 0,
          "ind": 4,
          "ty": 2,
          "nm": "Vector Smart Object1.png",
          "cl": "png",
          "refId": "image_0",
          "sr": 1,
          "ks": {
            "o": {
              "a": 0,
              "k": 68,
              "ix": 11
            },
            "r": {
              "a": 1,
              "k": [
                {
                  "i": {
                    "x": [
                      0.833
                    ],
                    "y": [
                      0.833
                    ]
                  },
                  "o": {
                    "x": [
                      0.167
                    ],
                    "y": [
                      0.167
                    ]
                  },
                  "t": 0,
                  "s": [
                    105
                  ]
                },
                {
                  "t": 60,
                  "s": [
                    681
                  ]
                }
              ],
              "ix": 10
            },
            "p": {
              "a": 1,
              "k": [
                {
                  "i": {
                    "x": 0.833,
                    "y": 0.833
                  },
                  "o": {
                    "x": 0.167,
                    "y": 0.167
                  },
                  "t": 0,
                  "s": [
                    791,
                    80.003,
                    0
                  ],
                  "to": [
                    0,
                    0,
                    0
                  ],
                  "ti": [
                    0,
                    0,
                    0
                  ]
                },
                {
                  "i": {
                    "x": 0.833,
                    "y": 0.833
                  },
                  "o": {
                    "x": 0.167,
                    "y": 0.167
                  },
                  "t": 30,
                  "s": [
                    769,
                    100.003,
                    0
                  ],
                  "to": [
                    0,
                    0,
                    0
                  ],
                  "ti": [
                    0,
                    0,
                    0
                  ]
                },
                {
                  "t": 60,
                  "s": [
                    791,
                    80.003,
                    0
                  ]
                }
              ],
              "ix": 2
            },
            "a": {
              "a": 0,
              "k": [
                291.5,
                278.5,
                0
              ],
              "ix": 1
            },
            "s": {
              "a": 0,
              "k": [
                10,
                10,
                100
              ],
              "ix": 6
            }
          },
          "ao": 0,
          "ip": 0,
          "op": 90,
          "st": 0,
          "bm": 0
        },
        {
          "ddd": 0,
          "ind": 5,
          "ty": 2,
          "nm": "Vector Smart Object1.png",
          "cl": "png",
          "refId": "image_0",
          "sr": 1,
          "ks": {
            "o": {
              "a": 0,
              "k": 68,
              "ix": 11
            },
            "r": {
              "a": 1,
              "k": [
                {
                  "i": {
                    "x": [
                      0.833
                    ],
                    "y": [
                      0.833
                    ]
                  },
                  "o": {
                    "x": [
                      0.167
                    ],
                    "y": [
                      0.167
                    ]
                  },
                  "t": 0,
                  "s": [
                    2
                  ]
                },
                {
                  "t": 60,
                  "s": [
                    578
                  ]
                }
              ],
              "ix": 10
            },
            "p": {
              "a": 1,
              "k": [
                {
                  "i": {
                    "x": 0.833,
                    "y": 0.833
                  },
                  "o": {
                    "x": 0.167,
                    "y": 0.167
                  },
                  "t": 0,
                  "s": [
                    699,
                    674.003,
                    0
                  ],
                  "to": [
                    0,
                    0,
                    0
                  ],
                  "ti": [
                    0,
                    0,
                    0
                  ]
                },
                {
                  "i": {
                    "x": 0.833,
                    "y": 0.833
                  },
                  "o": {
                    "x": 0.167,
                    "y": 0.167
                  },
                  "t": 30,
                  "s": [
                    679,
                    714.003,
                    0
                  ],
                  "to": [
                    0,
                    0,
                    0
                  ],
                  "ti": [
                    0,
                    0,
                    0
                  ]
                },
                {
                  "t": 60,
                  "s": [
                    699,
                    674.003,
                    0
                  ]
                }
              ],
              "ix": 2
            },
            "a": {
              "a": 0,
              "k": [
                291.5,
                278.5,
                0
              ],
              "ix": 1
            },
            "s": {
              "a": 0,
              "k": [
                6,
                6,
                100
              ],
              "ix": 6
            }
          },
          "ao": 0,
          "ip": 0,
          "op": 90,
          "st": 0,
          "bm": 0
        },
        {
          "ddd": 0,
          "ind": 6,
          "ty": 2,
          "nm": "Vector Smart Object1.png",
          "cl": "png",
          "refId": "image_0",
          "sr": 1,
          "ks": {
            "o": {
              "a": 0,
              "k": 68,
              "ix": 11
            },
            "r": {
              "a": 1,
              "k": [
                {
                  "i": {
                    "x": [
                      0.833
                    ],
                    "y": [
                      0.833
                    ]
                  },
                  "o": {
                    "x": [
                      0.167
                    ],
                    "y": [
                      0.167
                    ]
                  },
                  "t": 0,
                  "s": [
                    24
                  ]
                },
                {
                  "t": 60,
                  "s": [
                    600
                  ]
                }
              ],
              "ix": 10
            },
            "p": {
              "a": 1,
              "k": [
                {
                  "i": {
                    "x": 0.833,
                    "y": 0.833
                  },
                  "o": {
                    "x": 0.167,
                    "y": 0.167
                  },
                  "t": 0,
                  "s": [
                    583,
                    168.003,
                    0
                  ],
                  "to": [
                    0,
                    0,
                    0
                  ],
                  "ti": [
                    0,
                    0,
                    0
                  ]
                },
                {
                  "t": 60,
                  "s": [
                    583,
                    168.003,
                    0
                  ]
                }
              ],
              "ix": 2
            },
            "a": {
              "a": 0,
              "k": [
                291.5,
                278.5,
                0
              ],
              "ix": 1
            },
            "s": {
              "a": 0,
              "k": [
                6,
                6,
                100
              ],
              "ix": 6
            }
          },
          "ao": 0,
          "ip": 0,
          "op": 90,
          "st": 0,
          "bm": 0
        },
        {
          "ddd": 0,
          "ind": 7,
          "ty": 2,
          "nm": "Vector Smart Object1.png",
          "cl": "png",
          "refId": "image_0",
          "sr": 1,
          "ks": {
            "o": {
              "a": 0,
              "k": 68,
              "ix": 11
            },
            "r": {
              "a": 1,
              "k": [
                {
                  "i": {
                    "x": [
                      0.833
                    ],
                    "y": [
                      0.833
                    ]
                  },
                  "o": {
                    "x": [
                      0.167
                    ],
                    "y": [
                      0.167
                    ]
                  },
                  "t": 0,
                  "s": [
                    123
                  ]
                },
                {
                  "t": 60,
                  "s": [
                    483
                  ]
                }
              ],
              "ix": 10
            },
            "p": {
              "a": 1,
              "k": [
                {
                  "i": {
                    "x": 0.833,
                    "y": 0.833
                  },
                  "o": {
                    "x": 0.167,
                    "y": 0.167
                  },
                  "t": 0,
                  "s": [
                    837,
                    792.003,
                    0
                  ],
                  "to": [
                    0,
                    0,
                    0
                  ],
                  "ti": [
                    0,
                    0,
                    0
                  ]
                },
                {
                  "t": 60,
                  "s": [
                    837,
                    792.003,
                    0
                  ]
                }
              ],
              "ix": 2
            },
            "a": {
              "a": 0,
              "k": [
                291.5,
                278.5,
                0
              ],
              "ix": 1
            },
            "s": {
              "a": 0,
              "k": [
                6,
                6,
                100
              ],
              "ix": 6
            }
          },
          "ao": 0,
          "ip": 0,
          "op": 90,
          "st": 0,
          "bm": 0
        },
        {
          "ddd": 0,
          "ind": 8,
          "ty": 2,
          "nm": "Vector Smart Object1.png",
          "cl": "png",
          "refId": "image_0",
          "sr": 1,
          "ks": {
            "o": {
              "a": 0,
              "k": 68,
              "ix": 11
            },
            "r": {
              "a": 1,
              "k": [
                {
                  "i": {
                    "x": [
                      0.833
                    ],
                    "y": [
                      0.833
                    ]
                  },
                  "o": {
                    "x": [
                      0.167
                    ],
                    "y": [
                      0.167
                    ]
                  },
                  "t": 0,
                  "s": [
                    103
                  ]
                },
                {
                  "i": {
                    "x": [
                      0.833
                    ],
                    "y": [
                      0.833
                    ]
                  },
                  "o": {
                    "x": [
                      0.167
                    ],
                    "y": [
                      0.167
                    ]
                  },
                  "t": 36,
                  "s": [
                    679
                  ]
                },
                {
                  "t": 60,
                  "s": [
                    463
                  ]
                }
              ],
              "ix": 10
            },
            "p": {
              "a": 1,
              "k": [
                {
                  "i": {
                    "x": 0.833,
                    "y": 0.833
                  },
                  "o": {
                    "x": 0.167,
                    "y": 0.167
                  },
                  "t": 0,
                  "s": [
                    899,
                    296.003,
                    0
                  ],
                  "to": [
                    0,
                    0,
                    0
                  ],
                  "ti": [
                    0,
                    0,
                    0
                  ]
                },
                {
                  "t": 60,
                  "s": [
                    899,
                    296.003,
                    0
                  ]
                }
              ],
              "ix": 2
            },
            "a": {
              "a": 0,
              "k": [
                291.5,
                278.5,
                0
              ],
              "ix": 1
            },
            "s": {
              "a": 0,
              "k": [
                6,
                6,
                100
              ],
              "ix": 6
            }
          },
          "ao": 0,
          "ip": 0,
          "op": 90,
          "st": 0,
          "bm": 0
        },
        {
          "ddd": 0,
          "ind": 9,
          "ty": 2,
          "nm": "Vector Smart Object1.png",
          "cl": "png",
          "refId": "image_0",
          "sr": 1,
          "ks": {
            "o": {
              "a": 0,
              "k": 68,
              "ix": 11
            },
            "r": {
              "a": 1,
              "k": [
                {
                  "i": {
                    "x": [
                      0.833
                    ],
                    "y": [
                      0.833
                    ]
                  },
                  "o": {
                    "x": [
                      0.167
                    ],
                    "y": [
                      0.167
                    ]
                  },
                  "t": 0,
                  "s": [
                    -19
                  ]
                },
                {
                  "i": {
                    "x": [
                      0.833
                    ],
                    "y": [
                      0.833
                    ]
                  },
                  "o": {
                    "x": [
                      0.167
                    ],
                    "y": [
                      0.167
                    ]
                  },
                  "t": 36,
                  "s": [
                    -595
                  ]
                },
                {
                  "t": 60,
                  "s": [
                    -379
                  ]
                }
              ],
              "ix": 10
            },
            "p": {
              "a": 1,
              "k": [
                {
                  "i": {
                    "x": 0.833,
                    "y": 0.833
                  },
                  "o": {
                    "x": 0.167,
                    "y": 0.167
                  },
                  "t": 0,
                  "s": [
                    115,
                    750.003,
                    0
                  ],
                  "to": [
                    0,
                    0,
                    0
                  ],
                  "ti": [
                    0,
                    0,
                    0
                  ]
                },
                {
                  "t": 60,
                  "s": [
                    115,
                    750.003,
                    0
                  ]
                }
              ],
              "ix": 2
            },
            "a": {
              "a": 0,
              "k": [
                291.5,
                278.5,
                0
              ],
              "ix": 1
            },
            "s": {
              "a": 0,
              "k": [
                6,
                6,
                100
              ],
              "ix": 6
            }
          },
          "ao": 0,
          "ip": 0,
          "op": 90,
          "st": 0,
          "bm": 0
        },
        {
          "ddd": 0,
          "ind": 10,
          "ty": 2,
          "nm": "Vector Smart Object1.png",
          "cl": "png",
          "refId": "image_0",
          "sr": 1,
          "ks": {
            "o": {
              "a": 0,
              "k": 68,
              "ix": 11
            },
            "r": {
              "a": 1,
              "k": [
                {
                  "i": {
                    "x": [
                      0.833
                    ],
                    "y": [
                      0.833
                    ]
                  },
                  "o": {
                    "x": [
                      0.167
                    ],
                    "y": [
                      0.167
                    ]
                  },
                  "t": 0,
                  "s": [
                    66
                  ]
                },
                {
                  "i": {
                    "x": [
                      0.833
                    ],
                    "y": [
                      0.833
                    ]
                  },
                  "o": {
                    "x": [
                      0.167
                    ],
                    "y": [
                      0.167
                    ]
                  },
                  "t": 36,
                  "s": [
                    642
                  ]
                },
                {
                  "t": 60,
                  "s": [
                    426
                  ]
                }
              ],
              "ix": 10
            },
            "p": {
              "a": 1,
              "k": [
                {
                  "i": {
                    "x": 0.833,
                    "y": 0.833
                  },
                  "o": {
                    "x": 0.167,
                    "y": 0.167
                  },
                  "t": 0,
                  "s": [
                    63,
                    240.003,
                    0
                  ],
                  "to": [
                    0,
                    0,
                    0
                  ],
                  "ti": [
                    0,
                    0,
                    0
                  ]
                },
                {
                  "t": 60,
                  "s": [
                    63,
                    240.003,
                    0
                  ]
                }
              ],
              "ix": 2
            },
            "a": {
              "a": 0,
              "k": [
                291.5,
                278.5,
                0
              ],
              "ix": 1
            },
            "s": {
              "a": 0,
              "k": [
                6,
                6,
                100
              ],
              "ix": 6
            }
          },
          "ao": 0,
          "ip": 0,
          "op": 90,
          "st": 0,
          "bm": 0
        },
        {
          "ddd": 0,
          "ind": 11,
          "ty": 2,
          "nm": "Vector Smart Object1.png",
          "cl": "png",
          "refId": "image_0",
          "sr": 1,
          "ks": {
            "o": {
              "a": 0,
              "k": 68,
              "ix": 11
            },
            "r": {
              "a": 1,
              "k": [
                {
                  "i": {
                    "x": [
                      0.833
                    ],
                    "y": [
                      0.833
                    ]
                  },
                  "o": {
                    "x": [
                      0.167
                    ],
                    "y": [
                      0.167
                    ]
                  },
                  "t": 0,
                  "s": [
                    132
                  ]
                },
                {
                  "i": {
                    "x": [
                      0.833
                    ],
                    "y": [
                      0.833
                    ]
                  },
                  "o": {
                    "x": [
                      0.167
                    ],
                    "y": [
                      0.167
                    ]
                  },
                  "t": 36,
                  "s": [
                    708
                  ]
                },
                {
                  "t": 60,
                  "s": [
                    492
                  ]
                }
              ],
              "ix": 10
            },
            "p": {
              "a": 1,
              "k": [
                {
                  "i": {
                    "x": 0.833,
                    "y": 0.833
                  },
                  "o": {
                    "x": 0.167,
                    "y": 0.167
                  },
                  "t": 0,
                  "s": [
                    509,
                    532.003,
                    0
                  ],
                  "to": [
                    0,
                    0,
                    0
                  ],
                  "ti": [
                    0,
                    0,
                    0
                  ]
                },
                {
                  "t": 60,
                  "s": [
                    509,
                    532.003,
                    0
                  ]
                }
              ],
              "ix": 2
            },
            "a": {
              "a": 0,
              "k": [
                291.5,
                278.5,
                0
              ],
              "ix": 1
            },
            "s": {
              "a": 0,
              "k": [
                6,
                6,
                100
              ],
              "ix": 6
            }
          },
          "ao": 0,
          "ip": 0,
          "op": 90,
          "st": 0,
          "bm": 0
        },
        {
          "ddd": 0,
          "ind": 12,
          "ty": 2,
          "nm": "Vector Smart Object1.png",
          "cl": "png",
          "refId": "image_0",
          "sr": 1,
          "ks": {
            "o": {
              "a": 0,
              "k": 68,
              "ix": 11
            },
            "r": {
              "a": 1,
              "k": [
                {
                  "i": {
                    "x": [
                      0.833
                    ],
                    "y": [
                      0.833
                    ]
                  },
                  "o": {
                    "x": [
                      0.167
                    ],
                    "y": [
                      0.167
                    ]
                  },
                  "t": 0,
                  "s": [
                    33
                  ]
                },
                {
                  "t": 60,
                  "s": [
                    393
                  ]
                }
              ],
              "ix": 10
            },
            "p": {
              "a": 1,
              "k": [
                {
                  "i": {
                    "x": 0.833,
                    "y": 0.833
                  },
                  "o": {
                    "x": 0.167,
                    "y": 0.167
                  },
                  "t": 0,
                  "s": [
                    445,
                    202.003,
                    0
                  ],
                  "to": [
                    0,
                    0,
                    0
                  ],
                  "ti": [
                    0,
                    0,
                    0
                  ]
                },
                {
                  "t": 60,
                  "s": [
                    445,
                    202.003,
                    0
                  ]
                }
              ],
              "ix": 2
            },
            "a": {
              "a": 0,
              "k": [
                291.5,
                278.5,
                0
              ],
              "ix": 1
            },
            "s": {
              "a": 0,
              "k": [
                6,
                6,
                100
              ],
              "ix": 6
            }
          },
          "ao": 0,
          "ip": 0,
          "op": 90,
          "st": 0,
          "bm": 0
        },
        {
          "ddd": 0,
          "ind": 13,
          "ty": 2,
          "nm": "Vector Smart Object1.png",
          "cl": "png",
          "refId": "image_0",
          "sr": 1,
          "ks": {
            "o": {
              "a": 0,
              "k": 68,
              "ix": 11
            },
            "r": {
              "a": 1,
              "k": [
                {
                  "i": {
                    "x": [
                      0.833
                    ],
                    "y": [
                      0.833
                    ]
                  },
                  "o": {
                    "x": [
                      0.167
                    ],
                    "y": [
                      0.167
                    ]
                  },
                  "t": 0,
                  "s": [
                    65
                  ]
                },
                {
                  "t": 60,
                  "s": [
                    641
                  ]
                }
              ],
              "ix": 10
            },
            "p": {
              "a": 1,
              "k": [
                {
                  "i": {
                    "x": 0.833,
                    "y": 0.833
                  },
                  "o": {
                    "x": 0.167,
                    "y": 0.167
                  },
                  "t": 0,
                  "s": [
                    355,
                    722.003,
                    0
                  ],
                  "to": [
                    0,
                    0,
                    0
                  ],
                  "ti": [
                    0,
                    0,
                    0
                  ]
                },
                {
                  "i": {
                    "x": 0.833,
                    "y": 0.833
                  },
                  "o": {
                    "x": 0.167,
                    "y": 0.167
                  },
                  "t": 37,
                  "s": [
                    339,
                    688.003,
                    0
                  ],
                  "to": [
                    0,
                    0,
                    0
                  ],
                  "ti": [
                    0,
                    0,
                    0
                  ]
                },
                {
                  "t": 60,
                  "s": [
                    355,
                    722.003,
                    0
                  ]
                }
              ],
              "ix": 2
            },
            "a": {
              "a": 0,
              "k": [
                291.5,
                278.5,
                0
              ],
              "ix": 1
            },
            "s": {
              "a": 0,
              "k": [
                4,
                4,
                100
              ],
              "ix": 6
            }
          },
          "ao": 0,
          "ip": 0,
          "op": 90,
          "st": 0,
          "bm": 0
        },
        {
          "ddd": 0,
          "ind": 14,
          "ty": 2,
          "nm": "Vector Smart Object1.png",
          "cl": "png",
          "refId": "image_0",
          "sr": 1,
          "ks": {
            "o": {
              "a": 0,
              "k": 68,
              "ix": 11
            },
            "r": {
              "a": 1,
              "k": [
                {
                  "i": {
                    "x": [
                      0.833
                    ],
                    "y": [
                      0.833
                    ]
                  },
                  "o": {
                    "x": [
                      0.167
                    ],
                    "y": [
                      0.167
                    ]
                  },
                  "t": 0,
                  "s": [
                    104
                  ]
                },
                {
                  "t": 60,
                  "s": [
                    680
                  ]
                }
              ],
              "ix": 10
            },
            "p": {
              "a": 1,
              "k": [
                {
                  "i": {
                    "x": 0.833,
                    "y": 0.833
                  },
                  "o": {
                    "x": 0.167,
                    "y": 0.167
                  },
                  "t": 0,
                  "s": [
                    269,
                    280.003,
                    0
                  ],
                  "to": [
                    0,
                    0,
                    0
                  ],
                  "ti": [
                    0,
                    0,
                    0
                  ]
                },
                {
                  "i": {
                    "x": 0.833,
                    "y": 0.833
                  },
                  "o": {
                    "x": 0.167,
                    "y": 0.167
                  },
                  "t": 25,
                  "s": [
                    231,
                    242.003,
                    0
                  ],
                  "to": [
                    0,
                    0,
                    0
                  ],
                  "ti": [
                    0,
                    0,
                    0
                  ]
                },
                {
                  "t": 60,
                  "s": [
                    269,
                    280.003,
                    0
                  ]
                }
              ],
              "ix": 2
            },
            "a": {
              "a": 0,
              "k": [
                291.5,
                278.5,
                0
              ],
              "ix": 1
            },
            "s": {
              "a": 0,
              "k": [
                4,
                4,
                100
              ],
              "ix": 6
            }
          },
          "ao": 0,
          "ip": 0,
          "op": 90,
          "st": 0,
          "bm": 0
        },
        {
          "ddd": 0,
          "ind": 15,
          "ty": 2,
          "nm": "Vector Smart Object1.png",
          "cl": "png",
          "refId": "image_0",
          "sr": 1,
          "ks": {
            "o": {
              "a": 0,
              "k": 68,
              "ix": 11
            },
            "r": {
              "a": 1,
              "k": [
                {
                  "i": {
                    "x": [
                      0.833
                    ],
                    "y": [
                      0.833
                    ]
                  },
                  "o": {
                    "x": [
                      0.167
                    ],
                    "y": [
                      0.167
                    ]
                  },
                  "t": 0,
                  "s": [
                    12
                  ]
                },
                {
                  "t": 60,
                  "s": [
                    372
                  ]
                }
              ],
              "ix": 10
            },
            "p": {
              "a": 1,
              "k": [
                {
                  "i": {
                    "x": 0.833,
                    "y": 0.833
                  },
                  "o": {
                    "x": 0.167,
                    "y": 0.167
                  },
                  "t": 0,
                  "s": [
                    905,
                    1052.003,
                    0
                  ],
                  "to": [
                    0,
                    0,
                    0
                  ],
                  "ti": [
                    0,
                    0,
                    0
                  ]
                },
                {
                  "t": 60,
                  "s": [
                    905,
                    1052.003,
                    0
                  ]
                }
              ],
              "ix": 2
            },
            "a": {
              "a": 0,
              "k": [
                291.5,
                278.5,
                0
              ],
              "ix": 1
            },
            "s": {
              "a": 0,
              "k": [
                6,
                6,
                100
              ],
              "ix": 6
            }
          },
          "ao": 0,
          "ip": 0,
          "op": 90,
          "st": 0,
          "bm": 0
        },
        {
          "ddd": 0,
          "ind": 16,
          "ty": 2,
          "nm": "Vector Smart Object1.png",
          "cl": "png",
          "refId": "image_0",
          "sr": 1,
          "ks": {
            "o": {
              "a": 0,
              "k": 68,
              "ix": 11
            },
            "r": {
              "a": 1,
              "k": [
                {
                  "i": {
                    "x": [
                      0.833
                    ],
                    "y": [
                      0.833
                    ]
                  },
                  "o": {
                    "x": [
                      0.167
                    ],
                    "y": [
                      0.167
                    ]
                  },
                  "t": 0,
                  "s": [
                    74
                  ]
                },
                {
                  "t": 60,
                  "s": [
                    434
                  ]
                }
              ],
              "ix": 10
            },
            "p": {
              "a": 1,
              "k": [
                {
                  "i": {
                    "x": 0.833,
                    "y": 0.833
                  },
                  "o": {
                    "x": 0.167,
                    "y": 0.167
                  },
                  "t": 0,
                  "s": [
                    695,
                    456.003,
                    0
                  ],
                  "to": [
                    0,
                    0,
                    0
                  ],
                  "ti": [
                    0,
                    0,
                    0
                  ]
                },
                {
                  "t": 60,
                  "s": [
                    695,
                    456.003,
                    0
                  ]
                }
              ],
              "ix": 2
            },
            "a": {
              "a": 0,
              "k": [
                291.5,
                278.5,
                0
              ],
              "ix": 1
            },
            "s": {
              "a": 0,
              "k": [
                6,
                6,
                100
              ],
              "ix": 6
            }
          },
          "ao": 0,
          "ip": 0,
          "op": 90,
          "st": 0,
          "bm": 0
        },
        {
          "ddd": 0,
          "ind": 17,
          "ty": 2,
          "nm": "Vector Smart Object1.png",
          "cl": "png",
          "refId": "image_0",
          "sr": 1,
          "ks": {
            "o": {
              "a": 0,
              "k": 68,
              "ix": 11
            },
            "r": {
              "a": 1,
              "k": [
                {
                  "i": {
                    "x": [
                      0.833
                    ],
                    "y": [
                      0.833
                    ]
                  },
                  "o": {
                    "x": [
                      0.167
                    ],
                    "y": [
                      0.167
                    ]
                  },
                  "t": 0,
                  "s": [
                    -28
                  ]
                },
                {
                  "t": 60,
                  "s": [
                    -388
                  ]
                }
              ],
              "ix": 10
            },
            "p": {
              "a": 1,
              "k": [
                {
                  "i": {
                    "x": 0.833,
                    "y": 0.833
                  },
                  "o": {
                    "x": 0.167,
                    "y": 0.167
                  },
                  "t": 0,
                  "s": [
                    239,
                    994.003,
                    0
                  ],
                  "to": [
                    0,
                    0,
                    0
                  ],
                  "ti": [
                    0,
                    0,
                    0
                  ]
                },
                {
                  "t": 60,
                  "s": [
                    239,
                    994.003,
                    0
                  ]
                }
              ],
              "ix": 2
            },
            "a": {
              "a": 0,
              "k": [
                291.5,
                278.5,
                0
              ],
              "ix": 1
            },
            "s": {
              "a": 0,
              "k": [
                8,
                8,
                100
              ],
              "ix": 6
            }
          },
          "ao": 0,
          "ip": 0,
          "op": 90,
          "st": 0,
          "bm": 0
        },
        {
          "ddd": 0,
          "ind": 18,
          "ty": 2,
          "nm": "Vector Smart Object1.png",
          "cl": "png",
          "refId": "image_0",
          "sr": 1,
          "ks": {
            "o": {
              "a": 0,
              "k": 68,
              "ix": 11
            },
            "r": {
              "a": 1,
              "k": [
                {
                  "i": {
                    "x": [
                      0.833
                    ],
                    "y": [
                      0.833
                    ]
                  },
                  "o": {
                    "x": [
                      0.167
                    ],
                    "y": [
                      0.167
                    ]
                  },
                  "t": 0,
                  "s": [
                    68
                  ]
                },
                {
                  "t": 60,
                  "s": [
                    428
                  ]
                }
              ],
              "ix": 10
            },
            "p": {
              "a": 1,
              "k": [
                {
                  "i": {
                    "x": 0.833,
                    "y": 0.833
                  },
                  "o": {
                    "x": 0.167,
                    "y": 0.167
                  },
                  "t": 0,
                  "s": [
                    321,
                    482.003,
                    0
                  ],
                  "to": [
                    0,
                    0,
                    0
                  ],
                  "ti": [
                    0,
                    0,
                    0
                  ]
                },
                {
                  "t": 60,
                  "s": [
                    321,
                    482.003,
                    0
                  ]
                }
              ],
              "ix": 2
            },
            "a": {
              "a": 0,
              "k": [
                291.5,
                278.5,
                0
              ],
              "ix": 1
            },
            "s": {
              "a": 0,
              "k": [
                8,
                8,
                100
              ],
              "ix": 6
            }
          },
          "ao": 0,
          "ip": 0,
          "op": 90,
          "st": 0,
          "bm": 0
        },
        {
          "ddd": 0,
          "ind": 19,
          "ty": 2,
          "nm": "Vector Smart Object1.png",
          "cl": "png",
          "refId": "image_0",
          "sr": 1,
          "ks": {
            "o": {
              "a": 0,
              "k": 68,
              "ix": 11
            },
            "r": {
              "a": 1,
              "k": [
                {
                  "i": {
                    "x": [
                      0.833
                    ],
                    "y": [
                      0.833
                    ]
                  },
                  "o": {
                    "x": [
                      0.167
                    ],
                    "y": [
                      0.167
                    ]
                  },
                  "t": 0,
                  "s": [
                    92
                  ]
                },
                {
                  "t": 60,
                  "s": [
                    452
                  ]
                }
              ],
              "ix": 10
            },
            "p": {
              "a": 1,
              "k": [
                {
                  "i": {
                    "x": 0.833,
                    "y": 0.833
                  },
                  "o": {
                    "x": 0.167,
                    "y": 0.167
                  },
                  "t": 0,
                  "s": [
                    717,
                    874.003,
                    0
                  ],
                  "to": [
                    0,
                    0,
                    0
                  ],
                  "ti": [
                    0,
                    0,
                    0
                  ]
                },
                {
                  "t": 60,
                  "s": [
                    717,
                    874.003,
                    0
                  ]
                }
              ],
              "ix": 2
            },
            "a": {
              "a": 0,
              "k": [
                291.5,
                278.5,
                0
              ],
              "ix": 1
            },
            "s": {
              "a": 0,
              "k": [
                6,
                6,
                100
              ],
              "ix": 6
            }
          },
          "ao": 0,
          "ip": 0,
          "op": 90,
          "st": 0,
          "bm": 0
        },
        {
          "ddd": 0,
          "ind": 20,
          "ty": 2,
          "nm": "Vector Smart Object1.png",
          "cl": "png",
          "refId": "image_0",
          "sr": 1,
          "ks": {
            "o": {
              "a": 0,
              "k": 68,
              "ix": 11
            },
            "r": {
              "a": 1,
              "k": [
                {
                  "i": {
                    "x": [
                      0.833
                    ],
                    "y": [
                      0.833
                    ]
                  },
                  "o": {
                    "x": [
                      0.167
                    ],
                    "y": [
                      0.167
                    ]
                  },
                  "t": 0,
                  "s": [
                    16
                  ]
                },
                {
                  "t": 60,
                  "s": [
                    376
                  ]
                }
              ],
              "ix": 10
            },
            "p": {
              "a": 1,
              "k": [
                {
                  "i": {
                    "x": 0.833,
                    "y": 0.833
                  },
                  "o": {
                    "x": 0.167,
                    "y": 0.167
                  },
                  "t": 0,
                  "s": [
                    685,
                    264.003,
                    0
                  ],
                  "to": [
                    0,
                    0,
                    0
                  ],
                  "ti": [
                    0,
                    0,
                    0
                  ]
                },
                {
                  "t": 60,
                  "s": [
                    685,
                    264.003,
                    0
                  ]
                }
              ],
              "ix": 2
            },
            "a": {
              "a": 0,
              "k": [
                291.5,
                278.5,
                0
              ],
              "ix": 1
            },
            "s": {
              "a": 0,
              "k": [
                6,
                6,
                100
              ],
              "ix": 6
            }
          },
          "ao": 0,
          "ip": 0,
          "op": 90,
          "st": 0,
          "bm": 0
        },
        {
          "ddd": 0,
          "ind": 21,
          "ty": 2,
          "nm": "Vector Smart Object1.png",
          "cl": "png",
          "refId": "image_0",
          "sr": 1,
          "ks": {
            "o": {
              "a": 0,
              "k": 68,
              "ix": 11
            },
            "r": {
              "a": 1,
              "k": [
                {
                  "i": {
                    "x": [
                      0.833
                    ],
                    "y": [
                      0.833
                    ]
                  },
                  "o": {
                    "x": [
                      0.167
                    ],
                    "y": [
                      0.167
                    ]
                  },
                  "t": 0,
                  "s": [
                    69
                  ]
                },
                {
                  "t": 60,
                  "s": [
                    429
                  ]
                }
              ],
              "ix": 10
            },
            "p": {
              "a": 1,
              "k": [
                {
                  "i": {
                    "x": 0.833,
                    "y": 0.833
                  },
                  "o": {
                    "x": 0.167,
                    "y": 0.167
                  },
                  "t": 0,
                  "s": [
                    545,
                    898.003,
                    0
                  ],
                  "to": [
                    0,
                    0,
                    0
                  ],
                  "ti": [
                    0,
                    0,
                    0
                  ]
                },
                {
                  "t": 60,
                  "s": [
                    545,
                    898.003,
                    0
                  ]
                }
              ],
              "ix": 2
            },
            "a": {
              "a": 0,
              "k": [
                291.5,
                278.5,
                0
              ],
              "ix": 1
            },
            "s": {
              "a": 0,
              "k": [
                6,
                6,
                100
              ],
              "ix": 6
            }
          },
          "ao": 0,
          "ip": 0,
          "op": 90,
          "st": 0,
          "bm": 0
        },
        {
          "ddd": 0,
          "ind": 22,
          "ty": 2,
          "nm": "Vector Smart Object1.png",
          "cl": "png",
          "refId": "image_0",
          "sr": 1,
          "ks": {
            "o": {
              "a": 0,
              "k": 68,
              "ix": 11
            },
            "r": {
              "a": 1,
              "k": [
                {
                  "i": {
                    "x": [
                      0.833
                    ],
                    "y": [
                      0.833
                    ]
                  },
                  "o": {
                    "x": [
                      0.167
                    ],
                    "y": [
                      0.167
                    ]
                  },
                  "t": 0,
                  "s": [
                    41
                  ]
                },
                {
                  "t": 60,
                  "s": [
                    401
                  ]
                }
              ],
              "ix": 10
            },
            "p": {
              "a": 1,
              "k": [
                {
                  "i": {
                    "x": 0.833,
                    "y": 0.833
                  },
                  "o": {
                    "x": 0.167,
                    "y": 0.167
                  },
                  "t": 0,
                  "s": [
                    547,
                    412.003,
                    0
                  ],
                  "to": [
                    0,
                    0,
                    0
                  ],
                  "ti": [
                    0,
                    0,
                    0
                  ]
                },
                {
                  "t": 60,
                  "s": [
                    547,
                    412.003,
                    0
                  ]
                }
              ],
              "ix": 2
            },
            "a": {
              "a": 0,
              "k": [
                291.5,
                278.5,
                0
              ],
              "ix": 1
            },
            "s": {
              "a": 0,
              "k": [
                6,
                6,
                100
              ],
              "ix": 6
            }
          },
          "ao": 0,
          "ip": 0,
          "op": 90,
          "st": 0,
          "bm": 0
        },
        {
          "ddd": 0,
          "ind": 23,
          "ty": 2,
          "nm": "Vector Smart Object1.png",
          "cl": "png",
          "refId": "image_0",
          "sr": 1,
          "ks": {
            "o": {
              "a": 0,
              "k": 68,
              "ix": 11
            },
            "r": {
              "a": 1,
              "k": [
                {
                  "i": {
                    "x": [
                      0.833
                    ],
                    "y": [
                      0.833
                    ]
                  },
                  "o": {
                    "x": [
                      0.167
                    ],
                    "y": [
                      0.167
                    ]
                  },
                  "t": 0,
                  "s": [
                    28
                  ]
                },
                {
                  "t": 60,
                  "s": [
                    388
                  ]
                }
              ],
              "ix": 10
            },
            "p": {
              "a": 1,
              "k": [
                {
                  "i": {
                    "x": 0.833,
                    "y": 0.833
                  },
                  "o": {
                    "x": 0.167,
                    "y": 0.167
                  },
                  "t": 0,
                  "s": [
                    1009,
                    812.003,
                    0
                  ],
                  "to": [
                    0,
                    0,
                    0
                  ],
                  "ti": [
                    0,
                    0,
                    0
                  ]
                },
                {
                  "i": {
                    "x": 0.833,
                    "y": 0.833
                  },
                  "o": {
                    "x": 0.167,
                    "y": 0.167
                  },
                  "t": 30,
                  "s": [
                    987,
                    846.003,
                    0
                  ],
                  "to": [
                    0,
                    0,
                    0
                  ],
                  "ti": [
                    0,
                    0,
                    0
                  ]
                },
                {
                  "t": 60,
                  "s": [
                    1009,
                    812.003,
                    0
                  ]
                }
              ],
              "ix": 2
            },
            "a": {
              "a": 0,
              "k": [
                291.5,
                278.5,
                0
              ],
              "ix": 1
            },
            "s": {
              "a": 0,
              "k": [
                6,
                6,
                100
              ],
              "ix": 6
            }
          },
          "ao": 0,
          "ip": 0,
          "op": 90,
          "st": 0,
          "bm": 0
        },
        {
          "ddd": 0,
          "ind": 24,
          "ty": 2,
          "nm": "Vector Smart Object1.png",
          "cl": "png",
          "refId": "image_0",
          "sr": 1,
          "ks": {
            "o": {
              "a": 0,
              "k": 68,
              "ix": 11
            },
            "r": {
              "a": 1,
              "k": [
                {
                  "i": {
                    "x": [
                      0.833
                    ],
                    "y": [
                      0.833
                    ]
                  },
                  "o": {
                    "x": [
                      0.167
                    ],
                    "y": [
                      0.167
                    ]
                  },
                  "t": 0,
                  "s": [
                    89
                  ]
                },
                {
                  "t": 60,
                  "s": [
                    449
                  ]
                }
              ],
              "ix": 10
            },
            "p": {
              "a": 1,
              "k": [
                {
                  "i": {
                    "x": 0.833,
                    "y": 0.833
                  },
                  "o": {
                    "x": 0.167,
                    "y": 0.167
                  },
                  "t": 0,
                  "s": [
                    1009,
                    312.003,
                    0
                  ],
                  "to": [
                    0,
                    0,
                    0
                  ],
                  "ti": [
                    0,
                    0,
                    0
                  ]
                },
                {
                  "i": {
                    "x": 0.833,
                    "y": 0.833
                  },
                  "o": {
                    "x": 0.167,
                    "y": 0.167
                  },
                  "t": 30,
                  "s": [
                    993,
                    336.003,
                    0
                  ],
                  "to": [
                    0,
                    0,
                    0
                  ],
                  "ti": [
                    0,
                    0,
                    0
                  ]
                },
                {
                  "t": 60,
                  "s": [
                    1009,
                    312.003,
                    0
                  ]
                }
              ],
              "ix": 2
            },
            "a": {
              "a": 0,
              "k": [
                291.5,
                278.5,
                0
              ],
              "ix": 1
            },
            "s": {
              "a": 0,
              "k": [
                6,
                6,
                100
              ],
              "ix": 6
            }
          },
          "ao": 0,
          "ip": 0,
          "op": 90,
          "st": 0,
          "bm": 0
        }
      ]
    }
  ],
  "layers": [
    {
      "ddd": 0,
      "ind": 1,
      "ty": 0,
      "nm": "2",
      "refId": "comp_0",
      "sr": 1,
      "ks": {
        "o": {
          "a": 0,
          "k": 100,
          "ix": 11
        },
        "r": {
          "a": 0,
          "k": 0,
          "ix": 10
        },
        "p": {
          "a": 1,
          "k": [
            {
              "i": {
                "x": 0.833,
                "y": 0.833
              },
              "o": {
                "x": 0.167,
                "y": 0.167
              },
              "t": 0,
              "s": [
                540,
                -540,
                0
              ],
              "to": [
                0,
                180,
                0
              ],
              "ti": [
                0,
                -180,
                0
              ]
            },
            {
              "t": 60,
              "s": [
                540,
                540,
                0
              ]
            }
          ],
          "ix": 2
        },
        "a": {
          "a": 0,
          "k": [
            540,
            540,
            0
          ],
          "ix": 1
        },
        "s": {
          "a": 0,
          "k": [
            100,
            100,
            100
          ],
          "ix": 6
        }
      },
      "ao": 0,
      "w": 1080,
      "h": 1080,
      "ip": 0,
      "op": 90,
      "st": 0,
      "bm": 0
    },
    {
      "ddd": 0,
      "ind": 2,
      "ty": 0,
      "nm": "1",
      "refId": "comp_0",
      "sr": 1,
      "ks": {
        "o": {
          "a": 0,
          "k": 100,
          "ix": 11
        },
        "r": {
          "a": 0,
          "k": 0,
          "ix": 10
        },
        "p": {
          "a": 1,
          "k": [
            {
              "i": {
                "x": 0.833,
                "y": 0.833
              },
              "o": {
                "x": 0.167,
                "y": 0.167
              },
              "t": 0,
              "s": [
                540,
                540,
                0
              ],
              "to": [
                0,
                180,
                0
              ],
              "ti": [
                0,
                -180,
                0
              ]
            },
            {
              "t": 60,
              "s": [
                540,
                1620,
                0
              ]
            }
          ],
          "ix": 2
        },
        "a": {
          "a": 0,
          "k": [
            540,
            540,
            0
          ],
          "ix": 1
        },
        "s": {
          "a": 0,
          "k": [
            100,
            100,
            100
          ],
          "ix": 6
        }
      },
      "ao": 0,
      "w": 1080,
      "h": 1080,
      "ip": 0,
      "op": 90,
      "st": 0,
      "bm": 0
    },
    {
      "ddd": 0,
      "ind": 3,
      "ty": 4,
      "nm": "Shape Layer 1",
      "sr": 1,
      "ks": {
        "o": {
          "a": 0,
          "k": 79,
          "ix": 11
        },
        "r": {
          "a": 0,
          "k": 0,
          "ix": 10
        },
        "p": {
          "a": 0,
          "k": [
            540,
            540,
            0
          ],
          "ix": 2
        },
        "a": {
          "a": 0,
          "k": [
            0,
            0,
            0
          ],
          "ix": 1
        },
        "s": {
          "a": 0,
          "k": [
            100,
            100,
            100
          ],
          "ix": 6
        }
      },
      "ao": 0,
      "shapes": [
        {
          "ty": "gr",
          "it": [
            {
              "ty": "rc",
              "d": 1,
              "s": {
                "a": 0,
                "k": [
                  1110,
                  1174.266
                ],
                "ix": 2
              },
              "p": {
                "a": 0,
                "k": [
                  0,
                  0
                ],
                "ix": 3
              },
              "r": {
                "a": 0,
                "k": 0,
                "ix": 4
              },
              "nm": "Rectangle Path 1",
              "mn": "ADBE Vector Shape - Rect",
              "hd": false
            },
            {
              "ty": "st",
              "c": {
                "a": 0,
                "k": [
                  1,
                  1,
                  1,
                  1
                ],
                "ix": 3
              },
              "o": {
                "a": 0,
                "k": 100,
                "ix": 4
              },
              "w": {
                "a": 0,
                "k": 2,
                "ix": 5
              },
              "lc": 1,
              "lj": 1,
              "ml": 4,
              "bm": 0,
              "nm": "Stroke 1",
              "mn": "ADBE Vector Graphic - Stroke",
              "hd": false
            },
            {
              "ty": "gf",
              "o": {
                "a": 0,
                "k": 100,
                "ix": 10
              },
              "r": 1,
              "bm": 0,
              "g": {
                "p": 3,
                "k": {
                  "a": 0,
                  "k": [
                    0,
                    1,
                    1,
                    1,
                    0.5,
                    0.5,
                    0.5,
                    0.5,
                    1,
                    0,
                    0,
                    0,
                    0,
                    1,
                    0.5,
                    0.5,
                    0.999,
                    0
                  ],
                  "ix": 9
                }
              },
              "s": {
                "a": 0,
                "k": [
                  -540.945,
                  499.969
                ],
                "ix": 5
              },
              "e": {
                "a": 0,
                "k": [
                  545.305,
                  -541.469
                ],
                "ix": 6
              },
              "t": 1,
              "nm": "Gradient Fill 1",
              "mn": "ADBE Vector Graphic - G-Fill",
              "hd": false
            },
            {
              "ty": "tr",
              "p": {
                "a": 0,
                "k": [
                  -5,
                  -16.867
                ],
                "ix": 2
              },
              "a": {
                "a": 0,
                "k": [
                  0,
                  0
                ],
                "ix": 1
              },
              "s": {
                "a": 0,
                "k": [
                  100,
                  100
                ],
                "ix": 3
              },
              "r": {
                "a": 0,
                "k": 0,
                "ix": 6
              },
              "o": {
                "a": 0,
                "k": 100,
                "ix": 7
              },
              "sk": {
                "a": 0,
                "k": 0,
                "ix": 4
              },
              "sa": {
                "a": 0,
                "k": 0,
                "ix": 5
              },
              "nm": "Transform"
            }
          ],
          "nm": "Rectangle 1",
          "np": 3,
          "cix": 2,
          "bm": 0,
          "ix": 1,
          "mn": "ADBE Vector Group",
          "hd": false
        }
      ],
      "ip": 0,
      "op": 90,
      "st": 0,
      "bm": 0
    }
  ],
  "markers": []
}