{
  "v": "5.5.9",
  "fr": 29.6000061035156,
  "ip": 0,
  "op": 59.000790786869,
  "w": 1080,
  "h": 1080,
  "nm": "Comp 1",
  "ddd": 0,
  "assets": [
    {
      "id": "image_0",
      "w": 74,
      "h": 140,
      "u": "animation4/",
      "p": "img_0.png",
      "e": 0
    },
    {
      "id": "image_1",
      "w": 143,
      "h": 210,
      "u": "animation4/",
      "p": "img_1.png",
      "e": 0
    },
    {
      "id": "comp_0",
      "layers": [
        {
          "ddd": 0,
          "ind": 1,
          "ty": 0,
          "nm": "butterfly",
          "refId": "comp_1",
          "sr": 1,
          "ks": {
            "o": {
              "a": 0,
              "k": 100,
              "ix": 11
            },
            "r": {
              "a": 0,
              "k": 102,
              "ix": 10
            },
            "p": {
              "a": 1,
              "k": [
                {
                  "i": {
                    "x": 0.833,
                    "y": 0.833
                  },
                  "o": {
                    "x": 0.167,
                    "y": 0.167
                  },
                  "t": 0,
                  "s": [
                    862,
                    236,
                    0
                  ],
                  "to": [
                    0,
                    0,
                    0
                  ],
                  "ti": [
                    0,
                    0,
                    0
                  ]
                },
                {
                  "i": {
                    "x": 0.833,
                    "y": 0.833
                  },
                  "o": {
                    "x": 0.167,
                    "y": 0.167
                  },
                  "t": 30,
                  "s": [
                    756,
                    134,
                    0
                  ],
                  "to": [
                    0,
                    0,
                    0
                  ],
                  "ti": [
                    0,
                    0,
                    0
                  ]
                },
                {
                  "t": 58.0007773837017,
                  "s": [
                    862,
                    236,
                    0
                  ]
                }
              ],
              "ix": 2
            },
            "a": {
              "a": 0,
              "k": [
                150,
                150,
                0
              ],
              "ix": 1
            },
            "s": {
              "a": 0,
              "k": [
                41,
                41,
                100
              ],
              "ix": 6
            }
          },
          "ao": 0,
          "w": 300,
          "h": 300,
          "ip": 0,
          "op": 1152.0154404487,
          "st": 0,
          "bm": 0
        },
        {
          "ddd": 0,
          "ind": 2,
          "ty": 0,
          "nm": "butterfly",
          "refId": "comp_1",
          "sr": 1,
          "ks": {
            "o": {
              "a": 0,
              "k": 100,
              "ix": 11
            },
            "r": {
              "a": 0,
              "k": 75,
              "ix": 10
            },
            "p": {
              "a": 1,
              "k": [
                {
                  "i": {
                    "x": 0.833,
                    "y": 0.833
                  },
                  "o": {
                    "x": 0.167,
                    "y": 0.167
                  },
                  "t": 0,
                  "s": [
                    858.097,
                    886.828,
                    0
                  ],
                  "to": [
                    0,
                    0,
                    0
                  ],
                  "ti": [
                    0,
                    0,
                    0
                  ]
                },
                {
                  "i": {
                    "x": 0.833,
                    "y": 0.833
                  },
                  "o": {
                    "x": 0.167,
                    "y": 0.167
                  },
                  "t": 42.001,
                  "s": [
                    804.097,
                    832.828,
                    0
                  ],
                  "to": [
                    0,
                    0,
                    0
                  ],
                  "ti": [
                    0,
                    0,
                    0
                  ]
                },
                {
                  "t": 58.0007773837017,
                  "s": [
                    858.097,
                    886.828,
                    0
                  ]
                }
              ],
              "ix": 2
            },
            "a": {
              "a": 0,
              "k": [
                150,
                150,
                0
              ],
              "ix": 1
            },
            "s": {
              "a": 0,
              "k": [
                31,
                31,
                100
              ],
              "ix": 6
            }
          },
          "ao": 0,
          "w": 300,
          "h": 300,
          "ip": 0,
          "op": 1152.0154404487,
          "st": 0,
          "bm": 0
        },
        {
          "ddd": 0,
          "ind": 3,
          "ty": 0,
          "nm": "butterfly",
          "refId": "comp_1",
          "sr": 1,
          "ks": {
            "o": {
              "a": 0,
              "k": 100,
              "ix": 11
            },
            "r": {
              "a": 0,
              "k": 68,
              "ix": 10
            },
            "p": {
              "a": 1,
              "k": [
                {
                  "i": {
                    "x": 0.833,
                    "y": 0.833
                  },
                  "o": {
                    "x": 0.167,
                    "y": 0.167
                  },
                  "t": 0,
                  "s": [
                    267.365,
                    847.273,
                    0
                  ],
                  "to": [
                    0,
                    0,
                    0
                  ],
                  "ti": [
                    0,
                    0,
                    0
                  ]
                },
                {
                  "i": {
                    "x": 0.833,
                    "y": 0.833
                  },
                  "o": {
                    "x": 0.167,
                    "y": 0.167
                  },
                  "t": 20,
                  "s": [
                    323.365,
                    981.273,
                    0
                  ],
                  "to": [
                    0,
                    0,
                    0
                  ],
                  "ti": [
                    0,
                    0,
                    0
                  ]
                },
                {
                  "t": 58.0007773837017,
                  "s": [
                    267.365,
                    847.273,
                    0
                  ]
                }
              ],
              "ix": 2
            },
            "a": {
              "a": 0,
              "k": [
                150,
                150,
                0
              ],
              "ix": 1
            },
            "s": {
              "a": 0,
              "k": [
                26,
                26,
                100
              ],
              "ix": 6
            }
          },
          "ao": 0,
          "w": 300,
          "h": 300,
          "ip": 0,
          "op": 1152.0154404487,
          "st": 0,
          "bm": 0
        },
        {
          "ddd": 0,
          "ind": 4,
          "ty": 0,
          "nm": "butterfly",
          "refId": "comp_1",
          "sr": 1,
          "ks": {
            "o": {
              "a": 0,
              "k": 100,
              "ix": 11
            },
            "r": {
              "a": 0,
              "k": 75,
              "ix": 10
            },
            "p": {
              "a": 1,
              "k": [
                {
                  "i": {
                    "x": 0.833,
                    "y": 0.833
                  },
                  "o": {
                    "x": 0.167,
                    "y": 0.167
                  },
                  "t": 0,
                  "s": [
                    531.273,
                    491.729,
                    0
                  ],
                  "to": [
                    0,
                    0,
                    0
                  ],
                  "ti": [
                    0,
                    0,
                    0
                  ]
                },
                {
                  "i": {
                    "x": 0.833,
                    "y": 0.833
                  },
                  "o": {
                    "x": 0.167,
                    "y": 0.167
                  },
                  "t": 30,
                  "s": [
                    459.273,
                    567.729,
                    0
                  ],
                  "to": [
                    0,
                    0,
                    0
                  ],
                  "ti": [
                    0,
                    0,
                    0
                  ]
                },
                {
                  "t": 58.0007773837017,
                  "s": [
                    531.273,
                    491.729,
                    0
                  ]
                }
              ],
              "ix": 2
            },
            "a": {
              "a": 0,
              "k": [
                150,
                150,
                0
              ],
              "ix": 1
            },
            "s": {
              "a": 0,
              "k": [
                31,
                31,
                100
              ],
              "ix": 6
            }
          },
          "ao": 0,
          "w": 300,
          "h": 300,
          "ip": 0,
          "op": 1152.0154404487,
          "st": 0,
          "bm": 0
        },
        {
          "ddd": 0,
          "ind": 5,
          "ty": 0,
          "nm": "butterfly",
          "refId": "comp_1",
          "sr": 1,
          "ks": {
            "o": {
              "a": 0,
              "k": 100,
              "ix": 11
            },
            "r": {
              "a": 0,
              "k": 112,
              "ix": 10
            },
            "p": {
              "a": 1,
              "k": [
                {
                  "i": {
                    "x": 0.833,
                    "y": 0.833
                  },
                  "o": {
                    "x": 0.167,
                    "y": 0.167
                  },
                  "t": 0,
                  "s": [
                    187.269,
                    252.194,
                    0
                  ],
                  "to": [
                    0,
                    0,
                    0
                  ],
                  "ti": [
                    0,
                    0,
                    0
                  ]
                },
                {
                  "i": {
                    "x": 0.833,
                    "y": 0.833
                  },
                  "o": {
                    "x": 0.167,
                    "y": 0.167
                  },
                  "t": 27,
                  "s": [
                    259.269,
                    138.194,
                    0
                  ],
                  "to": [
                    0,
                    0,
                    0
                  ],
                  "ti": [
                    0,
                    0,
                    0
                  ]
                },
                {
                  "t": 58.0007773837017,
                  "s": [
                    187.269,
                    252.194,
                    0
                  ]
                }
              ],
              "ix": 2
            },
            "a": {
              "a": 0,
              "k": [
                150,
                150,
                0
              ],
              "ix": 1
            },
            "s": {
              "a": 0,
              "k": [
                31,
                31,
                100
              ],
              "ix": 6
            }
          },
          "ao": 0,
          "w": 300,
          "h": 300,
          "ip": 0,
          "op": 1152.0154404487,
          "st": 0,
          "bm": 0
        }
      ]
    },
    {
      "id": "comp_1",
      "layers": [
        {
          "ddd": 0,
          "ind": 1,
          "ty": 2,
          "nm": "butterfly.png",
          "cl": "png",
          "refId": "image_0",
          "sr": 1,
          "ks": {
            "o": {
              "a": 0,
              "k": 100,
              "ix": 11
            },
            "r": {
              "a": 0,
              "k": 0,
              "ix": 10
            },
            "p": {
              "a": 0,
              "k": [
                146.5,
                151,
                0
              ],
              "ix": 2
            },
            "a": {
              "a": 0,
              "k": [
                37,
                70,
                0
              ],
              "ix": 1
            },
            "s": {
              "a": 0,
              "k": [
                100,
                100,
                100
              ],
              "ix": 6
            }
          },
          "ao": 0,
          "ip": 0,
          "op": 1152.0154404487,
          "st": 0,
          "bm": 0
        },
        {
          "ddd": 0,
          "ind": 2,
          "ty": 2,
          "nm": "wing.png",
          "cl": "png",
          "refId": "image_1",
          "sr": 1,
          "ks": {
            "o": {
              "a": 0,
              "k": 100,
              "ix": 11
            },
            "r": {
              "a": 0,
              "k": 0,
              "ix": 10
            },
            "p": {
              "a": 0,
              "k": [
                146.5,
                173,
                0
              ],
              "ix": 2
            },
            "a": {
              "a": 0,
              "k": [
                0,
                126.5,
                0
              ],
              "ix": 1
            },
            "s": {
              "a": 1,
              "k": [
                {
                  "i": {
                    "x": [
                      0.667,
                      0.667,
                      0.667
                    ],
                    "y": [
                      1,
                      1,
                      1
                    ]
                  },
                  "o": {
                    "x": [
                      0.333,
                      0.333,
                      0.333
                    ],
                    "y": [
                      0,
                      0,
                      0
                    ]
                  },
                  "t": 0,
                  "s": [
                    -100,
                    100,
                    100
                  ]
                },
                {
                  "i": {
                    "x": [
                      0.667,
                      0.667,
                      0.667
                    ],
                    "y": [
                      1,
                      1,
                      1
                    ]
                  },
                  "o": {
                    "x": [
                      0.333,
                      0.333,
                      0.333
                    ],
                    "y": [
                      0,
                      0,
                      0
                    ]
                  },
                  "t": 5,
                  "s": [
                    -65.385,
                    100,
                    100
                  ]
                },
                {
                  "i": {
                    "x": [
                      0.667,
                      0.667,
                      0.667
                    ],
                    "y": [
                      1,
                      1,
                      1
                    ]
                  },
                  "o": {
                    "x": [
                      0.333,
                      0.333,
                      0.333
                    ],
                    "y": [
                      0,
                      0,
                      0
                    ]
                  },
                  "t": 10,
                  "s": [
                    -100,
                    100,
                    100
                  ]
                },
                {
                  "i": {
                    "x": [
                      0.667,
                      0.667,
                      0.667
                    ],
                    "y": [
                      1,
                      1,
                      1
                    ]
                  },
                  "o": {
                    "x": [
                      0.333,
                      0.333,
                      0.333
                    ],
                    "y": [
                      0,
                      0,
                      0
                    ]
                  },
                  "t": 15,
                  "s": [
                    -65.385,
                    100,
                    100
                  ]
                },
                {
                  "i": {
                    "x": [
                      0.667,
                      0.667,
                      0.667
                    ],
                    "y": [
                      1,
                      1,
                      1
                    ]
                  },
                  "o": {
                    "x": [
                      0.333,
                      0.333,
                      0.333
                    ],
                    "y": [
                      0,
                      0,
                      0
                    ]
                  },
                  "t": 20,
                  "s": [
                    -100,
                    100,
                    100
                  ]
                },
                {
                  "i": {
                    "x": [
                      0.667,
                      0.667,
                      0.667
                    ],
                    "y": [
                      1,
                      1,
                      1
                    ]
                  },
                  "o": {
                    "x": [
                      0.333,
                      0.333,
                      0.333
                    ],
                    "y": [
                      0,
                      0,
                      0
                    ]
                  },
                  "t": 25,
                  "s": [
                    -65.385,
                    100,
                    100
                  ]
                },
                {
                  "i": {
                    "x": [
                      0.667,
                      0.667,
                      0.667
                    ],
                    "y": [
                      1,
                      1,
                      1
                    ]
                  },
                  "o": {
                    "x": [
                      0.333,
                      0.333,
                      0.333
                    ],
                    "y": [
                      0,
                      0,
                      0
                    ]
                  },
                  "t": 30,
                  "s": [
                    -100,
                    100,
                    100
                  ]
                },
                {
                  "i": {
                    "x": [
                      0.667,
                      0.667,
                      0.667
                    ],
                    "y": [
                      1,
                      1,
                      1
                    ]
                  },
                  "o": {
                    "x": [
                      0.333,
                      0.333,
                      0.333
                    ],
                    "y": [
                      0,
                      0,
                      0
                    ]
                  },
                  "t": 35,
                  "s": [
                    -65.385,
                    100,
                    100
                  ]
                },
                {
                  "i": {
                    "x": [
                      0.667,
                      0.667,
                      0.667
                    ],
                    "y": [
                      1,
                      1,
                      1
                    ]
                  },
                  "o": {
                    "x": [
                      0.333,
                      0.333,
                      0.333
                    ],
                    "y": [
                      0,
                      0,
                      0
                    ]
                  },
                  "t": 40.001,
                  "s": [
                    -100,
                    100,
                    100
                  ]
                },
                {
                  "i": {
                    "x": [
                      0.667,
                      0.667,
                      0.667
                    ],
                    "y": [
                      1,
                      1,
                      1
                    ]
                  },
                  "o": {
                    "x": [
                      0.333,
                      0.333,
                      0.333
                    ],
                    "y": [
                      0,
                      0,
                      0
                    ]
                  },
                  "t": 45.001,
                  "s": [
                    -65.385,
                    100,
                    100
                  ]
                },
                {
                  "i": {
                    "x": [
                      0.667,
                      0.667,
                      0.667
                    ],
                    "y": [
                      1,
                      1,
                      1
                    ]
                  },
                  "o": {
                    "x": [
                      0.333,
                      0.333,
                      0.333
                    ],
                    "y": [
                      0,
                      0,
                      0
                    ]
                  },
                  "t": 50.001,
                  "s": [
                    -100,
                    100,
                    100
                  ]
                },
                {
                  "i": {
                    "x": [
                      0.667,
                      0.667,
                      0.667
                    ],
                    "y": [
                      1,
                      1,
                      1
                    ]
                  },
                  "o": {
                    "x": [
                      0.333,
                      0.333,
                      0.333
                    ],
                    "y": [
                      0,
                      0,
                      0
                    ]
                  },
                  "t": 55.001,
                  "s": [
                    -65.385,
                    100,
                    100
                  ]
                },
                {
                  "i": {
                    "x": [
                      0.833,
                      0.833,
                      0.833
                    ],
                    "y": [
                      0.833,
                      1,
                      1
                    ]
                  },
                  "o": {
                    "x": [
                      0.333,
                      0.333,
                      0.333
                    ],
                    "y": [
                      0,
                      0,
                      0
                    ]
                  },
                  "t": 60.001,
                  "s": [
                    -100,
                    100,
                    100
                  ]
                },
                {
                  "i": {
                    "x": [
                      0.833,
                      0.833,
                      0.833
                    ],
                    "y": [
                      0.833,
                      0.833,
                      0.833
                    ]
                  },
                  "o": {
                    "x": [
                      0.167,
                      0.167,
                      0.167
                    ],
                    "y": [
                      0.167,
                      0.167,
                      0.167
                    ]
                  },
                  "t": 65.001,
                  "s": [
                    -65.385,
                    100,
                    100
                  ]
                },
                {
                  "i": {
                    "x": [
                      0.833,
                      0.833,
                      0.833
                    ],
                    "y": [
                      0.833,
                      0.833,
                      0.833
                    ]
                  },
                  "o": {
                    "x": [
                      0.167,
                      0.167,
                      0.167
                    ],
                    "y": [
                      0.167,
                      0.167,
                      0.167
                    ]
                  },
                  "t": 70.001,
                  "s": [
                    -100,
                    100,
                    100
                  ]
                },
                {
                  "i": {
                    "x": [
                      0.833,
                      0.833,
                      0.833
                    ],
                    "y": [
                      0.833,
                      0.833,
                      0.833
                    ]
                  },
                  "o": {
                    "x": [
                      0.167,
                      0.167,
                      0.167
                    ],
                    "y": [
                      0.167,
                      0.167,
                      0.167
                    ]
                  },
                  "t": 75.001,
                  "s": [
                    -65.385,
                    100,
                    100
                  ]
                },
                {
                  "t": 80.0010722533817,
                  "s": [
                    -100,
                    100,
                    100
                  ]
                }
              ],
              "ix": 6
            }
          },
          "ao": 0,
          "ip": 0,
          "op": 1152.0154404487,
          "st": 0,
          "bm": 0
        },
        {
          "ddd": 0,
          "ind": 3,
          "ty": 2,
          "nm": "wing.png",
          "cl": "png",
          "refId": "image_1",
          "sr": 1,
          "ks": {
            "o": {
              "a": 0,
              "k": 100,
              "ix": 11
            },
            "r": {
              "a": 0,
              "k": 0,
              "ix": 10
            },
            "p": {
              "a": 0,
              "k": [
                146.5,
                171,
                0
              ],
              "ix": 2
            },
            "a": {
              "a": 0,
              "k": [
                0,
                124.5,
                0
              ],
              "ix": 1
            },
            "s": {
              "a": 1,
              "k": [
                {
                  "i": {
                    "x": [
                      0.667,
                      0.667,
                      0.667
                    ],
                    "y": [
                      1,
                      1,
                      1
                    ]
                  },
                  "o": {
                    "x": [
                      0.333,
                      0.333,
                      0.333
                    ],
                    "y": [
                      0,
                      0,
                      0
                    ]
                  },
                  "t": 0,
                  "s": [
                    100,
                    100,
                    100
                  ]
                },
                {
                  "i": {
                    "x": [
                      0.667,
                      0.667,
                      0.667
                    ],
                    "y": [
                      1,
                      1,
                      1
                    ]
                  },
                  "o": {
                    "x": [
                      0.333,
                      0.333,
                      0.333
                    ],
                    "y": [
                      0,
                      0,
                      0
                    ]
                  },
                  "t": 5,
                  "s": [
                    65.734,
                    100,
                    100
                  ]
                },
                {
                  "i": {
                    "x": [
                      0.667,
                      0.667,
                      0.667
                    ],
                    "y": [
                      1,
                      1,
                      1
                    ]
                  },
                  "o": {
                    "x": [
                      0.333,
                      0.333,
                      0.333
                    ],
                    "y": [
                      0,
                      0,
                      0
                    ]
                  },
                  "t": 10,
                  "s": [
                    100,
                    100,
                    100
                  ]
                },
                {
                  "i": {
                    "x": [
                      0.667,
                      0.667,
                      0.667
                    ],
                    "y": [
                      1,
                      1,
                      1
                    ]
                  },
                  "o": {
                    "x": [
                      0.333,
                      0.333,
                      0.333
                    ],
                    "y": [
                      0,
                      0,
                      0
                    ]
                  },
                  "t": 15,
                  "s": [
                    65.734,
                    100,
                    100
                  ]
                },
                {
                  "i": {
                    "x": [
                      0.667,
                      0.667,
                      0.667
                    ],
                    "y": [
                      1,
                      1,
                      1
                    ]
                  },
                  "o": {
                    "x": [
                      0.333,
                      0.333,
                      0.333
                    ],
                    "y": [
                      0,
                      0,
                      0
                    ]
                  },
                  "t": 20,
                  "s": [
                    100,
                    100,
                    100
                  ]
                },
                {
                  "i": {
                    "x": [
                      0.667,
                      0.667,
                      0.667
                    ],
                    "y": [
                      1,
                      1,
                      1
                    ]
                  },
                  "o": {
                    "x": [
                      0.333,
                      0.333,
                      0.333
                    ],
                    "y": [
                      0,
                      0,
                      0
                    ]
                  },
                  "t": 25,
                  "s": [
                    65.734,
                    100,
                    100
                  ]
                },
                {
                  "i": {
                    "x": [
                      0.667,
                      0.667,
                      0.667
                    ],
                    "y": [
                      1,
                      1,
                      1
                    ]
                  },
                  "o": {
                    "x": [
                      0.333,
                      0.333,
                      0.333
                    ],
                    "y": [
                      0,
                      0,
                      0
                    ]
                  },
                  "t": 30,
                  "s": [
                    100,
                    100,
                    100
                  ]
                },
                {
                  "i": {
                    "x": [
                      0.667,
                      0.667,
                      0.667
                    ],
                    "y": [
                      1,
                      1,
                      1
                    ]
                  },
                  "o": {
                    "x": [
                      0.333,
                      0.333,
                      0.333
                    ],
                    "y": [
                      0,
                      0,
                      0
                    ]
                  },
                  "t": 35,
                  "s": [
                    65.734,
                    100,
                    100
                  ]
                },
                {
                  "i": {
                    "x": [
                      0.667,
                      0.667,
                      0.667
                    ],
                    "y": [
                      1,
                      1,
                      1
                    ]
                  },
                  "o": {
                    "x": [
                      0.333,
                      0.333,
                      0.333
                    ],
                    "y": [
                      0,
                      0,
                      0
                    ]
                  },
                  "t": 40.001,
                  "s": [
                    100,
                    100,
                    100
                  ]
                },
                {
                  "i": {
                    "x": [
                      0.667,
                      0.667,
                      0.667
                    ],
                    "y": [
                      1,
                      1,
                      1
                    ]
                  },
                  "o": {
                    "x": [
                      0.333,
                      0.333,
                      0.333
                    ],
                    "y": [
                      0,
                      0,
                      0
                    ]
                  },
                  "t": 45.001,
                  "s": [
                    65.734,
                    100,
                    100
                  ]
                },
                {
                  "i": {
                    "x": [
                      0.667,
                      0.667,
                      0.667
                    ],
                    "y": [
                      1,
                      1,
                      1
                    ]
                  },
                  "o": {
                    "x": [
                      0.333,
                      0.333,
                      0.333
                    ],
                    "y": [
                      0,
                      0,
                      0
                    ]
                  },
                  "t": 50.001,
                  "s": [
                    100,
                    100,
                    100
                  ]
                },
                {
                  "i": {
                    "x": [
                      0.667,
                      0.667,
                      0.667
                    ],
                    "y": [
                      1,
                      1,
                      1
                    ]
                  },
                  "o": {
                    "x": [
                      0.333,
                      0.333,
                      0.333
                    ],
                    "y": [
                      0,
                      0,
                      0
                    ]
                  },
                  "t": 55.001,
                  "s": [
                    65.734,
                    100,
                    100
                  ]
                },
                {
                  "t": 60.0008041900363,
                  "s": [
                    100,
                    100,
                    100
                  ]
                }
              ],
              "ix": 6
            }
          },
          "ao": 0,
          "ip": 0,
          "op": 1152.0154404487,
          "st": 0,
          "bm": 0
        }
      ]
    }
  ],
  "layers": [
    {
      "ddd": 0,
      "ind": 1,
      "ty": 0,
      "nm": "2",
      "refId": "comp_0",
      "sr": 1,
      "ks": {
        "o": {
          "a": 0,
          "k": 100,
          "ix": 11
        },
        "r": {
          "a": 0,
          "k": 0,
          "ix": 10
        },
        "p": {
          "a": 1,
          "k": [
            {
              "i": {
                "x": 0.833,
                "y": 0.833
              },
              "o": {
                "x": 0.167,
                "y": 0.167
              },
              "t": 0,
              "s": [
                -538,
                540,
                0
              ],
              "to": [
                179.667,
                0,
                0
              ],
              "ti": [
                -179.667,
                0,
                0
              ]
            },
            {
              "t": 59.000790786869,
              "s": [
                540,
                540,
                0
              ]
            }
          ],
          "ix": 2
        },
        "a": {
          "a": 0,
          "k": [
            540,
            540,
            0
          ],
          "ix": 1
        },
        "s": {
          "a": 0,
          "k": [
            100,
            100,
            100
          ],
          "ix": 6
        }
      },
      "ao": 0,
      "w": 1080,
      "h": 1080,
      "ip": 0,
      "op": 1152.0154404487,
      "st": 0,
      "bm": 0
    },
    {
      "ddd": 0,
      "ind": 2,
      "ty": 0,
      "nm": "1",
      "refId": "comp_0",
      "sr": 1,
      "ks": {
        "o": {
          "a": 0,
          "k": 100,
          "ix": 11
        },
        "r": {
          "a": 0,
          "k": 0,
          "ix": 10
        },
        "p": {
          "a": 1,
          "k": [
            {
              "i": {
                "x": 0.833,
                "y": 0.833
              },
              "o": {
                "x": 0.167,
                "y": 0.167
              },
              "t": 0,
              "s": [
                540,
                540,
                0
              ],
              "to": [
                179.667,
                0,
                0
              ],
              "ti": [
                -179.667,
                0,
                0
              ]
            },
            {
              "t": 59.000790786869,
              "s": [
                1618,
                540,
                0
              ]
            }
          ],
          "ix": 2
        },
        "a": {
          "a": 0,
          "k": [
            540,
            540,
            0
          ],
          "ix": 1
        },
        "s": {
          "a": 0,
          "k": [
            100,
            100,
            100
          ],
          "ix": 6
        }
      },
      "ao": 0,
      "w": 1080,
      "h": 1080,
      "ip": 0,
      "op": 1152.0154404487,
      "st": 0,
      "bm": 0
    }
  ],
  "markers": []
}