{
  "v": "5.5.9",
  "fr": 30,
  "ip": 0,
  "op": 60,
  "w": 300,
  "h": 300,
  "nm": "skull",
  "ddd": 0,
  "assets": [
    {
      "id": "image_0",
      "w": 387,
      "h": 496,
      "u": "images/",
      "p": "img_0.png",
      "e": 0
    },
    {
      "id": "comp_0",
      "layers": [
        {
          "ddd": 0,
          "ind": 1,
          "ty": 4,
          "nm": "Shape Layer 2",
          "sr": 1,
          "ks": {
            "o": {
              "a": 1,
              "k": [
                {
                  "i": {
                    "x": [
                      0.833
                    ],
                    "y": [
                      0.833
                    ]
                  },
                  "o": {
                    "x": [
                      0.167
                    ],
                    "y": [
                      0.167
                    ]
                  },
                  "t": 0,
                  "s": [
                    100
                  ]
                },
                {
                  "i": {
                    "x": [
                      0.833
                    ],
                    "y": [
                      0.833
                    ]
                  },
                  "o": {
                    "x": [
                      0.167
                    ],
                    "y": [
                      0.167
                    ]
                  },
                  "t": 13.869,
                  "s": [
                    0
                  ]
                },
                {
                  "i": {
                    "x": [
                      0.833
                    ],
                    "y": [
                      0.833
                    ]
                  },
                  "o": {
                    "x": [
                      0.167
                    ],
                    "y": [
                      0.167
                    ]
                  },
                  "t": 29,
                  "s": [
                    100
                  ]
                },
                {
                  "i": {
                    "x": [
                      0.833
                    ],
                    "y": [
                      0.833
                    ]
                  },
                  "o": {
                    "x": [
                      0.167
                    ],
                    "y": [
                      0.167
                    ]
                  },
                  "t": 45,
                  "s": [
                    0
                  ]
                },
                {
                  "t": 60.130859375,
                  "s": [
                    100
                  ]
                }
              ],
              "ix": 11
            },
            "r": {
              "a": 0,
              "k": 0,
              "ix": 10
            },
            "p": {
              "a": 0,
              "k": [
                108.562,
                73.942,
                0
              ],
              "ix": 2
            },
            "a": {
              "a": 0,
              "k": [
                -27.813,
                -8.808,
                0
              ],
              "ix": 1
            },
            "s": {
              "a": 0,
              "k": [
                100,
                100,
                100
              ],
              "ix": 6
            }
          },
          "ao": 0,
          "ef": [
            {
              "ty": 5,
              "nm": "Glow",
              "np": 17,
              "mn": "ADBE Glo2",
              "ix": 1,
              "en": 1,
              "ef": [
                {
                  "ty": 7,
                  "nm": "Glow Based On",
                  "mn": "ADBE Glo2-0001",
                  "ix": 1,
                  "v": {
                    "a": 0,
                    "k": 1,
                    "ix": 1
                  }
                },
                {
                  "ty": 0,
                  "nm": "Glow Threshold",
                  "mn": "ADBE Glo2-0002",
                  "ix": 2,
                  "v": {
                    "a": 0,
                    "k": 153,
                    "ix": 2
                  }
                },
                {
                  "ty": 0,
                  "nm": "Glow Radius",
                  "mn": "ADBE Glo2-0003",
                  "ix": 3,
                  "v": {
                    "a": 0,
                    "k": 15,
                    "ix": 3
                  }
                },
                {
                  "ty": 0,
                  "nm": "Glow Intensity",
                  "mn": "ADBE Glo2-0004",
                  "ix": 4,
                  "v": {
                    "a": 0,
                    "k": 3,
                    "ix": 4
                  }
                },
                {
                  "ty": 7,
                  "nm": "Composite Original",
                  "mn": "ADBE Glo2-0005",
                  "ix": 5,
                  "v": {
                    "a": 0,
                    "k": 2,
                    "ix": 5
                  }
                },
                {
                  "ty": 7,
                  "nm": "Glow Operation",
                  "mn": "ADBE Glo2-0006",
                  "ix": 6,
                  "v": {
                    "a": 0,
                    "k": 3,
                    "ix": 6
                  }
                },
                {
                  "ty": 7,
                  "nm": "Glow Colors",
                  "mn": "ADBE Glo2-0007",
                  "ix": 7,
                  "v": {
                    "a": 0,
                    "k": 2,
                    "ix": 7
                  }
                },
                {
                  "ty": 7,
                  "nm": "Color Looping",
                  "mn": "ADBE Glo2-0008",
                  "ix": 8,
                  "v": {
                    "a": 0,
                    "k": 3,
                    "ix": 8
                  }
                },
                {
                  "ty": 0,
                  "nm": "Color Loops",
                  "mn": "ADBE Glo2-0009",
                  "ix": 9,
                  "v": {
                    "a": 0,
                    "k": 1,
                    "ix": 9
                  }
                },
                {
                  "ty": 0,
                  "nm": "Color Phase",
                  "mn": "ADBE Glo2-0010",
                  "ix": 10,
                  "v": {
                    "a": 0,
                    "k": 0,
                    "ix": 10
                  }
                },
                {
                  "ty": 0,
                  "nm": "A & B Midpoint",
                  "mn": "ADBE Glo2-0011",
                  "ix": 11,
                  "v": {
                    "a": 0,
                    "k": 0.5,
                    "ix": 11
                  }
                },
                {
                  "ty": 2,
                  "nm": "Color A",
                  "mn": "ADBE Glo2-0012",
                  "ix": 12,
                  "v": {
                    "a": 0,
                    "k": [
                      1,
                      0,
                      0,
                      1
                    ],
                    "ix": 12
                  }
                },
                {
                  "ty": 2,
                  "nm": "Color B",
                  "mn": "ADBE Glo2-0013",
                  "ix": 13,
                  "v": {
                    "a": 0,
                    "k": [
                      1,
                      0,
                      0,
                      1
                    ],
                    "ix": 13
                  }
                },
                {
                  "ty": 7,
                  "nm": "Glow Dimensions",
                  "mn": "ADBE Glo2-0014",
                  "ix": 14,
                  "v": {
                    "a": 0,
                    "k": 1,
                    "ix": 14
                  }
                },
                {
                  "ty": 7,
                  "nm": "GPU Rendering",
                  "mn": "ADBE Force CPU GPU",
                  "ix": 15,
                  "v": {
                    "a": 0,
                    "k": 1,
                    "ix": 15
                  }
                }
              ]
            },
            {
              "ty": 29,
              "nm": "Gaussian Blur",
              "np": 6,
              "mn": "ADBE Gaussian Blur 2",
              "ix": 2,
              "en": 1,
              "ef": [
                {
                  "ty": 0,
                  "nm": "Blurriness",
                  "mn": "ADBE Gaussian Blur 2-0001",
                  "ix": 1,
                  "v": {
                    "a": 0,
                    "k": 8.3,
                    "ix": 1
                  }
                },
                {
                  "ty": 7,
                  "nm": "Blur Dimensions",
                  "mn": "ADBE Gaussian Blur 2-0002",
                  "ix": 2,
                  "v": {
                    "a": 0,
                    "k": 1,
                    "ix": 2
                  }
                },
                {
                  "ty": 7,
                  "nm": "Repeat Edge Pixels",
                  "mn": "ADBE Gaussian Blur 2-0003",
                  "ix": 3,
                  "v": {
                    "a": 0,
                    "k": 0,
                    "ix": 3
                  }
                },
                {
                  "ty": 7,
                  "nm": "GPU Rendering",
                  "mn": "ADBE Force CPU GPU",
                  "ix": 4,
                  "v": {
                    "a": 0,
                    "k": 1,
                    "ix": 4
                  }
                }
              ]
            }
          ],
          "shapes": [
            {
              "ty": "gr",
              "it": [
                {
                  "d": 1,
                  "ty": "el",
                  "s": {
                    "a": 0,
                    "k": [
                      11.373,
                      9.385
                    ],
                    "ix": 2
                  },
                  "p": {
                    "a": 0,
                    "k": [
                      0,
                      0
                    ],
                    "ix": 3
                  },
                  "nm": "Ellipse Path 1",
                  "mn": "ADBE Vector Shape - Ellipse",
                  "hd": false
                },
                {
                  "ty": "fl",
                  "c": {
                    "a": 0,
                    "k": [
                      0.992080269608,
                      0,
                      0,
                      1
                    ],
                    "ix": 4
                  },
                  "o": {
                    "a": 0,
                    "k": 100,
                    "ix": 5
                  },
                  "r": 1,
                  "bm": 0,
                  "nm": "Fill 1",
                  "mn": "ADBE Vector Graphic - Fill",
                  "hd": false
                },
                {
                  "ty": "tr",
                  "p": {
                    "a": 0,
                    "k": [
                      -27.813,
                      -8.808
                    ],
                    "ix": 2
                  },
                  "a": {
                    "a": 0,
                    "k": [
                      0,
                      0
                    ],
                    "ix": 1
                  },
                  "s": {
                    "a": 0,
                    "k": [
                      100,
                      100
                    ],
                    "ix": 3
                  },
                  "r": {
                    "a": 0,
                    "k": 0,
                    "ix": 6
                  },
                  "o": {
                    "a": 0,
                    "k": 100,
                    "ix": 7
                  },
                  "sk": {
                    "a": 0,
                    "k": 0,
                    "ix": 4
                  },
                  "sa": {
                    "a": 0,
                    "k": 0,
                    "ix": 5
                  },
                  "nm": "Transform"
                }
              ],
              "nm": "Ellipse 1",
              "np": 3,
              "cix": 2,
              "bm": 0,
              "ix": 1,
              "mn": "ADBE Vector Group",
              "hd": false
            }
          ],
          "ip": 0,
          "op": 300,
          "st": 0,
          "bm": 0
        },
        {
          "ddd": 0,
          "ind": 2,
          "ty": 4,
          "nm": "Shape Layer 1",
          "sr": 1,
          "ks": {
            "o": {
              "a": 1,
              "k": [
                {
                  "i": {
                    "x": [
                      0.833
                    ],
                    "y": [
                      0.833
                    ]
                  },
                  "o": {
                    "x": [
                      0.167
                    ],
                    "y": [
                      0.167
                    ]
                  },
                  "t": 0,
                  "s": [
                    100
                  ]
                },
                {
                  "i": {
                    "x": [
                      0.833
                    ],
                    "y": [
                      0.833
                    ]
                  },
                  "o": {
                    "x": [
                      0.167
                    ],
                    "y": [
                      0.167
                    ]
                  },
                  "t": 13.869,
                  "s": [
                    0
                  ]
                },
                {
                  "i": {
                    "x": [
                      0.833
                    ],
                    "y": [
                      0.833
                    ]
                  },
                  "o": {
                    "x": [
                      0.167
                    ],
                    "y": [
                      0.167
                    ]
                  },
                  "t": 29,
                  "s": [
                    100
                  ]
                },
                {
                  "i": {
                    "x": [
                      0.833
                    ],
                    "y": [
                      0.833
                    ]
                  },
                  "o": {
                    "x": [
                      0.167
                    ],
                    "y": [
                      0.167
                    ]
                  },
                  "t": 45,
                  "s": [
                    0
                  ]
                },
                {
                  "t": 60.130859375,
                  "s": [
                    100
                  ]
                }
              ],
              "ix": 11
            },
            "r": {
              "a": 0,
              "k": 0,
              "ix": 10
            },
            "p": {
              "a": 0,
              "k": [
                58.562,
                73.942,
                0
              ],
              "ix": 2
            },
            "a": {
              "a": 0,
              "k": [
                -27.813,
                -8.808,
                0
              ],
              "ix": 1
            },
            "s": {
              "a": 0,
              "k": [
                100,
                100,
                100
              ],
              "ix": 6
            }
          },
          "ao": 0,
          "ef": [
            {
              "ty": 5,
              "nm": "Glow",
              "np": 17,
              "mn": "ADBE Glo2",
              "ix": 1,
              "en": 1,
              "ef": [
                {
                  "ty": 7,
                  "nm": "Glow Based On",
                  "mn": "ADBE Glo2-0001",
                  "ix": 1,
                  "v": {
                    "a": 0,
                    "k": 1,
                    "ix": 1
                  }
                },
                {
                  "ty": 0,
                  "nm": "Glow Threshold",
                  "mn": "ADBE Glo2-0002",
                  "ix": 2,
                  "v": {
                    "a": 0,
                    "k": 153,
                    "ix": 2
                  }
                },
                {
                  "ty": 0,
                  "nm": "Glow Radius",
                  "mn": "ADBE Glo2-0003",
                  "ix": 3,
                  "v": {
                    "a": 0,
                    "k": 15,
                    "ix": 3
                  }
                },
                {
                  "ty": 0,
                  "nm": "Glow Intensity",
                  "mn": "ADBE Glo2-0004",
                  "ix": 4,
                  "v": {
                    "a": 0,
                    "k": 3,
                    "ix": 4
                  }
                },
                {
                  "ty": 7,
                  "nm": "Composite Original",
                  "mn": "ADBE Glo2-0005",
                  "ix": 5,
                  "v": {
                    "a": 0,
                    "k": 2,
                    "ix": 5
                  }
                },
                {
                  "ty": 7,
                  "nm": "Glow Operation",
                  "mn": "ADBE Glo2-0006",
                  "ix": 6,
                  "v": {
                    "a": 0,
                    "k": 3,
                    "ix": 6
                  }
                },
                {
                  "ty": 7,
                  "nm": "Glow Colors",
                  "mn": "ADBE Glo2-0007",
                  "ix": 7,
                  "v": {
                    "a": 0,
                    "k": 2,
                    "ix": 7
                  }
                },
                {
                  "ty": 7,
                  "nm": "Color Looping",
                  "mn": "ADBE Glo2-0008",
                  "ix": 8,
                  "v": {
                    "a": 0,
                    "k": 3,
                    "ix": 8
                  }
                },
                {
                  "ty": 0,
                  "nm": "Color Loops",
                  "mn": "ADBE Glo2-0009",
                  "ix": 9,
                  "v": {
                    "a": 0,
                    "k": 1,
                    "ix": 9
                  }
                },
                {
                  "ty": 0,
                  "nm": "Color Phase",
                  "mn": "ADBE Glo2-0010",
                  "ix": 10,
                  "v": {
                    "a": 0,
                    "k": 0,
                    "ix": 10
                  }
                },
                {
                  "ty": 0,
                  "nm": "A & B Midpoint",
                  "mn": "ADBE Glo2-0011",
                  "ix": 11,
                  "v": {
                    "a": 0,
                    "k": 0.5,
                    "ix": 11
                  }
                },
                {
                  "ty": 2,
                  "nm": "Color A",
                  "mn": "ADBE Glo2-0012",
                  "ix": 12,
                  "v": {
                    "a": 0,
                    "k": [
                      1,
                      0,
                      0,
                      1
                    ],
                    "ix": 12
                  }
                },
                {
                  "ty": 2,
                  "nm": "Color B",
                  "mn": "ADBE Glo2-0013",
                  "ix": 13,
                  "v": {
                    "a": 0,
                    "k": [
                      1,
                      0,
                      0,
                      1
                    ],
                    "ix": 13
                  }
                },
                {
                  "ty": 7,
                  "nm": "Glow Dimensions",
                  "mn": "ADBE Glo2-0014",
                  "ix": 14,
                  "v": {
                    "a": 0,
                    "k": 1,
                    "ix": 14
                  }
                },
                {
                  "ty": 7,
                  "nm": "GPU Rendering",
                  "mn": "ADBE Force CPU GPU",
                  "ix": 15,
                  "v": {
                    "a": 0,
                    "k": 1,
                    "ix": 15
                  }
                }
              ]
            },
            {
              "ty": 29,
              "nm": "Gaussian Blur",
              "np": 6,
              "mn": "ADBE Gaussian Blur 2",
              "ix": 2,
              "en": 1,
              "ef": [
                {
                  "ty": 0,
                  "nm": "Blurriness",
                  "mn": "ADBE Gaussian Blur 2-0001",
                  "ix": 1,
                  "v": {
                    "a": 0,
                    "k": 8.3,
                    "ix": 1
                  }
                },
                {
                  "ty": 7,
                  "nm": "Blur Dimensions",
                  "mn": "ADBE Gaussian Blur 2-0002",
                  "ix": 2,
                  "v": {
                    "a": 0,
                    "k": 1,
                    "ix": 2
                  }
                },
                {
                  "ty": 7,
                  "nm": "Repeat Edge Pixels",
                  "mn": "ADBE Gaussian Blur 2-0003",
                  "ix": 3,
                  "v": {
                    "a": 0,
                    "k": 0,
                    "ix": 3
                  }
                },
                {
                  "ty": 7,
                  "nm": "GPU Rendering",
                  "mn": "ADBE Force CPU GPU",
                  "ix": 4,
                  "v": {
                    "a": 0,
                    "k": 1,
                    "ix": 4
                  }
                }
              ]
            }
          ],
          "shapes": [
            {
              "ty": "gr",
              "it": [
                {
                  "d": 1,
                  "ty": "el",
                  "s": {
                    "a": 0,
                    "k": [
                      11.373,
                      9.385
                    ],
                    "ix": 2
                  },
                  "p": {
                    "a": 0,
                    "k": [
                      0,
                      0
                    ],
                    "ix": 3
                  },
                  "nm": "Ellipse Path 1",
                  "mn": "ADBE Vector Shape - Ellipse",
                  "hd": false
                },
                {
                  "ty": "fl",
                  "c": {
                    "a": 0,
                    "k": [
                      0.992080269608,
                      0,
                      0,
                      1
                    ],
                    "ix": 4
                  },
                  "o": {
                    "a": 0,
                    "k": 100,
                    "ix": 5
                  },
                  "r": 1,
                  "bm": 0,
                  "nm": "Fill 1",
                  "mn": "ADBE Vector Graphic - Fill",
                  "hd": false
                },
                {
                  "ty": "tr",
                  "p": {
                    "a": 0,
                    "k": [
                      -27.813,
                      -8.808
                    ],
                    "ix": 2
                  },
                  "a": {
                    "a": 0,
                    "k": [
                      0,
                      0
                    ],
                    "ix": 1
                  },
                  "s": {
                    "a": 0,
                    "k": [
                      100,
                      100
                    ],
                    "ix": 3
                  },
                  "r": {
                    "a": 0,
                    "k": 0,
                    "ix": 6
                  },
                  "o": {
                    "a": 0,
                    "k": 100,
                    "ix": 7
                  },
                  "sk": {
                    "a": 0,
                    "k": 0,
                    "ix": 4
                  },
                  "sa": {
                    "a": 0,
                    "k": 0,
                    "ix": 5
                  },
                  "nm": "Transform"
                }
              ],
              "nm": "Ellipse 1",
              "np": 3,
              "cix": 2,
              "bm": 0,
              "ix": 1,
              "mn": "ADBE Vector Group",
              "hd": false
            }
          ],
          "ip": 0,
          "op": 300,
          "st": 0,
          "bm": 0
        },
        {
          "ddd": 0,
          "ind": 3,
          "ty": 2,
          "nm": "skull.png",
          "cl": "png",
          "refId": "image_0",
          "sr": 1,
          "ks": {
            "o": {
              "a": 0,
              "k": 100,
              "ix": 11
            },
            "r": {
              "a": 0,
              "k": 0,
              "ix": 10
            },
            "p": {
              "a": 0,
              "k": [
                82.5,
                83.5,
                0
              ],
              "ix": 2
            },
            "a": {
              "a": 0,
              "k": [
                193.5,
                248,
                0
              ],
              "ix": 1
            },
            "s": {
              "a": 0,
              "k": [
                30,
                30,
                100
              ],
              "ix": 6
            }
          },
          "ao": 0,
          "ip": 0,
          "op": 300,
          "st": 0,
          "bm": 0
        }
      ]
    }
  ],
  "layers": [
    {
      "ddd": 0,
      "ind": 1,
      "ty": 0,
      "nm": "1",
      "refId": "comp_0",
      "sr": 1,
      "ks": {
        "o": {
          "a": 0,
          "k": 100,
          "ix": 11
        },
        "r": {
          "a": 1,
          "k": [
            {
              "i": {
                "x": [
                  0.667
                ],
                "y": [
                  1
                ]
              },
              "o": {
                "x": [
                  0.333
                ],
                "y": [
                  0
                ]
              },
              "t": 0,
              "s": [
                5
              ]
            },
            {
              "i": {
                "x": [
                  0.667
                ],
                "y": [
                  1
                ]
              },
              "o": {
                "x": [
                  0.333
                ],
                "y": [
                  0
                ]
              },
              "t": 15,
              "s": [
                -5
              ]
            },
            {
              "i": {
                "x": [
                  0.667
                ],
                "y": [
                  1
                ]
              },
              "o": {
                "x": [
                  0.333
                ],
                "y": [
                  0
                ]
              },
              "t": 24,
              "s": [
                5
              ]
            },
            {
              "i": {
                "x": [
                  0.667
                ],
                "y": [
                  1
                ]
              },
              "o": {
                "x": [
                  0.333
                ],
                "y": [
                  0
                ]
              },
              "t": 40,
              "s": [
                -5
              ]
            },
            {
              "t": 59,
              "s": [
                5
              ]
            }
          ],
          "ix": 10
        },
        "p": {
          "a": 0,
          "k": [
            151,
            248,
            0
          ],
          "ix": 2
        },
        "a": {
          "a": 0,
          "k": [
            83.3,
            161.9,
            0
          ],
          "ix": 1
        },
        "s": {
          "a": 0,
          "k": [
            115.215,
            115.215,
            100
          ],
          "ix": 6
        }
      },
      "ao": 0,
      "w": 165,
      "h": 167,
      "ip": 0,
      "op": 300,
      "st": 0,
      "bm": 0
    }
  ],
  "markers": []
}