{
  "project_info": {
    "project_number": "404973639610",
    "project_id": "video-downloader-c7e45",
    "storage_bucket": "video-downloader-c7e45.appspot.com"
  },
  "client": [
    {
      "client_info": {
        "mobilesdk_app_id": "1:404973639610:android:8f74bbecff3e688513ef83",
        "android_client_info": {
          "package_name": "com.quickstream.downloadmaster.browser"
        }
      },
      "oauth_client": [
        {
          "client_id": "404973639610-vo2m6eh0sbe8qhu3e7pjpn9oasr1m3ev.apps.googleusercontent.com",
          "client_type": 3
        }
      ],
      "api_key": [
        {
          "current_key": "AIzaSyDowlart2ldmRqAyB8jlXmor7j5hTiVhGI"
        }
      ],
      "services": {
        "appinvite_service": {
          "other_platform_oauth_client": [
            {
              "client_id": "404973639610-vo2m6eh0sbe8qhu3e7pjpn9oasr1m3ev.apps.googleusercontent.com",
              "client_type": 3
            }
          ]
        }
      }
    }
  ],
  "configuration_version": "1"
}