{"v":"5.6.5","fr":24,"ip":0,"op":52,"w":312,"h":40,"nm":"컴포지션 10","ddd":0,"assets":[],"layers":[{"ddd":0,"ind":1,"ty":4,"nm":"line45","sr":1,"ks":{"o":{"a":0,"k":100,"ix":11},"r":{"a":0,"k":0,"ix":10},"p":{"a":0,"k":[284.727,20,0],"ix":2},"a":{"a":0,"k":[-7.625,-0.75,0],"ix":1},"s":{"a":0,"k":[100,90,100],"ix":6}},"ao":0,"shapes":[{"ty":"gr","it":[{"ty":"rc","d":1,"s":{"a":1,"k":[{"i":{"x":[0.659,0.659],"y":[1,1]},"o":{"x":[0.3,0.3],"y":[0,0]},"t":2,"s":[3,3]},{"i":{"x":[0.801,0.801],"y":[1,1]},"o":{"x":[0.414,0.414],"y":[0,0]},"t":24,"s":[3,5]},{"t":48,"s":[3,3]}],"ix":2},"p":{"a":0,"k":[0,0],"ix":3},"r":{"a":0,"k":24,"ix":4},"nm":"사각형 패스 1","mn":"ADBE Vector Shape - Rect","hd":false},{"ty":"st","c":{"a":0,"k":[0,0,0,1],"ix":3},"o":{"a":0,"k":100,"ix":4},"w":{"a":0,"k":0,"ix":5},"lc":1,"lj":1,"ml":4,"bm":0,"nm":"선 1","mn":"ADBE Vector Graphic - Stroke","hd":false},{"ty":"fl","c":{"a":0,"k":[0.5254901960784314,0.5176470588235295,0.8196078431372549,1],"ix":4},"o":{"a":0,"k":100,"ix":5},"r":1,"bm":0,"nm":"칠 1","mn":"ADBE Vector Graphic - Fill","hd":false},{"ty":"tr","p":{"a":0,"k":[-7.625,-0.75],"ix":2},"a":{"a":0,"k":[0,0],"ix":1},"s":{"a":0,"k":[100,100],"ix":3},"r":{"a":0,"k":0,"ix":6},"o":{"a":0,"k":100,"ix":7},"sk":{"a":0,"k":0,"ix":4},"sa":{"a":0,"k":0,"ix":5},"nm":"변형"}],"nm":"사각형 1","np":3,"cix":2,"bm":0,"ix":1,"mn":"ADBE Vector Group","hd":false}],"ip":0,"op":720,"st":0,"bm":0},{"ddd":0,"ind":2,"ty":4,"nm":"line44","sr":1,"ks":{"o":{"a":0,"k":100,"ix":11},"r":{"a":0,"k":0,"ix":10},"p":{"a":0,"k":[24.477,20,0],"ix":2},"a":{"a":0,"k":[-7.625,-0.75,0],"ix":1},"s":{"a":0,"k":[100,90,100],"ix":6}},"ao":0,"shapes":[{"ty":"gr","it":[{"ty":"rc","d":1,"s":{"a":1,"k":[{"i":{"x":[0.685,0.685],"y":[1,1]},"o":{"x":[0.301,0.301],"y":[0,0]},"t":2,"s":[3,3]},{"i":{"x":[0.781,0.781],"y":[1,1]},"o":{"x":[0.42,0.42],"y":[0,0]},"t":13,"s":[3,5]},{"t":48,"s":[3,3]}],"ix":2},"p":{"a":0,"k":[0,0],"ix":3},"r":{"a":0,"k":24,"ix":4},"nm":"사각형 패스 1","mn":"ADBE Vector Shape - Rect","hd":false},{"ty":"st","c":{"a":0,"k":[0,0,0,1],"ix":3},"o":{"a":0,"k":100,"ix":4},"w":{"a":0,"k":0,"ix":5},"lc":1,"lj":1,"ml":4,"bm":0,"nm":"선 1","mn":"ADBE Vector Graphic - Stroke","hd":false},{"ty":"fl","c":{"a":0,"k":[0.5254901960784314,0.5176470588235295,0.8196078431372549,1],"ix":4},"o":{"a":0,"k":100,"ix":5},"r":1,"bm":0,"nm":"칠 1","mn":"ADBE Vector Graphic - Fill","hd":false},{"ty":"tr","p":{"a":0,"k":[-7.625,-0.75],"ix":2},"a":{"a":0,"k":[0,0],"ix":1},"s":{"a":0,"k":[100,100],"ix":3},"r":{"a":0,"k":0,"ix":6},"o":{"a":0,"k":100,"ix":7},"sk":{"a":0,"k":0,"ix":4},"sa":{"a":0,"k":0,"ix":5},"nm":"변형"}],"nm":"사각형 1","np":3,"cix":2,"bm":0,"ix":1,"mn":"ADBE Vector Group","hd":false}],"ip":0,"op":720,"st":0,"bm":0},{"ddd":0,"ind":3,"ty":4,"nm":"line43","sr":1,"ks":{"o":{"a":0,"k":100,"ix":11},"r":{"a":0,"k":0,"ix":10},"p":{"a":0,"k":[278.812,20,0],"ix":2},"a":{"a":0,"k":[-7.625,-0.75,0],"ix":1},"s":{"a":0,"k":[100,90,100],"ix":6}},"ao":0,"shapes":[{"ty":"gr","it":[{"ty":"rc","d":1,"s":{"a":1,"k":[{"i":{"x":[0.685,0.685],"y":[1,1]},"o":{"x":[0.301,0.301],"y":[0,0]},"t":5,"s":[3,3]},{"i":{"x":[0.781,0.781],"y":[1,1]},"o":{"x":[0.42,0.42],"y":[0,0]},"t":15,"s":[3,5]},{"t":34,"s":[3,3]}],"ix":2},"p":{"a":0,"k":[0,0],"ix":3},"r":{"a":0,"k":24,"ix":4},"nm":"사각형 패스 1","mn":"ADBE Vector Shape - Rect","hd":false},{"ty":"st","c":{"a":0,"k":[0,0,0,1],"ix":3},"o":{"a":0,"k":100,"ix":4},"w":{"a":0,"k":0,"ix":5},"lc":1,"lj":1,"ml":4,"bm":0,"nm":"선 1","mn":"ADBE Vector Graphic - Stroke","hd":false},{"ty":"fl","c":{"a":0,"k":[0.5254901960784314,0.5176470588235295,0.8196078431372549,1],"ix":4},"o":{"a":0,"k":100,"ix":5},"r":1,"bm":0,"nm":"칠 1","mn":"ADBE Vector Graphic - Fill","hd":false},{"ty":"tr","p":{"a":0,"k":[-7.625,-0.75],"ix":2},"a":{"a":0,"k":[0,0],"ix":1},"s":{"a":0,"k":[100,100],"ix":3},"r":{"a":0,"k":0,"ix":6},"o":{"a":0,"k":100,"ix":7},"sk":{"a":0,"k":0,"ix":4},"sa":{"a":0,"k":0,"ix":5},"nm":"변형"}],"nm":"사각형 1","np":3,"cix":2,"bm":0,"ix":1,"mn":"ADBE Vector Group","hd":false}],"ip":0,"op":720,"st":0,"bm":0},{"ddd":0,"ind":4,"ty":4,"nm":"line42","sr":1,"ks":{"o":{"a":0,"k":100,"ix":11},"r":{"a":0,"k":0,"ix":10},"p":{"a":0,"k":[30.392,20,0],"ix":2},"a":{"a":0,"k":[-7.625,-0.75,0],"ix":1},"s":{"a":0,"k":[100,90,100],"ix":6}},"ao":0,"shapes":[{"ty":"gr","it":[{"ty":"rc","d":1,"s":{"a":1,"k":[{"i":{"x":[0.659,0.659],"y":[1,1]},"o":{"x":[0.3,0.3],"y":[0,0]},"t":2,"s":[3,3]},{"i":{"x":[0.801,0.801],"y":[1,1]},"o":{"x":[0.414,0.414],"y":[0,0]},"t":24,"s":[3,5]},{"t":48,"s":[3,3]}],"ix":2},"p":{"a":0,"k":[0,0],"ix":3},"r":{"a":0,"k":24,"ix":4},"nm":"사각형 패스 1","mn":"ADBE Vector Shape - Rect","hd":false},{"ty":"st","c":{"a":0,"k":[0,0,0,1],"ix":3},"o":{"a":0,"k":100,"ix":4},"w":{"a":0,"k":0,"ix":5},"lc":1,"lj":1,"ml":4,"bm":0,"nm":"선 1","mn":"ADBE Vector Graphic - Stroke","hd":false},{"ty":"fl","c":{"a":0,"k":[0.5254901960784314,0.5176470588235295,0.8196078431372549,1],"ix":4},"o":{"a":0,"k":100,"ix":5},"r":1,"bm":0,"nm":"칠 1","mn":"ADBE Vector Graphic - Fill","hd":false},{"ty":"tr","p":{"a":0,"k":[-7.625,-0.75],"ix":2},"a":{"a":0,"k":[0,0],"ix":1},"s":{"a":0,"k":[100,100],"ix":3},"r":{"a":0,"k":0,"ix":6},"o":{"a":0,"k":100,"ix":7},"sk":{"a":0,"k":0,"ix":4},"sa":{"a":0,"k":0,"ix":5},"nm":"변형"}],"nm":"사각형 1","np":3,"cix":2,"bm":0,"ix":1,"mn":"ADBE Vector Group","hd":false}],"ip":0,"op":720,"st":0,"bm":0},{"ddd":0,"ind":5,"ty":4,"nm":"line41","sr":1,"ks":{"o":{"a":0,"k":100,"ix":11},"r":{"a":0,"k":0,"ix":10},"p":{"a":0,"k":[272.898,20,0],"ix":2},"a":{"a":0,"k":[-7.625,-0.75,0],"ix":1},"s":{"a":0,"k":[100,90,100],"ix":6}},"ao":0,"shapes":[{"ty":"gr","it":[{"ty":"rc","d":1,"s":{"a":1,"k":[{"i":{"x":[0.815,0.815],"y":[1,1]},"o":{"x":[0.297,0.297],"y":[0,0]},"t":2,"s":[3,3]},{"i":{"x":[0.606,0.606],"y":[1,-3.101]},"o":{"x":[0.333,0.333],"y":[0,0]},"t":8,"s":[3,4]},{"i":{"x":[0.668,0.668],"y":[1,-3.307]},"o":{"x":[0.343,0.343],"y":[0,1.785]},"t":19,"s":[3,4]},{"i":{"x":[0.663,0.663],"y":[1,1]},"o":{"x":[0.332,0.332],"y":[0,-7.048]},"t":30,"s":[3,6]},{"i":{"x":[0.667,0.667],"y":[1,1]},"o":{"x":[0.333,0.333],"y":[0,0]},"t":39,"s":[3,5]},{"i":{"x":[0.833,0.833],"y":[1,1]},"o":{"x":[0.167,0.167],"y":[0,0]},"t":43,"s":[3,4]},{"t":47,"s":[3,3]}],"ix":2},"p":{"a":0,"k":[0,0],"ix":3},"r":{"a":0,"k":24,"ix":4},"nm":"사각형 패스 1","mn":"ADBE Vector Shape - Rect","hd":false},{"ty":"st","c":{"a":0,"k":[0,0,0,1],"ix":3},"o":{"a":0,"k":100,"ix":4},"w":{"a":0,"k":0,"ix":5},"lc":1,"lj":1,"ml":4,"bm":0,"nm":"선 1","mn":"ADBE Vector Graphic - Stroke","hd":false},{"ty":"fl","c":{"a":0,"k":[0.5254901960784314,0.5176470588235295,0.8196078431372549,1],"ix":4},"o":{"a":0,"k":100,"ix":5},"r":1,"bm":0,"nm":"칠 1","mn":"ADBE Vector Graphic - Fill","hd":false},{"ty":"tr","p":{"a":0,"k":[-7.625,-0.75],"ix":2},"a":{"a":0,"k":[0,0],"ix":1},"s":{"a":0,"k":[100,100],"ix":3},"r":{"a":0,"k":0,"ix":6},"o":{"a":0,"k":100,"ix":7},"sk":{"a":0,"k":0,"ix":4},"sa":{"a":0,"k":0,"ix":5},"nm":"변형"}],"nm":"사각형 1","np":3,"cix":2,"bm":0,"ix":1,"mn":"ADBE Vector Group","hd":false}],"ip":0,"op":720,"st":0,"bm":0},{"ddd":0,"ind":6,"ty":4,"nm":"line40","sr":1,"ks":{"o":{"a":0,"k":100,"ix":11},"r":{"a":0,"k":0,"ix":10},"p":{"a":0,"k":[36.307,20,0],"ix":2},"a":{"a":0,"k":[-7.625,-0.75,0],"ix":1},"s":{"a":0,"k":[100,90,100],"ix":6}},"ao":0,"shapes":[{"ty":"gr","it":[{"ty":"rc","d":1,"s":{"a":1,"k":[{"i":{"x":[0.833,0.833],"y":[1,1]},"o":{"x":[0.333,0.333],"y":[0,0]},"t":2,"s":[3,3]},{"i":{"x":[0.667,0.667],"y":[1,1]},"o":{"x":[0.333,0.333],"y":[0,0]},"t":7,"s":[3,6]},{"i":{"x":[0.669,0.669],"y":[1,-1.318]},"o":{"x":[0.355,0.355],"y":[0,0]},"t":10,"s":[3,6]},{"i":{"x":[0.674,0.674],"y":[1,0.074]},"o":{"x":[0.295,0.295],"y":[0,-1.07]},"t":15,"s":[3,3.843]},{"i":{"x":[0.663,0.663],"y":[1,1]},"o":{"x":[0.332,0.332],"y":[0,-1.305]},"t":20,"s":[3,8]},{"i":{"x":[0.667,0.667],"y":[1,1.407]},"o":{"x":[0.333,0.333],"y":[0,0]},"t":25,"s":[3,5]},{"i":{"x":[0.667,0.667],"y":[1,1.146]},"o":{"x":[0.333,0.333],"y":[0,0.301]},"t":29,"s":[3,7.896]},{"i":{"x":[0.667,0.667],"y":[1,1]},"o":{"x":[0.333,0.333],"y":[0,0.143]},"t":34,"s":[3,3]},{"i":{"x":[0.62,0.62],"y":[1,-0.104]},"o":{"x":[0.159,0.159],"y":[0,0]},"t":38,"s":[3,7]},{"i":{"x":[0.818,0.818],"y":[1,1]},"o":{"x":[0.436,0.436],"y":[0,1.267]},"t":43,"s":[3,5]},{"t":48,"s":[3,3]}],"ix":2},"p":{"a":0,"k":[0,0],"ix":3},"r":{"a":0,"k":24,"ix":4},"nm":"사각형 패스 1","mn":"ADBE Vector Shape - Rect","hd":false},{"ty":"st","c":{"a":0,"k":[0,0,0,1],"ix":3},"o":{"a":0,"k":100,"ix":4},"w":{"a":0,"k":0,"ix":5},"lc":1,"lj":1,"ml":4,"bm":0,"nm":"선 1","mn":"ADBE Vector Graphic - Stroke","hd":false},{"ty":"fl","c":{"a":0,"k":[0.5254901960784314,0.5176470588235295,0.8196078431372549,1],"ix":4},"o":{"a":0,"k":100,"ix":5},"r":1,"bm":0,"nm":"칠 1","mn":"ADBE Vector Graphic - Fill","hd":false},{"ty":"tr","p":{"a":0,"k":[-7.625,-0.75],"ix":2},"a":{"a":0,"k":[0,0],"ix":1},"s":{"a":0,"k":[100,100],"ix":3},"r":{"a":0,"k":0,"ix":6},"o":{"a":0,"k":100,"ix":7},"sk":{"a":0,"k":0,"ix":4},"sa":{"a":0,"k":0,"ix":5},"nm":"변형"}],"nm":"사각형 1","np":3,"cix":2,"bm":0,"ix":1,"mn":"ADBE Vector Group","hd":false}],"ip":0,"op":720,"st":0,"bm":0},{"ddd":0,"ind":7,"ty":4,"nm":"line39","sr":1,"ks":{"o":{"a":0,"k":100,"ix":11},"r":{"a":0,"k":0,"ix":10},"p":{"a":0,"k":[42.221,20,0],"ix":2},"a":{"a":0,"k":[-7.625,-0.75,0],"ix":1},"s":{"a":0,"k":[100,90,100],"ix":6}},"ao":0,"shapes":[{"ty":"gr","it":[{"ty":"rc","d":1,"s":{"a":1,"k":[{"i":{"x":[0.659,0.659],"y":[1,0.45]},"o":{"x":[0.297,0.297],"y":[0,0]},"t":0,"s":[3,3]},{"i":{"x":[0.815,0.815],"y":[1,1]},"o":{"x":[0.425,0.425],"y":[0,0.685]},"t":5,"s":[3,3]},{"i":{"x":[0.669,0.669],"y":[1,2.667]},"o":{"x":[0.333,0.333],"y":[0,0]},"t":10,"s":[3,4]},{"i":{"x":[0.606,0.606],"y":[1,1.746]},"o":{"x":[0.295,0.295],"y":[0,1.78]},"t":15,"s":[3,7]},{"i":{"x":[0.674,0.674],"y":[1,0.771]},"o":{"x":[0.343,0.343],"y":[0,-1.298]},"t":21,"s":[3,4]},{"i":{"x":[0.668,0.668],"y":[1,0.217]},"o":{"x":[0.336,0.336],"y":[0,-0.059]},"t":25,"s":[3,3]},{"i":{"x":[0.663,0.663],"y":[1,1]},"o":{"x":[0.332,0.332],"y":[0,-3.915]},"t":28,"s":[3,6]},{"i":{"x":[0.667,0.667],"y":[1,0.116]},"o":{"x":[0.333,0.333],"y":[0,0]},"t":33,"s":[3,5]},{"i":{"x":[0.667,0.667],"y":[1,1]},"o":{"x":[0.333,0.333],"y":[0,-1.767]},"t":39,"s":[3,3]},{"i":{"x":[0.833,0.833],"y":[1,1]},"o":{"x":[0.167,0.167],"y":[0,0]},"t":45,"s":[3,4]},{"t":52,"s":[3,3]}],"ix":2},"p":{"a":0,"k":[0,0],"ix":3},"r":{"a":0,"k":24,"ix":4},"nm":"사각형 패스 1","mn":"ADBE Vector Shape - Rect","hd":false},{"ty":"st","c":{"a":0,"k":[0,0,0,1],"ix":3},"o":{"a":0,"k":100,"ix":4},"w":{"a":0,"k":0,"ix":5},"lc":1,"lj":1,"ml":4,"bm":0,"nm":"선 1","mn":"ADBE Vector Graphic - Stroke","hd":false},{"ty":"fl","c":{"a":0,"k":[0.5254901960784314,0.5176470588235295,0.8196078431372549,1],"ix":4},"o":{"a":0,"k":100,"ix":5},"r":1,"bm":0,"nm":"칠 1","mn":"ADBE Vector Graphic - Fill","hd":false},{"ty":"tr","p":{"a":0,"k":[-7.625,-0.75],"ix":2},"a":{"a":0,"k":[0,0],"ix":1},"s":{"a":0,"k":[100,100],"ix":3},"r":{"a":0,"k":0,"ix":6},"o":{"a":0,"k":100,"ix":7},"sk":{"a":0,"k":0,"ix":4},"sa":{"a":0,"k":0,"ix":5},"nm":"변형"}],"nm":"사각형 1","np":3,"cix":2,"bm":0,"ix":1,"mn":"ADBE Vector Group","hd":false}],"ip":0,"op":720,"st":0,"bm":0},{"ddd":0,"ind":8,"ty":4,"nm":"line38","sr":1,"ks":{"o":{"a":0,"k":100,"ix":11},"r":{"a":0,"k":0,"ix":10},"p":{"a":0,"k":[48.136,20,0],"ix":2},"a":{"a":0,"k":[-7.625,-0.75,0],"ix":1},"s":{"a":0,"k":[100,90,100],"ix":6}},"ao":0,"shapes":[{"ty":"gr","it":[{"ty":"rc","d":1,"s":{"a":1,"k":[{"i":{"x":[0.815,0.815],"y":[1,1]},"o":{"x":[0.297,0.297],"y":[0,0]},"t":2,"s":[3,3]},{"i":{"x":[0.606,0.606],"y":[1,-3.101]},"o":{"x":[0.333,0.333],"y":[0,0]},"t":8,"s":[3,4]},{"i":{"x":[0.668,0.668],"y":[1,-3.307]},"o":{"x":[0.343,0.343],"y":[0,1.785]},"t":19,"s":[3,4]},{"i":{"x":[0.663,0.663],"y":[1,1]},"o":{"x":[0.332,0.332],"y":[0,-7.048]},"t":30,"s":[3,6]},{"i":{"x":[0.667,0.667],"y":[1,1]},"o":{"x":[0.333,0.333],"y":[0,0]},"t":39,"s":[3,5]},{"i":{"x":[0.833,0.833],"y":[1,1]},"o":{"x":[0.167,0.167],"y":[0,0]},"t":43,"s":[3,4]},{"t":47,"s":[3,3]}],"ix":2},"p":{"a":0,"k":[0,0],"ix":3},"r":{"a":0,"k":24,"ix":4},"nm":"사각형 패스 1","mn":"ADBE Vector Shape - Rect","hd":false},{"ty":"st","c":{"a":0,"k":[0,0,0,1],"ix":3},"o":{"a":0,"k":100,"ix":4},"w":{"a":0,"k":0,"ix":5},"lc":1,"lj":1,"ml":4,"bm":0,"nm":"선 1","mn":"ADBE Vector Graphic - Stroke","hd":false},{"ty":"fl","c":{"a":0,"k":[0.5254901960784314,0.5176470588235295,0.8196078431372549,1],"ix":4},"o":{"a":0,"k":100,"ix":5},"r":1,"bm":0,"nm":"칠 1","mn":"ADBE Vector Graphic - Fill","hd":false},{"ty":"tr","p":{"a":0,"k":[-7.625,-0.75],"ix":2},"a":{"a":0,"k":[0,0],"ix":1},"s":{"a":0,"k":[100,100],"ix":3},"r":{"a":0,"k":0,"ix":6},"o":{"a":0,"k":100,"ix":7},"sk":{"a":0,"k":0,"ix":4},"sa":{"a":0,"k":0,"ix":5},"nm":"변형"}],"nm":"사각형 1","np":3,"cix":2,"bm":0,"ix":1,"mn":"ADBE Vector Group","hd":false}],"ip":0,"op":720,"st":0,"bm":0},{"ddd":0,"ind":9,"ty":4,"nm":"line37","sr":1,"ks":{"o":{"a":0,"k":100,"ix":11},"r":{"a":0,"k":0,"ix":10},"p":{"a":0,"k":[54.051,20,0],"ix":2},"a":{"a":0,"k":[-7.625,-0.75,0],"ix":1},"s":{"a":0,"k":[100,90,100],"ix":6}},"ao":0,"shapes":[{"ty":"gr","it":[{"ty":"rc","d":1,"s":{"a":1,"k":[{"i":{"x":[0.833,0.833],"y":[1,1]},"o":{"x":[0.333,0.333],"y":[0,0]},"t":3,"s":[3,3]},{"i":{"x":[0.667,0.667],"y":[1,1]},"o":{"x":[0.333,0.333],"y":[0,0]},"t":6,"s":[3,6]},{"i":{"x":[0.669,0.669],"y":[1,-0.203]},"o":{"x":[0.355,0.355],"y":[0,0]},"t":12,"s":[3,8]},{"i":{"x":[0.674,0.674],"y":[1,-0.111]},"o":{"x":[0.295,0.295],"y":[0,-1.284]},"t":17,"s":[3,3.843]},{"i":{"x":[0.663,0.663],"y":[1,1]},"o":{"x":[0.332,0.332],"y":[0,5.481]},"t":23,"s":[3,8]},{"i":{"x":[0.667,0.667],"y":[1,0.199]},"o":{"x":[0.333,0.333],"y":[0,0]},"t":30,"s":[3,9]},{"i":{"x":[0.667,0.667],"y":[1,1]},"o":{"x":[0.333,0.333],"y":[0,1.972]},"t":33,"s":[3,7.896]},{"i":{"x":[0.62,0.62],"y":[1,-0.03]},"o":{"x":[0.159,0.159],"y":[0,0]},"t":39,"s":[3,7]},{"i":{"x":[0.818,0.818],"y":[1,1]},"o":{"x":[0.436,0.436],"y":[0,2.535]},"t":46,"s":[3,4]},{"t":51,"s":[3,3]}],"ix":2},"p":{"a":0,"k":[0,0],"ix":3},"r":{"a":0,"k":24,"ix":4},"nm":"사각형 패스 1","mn":"ADBE Vector Shape - Rect","hd":false},{"ty":"st","c":{"a":0,"k":[0,0,0,1],"ix":3},"o":{"a":0,"k":100,"ix":4},"w":{"a":0,"k":0,"ix":5},"lc":1,"lj":1,"ml":4,"bm":0,"nm":"선 1","mn":"ADBE Vector Graphic - Stroke","hd":false},{"ty":"fl","c":{"a":0,"k":[0.5254901960784314,0.5176470588235295,0.8196078431372549,1],"ix":4},"o":{"a":0,"k":100,"ix":5},"r":1,"bm":0,"nm":"칠 1","mn":"ADBE Vector Graphic - Fill","hd":false},{"ty":"tr","p":{"a":0,"k":[-7.625,-0.75],"ix":2},"a":{"a":0,"k":[0,0],"ix":1},"s":{"a":0,"k":[100,100],"ix":3},"r":{"a":0,"k":0,"ix":6},"o":{"a":0,"k":100,"ix":7},"sk":{"a":0,"k":0,"ix":4},"sa":{"a":0,"k":0,"ix":5},"nm":"변형"}],"nm":"사각형 1","np":3,"cix":2,"bm":0,"ix":1,"mn":"ADBE Vector Group","hd":false}],"ip":0,"op":720,"st":0,"bm":0},{"ddd":0,"ind":10,"ty":4,"nm":"line36","sr":1,"ks":{"o":{"a":0,"k":100,"ix":11},"r":{"a":0,"k":0,"ix":10},"p":{"a":0,"k":[266.983,20,0],"ix":2},"a":{"a":0,"k":[-7.625,-0.75,0],"ix":1},"s":{"a":0,"k":[100,90,100],"ix":6}},"ao":0,"shapes":[{"ty":"gr","it":[{"ty":"rc","d":1,"s":{"a":1,"k":[{"i":{"x":[0.659,0.659],"y":[1,0.45]},"o":{"x":[0.297,0.297],"y":[0,0]},"t":0,"s":[3,3]},{"i":{"x":[0.815,0.815],"y":[1,1]},"o":{"x":[0.425,0.425],"y":[0,0.685]},"t":5,"s":[3,3]},{"i":{"x":[0.669,0.669],"y":[1,2.667]},"o":{"x":[0.333,0.333],"y":[0,0]},"t":10,"s":[3,4]},{"i":{"x":[0.606,0.606],"y":[1,1.746]},"o":{"x":[0.295,0.295],"y":[0,1.78]},"t":15,"s":[3,7]},{"i":{"x":[0.674,0.674],"y":[1,0.771]},"o":{"x":[0.343,0.343],"y":[0,-1.298]},"t":21,"s":[3,4]},{"i":{"x":[0.668,0.668],"y":[1,0.217]},"o":{"x":[0.336,0.336],"y":[0,-0.059]},"t":25,"s":[3,3]},{"i":{"x":[0.663,0.663],"y":[1,1]},"o":{"x":[0.332,0.332],"y":[0,-3.915]},"t":28,"s":[3,6]},{"i":{"x":[0.667,0.667],"y":[1,0.116]},"o":{"x":[0.333,0.333],"y":[0,0]},"t":33,"s":[3,5]},{"i":{"x":[0.667,0.667],"y":[1,1]},"o":{"x":[0.333,0.333],"y":[0,-1.767]},"t":39,"s":[3,3]},{"i":{"x":[0.833,0.833],"y":[1,1]},"o":{"x":[0.167,0.167],"y":[0,0]},"t":45,"s":[3,4]},{"t":52,"s":[3,3]}],"ix":2},"p":{"a":0,"k":[0,0],"ix":3},"r":{"a":0,"k":24,"ix":4},"nm":"사각형 패스 1","mn":"ADBE Vector Shape - Rect","hd":false},{"ty":"st","c":{"a":0,"k":[0,0,0,1],"ix":3},"o":{"a":0,"k":100,"ix":4},"w":{"a":0,"k":0,"ix":5},"lc":1,"lj":1,"ml":4,"bm":0,"nm":"선 1","mn":"ADBE Vector Graphic - Stroke","hd":false},{"ty":"fl","c":{"a":0,"k":[0.5254901960784314,0.5176470588235295,0.8196078431372549,1],"ix":4},"o":{"a":0,"k":100,"ix":5},"r":1,"bm":0,"nm":"칠 1","mn":"ADBE Vector Graphic - Fill","hd":false},{"ty":"tr","p":{"a":0,"k":[-7.625,-0.75],"ix":2},"a":{"a":0,"k":[0,0],"ix":1},"s":{"a":0,"k":[100,100],"ix":3},"r":{"a":0,"k":0,"ix":6},"o":{"a":0,"k":100,"ix":7},"sk":{"a":0,"k":0,"ix":4},"sa":{"a":0,"k":0,"ix":5},"nm":"변형"}],"nm":"사각형 1","np":3,"cix":2,"bm":0,"ix":1,"mn":"ADBE Vector Group","hd":false}],"ip":0,"op":720,"st":0,"bm":0},{"ddd":0,"ind":11,"ty":4,"nm":"line35","sr":1,"ks":{"o":{"a":0,"k":100,"ix":11},"r":{"a":0,"k":0,"ix":10},"p":{"a":0,"k":[261.068,20,0],"ix":2},"a":{"a":0,"k":[-7.625,-0.75,0],"ix":1},"s":{"a":0,"k":[100,90,100],"ix":6}},"ao":0,"shapes":[{"ty":"gr","it":[{"ty":"rc","d":1,"s":{"a":1,"k":[{"i":{"x":[0.833,0.833],"y":[1,1]},"o":{"x":[0.333,0.333],"y":[0,0]},"t":0,"s":[3,3]},{"i":{"x":[0.669,0.669],"y":[1,4.334]},"o":{"x":[0.333,0.333],"y":[0,0]},"t":4,"s":[3,4]},{"i":{"x":[0.606,0.606],"y":[1,1.621]},"o":{"x":[0.295,0.295],"y":[0,1.483]},"t":14,"s":[3,7]},{"i":{"x":[0.674,0.674],"y":[1,-2.079]},"o":{"x":[0.346,0.346],"y":[0,1.312]},"t":19,"s":[3,4]},{"i":{"x":[0.663,0.663],"y":[1,1]},"o":{"x":[0.332,0.332],"y":[0,0.587]},"t":27,"s":[3,6]},{"i":{"x":[0.667,0.667],"y":[1,0.764]},"o":{"x":[0.333,0.333],"y":[0,0]},"t":30,"s":[3,10]},{"i":{"x":[0.667,0.667],"y":[1,1]},"o":{"x":[0.333,0.333],"y":[0,1.031]},"t":34,"s":[3,5]},{"i":{"x":[0.833,0.833],"y":[1,1]},"o":{"x":[0.167,0.167],"y":[0,0]},"t":41,"s":[3,3]},{"i":{"x":[0.833,0.833],"y":[1,1]},"o":{"x":[0.167,0.167],"y":[0,0]},"t":47,"s":[3,7]},{"t":52,"s":[3,3]}],"ix":2},"p":{"a":0,"k":[0,0],"ix":3},"r":{"a":0,"k":24,"ix":4},"nm":"사각형 패스 1","mn":"ADBE Vector Shape - Rect","hd":false},{"ty":"st","c":{"a":0,"k":[0,0,0,1],"ix":3},"o":{"a":0,"k":100,"ix":4},"w":{"a":0,"k":0,"ix":5},"lc":1,"lj":1,"ml":4,"bm":0,"nm":"선 1","mn":"ADBE Vector Graphic - Stroke","hd":false},{"ty":"fl","c":{"a":0,"k":[0.5254901960784314,0.5176470588235295,0.8196078431372549,1],"ix":4},"o":{"a":0,"k":100,"ix":5},"r":1,"bm":0,"nm":"칠 1","mn":"ADBE Vector Graphic - Fill","hd":false},{"ty":"tr","p":{"a":0,"k":[-7.625,-0.75],"ix":2},"a":{"a":0,"k":[0,0],"ix":1},"s":{"a":0,"k":[100,100],"ix":3},"r":{"a":0,"k":0,"ix":6},"o":{"a":0,"k":100,"ix":7},"sk":{"a":0,"k":0,"ix":4},"sa":{"a":0,"k":0,"ix":5},"nm":"변형"}],"nm":"사각형 1","np":3,"cix":2,"bm":0,"ix":1,"mn":"ADBE Vector Group","hd":false}],"ip":0,"op":720,"st":0,"bm":0},{"ddd":0,"ind":12,"ty":4,"nm":"line34","sr":1,"ks":{"o":{"a":0,"k":100,"ix":11},"r":{"a":0,"k":0,"ix":10},"p":{"a":0,"k":[59.966,20,0],"ix":2},"a":{"a":0,"k":[-7.625,-0.75,0],"ix":1},"s":{"a":0,"k":[100,90,100],"ix":6}},"ao":0,"shapes":[{"ty":"gr","it":[{"ty":"rc","d":1,"s":{"a":1,"k":[{"i":{"x":[0.833,0.833],"y":[1,1]},"o":{"x":[0.333,0.333],"y":[0,0]},"t":0,"s":[3,3]},{"i":{"x":[0.669,0.669],"y":[1,4.334]},"o":{"x":[0.333,0.333],"y":[0,0]},"t":4,"s":[3,4]},{"i":{"x":[0.606,0.606],"y":[1,1.621]},"o":{"x":[0.295,0.295],"y":[0,1.483]},"t":14,"s":[3,7]},{"i":{"x":[0.674,0.674],"y":[1,-2.079]},"o":{"x":[0.346,0.346],"y":[0,1.312]},"t":19,"s":[3,4]},{"i":{"x":[0.663,0.663],"y":[1,1]},"o":{"x":[0.332,0.332],"y":[0,0.587]},"t":27,"s":[3,6]},{"i":{"x":[0.667,0.667],"y":[1,0.764]},"o":{"x":[0.333,0.333],"y":[0,0]},"t":30,"s":[3,10]},{"i":{"x":[0.667,0.667],"y":[1,1]},"o":{"x":[0.333,0.333],"y":[0,1.031]},"t":34,"s":[3,5]},{"i":{"x":[0.833,0.833],"y":[1,1]},"o":{"x":[0.167,0.167],"y":[0,0]},"t":41,"s":[3,3]},{"i":{"x":[0.833,0.833],"y":[1,1]},"o":{"x":[0.167,0.167],"y":[0,0]},"t":47,"s":[3,7]},{"t":52,"s":[3,3]}],"ix":2},"p":{"a":0,"k":[0,0],"ix":3},"r":{"a":0,"k":24,"ix":4},"nm":"사각형 패스 1","mn":"ADBE Vector Shape - Rect","hd":false},{"ty":"st","c":{"a":0,"k":[0,0,0,1],"ix":3},"o":{"a":0,"k":100,"ix":4},"w":{"a":0,"k":0,"ix":5},"lc":1,"lj":1,"ml":4,"bm":0,"nm":"선 1","mn":"ADBE Vector Graphic - Stroke","hd":false},{"ty":"fl","c":{"a":0,"k":[0.5254901960784314,0.5176470588235295,0.8196078431372549,1],"ix":4},"o":{"a":0,"k":100,"ix":5},"r":1,"bm":0,"nm":"칠 1","mn":"ADBE Vector Graphic - Fill","hd":false},{"ty":"tr","p":{"a":0,"k":[-7.625,-0.75],"ix":2},"a":{"a":0,"k":[0,0],"ix":1},"s":{"a":0,"k":[100,100],"ix":3},"r":{"a":0,"k":0,"ix":6},"o":{"a":0,"k":100,"ix":7},"sk":{"a":0,"k":0,"ix":4},"sa":{"a":0,"k":0,"ix":5},"nm":"변형"}],"nm":"사각형 1","np":3,"cix":2,"bm":0,"ix":1,"mn":"ADBE Vector Group","hd":false}],"ip":0,"op":720,"st":0,"bm":0},{"ddd":0,"ind":13,"ty":4,"nm":"line33","sr":1,"ks":{"o":{"a":0,"k":100,"ix":11},"r":{"a":0,"k":0,"ix":10},"p":{"a":0,"k":[255.153,20,0],"ix":2},"a":{"a":0,"k":[-7.625,-0.75,0],"ix":1},"s":{"a":0,"k":[100,90,100],"ix":6}},"ao":0,"shapes":[{"ty":"gr","it":[{"ty":"rc","d":1,"s":{"a":1,"k":[{"i":{"x":[0.833,0.833],"y":[1,1]},"o":{"x":[0.333,0.333],"y":[0,0]},"t":0,"s":[3,3]},{"i":{"x":[0.667,0.667],"y":[1,1]},"o":{"x":[0.333,0.333],"y":[0,0]},"t":7,"s":[3,12]},{"i":{"x":[0.669,0.669],"y":[1,0.736]},"o":{"x":[0.355,0.355],"y":[0,0]},"t":13,"s":[3,19]},{"i":{"x":[0.606,0.606],"y":[1,0.697]},"o":{"x":[0.295,0.295],"y":[0,-0.723]},"t":17,"s":[3,3.843]},{"i":{"x":[0.674,0.674],"y":[1,1.751]},"o":{"x":[0.346,0.346],"y":[0,-0.32]},"t":22,"s":[3,10]},{"i":{"x":[0.663,0.663],"y":[1,1]},"o":{"x":[0.332,0.332],"y":[0,0.166]},"t":27,"s":[3,4.875]},{"i":{"x":[0.667,0.667],"y":[1,0.894]},"o":{"x":[0.333,0.333],"y":[0,0]},"t":30,"s":[3,19]},{"i":{"x":[0.667,0.667],"y":[1,1]},"o":{"x":[0.333,0.333],"y":[0,-0.502]},"t":34,"s":[3,7.896]},{"i":{"x":[0.833,0.833],"y":[1,1]},"o":{"x":[0.167,0.167],"y":[0,0]},"t":41,"s":[3,12]},{"t":47,"s":[3,3]}],"ix":2},"p":{"a":0,"k":[0,0],"ix":3},"r":{"a":0,"k":24,"ix":4},"nm":"사각형 패스 1","mn":"ADBE Vector Shape - Rect","hd":false},{"ty":"st","c":{"a":0,"k":[0,0,0,1],"ix":3},"o":{"a":0,"k":100,"ix":4},"w":{"a":0,"k":0,"ix":5},"lc":1,"lj":1,"ml":4,"bm":0,"nm":"선 1","mn":"ADBE Vector Graphic - Stroke","hd":false},{"ty":"fl","c":{"a":0,"k":[0.5254901960784314,0.5176470588235295,0.8196078431372549,1],"ix":4},"o":{"a":0,"k":100,"ix":5},"r":1,"bm":0,"nm":"칠 1","mn":"ADBE Vector Graphic - Fill","hd":false},{"ty":"tr","p":{"a":0,"k":[-7.625,-0.75],"ix":2},"a":{"a":0,"k":[0,0],"ix":1},"s":{"a":0,"k":[100,100],"ix":3},"r":{"a":0,"k":0,"ix":6},"o":{"a":0,"k":100,"ix":7},"sk":{"a":0,"k":0,"ix":4},"sa":{"a":0,"k":0,"ix":5},"nm":"변형"}],"nm":"사각형 1","np":3,"cix":2,"bm":0,"ix":1,"mn":"ADBE Vector Group","hd":false}],"ip":0,"op":720,"st":0,"bm":0},{"ddd":0,"ind":14,"ty":4,"nm":"line32","sr":1,"ks":{"o":{"a":0,"k":100,"ix":11},"r":{"a":0,"k":0,"ix":10},"p":{"a":0,"k":[65.881,20,0],"ix":2},"a":{"a":0,"k":[-7.625,-0.75,0],"ix":1},"s":{"a":0,"k":[100,90,100],"ix":6}},"ao":0,"shapes":[{"ty":"gr","it":[{"ty":"rc","d":1,"s":{"a":1,"k":[{"i":{"x":[0.833,0.833],"y":[1,1]},"o":{"x":[0.333,0.333],"y":[0,0]},"t":0,"s":[3,3]},{"i":{"x":[0.667,0.667],"y":[1,1]},"o":{"x":[0.333,0.333],"y":[0,0]},"t":7,"s":[3,12]},{"i":{"x":[0.669,0.669],"y":[1,0.736]},"o":{"x":[0.355,0.355],"y":[0,0]},"t":13,"s":[3,19]},{"i":{"x":[0.606,0.606],"y":[1,0.697]},"o":{"x":[0.295,0.295],"y":[0,-0.723]},"t":17,"s":[3,3.843]},{"i":{"x":[0.674,0.674],"y":[1,1.751]},"o":{"x":[0.346,0.346],"y":[0,-0.32]},"t":22,"s":[3,10]},{"i":{"x":[0.663,0.663],"y":[1,1]},"o":{"x":[0.332,0.332],"y":[0,0.166]},"t":27,"s":[3,4.875]},{"i":{"x":[0.667,0.667],"y":[1,0.894]},"o":{"x":[0.333,0.333],"y":[0,0]},"t":30,"s":[3,19]},{"i":{"x":[0.667,0.667],"y":[1,1]},"o":{"x":[0.333,0.333],"y":[0,-0.502]},"t":34,"s":[3,7.896]},{"i":{"x":[0.833,0.833],"y":[1,1]},"o":{"x":[0.167,0.167],"y":[0,0]},"t":41,"s":[3,12]},{"t":47,"s":[3,3]}],"ix":2},"p":{"a":0,"k":[0,0],"ix":3},"r":{"a":0,"k":24,"ix":4},"nm":"사각형 패스 1","mn":"ADBE Vector Shape - Rect","hd":false},{"ty":"st","c":{"a":0,"k":[0,0,0,1],"ix":3},"o":{"a":0,"k":100,"ix":4},"w":{"a":0,"k":0,"ix":5},"lc":1,"lj":1,"ml":4,"bm":0,"nm":"선 1","mn":"ADBE Vector Graphic - Stroke","hd":false},{"ty":"fl","c":{"a":0,"k":[0.5254901960784314,0.5176470588235295,0.8196078431372549,1],"ix":4},"o":{"a":0,"k":100,"ix":5},"r":1,"bm":0,"nm":"칠 1","mn":"ADBE Vector Graphic - Fill","hd":false},{"ty":"tr","p":{"a":0,"k":[-7.625,-0.75],"ix":2},"a":{"a":0,"k":[0,0],"ix":1},"s":{"a":0,"k":[100,100],"ix":3},"r":{"a":0,"k":0,"ix":6},"o":{"a":0,"k":100,"ix":7},"sk":{"a":0,"k":0,"ix":4},"sa":{"a":0,"k":0,"ix":5},"nm":"변형"}],"nm":"사각형 1","np":3,"cix":2,"bm":0,"ix":1,"mn":"ADBE Vector Group","hd":false}],"ip":0,"op":720,"st":0,"bm":0},{"ddd":0,"ind":15,"ty":4,"nm":"line31","sr":1,"ks":{"o":{"a":0,"k":100,"ix":11},"r":{"a":0,"k":0,"ix":10},"p":{"a":0,"k":[71.795,20,0],"ix":2},"a":{"a":0,"k":[-7.625,-0.75,0],"ix":1},"s":{"a":0,"k":[100,90,100],"ix":6}},"ao":0,"shapes":[{"ty":"gr","it":[{"ty":"rc","d":1,"s":{"a":1,"k":[{"i":{"x":[0.833,0.833],"y":[1,1]},"o":{"x":[0.333,0.333],"y":[0,0]},"t":2,"s":[3,3]},{"i":{"x":[0.667,0.667],"y":[1,1]},"o":{"x":[0.333,0.333],"y":[0,0]},"t":9,"s":[3,10]},{"i":{"x":[0.585,0.585],"y":[1,1.354]},"o":{"x":[0.333,0.333],"y":[0,0]},"t":15,"s":[3,14]},{"i":{"x":[0.667,0.667],"y":[1,1]},"o":{"x":[0.348,0.348],"y":[0,0.24]},"t":24,"s":[3,4]},{"i":{"x":[0.667,0.667],"y":[1,0.834]},"o":{"x":[0.333,0.333],"y":[0,0]},"t":32,"s":[3,15]},{"i":{"x":[0.667,0.667],"y":[1,1]},"o":{"x":[0.333,0.333],"y":[0,-0.502]},"t":36,"s":[3,7.896]},{"i":{"x":[0.833,0.833],"y":[1,1]},"o":{"x":[0.167,0.167],"y":[0,0]},"t":43,"s":[3,12]},{"t":52,"s":[3,3]}],"ix":2},"p":{"a":0,"k":[0,0],"ix":3},"r":{"a":0,"k":24,"ix":4},"nm":"사각형 패스 1","mn":"ADBE Vector Shape - Rect","hd":false},{"ty":"st","c":{"a":0,"k":[0,0,0,1],"ix":3},"o":{"a":0,"k":100,"ix":4},"w":{"a":0,"k":0,"ix":5},"lc":1,"lj":1,"ml":4,"bm":0,"nm":"선 1","mn":"ADBE Vector Graphic - Stroke","hd":false},{"ty":"fl","c":{"a":0,"k":[0.5254901960784314,0.5176470588235295,0.8196078431372549,1],"ix":4},"o":{"a":0,"k":100,"ix":5},"r":1,"bm":0,"nm":"칠 1","mn":"ADBE Vector Graphic - Fill","hd":false},{"ty":"tr","p":{"a":0,"k":[-7.625,-0.75],"ix":2},"a":{"a":0,"k":[0,0],"ix":1},"s":{"a":0,"k":[100,100],"ix":3},"r":{"a":0,"k":0,"ix":6},"o":{"a":0,"k":100,"ix":7},"sk":{"a":0,"k":0,"ix":4},"sa":{"a":0,"k":0,"ix":5},"nm":"변형"}],"nm":"사각형 1","np":3,"cix":2,"bm":0,"ix":1,"mn":"ADBE Vector Group","hd":false}],"ip":0,"op":720,"st":0,"bm":0},{"ddd":0,"ind":16,"ty":4,"nm":"line30","sr":1,"ks":{"o":{"a":0,"k":100,"ix":11},"r":{"a":0,"k":0,"ix":10},"p":{"a":0,"k":[77.71,20,0],"ix":2},"a":{"a":0,"k":[-7.625,-0.75,0],"ix":1},"s":{"a":0,"k":[100,90,100],"ix":6}},"ao":0,"shapes":[{"ty":"gr","it":[{"ty":"rc","d":1,"s":{"a":1,"k":[{"i":{"x":[0.833,0.833],"y":[1,1]},"o":{"x":[0.333,0.333],"y":[0,0]},"t":0,"s":[3,3]},{"i":{"x":[0.667,0.667],"y":[1,1]},"o":{"x":[0.333,0.333],"y":[0,0]},"t":4,"s":[3,6]},{"i":{"x":[0.669,0.669],"y":[1,-0.203]},"o":{"x":[0.355,0.355],"y":[0,0]},"t":10,"s":[3,8]},{"i":{"x":[0.674,0.674],"y":[1,-0.111]},"o":{"x":[0.295,0.295],"y":[0,-1.284]},"t":15,"s":[3,3.843]},{"i":{"x":[0.663,0.663],"y":[1,1]},"o":{"x":[0.332,0.332],"y":[0,5.481]},"t":21,"s":[3,8]},{"i":{"x":[0.667,0.667],"y":[1,-0.601]},"o":{"x":[0.333,0.333],"y":[0,0]},"t":28,"s":[3,9]},{"i":{"x":[0.667,0.667],"y":[1,1.117]},"o":{"x":[0.333,0.333],"y":[0,0.241]},"t":34,"s":[3,7.896]},{"i":{"x":[0.667,0.667],"y":[1,1]},"o":{"x":[0.333,0.333],"y":[0,0.143]},"t":38,"s":[3,3]},{"i":{"x":[0.62,0.62],"y":[1,3.176]},"o":{"x":[0.159,0.159],"y":[0,0]},"t":42,"s":[3,7]},{"i":{"x":[0.818,0.818],"y":[1,1]},"o":{"x":[0.436,0.436],"y":[0,0.421]},"t":46,"s":[3,7.812]},{"t":50,"s":[3,3]}],"ix":2},"p":{"a":0,"k":[0,0],"ix":3},"r":{"a":0,"k":24,"ix":4},"nm":"사각형 패스 1","mn":"ADBE Vector Shape - Rect","hd":false},{"ty":"st","c":{"a":0,"k":[0,0,0,1],"ix":3},"o":{"a":0,"k":100,"ix":4},"w":{"a":0,"k":0,"ix":5},"lc":1,"lj":1,"ml":4,"bm":0,"nm":"선 1","mn":"ADBE Vector Graphic - Stroke","hd":false},{"ty":"fl","c":{"a":0,"k":[0.5254901960784314,0.5176470588235295,0.8196078431372549,1],"ix":4},"o":{"a":0,"k":100,"ix":5},"r":1,"bm":0,"nm":"칠 1","mn":"ADBE Vector Graphic - Fill","hd":false},{"ty":"tr","p":{"a":0,"k":[-7.625,-0.75],"ix":2},"a":{"a":0,"k":[0,0],"ix":1},"s":{"a":0,"k":[100,100],"ix":3},"r":{"a":0,"k":0,"ix":6},"o":{"a":0,"k":100,"ix":7},"sk":{"a":0,"k":0,"ix":4},"sa":{"a":0,"k":0,"ix":5},"nm":"변형"}],"nm":"사각형 1","np":3,"cix":2,"bm":0,"ix":1,"mn":"ADBE Vector Group","hd":false}],"ip":0,"op":720,"st":0,"bm":0},{"ddd":0,"ind":17,"ty":4,"nm":"line29","sr":1,"ks":{"o":{"a":0,"k":100,"ix":11},"r":{"a":0,"k":0,"ix":10},"p":{"a":0,"k":[243.324,20,0],"ix":2},"a":{"a":0,"k":[-7.625,-0.75,0],"ix":1},"s":{"a":0,"k":[100,90,100],"ix":6}},"ao":0,"shapes":[{"ty":"gr","it":[{"ty":"rc","d":1,"s":{"a":1,"k":[{"i":{"x":[0.833,0.833],"y":[1,1]},"o":{"x":[0.333,0.333],"y":[0,0]},"t":0,"s":[3,3]},{"i":{"x":[0.667,0.667],"y":[1,1]},"o":{"x":[0.333,0.333],"y":[0,0]},"t":4,"s":[3,6]},{"i":{"x":[0.669,0.669],"y":[1,-0.203]},"o":{"x":[0.355,0.355],"y":[0,0]},"t":10,"s":[3,8]},{"i":{"x":[0.674,0.674],"y":[1,-0.111]},"o":{"x":[0.295,0.295],"y":[0,-1.284]},"t":15,"s":[3,3.843]},{"i":{"x":[0.663,0.663],"y":[1,1]},"o":{"x":[0.332,0.332],"y":[0,5.481]},"t":21,"s":[3,8]},{"i":{"x":[0.667,0.667],"y":[1,-0.601]},"o":{"x":[0.333,0.333],"y":[0,0]},"t":28,"s":[3,9]},{"i":{"x":[0.667,0.667],"y":[1,1.117]},"o":{"x":[0.333,0.333],"y":[0,0.241]},"t":34,"s":[3,7.896]},{"i":{"x":[0.667,0.667],"y":[1,1]},"o":{"x":[0.333,0.333],"y":[0,0.143]},"t":38,"s":[3,3]},{"i":{"x":[0.62,0.62],"y":[1,3.176]},"o":{"x":[0.159,0.159],"y":[0,0]},"t":42,"s":[3,7]},{"i":{"x":[0.818,0.818],"y":[1,1]},"o":{"x":[0.436,0.436],"y":[0,0.421]},"t":46,"s":[3,7.812]},{"t":50,"s":[3,3]}],"ix":2},"p":{"a":0,"k":[0,0],"ix":3},"r":{"a":0,"k":24,"ix":4},"nm":"사각형 패스 1","mn":"ADBE Vector Shape - Rect","hd":false},{"ty":"st","c":{"a":0,"k":[0,0,0,1],"ix":3},"o":{"a":0,"k":100,"ix":4},"w":{"a":0,"k":0,"ix":5},"lc":1,"lj":1,"ml":4,"bm":0,"nm":"선 1","mn":"ADBE Vector Graphic - Stroke","hd":false},{"ty":"fl","c":{"a":0,"k":[0.5254901960784314,0.5176470588235295,0.8196078431372549,1],"ix":4},"o":{"a":0,"k":100,"ix":5},"r":1,"bm":0,"nm":"칠 1","mn":"ADBE Vector Graphic - Fill","hd":false},{"ty":"tr","p":{"a":0,"k":[-7.625,-0.75],"ix":2},"a":{"a":0,"k":[0,0],"ix":1},"s":{"a":0,"k":[100,100],"ix":3},"r":{"a":0,"k":0,"ix":6},"o":{"a":0,"k":100,"ix":7},"sk":{"a":0,"k":0,"ix":4},"sa":{"a":0,"k":0,"ix":5},"nm":"변형"}],"nm":"사각형 1","np":3,"cix":2,"bm":0,"ix":1,"mn":"ADBE Vector Group","hd":false}],"ip":0,"op":720,"st":0,"bm":0},{"ddd":0,"ind":18,"ty":4,"nm":"line28","sr":1,"ks":{"o":{"a":0,"k":100,"ix":11},"r":{"a":0,"k":0,"ix":10},"p":{"a":0,"k":[249.239,20,0],"ix":2},"a":{"a":0,"k":[-7.625,-0.75,0],"ix":1},"s":{"a":0,"k":[100,90,100],"ix":6}},"ao":0,"shapes":[{"ty":"gr","it":[{"ty":"rc","d":1,"s":{"a":1,"k":[{"i":{"x":[0.833,0.833],"y":[1,1]},"o":{"x":[0.333,0.333],"y":[0,0]},"t":2,"s":[3,3]},{"i":{"x":[0.667,0.667],"y":[1,1]},"o":{"x":[0.333,0.333],"y":[0,0]},"t":9,"s":[3,10]},{"i":{"x":[0.585,0.585],"y":[1,1.354]},"o":{"x":[0.333,0.333],"y":[0,0]},"t":15,"s":[3,14]},{"i":{"x":[0.667,0.667],"y":[1,1]},"o":{"x":[0.348,0.348],"y":[0,0.24]},"t":24,"s":[3,4]},{"i":{"x":[0.667,0.667],"y":[1,0.834]},"o":{"x":[0.333,0.333],"y":[0,0]},"t":32,"s":[3,15]},{"i":{"x":[0.667,0.667],"y":[1,1]},"o":{"x":[0.333,0.333],"y":[0,-0.502]},"t":36,"s":[3,7.896]},{"i":{"x":[0.833,0.833],"y":[1,1]},"o":{"x":[0.167,0.167],"y":[0,0]},"t":43,"s":[3,12]},{"t":52,"s":[3,3]}],"ix":2},"p":{"a":0,"k":[0,0],"ix":3},"r":{"a":0,"k":24,"ix":4},"nm":"사각형 패스 1","mn":"ADBE Vector Shape - Rect","hd":false},{"ty":"st","c":{"a":0,"k":[0,0,0,1],"ix":3},"o":{"a":0,"k":100,"ix":4},"w":{"a":0,"k":0,"ix":5},"lc":1,"lj":1,"ml":4,"bm":0,"nm":"선 1","mn":"ADBE Vector Graphic - Stroke","hd":false},{"ty":"fl","c":{"a":0,"k":[0.5254901960784314,0.5176470588235295,0.8196078431372549,1],"ix":4},"o":{"a":0,"k":100,"ix":5},"r":1,"bm":0,"nm":"칠 1","mn":"ADBE Vector Graphic - Fill","hd":false},{"ty":"tr","p":{"a":0,"k":[-7.625,-0.75],"ix":2},"a":{"a":0,"k":[0,0],"ix":1},"s":{"a":0,"k":[100,100],"ix":3},"r":{"a":0,"k":0,"ix":6},"o":{"a":0,"k":100,"ix":7},"sk":{"a":0,"k":0,"ix":4},"sa":{"a":0,"k":0,"ix":5},"nm":"변형"}],"nm":"사각형 1","np":3,"cix":2,"bm":0,"ix":1,"mn":"ADBE Vector Group","hd":false}],"ip":0,"op":720,"st":0,"bm":0},{"ddd":0,"ind":19,"ty":4,"nm":"line27","sr":1,"ks":{"o":{"a":0,"k":100,"ix":11},"r":{"a":0,"k":0,"ix":10},"p":{"a":0,"k":[237.409,20,0],"ix":2},"a":{"a":0,"k":[-7.625,-0.75,0],"ix":1},"s":{"a":0,"k":[100,90,100],"ix":6}},"ao":0,"shapes":[{"ty":"gr","it":[{"ty":"rc","d":1,"s":{"a":1,"k":[{"i":{"x":[0.815,0.815],"y":[1,1]},"o":{"x":[0.297,0.297],"y":[0,0]},"t":2,"s":[3,3]},{"i":{"x":[0.606,0.606],"y":[1,-3.101]},"o":{"x":[0.333,0.333],"y":[0,0]},"t":8,"s":[3,4]},{"i":{"x":[0.668,0.668],"y":[1,-3.307]},"o":{"x":[0.343,0.343],"y":[0,1.785]},"t":19,"s":[3,4]},{"i":{"x":[0.663,0.663],"y":[1,1]},"o":{"x":[0.332,0.332],"y":[0,-7.048]},"t":30,"s":[3,6]},{"i":{"x":[0.667,0.667],"y":[1,1]},"o":{"x":[0.333,0.333],"y":[0,0]},"t":39,"s":[3,5]},{"i":{"x":[0.833,0.833],"y":[1,1]},"o":{"x":[0.167,0.167],"y":[0,0]},"t":43,"s":[3,4]},{"t":47,"s":[3,3]}],"ix":2},"p":{"a":0,"k":[0,0],"ix":3},"r":{"a":0,"k":24,"ix":4},"nm":"사각형 패스 1","mn":"ADBE Vector Shape - Rect","hd":false},{"ty":"st","c":{"a":0,"k":[0,0,0,1],"ix":3},"o":{"a":0,"k":100,"ix":4},"w":{"a":0,"k":0,"ix":5},"lc":1,"lj":1,"ml":4,"bm":0,"nm":"선 1","mn":"ADBE Vector Graphic - Stroke","hd":false},{"ty":"fl","c":{"a":0,"k":[0.5254901960784314,0.5176470588235295,0.8196078431372549,1],"ix":4},"o":{"a":0,"k":100,"ix":5},"r":1,"bm":0,"nm":"칠 1","mn":"ADBE Vector Graphic - Fill","hd":false},{"ty":"tr","p":{"a":0,"k":[-7.625,-0.75],"ix":2},"a":{"a":0,"k":[0,0],"ix":1},"s":{"a":0,"k":[100,100],"ix":3},"r":{"a":0,"k":0,"ix":6},"o":{"a":0,"k":100,"ix":7},"sk":{"a":0,"k":0,"ix":4},"sa":{"a":0,"k":0,"ix":5},"nm":"변형"}],"nm":"사각형 1","np":3,"cix":2,"bm":0,"ix":1,"mn":"ADBE Vector Group","hd":false}],"ip":0,"op":720,"st":0,"bm":0},{"ddd":0,"ind":20,"ty":4,"nm":"line26","sr":1,"ks":{"o":{"a":0,"k":100,"ix":11},"r":{"a":0,"k":0,"ix":10},"p":{"a":0,"k":[83.625,20,0],"ix":2},"a":{"a":0,"k":[-7.625,-0.75,0],"ix":1},"s":{"a":0,"k":[100,90,100],"ix":6}},"ao":0,"shapes":[{"ty":"gr","it":[{"ty":"rc","d":1,"s":{"a":1,"k":[{"i":{"x":[0.815,0.815],"y":[1,1]},"o":{"x":[0.297,0.297],"y":[0,0]},"t":2,"s":[3,3]},{"i":{"x":[0.606,0.606],"y":[1,-3.101]},"o":{"x":[0.333,0.333],"y":[0,0]},"t":8,"s":[3,4]},{"i":{"x":[0.668,0.668],"y":[1,-3.307]},"o":{"x":[0.343,0.343],"y":[0,1.785]},"t":19,"s":[3,4]},{"i":{"x":[0.663,0.663],"y":[1,1]},"o":{"x":[0.332,0.332],"y":[0,-7.048]},"t":30,"s":[3,6]},{"i":{"x":[0.667,0.667],"y":[1,1]},"o":{"x":[0.333,0.333],"y":[0,0]},"t":39,"s":[3,5]},{"i":{"x":[0.833,0.833],"y":[1,1]},"o":{"x":[0.167,0.167],"y":[0,0]},"t":43,"s":[3,4]},{"t":47,"s":[3,3]}],"ix":2},"p":{"a":0,"k":[0,0],"ix":3},"r":{"a":0,"k":24,"ix":4},"nm":"사각형 패스 1","mn":"ADBE Vector Shape - Rect","hd":false},{"ty":"st","c":{"a":0,"k":[0,0,0,1],"ix":3},"o":{"a":0,"k":100,"ix":4},"w":{"a":0,"k":0,"ix":5},"lc":1,"lj":1,"ml":4,"bm":0,"nm":"선 1","mn":"ADBE Vector Graphic - Stroke","hd":false},{"ty":"fl","c":{"a":0,"k":[0.5254901960784314,0.5176470588235295,0.8196078431372549,1],"ix":4},"o":{"a":0,"k":100,"ix":5},"r":1,"bm":0,"nm":"칠 1","mn":"ADBE Vector Graphic - Fill","hd":false},{"ty":"tr","p":{"a":0,"k":[-7.625,-0.75],"ix":2},"a":{"a":0,"k":[0,0],"ix":1},"s":{"a":0,"k":[100,100],"ix":3},"r":{"a":0,"k":0,"ix":6},"o":{"a":0,"k":100,"ix":7},"sk":{"a":0,"k":0,"ix":4},"sa":{"a":0,"k":0,"ix":5},"nm":"변형"}],"nm":"사각형 1","np":3,"cix":2,"bm":0,"ix":1,"mn":"ADBE Vector Group","hd":false}],"ip":0,"op":720,"st":0,"bm":0},{"ddd":0,"ind":21,"ty":4,"nm":"line25","sr":1,"ks":{"o":{"a":0,"k":100,"ix":11},"r":{"a":0,"k":0,"ix":10},"p":{"a":0,"k":[231.494,20,0],"ix":2},"a":{"a":0,"k":[-7.625,-0.75,0],"ix":1},"s":{"a":0,"k":[100,90,100],"ix":6}},"ao":0,"shapes":[{"ty":"gr","it":[{"ty":"rc","d":1,"s":{"a":1,"k":[{"i":{"x":[0.815,0.815],"y":[1,1]},"o":{"x":[0.297,0.297],"y":[0,0]},"t":2,"s":[3,3]},{"i":{"x":[0.606,0.606],"y":[1,-3.101]},"o":{"x":[0.333,0.333],"y":[0,0]},"t":8,"s":[3,4]},{"i":{"x":[0.668,0.668],"y":[1,-3.307]},"o":{"x":[0.343,0.343],"y":[0,1.785]},"t":19,"s":[3,4]},{"i":{"x":[0.663,0.663],"y":[1,1]},"o":{"x":[0.332,0.332],"y":[0,-7.048]},"t":30,"s":[3,6]},{"i":{"x":[0.667,0.667],"y":[1,1]},"o":{"x":[0.333,0.333],"y":[0,0]},"t":39,"s":[3,5]},{"i":{"x":[0.833,0.833],"y":[1,1]},"o":{"x":[0.167,0.167],"y":[0,0]},"t":43,"s":[3,4]},{"t":47,"s":[3,3]}],"ix":2},"p":{"a":0,"k":[0,0],"ix":3},"r":{"a":0,"k":24,"ix":4},"nm":"사각형 패스 1","mn":"ADBE Vector Shape - Rect","hd":false},{"ty":"st","c":{"a":0,"k":[0,0,0,1],"ix":3},"o":{"a":0,"k":100,"ix":4},"w":{"a":0,"k":0,"ix":5},"lc":1,"lj":1,"ml":4,"bm":0,"nm":"선 1","mn":"ADBE Vector Graphic - Stroke","hd":false},{"ty":"fl","c":{"a":0,"k":[0.5254901960784314,0.5176470588235295,0.8196078431372549,1],"ix":4},"o":{"a":0,"k":100,"ix":5},"r":1,"bm":0,"nm":"칠 1","mn":"ADBE Vector Graphic - Fill","hd":false},{"ty":"tr","p":{"a":0,"k":[-7.625,-0.75],"ix":2},"a":{"a":0,"k":[0,0],"ix":1},"s":{"a":0,"k":[100,100],"ix":3},"r":{"a":0,"k":0,"ix":6},"o":{"a":0,"k":100,"ix":7},"sk":{"a":0,"k":0,"ix":4},"sa":{"a":0,"k":0,"ix":5},"nm":"변형"}],"nm":"사각형 1","np":3,"cix":2,"bm":0,"ix":1,"mn":"ADBE Vector Group","hd":false}],"ip":0,"op":720,"st":0,"bm":0},{"ddd":0,"ind":22,"ty":4,"nm":"line24","sr":1,"ks":{"o":{"a":0,"k":100,"ix":11},"r":{"a":0,"k":0,"ix":10},"p":{"a":0,"k":[89.54,20,0],"ix":2},"a":{"a":0,"k":[-7.625,-0.75,0],"ix":1},"s":{"a":0,"k":[100,90,100],"ix":6}},"ao":0,"shapes":[{"ty":"gr","it":[{"ty":"rc","d":1,"s":{"a":1,"k":[{"i":{"x":[0.815,0.815],"y":[1,1]},"o":{"x":[0.297,0.297],"y":[0,0]},"t":2,"s":[3,3]},{"i":{"x":[0.606,0.606],"y":[1,-3.101]},"o":{"x":[0.333,0.333],"y":[0,0]},"t":8,"s":[3,4]},{"i":{"x":[0.668,0.668],"y":[1,-3.307]},"o":{"x":[0.343,0.343],"y":[0,1.785]},"t":19,"s":[3,4]},{"i":{"x":[0.663,0.663],"y":[1,1]},"o":{"x":[0.332,0.332],"y":[0,-7.048]},"t":30,"s":[3,6]},{"i":{"x":[0.667,0.667],"y":[1,1]},"o":{"x":[0.333,0.333],"y":[0,0]},"t":39,"s":[3,5]},{"i":{"x":[0.833,0.833],"y":[1,1]},"o":{"x":[0.167,0.167],"y":[0,0]},"t":43,"s":[3,4]},{"t":47,"s":[3,3]}],"ix":2},"p":{"a":0,"k":[0,0],"ix":3},"r":{"a":0,"k":24,"ix":4},"nm":"사각형 패스 1","mn":"ADBE Vector Shape - Rect","hd":false},{"ty":"st","c":{"a":0,"k":[0,0,0,1],"ix":3},"o":{"a":0,"k":100,"ix":4},"w":{"a":0,"k":0,"ix":5},"lc":1,"lj":1,"ml":4,"bm":0,"nm":"선 1","mn":"ADBE Vector Graphic - Stroke","hd":false},{"ty":"fl","c":{"a":0,"k":[0.5254901960784314,0.5176470588235295,0.8196078431372549,1],"ix":4},"o":{"a":0,"k":100,"ix":5},"r":1,"bm":0,"nm":"칠 1","mn":"ADBE Vector Graphic - Fill","hd":false},{"ty":"tr","p":{"a":0,"k":[-7.625,-0.75],"ix":2},"a":{"a":0,"k":[0,0],"ix":1},"s":{"a":0,"k":[100,100],"ix":3},"r":{"a":0,"k":0,"ix":6},"o":{"a":0,"k":100,"ix":7},"sk":{"a":0,"k":0,"ix":4},"sa":{"a":0,"k":0,"ix":5},"nm":"변형"}],"nm":"사각형 1","np":3,"cix":2,"bm":0,"ix":1,"mn":"ADBE Vector Group","hd":false}],"ip":0,"op":720,"st":0,"bm":0},{"ddd":0,"ind":23,"ty":4,"nm":"line23","sr":1,"ks":{"o":{"a":0,"k":100,"ix":11},"r":{"a":0,"k":0,"ix":10},"p":{"a":0,"k":[225.579,20,0],"ix":2},"a":{"a":0,"k":[-7.625,-0.75,0],"ix":1},"s":{"a":0,"k":[100,90,100],"ix":6}},"ao":0,"shapes":[{"ty":"gr","it":[{"ty":"rc","d":1,"s":{"a":1,"k":[{"i":{"x":[0.659,0.659],"y":[1,0.45]},"o":{"x":[0.297,0.297],"y":[0,0]},"t":0,"s":[3,3]},{"i":{"x":[0.815,0.815],"y":[1,1]},"o":{"x":[0.425,0.425],"y":[0,0.685]},"t":5,"s":[3,3]},{"i":{"x":[0.669,0.669],"y":[1,2.667]},"o":{"x":[0.333,0.333],"y":[0,0]},"t":10,"s":[3,4]},{"i":{"x":[0.606,0.606],"y":[1,1.746]},"o":{"x":[0.295,0.295],"y":[0,1.78]},"t":15,"s":[3,7]},{"i":{"x":[0.674,0.674],"y":[1,0.771]},"o":{"x":[0.343,0.343],"y":[0,-1.298]},"t":21,"s":[3,4]},{"i":{"x":[0.668,0.668],"y":[1,0.217]},"o":{"x":[0.336,0.336],"y":[0,-0.059]},"t":25,"s":[3,3]},{"i":{"x":[0.663,0.663],"y":[1,1]},"o":{"x":[0.332,0.332],"y":[0,-3.915]},"t":28,"s":[3,6]},{"i":{"x":[0.667,0.667],"y":[1,0.116]},"o":{"x":[0.333,0.333],"y":[0,0]},"t":33,"s":[3,5]},{"i":{"x":[0.667,0.667],"y":[1,1]},"o":{"x":[0.333,0.333],"y":[0,-1.767]},"t":39,"s":[3,3]},{"i":{"x":[0.833,0.833],"y":[1,1]},"o":{"x":[0.167,0.167],"y":[0,0]},"t":45,"s":[3,4]},{"t":52,"s":[3,3]}],"ix":2},"p":{"a":0,"k":[0,0],"ix":3},"r":{"a":0,"k":24,"ix":4},"nm":"사각형 패스 1","mn":"ADBE Vector Shape - Rect","hd":false},{"ty":"st","c":{"a":0,"k":[0,0,0,1],"ix":3},"o":{"a":0,"k":100,"ix":4},"w":{"a":0,"k":0,"ix":5},"lc":1,"lj":1,"ml":4,"bm":0,"nm":"선 1","mn":"ADBE Vector Graphic - Stroke","hd":false},{"ty":"fl","c":{"a":0,"k":[0.5254901960784314,0.5176470588235295,0.8196078431372549,1],"ix":4},"o":{"a":0,"k":100,"ix":5},"r":1,"bm":0,"nm":"칠 1","mn":"ADBE Vector Graphic - Fill","hd":false},{"ty":"tr","p":{"a":0,"k":[-7.625,-0.75],"ix":2},"a":{"a":0,"k":[0,0],"ix":1},"s":{"a":0,"k":[100,100],"ix":3},"r":{"a":0,"k":0,"ix":6},"o":{"a":0,"k":100,"ix":7},"sk":{"a":0,"k":0,"ix":4},"sa":{"a":0,"k":0,"ix":5},"nm":"변형"}],"nm":"사각형 1","np":3,"cix":2,"bm":0,"ix":1,"mn":"ADBE Vector Group","hd":false}],"ip":0,"op":720,"st":0,"bm":0},{"ddd":0,"ind":24,"ty":4,"nm":"line22","sr":1,"ks":{"o":{"a":0,"k":100,"ix":11},"r":{"a":0,"k":0,"ix":10},"p":{"a":0,"k":[95.454,20,0],"ix":2},"a":{"a":0,"k":[-7.625,-0.75,0],"ix":1},"s":{"a":0,"k":[100,90,100],"ix":6}},"ao":0,"shapes":[{"ty":"gr","it":[{"ty":"rc","d":1,"s":{"a":1,"k":[{"i":{"x":[0.659,0.659],"y":[1,0.45]},"o":{"x":[0.297,0.297],"y":[0,0]},"t":0,"s":[3,3]},{"i":{"x":[0.815,0.815],"y":[1,1]},"o":{"x":[0.425,0.425],"y":[0,0.685]},"t":5,"s":[3,3]},{"i":{"x":[0.669,0.669],"y":[1,2.667]},"o":{"x":[0.333,0.333],"y":[0,0]},"t":10,"s":[3,4]},{"i":{"x":[0.606,0.606],"y":[1,1.746]},"o":{"x":[0.295,0.295],"y":[0,1.78]},"t":15,"s":[3,7]},{"i":{"x":[0.674,0.674],"y":[1,0.771]},"o":{"x":[0.343,0.343],"y":[0,-1.298]},"t":21,"s":[3,4]},{"i":{"x":[0.668,0.668],"y":[1,0.217]},"o":{"x":[0.336,0.336],"y":[0,-0.059]},"t":25,"s":[3,3]},{"i":{"x":[0.663,0.663],"y":[1,1]},"o":{"x":[0.332,0.332],"y":[0,-3.915]},"t":28,"s":[3,6]},{"i":{"x":[0.667,0.667],"y":[1,0.116]},"o":{"x":[0.333,0.333],"y":[0,0]},"t":33,"s":[3,5]},{"i":{"x":[0.667,0.667],"y":[1,1]},"o":{"x":[0.333,0.333],"y":[0,-1.767]},"t":39,"s":[3,3]},{"i":{"x":[0.833,0.833],"y":[1,1]},"o":{"x":[0.167,0.167],"y":[0,0]},"t":45,"s":[3,4]},{"t":52,"s":[3,3]}],"ix":2},"p":{"a":0,"k":[0,0],"ix":3},"r":{"a":0,"k":24,"ix":4},"nm":"사각형 패스 1","mn":"ADBE Vector Shape - Rect","hd":false},{"ty":"st","c":{"a":0,"k":[0,0,0,1],"ix":3},"o":{"a":0,"k":100,"ix":4},"w":{"a":0,"k":0,"ix":5},"lc":1,"lj":1,"ml":4,"bm":0,"nm":"선 1","mn":"ADBE Vector Graphic - Stroke","hd":false},{"ty":"fl","c":{"a":0,"k":[0.5254901960784314,0.5176470588235295,0.8196078431372549,1],"ix":4},"o":{"a":0,"k":100,"ix":5},"r":1,"bm":0,"nm":"칠 1","mn":"ADBE Vector Graphic - Fill","hd":false},{"ty":"tr","p":{"a":0,"k":[-7.625,-0.75],"ix":2},"a":{"a":0,"k":[0,0],"ix":1},"s":{"a":0,"k":[100,100],"ix":3},"r":{"a":0,"k":0,"ix":6},"o":{"a":0,"k":100,"ix":7},"sk":{"a":0,"k":0,"ix":4},"sa":{"a":0,"k":0,"ix":5},"nm":"변형"}],"nm":"사각형 1","np":3,"cix":2,"bm":0,"ix":1,"mn":"ADBE Vector Group","hd":false}],"ip":0,"op":720,"st":0,"bm":0},{"ddd":0,"ind":25,"ty":4,"nm":"line21","sr":1,"ks":{"o":{"a":0,"k":100,"ix":11},"r":{"a":0,"k":0,"ix":10},"p":{"a":0,"k":[219.665,20,0],"ix":2},"a":{"a":0,"k":[-7.625,-0.75,0],"ix":1},"s":{"a":0,"k":[100,90,100],"ix":6}},"ao":0,"shapes":[{"ty":"gr","it":[{"ty":"rc","d":1,"s":{"a":1,"k":[{"i":{"x":[0.833,0.833],"y":[1,1]},"o":{"x":[0.333,0.333],"y":[0,0]},"t":3,"s":[3,3]},{"i":{"x":[0.667,0.667],"y":[1,1]},"o":{"x":[0.333,0.333],"y":[0,0]},"t":6,"s":[3,6]},{"i":{"x":[0.669,0.669],"y":[1,-0.203]},"o":{"x":[0.355,0.355],"y":[0,0]},"t":12,"s":[3,8]},{"i":{"x":[0.674,0.674],"y":[1,-0.111]},"o":{"x":[0.295,0.295],"y":[0,-1.284]},"t":17,"s":[3,3.843]},{"i":{"x":[0.663,0.663],"y":[1,1]},"o":{"x":[0.332,0.332],"y":[0,5.481]},"t":23,"s":[3,8]},{"i":{"x":[0.667,0.667],"y":[1,0.199]},"o":{"x":[0.333,0.333],"y":[0,0]},"t":30,"s":[3,9]},{"i":{"x":[0.667,0.667],"y":[1,1]},"o":{"x":[0.333,0.333],"y":[0,1.972]},"t":33,"s":[3,7.896]},{"i":{"x":[0.62,0.62],"y":[1,-0.03]},"o":{"x":[0.159,0.159],"y":[0,0]},"t":39,"s":[3,7]},{"i":{"x":[0.818,0.818],"y":[1,1]},"o":{"x":[0.436,0.436],"y":[0,2.535]},"t":46,"s":[3,4]},{"t":51,"s":[3,3]}],"ix":2},"p":{"a":0,"k":[0,0],"ix":3},"r":{"a":0,"k":24,"ix":4},"nm":"사각형 패스 1","mn":"ADBE Vector Shape - Rect","hd":false},{"ty":"st","c":{"a":0,"k":[0,0,0,1],"ix":3},"o":{"a":0,"k":100,"ix":4},"w":{"a":0,"k":0,"ix":5},"lc":1,"lj":1,"ml":4,"bm":0,"nm":"선 1","mn":"ADBE Vector Graphic - Stroke","hd":false},{"ty":"fl","c":{"a":0,"k":[0.5254901960784314,0.5176470588235295,0.8196078431372549,1],"ix":4},"o":{"a":0,"k":100,"ix":5},"r":1,"bm":0,"nm":"칠 1","mn":"ADBE Vector Graphic - Fill","hd":false},{"ty":"tr","p":{"a":0,"k":[-7.625,-0.75],"ix":2},"a":{"a":0,"k":[0,0],"ix":1},"s":{"a":0,"k":[100,100],"ix":3},"r":{"a":0,"k":0,"ix":6},"o":{"a":0,"k":100,"ix":7},"sk":{"a":0,"k":0,"ix":4},"sa":{"a":0,"k":0,"ix":5},"nm":"변형"}],"nm":"사각형 1","np":3,"cix":2,"bm":0,"ix":1,"mn":"ADBE Vector Group","hd":false}],"ip":0,"op":720,"st":0,"bm":0},{"ddd":0,"ind":26,"ty":4,"nm":"line20","sr":1,"ks":{"o":{"a":0,"k":100,"ix":11},"r":{"a":0,"k":0,"ix":10},"p":{"a":0,"k":[213.75,20,0],"ix":2},"a":{"a":0,"k":[-7.625,-0.75,0],"ix":1},"s":{"a":0,"k":[100,90,100],"ix":6}},"ao":0,"shapes":[{"ty":"gr","it":[{"ty":"rc","d":1,"s":{"a":1,"k":[{"i":{"x":[0.833,0.833],"y":[1,1]},"o":{"x":[0.333,0.333],"y":[0,0]},"t":0,"s":[3,3]},{"i":{"x":[0.667,0.667],"y":[1,1]},"o":{"x":[0.333,0.333],"y":[0,0]},"t":4,"s":[3,6]},{"i":{"x":[0.669,0.669],"y":[1,-0.203]},"o":{"x":[0.355,0.355],"y":[0,0]},"t":10,"s":[3,8]},{"i":{"x":[0.674,0.674],"y":[1,-0.111]},"o":{"x":[0.295,0.295],"y":[0,-1.284]},"t":15,"s":[3,3.843]},{"i":{"x":[0.663,0.663],"y":[1,1]},"o":{"x":[0.332,0.332],"y":[0,5.481]},"t":21,"s":[3,8]},{"i":{"x":[0.667,0.667],"y":[1,-0.601]},"o":{"x":[0.333,0.333],"y":[0,0]},"t":28,"s":[3,9]},{"i":{"x":[0.667,0.667],"y":[1,1.117]},"o":{"x":[0.333,0.333],"y":[0,0.241]},"t":34,"s":[3,7.896]},{"i":{"x":[0.667,0.667],"y":[1,1]},"o":{"x":[0.333,0.333],"y":[0,0.143]},"t":38,"s":[3,3]},{"i":{"x":[0.62,0.62],"y":[1,3.176]},"o":{"x":[0.159,0.159],"y":[0,0]},"t":42,"s":[3,7]},{"i":{"x":[0.818,0.818],"y":[1,1]},"o":{"x":[0.436,0.436],"y":[0,0.421]},"t":46,"s":[3,7.812]},{"t":50,"s":[3,3]}],"ix":2},"p":{"a":0,"k":[0,0],"ix":3},"r":{"a":0,"k":24,"ix":4},"nm":"사각형 패스 1","mn":"ADBE Vector Shape - Rect","hd":false},{"ty":"st","c":{"a":0,"k":[0,0,0,1],"ix":3},"o":{"a":0,"k":100,"ix":4},"w":{"a":0,"k":0,"ix":5},"lc":1,"lj":1,"ml":4,"bm":0,"nm":"선 1","mn":"ADBE Vector Graphic - Stroke","hd":false},{"ty":"fl","c":{"a":0,"k":[0.5254901960784314,0.5176470588235295,0.8196078431372549,1],"ix":4},"o":{"a":0,"k":100,"ix":5},"r":1,"bm":0,"nm":"칠 1","mn":"ADBE Vector Graphic - Fill","hd":false},{"ty":"tr","p":{"a":0,"k":[-7.625,-0.75],"ix":2},"a":{"a":0,"k":[0,0],"ix":1},"s":{"a":0,"k":[100,100],"ix":3},"r":{"a":0,"k":0,"ix":6},"o":{"a":0,"k":100,"ix":7},"sk":{"a":0,"k":0,"ix":4},"sa":{"a":0,"k":0,"ix":5},"nm":"변형"}],"nm":"사각형 1","np":3,"cix":2,"bm":0,"ix":1,"mn":"ADBE Vector Group","hd":false}],"ip":0,"op":720,"st":0,"bm":0},{"ddd":0,"ind":27,"ty":4,"nm":"line19","sr":1,"ks":{"o":{"a":0,"k":100,"ix":11},"r":{"a":0,"k":0,"ix":10},"p":{"a":0,"k":[207.835,20,0],"ix":2},"a":{"a":0,"k":[-7.625,-0.75,0],"ix":1},"s":{"a":0,"k":[100,90,100],"ix":6}},"ao":0,"shapes":[{"ty":"gr","it":[{"ty":"rc","d":1,"s":{"a":1,"k":[{"i":{"x":[0.833,0.833],"y":[1,1]},"o":{"x":[0.333,0.333],"y":[0,0]},"t":2,"s":[3,3]},{"i":{"x":[0.667,0.667],"y":[1,1]},"o":{"x":[0.333,0.333],"y":[0,0]},"t":9,"s":[3,10]},{"i":{"x":[0.585,0.585],"y":[1,1.354]},"o":{"x":[0.333,0.333],"y":[0,0]},"t":15,"s":[3,14]},{"i":{"x":[0.667,0.667],"y":[1,1]},"o":{"x":[0.348,0.348],"y":[0,0.24]},"t":24,"s":[3,4]},{"i":{"x":[0.667,0.667],"y":[1,0.834]},"o":{"x":[0.333,0.333],"y":[0,0]},"t":32,"s":[3,15]},{"i":{"x":[0.667,0.667],"y":[1,1]},"o":{"x":[0.333,0.333],"y":[0,-0.502]},"t":36,"s":[3,7.896]},{"i":{"x":[0.833,0.833],"y":[1,1]},"o":{"x":[0.167,0.167],"y":[0,0]},"t":43,"s":[3,12]},{"t":52,"s":[3,3]}],"ix":2},"p":{"a":0,"k":[0,0],"ix":3},"r":{"a":0,"k":24,"ix":4},"nm":"사각형 패스 1","mn":"ADBE Vector Shape - Rect","hd":false},{"ty":"st","c":{"a":0,"k":[0,0,0,1],"ix":3},"o":{"a":0,"k":100,"ix":4},"w":{"a":0,"k":0,"ix":5},"lc":1,"lj":1,"ml":4,"bm":0,"nm":"선 1","mn":"ADBE Vector Graphic - Stroke","hd":false},{"ty":"fl","c":{"a":0,"k":[0.5254901960784314,0.5176470588235295,0.8196078431372549,1],"ix":4},"o":{"a":0,"k":100,"ix":5},"r":1,"bm":0,"nm":"칠 1","mn":"ADBE Vector Graphic - Fill","hd":false},{"ty":"tr","p":{"a":0,"k":[-7.625,-0.75],"ix":2},"a":{"a":0,"k":[0,0],"ix":1},"s":{"a":0,"k":[100,100],"ix":3},"r":{"a":0,"k":0,"ix":6},"o":{"a":0,"k":100,"ix":7},"sk":{"a":0,"k":0,"ix":4},"sa":{"a":0,"k":0,"ix":5},"nm":"변형"}],"nm":"사각형 1","np":3,"cix":2,"bm":0,"ix":1,"mn":"ADBE Vector Group","hd":false}],"ip":0,"op":720,"st":0,"bm":0},{"ddd":0,"ind":28,"ty":4,"nm":"line18","sr":1,"ks":{"o":{"a":0,"k":100,"ix":11},"r":{"a":0,"k":0,"ix":10},"p":{"a":0,"k":[101.369,20,0],"ix":2},"a":{"a":0,"k":[-7.625,-0.75,0],"ix":1},"s":{"a":0,"k":[100,90,100],"ix":6}},"ao":0,"shapes":[{"ty":"gr","it":[{"ty":"rc","d":1,"s":{"a":1,"k":[{"i":{"x":[0.833,0.833],"y":[1,1]},"o":{"x":[0.333,0.333],"y":[0,0]},"t":0,"s":[3,3]},{"i":{"x":[0.669,0.669],"y":[1,4.334]},"o":{"x":[0.333,0.333],"y":[0,0]},"t":4,"s":[3,4]},{"i":{"x":[0.606,0.606],"y":[1,1.621]},"o":{"x":[0.295,0.295],"y":[0,1.483]},"t":14,"s":[3,7]},{"i":{"x":[0.674,0.674],"y":[1,-2.079]},"o":{"x":[0.346,0.346],"y":[0,1.312]},"t":19,"s":[3,4]},{"i":{"x":[0.663,0.663],"y":[1,1]},"o":{"x":[0.332,0.332],"y":[0,0.587]},"t":27,"s":[3,6]},{"i":{"x":[0.667,0.667],"y":[1,0.764]},"o":{"x":[0.333,0.333],"y":[0,0]},"t":30,"s":[3,10]},{"i":{"x":[0.667,0.667],"y":[1,1]},"o":{"x":[0.333,0.333],"y":[0,1.031]},"t":34,"s":[3,5]},{"i":{"x":[0.833,0.833],"y":[1,1]},"o":{"x":[0.167,0.167],"y":[0,0]},"t":41,"s":[3,3]},{"i":{"x":[0.833,0.833],"y":[1,1]},"o":{"x":[0.167,0.167],"y":[0,0]},"t":47,"s":[3,7]},{"t":52,"s":[3,3]}],"ix":2},"p":{"a":0,"k":[0,0],"ix":3},"r":{"a":0,"k":24,"ix":4},"nm":"사각형 패스 1","mn":"ADBE Vector Shape - Rect","hd":false},{"ty":"st","c":{"a":0,"k":[0,0,0,1],"ix":3},"o":{"a":0,"k":100,"ix":4},"w":{"a":0,"k":0,"ix":5},"lc":1,"lj":1,"ml":4,"bm":0,"nm":"선 1","mn":"ADBE Vector Graphic - Stroke","hd":false},{"ty":"fl","c":{"a":0,"k":[0.5254901960784314,0.5176470588235295,0.8196078431372549,1],"ix":4},"o":{"a":0,"k":100,"ix":5},"r":1,"bm":0,"nm":"칠 1","mn":"ADBE Vector Graphic - Fill","hd":false},{"ty":"tr","p":{"a":0,"k":[-7.625,-0.75],"ix":2},"a":{"a":0,"k":[0,0],"ix":1},"s":{"a":0,"k":[100,100],"ix":3},"r":{"a":0,"k":0,"ix":6},"o":{"a":0,"k":100,"ix":7},"sk":{"a":0,"k":0,"ix":4},"sa":{"a":0,"k":0,"ix":5},"nm":"변형"}],"nm":"사각형 1","np":3,"cix":2,"bm":0,"ix":1,"mn":"ADBE Vector Group","hd":false}],"ip":0,"op":720,"st":0,"bm":0},{"ddd":0,"ind":29,"ty":4,"nm":"line17","sr":1,"ks":{"o":{"a":0,"k":100,"ix":11},"r":{"a":0,"k":0,"ix":10},"p":{"a":0,"k":[201.92,20,0],"ix":2},"a":{"a":0,"k":[-7.625,-0.75,0],"ix":1},"s":{"a":0,"k":[100,90,100],"ix":6}},"ao":0,"shapes":[{"ty":"gr","it":[{"ty":"rc","d":1,"s":{"a":1,"k":[{"i":{"x":[0.833,0.833],"y":[1,1]},"o":{"x":[0.333,0.333],"y":[0,0]},"t":1,"s":[3,3]},{"i":{"x":[0.667,0.667],"y":[1,1]},"o":{"x":[0.333,0.333],"y":[0,0]},"t":7,"s":[3,5]},{"i":{"x":[0.669,0.669],"y":[1,0.641]},"o":{"x":[0.355,0.355],"y":[0,0]},"t":12,"s":[3,15]},{"i":{"x":[0.674,0.674],"y":[1,-3.474]},"o":{"x":[0.295,0.295],"y":[0,-5.173]},"t":16,"s":[3,3.843]},{"i":{"x":[0.663,0.663],"y":[1,1]},"o":{"x":[0.332,0.332],"y":[0,0.422]},"t":22,"s":[3,4.875]},{"i":{"x":[0.667,0.667],"y":[1,0.746]},"o":{"x":[0.333,0.333],"y":[0,0]},"t":28,"s":[3,16]},{"i":{"x":[0.667,0.667],"y":[1,1]},"o":{"x":[0.333,0.333],"y":[0,-1.868]},"t":35,"s":[3,7.896]},{"i":{"x":[0.833,0.833],"y":[1,1]},"o":{"x":[0.167,0.167],"y":[0,0]},"t":42,"s":[3,9]},{"t":50,"s":[3,3]}],"ix":2},"p":{"a":0,"k":[0,0],"ix":3},"r":{"a":0,"k":24,"ix":4},"nm":"사각형 패스 1","mn":"ADBE Vector Shape - Rect","hd":false},{"ty":"st","c":{"a":0,"k":[0,0,0,1],"ix":3},"o":{"a":0,"k":100,"ix":4},"w":{"a":0,"k":0,"ix":5},"lc":1,"lj":1,"ml":4,"bm":0,"nm":"선 1","mn":"ADBE Vector Graphic - Stroke","hd":false},{"ty":"fl","c":{"a":0,"k":[0.5254901960784314,0.5176470588235295,0.8196078431372549,1],"ix":4},"o":{"a":0,"k":100,"ix":5},"r":1,"bm":0,"nm":"칠 1","mn":"ADBE Vector Graphic - Fill","hd":false},{"ty":"tr","p":{"a":0,"k":[-7.625,-0.75],"ix":2},"a":{"a":0,"k":[0,0],"ix":1},"s":{"a":0,"k":[100,100],"ix":3},"r":{"a":0,"k":0,"ix":6},"o":{"a":0,"k":100,"ix":7},"sk":{"a":0,"k":0,"ix":4},"sa":{"a":0,"k":0,"ix":5},"nm":"변형"}],"nm":"사각형 1","np":3,"cix":2,"bm":0,"ix":1,"mn":"ADBE Vector Group","hd":false}],"ip":0,"op":720,"st":0,"bm":0},{"ddd":0,"ind":30,"ty":4,"nm":"line16","sr":1,"ks":{"o":{"a":0,"k":100,"ix":11},"r":{"a":0,"k":0,"ix":10},"p":{"a":0,"k":[196.006,20,0],"ix":2},"a":{"a":0,"k":[-7.625,-0.75,0],"ix":1},"s":{"a":0,"k":[100,90,100],"ix":6}},"ao":0,"shapes":[{"ty":"gr","it":[{"ty":"rc","d":1,"s":{"a":1,"k":[{"i":{"x":[0.833,0.833],"y":[1,1]},"o":{"x":[0.333,0.333],"y":[0,0]},"t":2,"s":[3,3]},{"i":{"x":[0.667,0.667],"y":[1,1]},"o":{"x":[0.333,0.333],"y":[0,0]},"t":7,"s":[3,6]},{"i":{"x":[0.669,0.669],"y":[1,-1.318]},"o":{"x":[0.355,0.355],"y":[0,0]},"t":10,"s":[3,6]},{"i":{"x":[0.674,0.674],"y":[1,0.074]},"o":{"x":[0.295,0.295],"y":[0,-1.07]},"t":15,"s":[3,3.843]},{"i":{"x":[0.663,0.663],"y":[1,1]},"o":{"x":[0.332,0.332],"y":[0,-1.305]},"t":20,"s":[3,8]},{"i":{"x":[0.667,0.667],"y":[1,1.407]},"o":{"x":[0.333,0.333],"y":[0,0]},"t":25,"s":[3,5]},{"i":{"x":[0.667,0.667],"y":[1,1.146]},"o":{"x":[0.333,0.333],"y":[0,0.301]},"t":29,"s":[3,7.896]},{"i":{"x":[0.667,0.667],"y":[1,1]},"o":{"x":[0.333,0.333],"y":[0,0.143]},"t":34,"s":[3,3]},{"i":{"x":[0.62,0.62],"y":[1,-0.104]},"o":{"x":[0.159,0.159],"y":[0,0]},"t":38,"s":[3,7]},{"i":{"x":[0.818,0.818],"y":[1,1]},"o":{"x":[0.436,0.436],"y":[0,1.267]},"t":43,"s":[3,5]},{"t":48,"s":[3,3]}],"ix":2},"p":{"a":0,"k":[0,0],"ix":3},"r":{"a":0,"k":24,"ix":4},"nm":"사각형 패스 1","mn":"ADBE Vector Shape - Rect","hd":false},{"ty":"st","c":{"a":0,"k":[0,0,0,1],"ix":3},"o":{"a":0,"k":100,"ix":4},"w":{"a":0,"k":0,"ix":5},"lc":1,"lj":1,"ml":4,"bm":0,"nm":"선 1","mn":"ADBE Vector Graphic - Stroke","hd":false},{"ty":"fl","c":{"a":0,"k":[0.5254901960784314,0.5176470588235295,0.8196078431372549,1],"ix":4},"o":{"a":0,"k":100,"ix":5},"r":1,"bm":0,"nm":"칠 1","mn":"ADBE Vector Graphic - Fill","hd":false},{"ty":"tr","p":{"a":0,"k":[-7.625,-0.75],"ix":2},"a":{"a":0,"k":[0,0],"ix":1},"s":{"a":0,"k":[100,100],"ix":3},"r":{"a":0,"k":0,"ix":6},"o":{"a":0,"k":100,"ix":7},"sk":{"a":0,"k":0,"ix":4},"sa":{"a":0,"k":0,"ix":5},"nm":"변형"}],"nm":"사각형 1","np":3,"cix":2,"bm":0,"ix":1,"mn":"ADBE Vector Group","hd":false}],"ip":0,"op":720,"st":0,"bm":0},{"ddd":0,"ind":31,"ty":4,"nm":"line15","sr":1,"ks":{"o":{"a":0,"k":100,"ix":11},"r":{"a":0,"k":0,"ix":10},"p":{"a":0,"k":[107.284,20,0],"ix":2},"a":{"a":0,"k":[-7.625,-0.75,0],"ix":1},"s":{"a":0,"k":[100,90,100],"ix":6}},"ao":0,"shapes":[{"ty":"gr","it":[{"ty":"rc","d":1,"s":{"a":1,"k":[{"i":{"x":[0.833,0.833],"y":[1,1]},"o":{"x":[0.333,0.333],"y":[0,0]},"t":2,"s":[3,3]},{"i":{"x":[0.667,0.667],"y":[1,1]},"o":{"x":[0.333,0.333],"y":[0,0]},"t":7,"s":[3,6]},{"i":{"x":[0.669,0.669],"y":[1,-1.318]},"o":{"x":[0.355,0.355],"y":[0,0]},"t":10,"s":[3,6]},{"i":{"x":[0.674,0.674],"y":[1,0.074]},"o":{"x":[0.295,0.295],"y":[0,-1.07]},"t":15,"s":[3,3.843]},{"i":{"x":[0.663,0.663],"y":[1,1]},"o":{"x":[0.332,0.332],"y":[0,-1.305]},"t":20,"s":[3,8]},{"i":{"x":[0.667,0.667],"y":[1,1.407]},"o":{"x":[0.333,0.333],"y":[0,0]},"t":25,"s":[3,5]},{"i":{"x":[0.667,0.667],"y":[1,1.146]},"o":{"x":[0.333,0.333],"y":[0,0.301]},"t":29,"s":[3,7.896]},{"i":{"x":[0.667,0.667],"y":[1,1]},"o":{"x":[0.333,0.333],"y":[0,0.143]},"t":34,"s":[3,3]},{"i":{"x":[0.62,0.62],"y":[1,-0.104]},"o":{"x":[0.159,0.159],"y":[0,0]},"t":38,"s":[3,7]},{"i":{"x":[0.818,0.818],"y":[1,1]},"o":{"x":[0.436,0.436],"y":[0,1.267]},"t":43,"s":[3,5]},{"t":48,"s":[3,3]}],"ix":2},"p":{"a":0,"k":[0,0],"ix":3},"r":{"a":0,"k":24,"ix":4},"nm":"사각형 패스 1","mn":"ADBE Vector Shape - Rect","hd":false},{"ty":"st","c":{"a":0,"k":[0,0,0,1],"ix":3},"o":{"a":0,"k":100,"ix":4},"w":{"a":0,"k":0,"ix":5},"lc":1,"lj":1,"ml":4,"bm":0,"nm":"선 1","mn":"ADBE Vector Graphic - Stroke","hd":false},{"ty":"fl","c":{"a":0,"k":[0.5254901960784314,0.5176470588235295,0.8196078431372549,1],"ix":4},"o":{"a":0,"k":100,"ix":5},"r":1,"bm":0,"nm":"칠 1","mn":"ADBE Vector Graphic - Fill","hd":false},{"ty":"tr","p":{"a":0,"k":[-7.625,-0.75],"ix":2},"a":{"a":0,"k":[0,0],"ix":1},"s":{"a":0,"k":[100,100],"ix":3},"r":{"a":0,"k":0,"ix":6},"o":{"a":0,"k":100,"ix":7},"sk":{"a":0,"k":0,"ix":4},"sa":{"a":0,"k":0,"ix":5},"nm":"변형"}],"nm":"사각형 1","np":3,"cix":2,"bm":0,"ix":1,"mn":"ADBE Vector Group","hd":false}],"ip":0,"op":720,"st":0,"bm":0},{"ddd":0,"ind":32,"ty":4,"nm":"line14","sr":1,"ks":{"o":{"a":0,"k":100,"ix":11},"r":{"a":0,"k":0,"ix":10},"p":{"a":0,"k":[113.199,20,0],"ix":2},"a":{"a":0,"k":[-7.625,-0.75,0],"ix":1},"s":{"a":0,"k":[100,90,100],"ix":6}},"ao":0,"shapes":[{"ty":"gr","it":[{"ty":"rc","d":1,"s":{"a":1,"k":[{"i":{"x":[0.833,0.833],"y":[1,1]},"o":{"x":[0.333,0.333],"y":[0,0]},"t":0,"s":[3,3]},{"i":{"x":[0.667,0.667],"y":[1,1]},"o":{"x":[0.333,0.333],"y":[0,0]},"t":4,"s":[3,6]},{"i":{"x":[0.669,0.669],"y":[1,-0.203]},"o":{"x":[0.355,0.355],"y":[0,0]},"t":10,"s":[3,8]},{"i":{"x":[0.674,0.674],"y":[1,-0.111]},"o":{"x":[0.295,0.295],"y":[0,-1.284]},"t":15,"s":[3,3.843]},{"i":{"x":[0.663,0.663],"y":[1,1]},"o":{"x":[0.332,0.332],"y":[0,5.481]},"t":21,"s":[3,8]},{"i":{"x":[0.667,0.667],"y":[1,-0.601]},"o":{"x":[0.333,0.333],"y":[0,0]},"t":28,"s":[3,9]},{"i":{"x":[0.667,0.667],"y":[1,1.117]},"o":{"x":[0.333,0.333],"y":[0,0.241]},"t":34,"s":[3,7.896]},{"i":{"x":[0.667,0.667],"y":[1,1]},"o":{"x":[0.333,0.333],"y":[0,0.143]},"t":38,"s":[3,3]},{"i":{"x":[0.62,0.62],"y":[1,3.176]},"o":{"x":[0.159,0.159],"y":[0,0]},"t":42,"s":[3,7]},{"i":{"x":[0.818,0.818],"y":[1,1]},"o":{"x":[0.436,0.436],"y":[0,0.421]},"t":46,"s":[3,7.812]},{"t":50,"s":[3,3]}],"ix":2},"p":{"a":0,"k":[0,0],"ix":3},"r":{"a":0,"k":24,"ix":4},"nm":"사각형 패스 1","mn":"ADBE Vector Shape - Rect","hd":false},{"ty":"st","c":{"a":0,"k":[0,0,0,1],"ix":3},"o":{"a":0,"k":100,"ix":4},"w":{"a":0,"k":0,"ix":5},"lc":1,"lj":1,"ml":4,"bm":0,"nm":"선 1","mn":"ADBE Vector Graphic - Stroke","hd":false},{"ty":"fl","c":{"a":0,"k":[0.5254901960784314,0.5176470588235295,0.8196078431372549,1],"ix":4},"o":{"a":0,"k":100,"ix":5},"r":1,"bm":0,"nm":"칠 1","mn":"ADBE Vector Graphic - Fill","hd":false},{"ty":"tr","p":{"a":0,"k":[-7.625,-0.75],"ix":2},"a":{"a":0,"k":[0,0],"ix":1},"s":{"a":0,"k":[100,100],"ix":3},"r":{"a":0,"k":0,"ix":6},"o":{"a":0,"k":100,"ix":7},"sk":{"a":0,"k":0,"ix":4},"sa":{"a":0,"k":0,"ix":5},"nm":"변형"}],"nm":"사각형 1","np":3,"cix":2,"bm":0,"ix":1,"mn":"ADBE Vector Group","hd":false}],"ip":0,"op":720,"st":0,"bm":0},{"ddd":0,"ind":33,"ty":4,"nm":"line13","sr":1,"ks":{"o":{"a":0,"k":100,"ix":11},"r":{"a":0,"k":0,"ix":10},"p":{"a":0,"k":[119.114,20,0],"ix":2},"a":{"a":0,"k":[-7.625,-0.75,0],"ix":1},"s":{"a":0,"k":[100,90,100],"ix":6}},"ao":0,"shapes":[{"ty":"gr","it":[{"ty":"rc","d":1,"s":{"a":1,"k":[{"i":{"x":[0.833,0.833],"y":[1,1]},"o":{"x":[0.333,0.333],"y":[0,0]},"t":0,"s":[3,3]},{"i":{"x":[0.667,0.667],"y":[1,1]},"o":{"x":[0.333,0.333],"y":[0,0]},"t":6,"s":[3,6]},{"i":{"x":[0.669,0.669],"y":[1,0.387]},"o":{"x":[0.355,0.355],"y":[0,0]},"t":12,"s":[3,12]},{"i":{"x":[0.674,0.674],"y":[1,-3.474]},"o":{"x":[0.295,0.295],"y":[0,-5.173]},"t":17,"s":[3,3.843]},{"i":{"x":[0.663,0.663],"y":[1,1]},"o":{"x":[0.332,0.332],"y":[0,0.769]},"t":23,"s":[3,4.875]},{"i":{"x":[0.667,0.667],"y":[1,0.569]},"o":{"x":[0.333,0.333],"y":[0,0]},"t":30,"s":[3,12]},{"i":{"x":[0.667,0.667],"y":[1,1.117]},"o":{"x":[0.333,0.333],"y":[0,0.241]},"t":36,"s":[3,7.896]},{"i":{"x":[0.667,0.667],"y":[1,1]},"o":{"x":[0.333,0.333],"y":[0,0.095]},"t":40,"s":[3,3]},{"i":{"x":[0.62,0.62],"y":[1,-0.487]},"o":{"x":[0.159,0.159],"y":[0,0]},"t":44,"s":[3,9]},{"i":{"x":[0.818,0.818],"y":[1,1]},"o":{"x":[0.436,0.436],"y":[0,0.211]},"t":48,"s":[3,7.812]},{"t":50,"s":[3,3]}],"ix":2},"p":{"a":0,"k":[0,0],"ix":3},"r":{"a":0,"k":24,"ix":4},"nm":"사각형 패스 1","mn":"ADBE Vector Shape - Rect","hd":false},{"ty":"st","c":{"a":0,"k":[0,0,0,1],"ix":3},"o":{"a":0,"k":100,"ix":4},"w":{"a":0,"k":0,"ix":5},"lc":1,"lj":1,"ml":4,"bm":0,"nm":"선 1","mn":"ADBE Vector Graphic - Stroke","hd":false},{"ty":"fl","c":{"a":0,"k":[0.5254901960784314,0.5176470588235295,0.8196078431372549,1],"ix":4},"o":{"a":0,"k":100,"ix":5},"r":1,"bm":0,"nm":"칠 1","mn":"ADBE Vector Graphic - Fill","hd":false},{"ty":"tr","p":{"a":0,"k":[-7.625,-0.75],"ix":2},"a":{"a":0,"k":[0,0],"ix":1},"s":{"a":0,"k":[100,100],"ix":3},"r":{"a":0,"k":0,"ix":6},"o":{"a":0,"k":100,"ix":7},"sk":{"a":0,"k":0,"ix":4},"sa":{"a":0,"k":0,"ix":5},"nm":"변형"}],"nm":"사각형 1","np":3,"cix":2,"bm":0,"ix":1,"mn":"ADBE Vector Group","hd":false}],"ip":0,"op":720,"st":0,"bm":0},{"ddd":0,"ind":34,"ty":4,"nm":"line12","sr":1,"ks":{"o":{"a":0,"k":100,"ix":11},"r":{"a":0,"k":0,"ix":10},"p":{"a":0,"k":[190.091,20,0],"ix":2},"a":{"a":0,"k":[-7.625,-0.75,0],"ix":1},"s":{"a":0,"k":[100,90,100],"ix":6}},"ao":0,"shapes":[{"ty":"gr","it":[{"ty":"rc","d":1,"s":{"a":1,"k":[{"i":{"x":[0.833,0.833],"y":[1,1]},"o":{"x":[0.333,0.333],"y":[0,0]},"t":0,"s":[3,3]},{"i":{"x":[0.667,0.667],"y":[1,1]},"o":{"x":[0.333,0.333],"y":[0,0]},"t":6,"s":[3,6]},{"i":{"x":[0.669,0.669],"y":[1,-0.203]},"o":{"x":[0.355,0.355],"y":[0,0]},"t":12,"s":[3,8]},{"i":{"x":[0.674,0.674],"y":[1,-0.111]},"o":{"x":[0.295,0.295],"y":[0,-1.284]},"t":17,"s":[3,3.843]},{"i":{"x":[0.663,0.663],"y":[1,1]},"o":{"x":[0.332,0.332],"y":[0,5.481]},"t":23,"s":[3,8]},{"i":{"x":[0.667,0.667],"y":[1,-0.601]},"o":{"x":[0.333,0.333],"y":[0,0]},"t":30,"s":[3,9]},{"i":{"x":[0.667,0.667],"y":[1,1.117]},"o":{"x":[0.333,0.333],"y":[0,0.241]},"t":36,"s":[3,7.896]},{"i":{"x":[0.667,0.667],"y":[1,1]},"o":{"x":[0.333,0.333],"y":[0,0.143]},"t":40,"s":[3,3]},{"i":{"x":[0.62,0.62],"y":[1,3.176]},"o":{"x":[0.159,0.159],"y":[0,0]},"t":44,"s":[3,7]},{"i":{"x":[0.818,0.818],"y":[1,1]},"o":{"x":[0.436,0.436],"y":[0,0.211]},"t":48,"s":[3,7.812]},{"t":50,"s":[3,3]}],"ix":2},"p":{"a":0,"k":[0,0],"ix":3},"r":{"a":0,"k":24,"ix":4},"nm":"사각형 패스 1","mn":"ADBE Vector Shape - Rect","hd":false},{"ty":"st","c":{"a":0,"k":[0,0,0,1],"ix":3},"o":{"a":0,"k":100,"ix":4},"w":{"a":0,"k":0,"ix":5},"lc":1,"lj":1,"ml":4,"bm":0,"nm":"선 1","mn":"ADBE Vector Graphic - Stroke","hd":false},{"ty":"fl","c":{"a":0,"k":[0.5254901960784314,0.5176470588235295,0.8196078431372549,1],"ix":4},"o":{"a":0,"k":100,"ix":5},"r":1,"bm":0,"nm":"칠 1","mn":"ADBE Vector Graphic - Fill","hd":false},{"ty":"tr","p":{"a":0,"k":[-7.625,-0.75],"ix":2},"a":{"a":0,"k":[0,0],"ix":1},"s":{"a":0,"k":[100,100],"ix":3},"r":{"a":0,"k":0,"ix":6},"o":{"a":0,"k":100,"ix":7},"sk":{"a":0,"k":0,"ix":4},"sa":{"a":0,"k":0,"ix":5},"nm":"변형"}],"nm":"사각형 1","np":3,"cix":2,"bm":0,"ix":1,"mn":"ADBE Vector Group","hd":false}],"ip":0,"op":720,"st":0,"bm":0},{"ddd":0,"ind":35,"ty":4,"nm":"line11","sr":1,"ks":{"o":{"a":0,"k":100,"ix":11},"r":{"a":0,"k":0,"ix":10},"p":{"a":0,"k":[184.176,20,0],"ix":2},"a":{"a":0,"k":[-7.625,-0.75,0],"ix":1},"s":{"a":0,"k":[100,90,100],"ix":6}},"ao":0,"shapes":[{"ty":"gr","it":[{"ty":"rc","d":1,"s":{"a":1,"k":[{"i":{"x":[0.833,0.833],"y":[1,1]},"o":{"x":[0.333,0.333],"y":[0,0]},"t":0,"s":[3,3]},{"i":{"x":[0.667,0.667],"y":[1,1]},"o":{"x":[0.333,0.333],"y":[0,0]},"t":5,"s":[3,6]},{"i":{"x":[0.669,0.669],"y":[1,0.51]},"o":{"x":[0.355,0.355],"y":[0,0]},"t":9,"s":[3,12]},{"i":{"x":[0.674,0.674],"y":[1,-1.983]},"o":{"x":[0.295,0.295],"y":[0,-3.448]},"t":13,"s":[3,3.843]},{"i":{"x":[0.663,0.663],"y":[1,1]},"o":{"x":[0.332,0.332],"y":[0,0.989]},"t":17,"s":[3,4.875]},{"i":{"x":[0.667,0.667],"y":[1,0.569]},"o":{"x":[0.333,0.333],"y":[0,0]},"t":26,"s":[3,12]},{"i":{"x":[0.667,0.667],"y":[1,1]},"o":{"x":[0.333,0.333],"y":[0,-2.402]},"t":32,"s":[3,7.896]},{"i":{"x":[0.833,0.833],"y":[1,1]},"o":{"x":[0.167,0.167],"y":[0,0]},"t":41,"s":[3,9]},{"t":48,"s":[3,3]}],"ix":2},"p":{"a":0,"k":[0,0],"ix":3},"r":{"a":0,"k":24,"ix":4},"nm":"사각형 패스 1","mn":"ADBE Vector Shape - Rect","hd":false},{"ty":"st","c":{"a":0,"k":[0,0,0,1],"ix":3},"o":{"a":0,"k":100,"ix":4},"w":{"a":0,"k":0,"ix":5},"lc":1,"lj":1,"ml":4,"bm":0,"nm":"선 1","mn":"ADBE Vector Graphic - Stroke","hd":false},{"ty":"fl","c":{"a":0,"k":[0.5254901960784314,0.5176470588235295,0.8196078431372549,1],"ix":4},"o":{"a":0,"k":100,"ix":5},"r":1,"bm":0,"nm":"칠 1","mn":"ADBE Vector Graphic - Fill","hd":false},{"ty":"tr","p":{"a":0,"k":[-7.625,-0.75],"ix":2},"a":{"a":0,"k":[0,0],"ix":1},"s":{"a":0,"k":[100,100],"ix":3},"r":{"a":0,"k":0,"ix":6},"o":{"a":0,"k":100,"ix":7},"sk":{"a":0,"k":0,"ix":4},"sa":{"a":0,"k":0,"ix":5},"nm":"변형"}],"nm":"사각형 1","np":3,"cix":2,"bm":0,"ix":1,"mn":"ADBE Vector Group","hd":false}],"ip":0,"op":720,"st":0,"bm":0},{"ddd":0,"ind":36,"ty":4,"nm":"line10","sr":1,"ks":{"o":{"a":0,"k":100,"ix":11},"r":{"a":0,"k":0,"ix":10},"p":{"a":0,"k":[125.028,20,0],"ix":2},"a":{"a":0,"k":[-7.625,-0.75,0],"ix":1},"s":{"a":0,"k":[100,90,100],"ix":6}},"ao":0,"shapes":[{"ty":"gr","it":[{"ty":"rc","d":1,"s":{"a":1,"k":[{"i":{"x":[0.833,0.833],"y":[1,1]},"o":{"x":[0.333,0.333],"y":[0,0]},"t":2,"s":[3,3]},{"i":{"x":[0.667,0.667],"y":[1,1]},"o":{"x":[0.333,0.333],"y":[0,0]},"t":7,"s":[3,7]},{"i":{"x":[0.669,0.669],"y":[1,0.563]},"o":{"x":[0.355,0.355],"y":[0,0]},"t":13,"s":[3,13]},{"i":{"x":[0.606,0.606],"y":[1,-10.86]},"o":{"x":[0.295,0.295],"y":[0,-28.307]},"t":17,"s":[3,3.843]},{"i":{"x":[0.674,0.674],"y":[1,-3.398]},"o":{"x":[0.346,0.346],"y":[0,1.874]},"t":22,"s":[3,4]},{"i":{"x":[0.663,0.663],"y":[1,1]},"o":{"x":[0.332,0.332],"y":[0,0.767]},"t":27,"s":[3,4.875]},{"i":{"x":[0.667,0.667],"y":[1,0.853]},"o":{"x":[0.333,0.333],"y":[0,0]},"t":33,"s":[3,11]},{"i":{"x":[0.667,0.667],"y":[1,1]},"o":{"x":[0.333,0.333],"y":[0,-1.031]},"t":36,"s":[3,5]},{"i":{"x":[0.833,0.833],"y":[1,1]},"o":{"x":[0.167,0.167],"y":[0,0]},"t":43,"s":[3,7]},{"t":49,"s":[3,3]}],"ix":2},"p":{"a":0,"k":[0,0],"ix":3},"r":{"a":0,"k":24,"ix":4},"nm":"사각형 패스 1","mn":"ADBE Vector Shape - Rect","hd":false},{"ty":"st","c":{"a":0,"k":[0,0,0,1],"ix":3},"o":{"a":0,"k":100,"ix":4},"w":{"a":0,"k":0,"ix":5},"lc":1,"lj":1,"ml":4,"bm":0,"nm":"선 1","mn":"ADBE Vector Graphic - Stroke","hd":false},{"ty":"fl","c":{"a":0,"k":[0.5254901960784314,0.5176470588235295,0.8196078431372549,1],"ix":4},"o":{"a":0,"k":100,"ix":5},"r":1,"bm":0,"nm":"칠 1","mn":"ADBE Vector Graphic - Fill","hd":false},{"ty":"tr","p":{"a":0,"k":[-7.625,-0.75],"ix":2},"a":{"a":0,"k":[0,0],"ix":1},"s":{"a":0,"k":[100,100],"ix":3},"r":{"a":0,"k":0,"ix":6},"o":{"a":0,"k":100,"ix":7},"sk":{"a":0,"k":0,"ix":4},"sa":{"a":0,"k":0,"ix":5},"nm":"변형"}],"nm":"사각형 1","np":3,"cix":2,"bm":0,"ix":1,"mn":"ADBE Vector Group","hd":false}],"ip":0,"op":720,"st":0,"bm":0},{"ddd":0,"ind":37,"ty":4,"nm":"line9","sr":1,"ks":{"o":{"a":0,"k":100,"ix":11},"r":{"a":0,"k":0,"ix":10},"p":{"a":0,"k":[178.261,20,0],"ix":2},"a":{"a":0,"k":[-7.625,-0.75,0],"ix":1},"s":{"a":0,"k":[100,90,100],"ix":6}},"ao":0,"shapes":[{"ty":"gr","it":[{"ty":"rc","d":1,"s":{"a":1,"k":[{"i":{"x":[0.833,0.833],"y":[1,1]},"o":{"x":[0.333,0.333],"y":[0,0]},"t":2,"s":[3,3]},{"i":{"x":[0.667,0.667],"y":[1,1]},"o":{"x":[0.333,0.333],"y":[0,0]},"t":7,"s":[3,7]},{"i":{"x":[0.669,0.669],"y":[1,0.641]},"o":{"x":[0.355,0.355],"y":[0,0]},"t":12,"s":[3,15]},{"i":{"x":[0.674,0.674],"y":[1,-3.474]},"o":{"x":[0.295,0.295],"y":[0,-5.173]},"t":16,"s":[3,3.843]},{"i":{"x":[0.663,0.663],"y":[1,1]},"o":{"x":[0.332,0.332],"y":[0,0.422]},"t":22,"s":[3,4.875]},{"i":{"x":[0.667,0.667],"y":[1,0.637]},"o":{"x":[0.333,0.333],"y":[0,0]},"t":28,"s":[3,16]},{"i":{"x":[0.667,0.667],"y":[1,1]},"o":{"x":[0.333,0.333],"y":[0,-1.868]},"t":38,"s":[3,7.896]},{"i":{"x":[0.833,0.833],"y":[1,1]},"o":{"x":[0.167,0.167],"y":[0,0]},"t":45,"s":[3,9]},{"t":50,"s":[3,3]}],"ix":2},"p":{"a":0,"k":[0,0],"ix":3},"r":{"a":0,"k":24,"ix":4},"nm":"사각형 패스 1","mn":"ADBE Vector Shape - Rect","hd":false},{"ty":"st","c":{"a":0,"k":[0,0,0,1],"ix":3},"o":{"a":0,"k":100,"ix":4},"w":{"a":0,"k":0,"ix":5},"lc":1,"lj":1,"ml":4,"bm":0,"nm":"선 1","mn":"ADBE Vector Graphic - Stroke","hd":false},{"ty":"fl","c":{"a":0,"k":[0.5254901960784314,0.5176470588235295,0.8196078431372549,1],"ix":4},"o":{"a":0,"k":100,"ix":5},"r":1,"bm":0,"nm":"칠 1","mn":"ADBE Vector Graphic - Fill","hd":false},{"ty":"tr","p":{"a":0,"k":[-7.625,-0.75],"ix":2},"a":{"a":0,"k":[0,0],"ix":1},"s":{"a":0,"k":[100,100],"ix":3},"r":{"a":0,"k":0,"ix":6},"o":{"a":0,"k":100,"ix":7},"sk":{"a":0,"k":0,"ix":4},"sa":{"a":0,"k":0,"ix":5},"nm":"변형"}],"nm":"사각형 1","np":3,"cix":2,"bm":0,"ix":1,"mn":"ADBE Vector Group","hd":false}],"ip":0,"op":720,"st":0,"bm":0},{"ddd":0,"ind":38,"ty":4,"nm":"line8","sr":1,"ks":{"o":{"a":0,"k":100,"ix":11},"r":{"a":0,"k":0,"ix":10},"p":{"a":0,"k":[130.943,20,0],"ix":2},"a":{"a":0,"k":[-7.625,-0.75,0],"ix":1},"s":{"a":0,"k":[100,90,100],"ix":6}},"ao":0,"shapes":[{"ty":"gr","it":[{"ty":"rc","d":1,"s":{"a":1,"k":[{"i":{"x":[0.833,0.833],"y":[1,1]},"o":{"x":[0.333,0.333],"y":[0,0]},"t":0,"s":[3,3]},{"i":{"x":[0.667,0.667],"y":[1,1]},"o":{"x":[0.333,0.333],"y":[0,0]},"t":7,"s":[3,12]},{"i":{"x":[0.669,0.669],"y":[1,0.736]},"o":{"x":[0.355,0.355],"y":[0,0]},"t":13,"s":[3,19]},{"i":{"x":[0.606,0.606],"y":[1,0.697]},"o":{"x":[0.295,0.295],"y":[0,-0.723]},"t":17,"s":[3,3.843]},{"i":{"x":[0.674,0.674],"y":[1,1.751]},"o":{"x":[0.346,0.346],"y":[0,-0.32]},"t":22,"s":[3,10]},{"i":{"x":[0.663,0.663],"y":[1,1]},"o":{"x":[0.332,0.332],"y":[0,0.166]},"t":27,"s":[3,4.875]},{"i":{"x":[0.667,0.667],"y":[1,0.894]},"o":{"x":[0.333,0.333],"y":[0,0]},"t":30,"s":[3,19]},{"i":{"x":[0.667,0.667],"y":[1,1]},"o":{"x":[0.333,0.333],"y":[0,-0.502]},"t":34,"s":[3,7.896]},{"i":{"x":[0.833,0.833],"y":[1,1]},"o":{"x":[0.167,0.167],"y":[0,0]},"t":41,"s":[3,12]},{"t":47,"s":[3,3]}],"ix":2},"p":{"a":0,"k":[0,0],"ix":3},"r":{"a":0,"k":24,"ix":4},"nm":"사각형 패스 1","mn":"ADBE Vector Shape - Rect","hd":false},{"ty":"st","c":{"a":0,"k":[0,0,0,1],"ix":3},"o":{"a":0,"k":100,"ix":4},"w":{"a":0,"k":0,"ix":5},"lc":1,"lj":1,"ml":4,"bm":0,"nm":"선 1","mn":"ADBE Vector Graphic - Stroke","hd":false},{"ty":"fl","c":{"a":0,"k":[0.5254901960784314,0.5176470588235295,0.8196078431372549,1],"ix":4},"o":{"a":0,"k":100,"ix":5},"r":1,"bm":0,"nm":"칠 1","mn":"ADBE Vector Graphic - Fill","hd":false},{"ty":"tr","p":{"a":0,"k":[-7.625,-0.75],"ix":2},"a":{"a":0,"k":[0,0],"ix":1},"s":{"a":0,"k":[100,100],"ix":3},"r":{"a":0,"k":0,"ix":6},"o":{"a":0,"k":100,"ix":7},"sk":{"a":0,"k":0,"ix":4},"sa":{"a":0,"k":0,"ix":5},"nm":"변형"}],"nm":"사각형 1","np":3,"cix":2,"bm":0,"ix":1,"mn":"ADBE Vector Group","hd":false}],"ip":0,"op":720,"st":0,"bm":0},{"ddd":0,"ind":39,"ty":4,"nm":"line7","sr":1,"ks":{"o":{"a":0,"k":100,"ix":11},"r":{"a":0,"k":0,"ix":10},"p":{"a":0,"k":[172.346,20,0],"ix":2},"a":{"a":0,"k":[-7.625,-0.75,0],"ix":1},"s":{"a":0,"k":[100,90,100],"ix":6}},"ao":0,"shapes":[{"ty":"gr","it":[{"ty":"rc","d":1,"s":{"a":1,"k":[{"i":{"x":[0.833,0.833],"y":[1,1]},"o":{"x":[0.333,0.333],"y":[0,0]},"t":0,"s":[3,3]},{"i":{"x":[0.667,0.667],"y":[1,1]},"o":{"x":[0.333,0.333],"y":[0,0]},"t":7,"s":[3,12]},{"i":{"x":[0.669,0.669],"y":[1,0.736]},"o":{"x":[0.355,0.355],"y":[0,0]},"t":13,"s":[3,19]},{"i":{"x":[0.606,0.606],"y":[1,0.697]},"o":{"x":[0.295,0.295],"y":[0,-0.723]},"t":17,"s":[3,3.843]},{"i":{"x":[0.674,0.674],"y":[1,1.751]},"o":{"x":[0.346,0.346],"y":[0,-0.32]},"t":22,"s":[3,10]},{"i":{"x":[0.663,0.663],"y":[1,1]},"o":{"x":[0.332,0.332],"y":[0,0.166]},"t":27,"s":[3,4.875]},{"i":{"x":[0.667,0.667],"y":[1,0.894]},"o":{"x":[0.333,0.333],"y":[0,0]},"t":30,"s":[3,19]},{"i":{"x":[0.667,0.667],"y":[1,1]},"o":{"x":[0.333,0.333],"y":[0,-0.502]},"t":34,"s":[3,7.896]},{"i":{"x":[0.833,0.833],"y":[1,1]},"o":{"x":[0.167,0.167],"y":[0,0]},"t":41,"s":[3,12]},{"t":47,"s":[3,3]}],"ix":2},"p":{"a":0,"k":[0,0],"ix":3},"r":{"a":0,"k":24,"ix":4},"nm":"사각형 패스 1","mn":"ADBE Vector Shape - Rect","hd":false},{"ty":"st","c":{"a":0,"k":[0,0,0,1],"ix":3},"o":{"a":0,"k":100,"ix":4},"w":{"a":0,"k":0,"ix":5},"lc":1,"lj":1,"ml":4,"bm":0,"nm":"선 1","mn":"ADBE Vector Graphic - Stroke","hd":false},{"ty":"fl","c":{"a":0,"k":[0.5254901960784314,0.5176470588235295,0.8196078431372549,1],"ix":4},"o":{"a":0,"k":100,"ix":5},"r":1,"bm":0,"nm":"칠 1","mn":"ADBE Vector Graphic - Fill","hd":false},{"ty":"tr","p":{"a":0,"k":[-7.625,-0.75],"ix":2},"a":{"a":0,"k":[0,0],"ix":1},"s":{"a":0,"k":[100,100],"ix":3},"r":{"a":0,"k":0,"ix":6},"o":{"a":0,"k":100,"ix":7},"sk":{"a":0,"k":0,"ix":4},"sa":{"a":0,"k":0,"ix":5},"nm":"변형"}],"nm":"사각형 1","np":3,"cix":2,"bm":0,"ix":1,"mn":"ADBE Vector Group","hd":false}],"ip":0,"op":720,"st":0,"bm":0},{"ddd":0,"ind":40,"ty":4,"nm":"line6","sr":1,"ks":{"o":{"a":0,"k":100,"ix":11},"r":{"a":0,"k":0,"ix":10},"p":{"a":0,"k":[136.858,20,0],"ix":2},"a":{"a":0,"k":[-7.625,-0.75,0],"ix":1},"s":{"a":0,"k":[100,90,100],"ix":6}},"ao":0,"shapes":[{"ty":"gr","it":[{"ty":"rc","d":1,"s":{"a":1,"k":[{"i":{"x":[0.833,0.833],"y":[1,1]},"o":{"x":[0.333,0.333],"y":[0,0]},"t":2,"s":[3,3]},{"i":{"x":[0.667,0.667],"y":[1,1]},"o":{"x":[0.333,0.333],"y":[0,0]},"t":9,"s":[3,12]},{"i":{"x":[0.585,0.585],"y":[1,1.236]},"o":{"x":[0.333,0.333],"y":[0,0]},"t":15,"s":[3,19]},{"i":{"x":[0.667,0.667],"y":[1,1]},"o":{"x":[0.348,0.348],"y":[0,0.176]},"t":24,"s":[3,4]},{"i":{"x":[0.667,0.667],"y":[1,0.894]},"o":{"x":[0.333,0.333],"y":[0,0]},"t":32,"s":[3,19]},{"i":{"x":[0.667,0.667],"y":[1,1]},"o":{"x":[0.333,0.333],"y":[0,-0.502]},"t":36,"s":[3,7.896]},{"i":{"x":[0.833,0.833],"y":[1,1]},"o":{"x":[0.167,0.167],"y":[0,0]},"t":43,"s":[3,12]},{"t":49,"s":[3,3]}],"ix":2},"p":{"a":0,"k":[0,0],"ix":3},"r":{"a":0,"k":24,"ix":4},"nm":"사각형 패스 1","mn":"ADBE Vector Shape - Rect","hd":false},{"ty":"st","c":{"a":0,"k":[0,0,0,1],"ix":3},"o":{"a":0,"k":100,"ix":4},"w":{"a":0,"k":0,"ix":5},"lc":1,"lj":1,"ml":4,"bm":0,"nm":"선 1","mn":"ADBE Vector Graphic - Stroke","hd":false},{"ty":"fl","c":{"a":0,"k":[0.5254901960784314,0.5176470588235295,0.8196078431372549,1],"ix":4},"o":{"a":0,"k":100,"ix":5},"r":1,"bm":0,"nm":"칠 1","mn":"ADBE Vector Graphic - Fill","hd":false},{"ty":"tr","p":{"a":0,"k":[-7.625,-0.75],"ix":2},"a":{"a":0,"k":[0,0],"ix":1},"s":{"a":0,"k":[100,100],"ix":3},"r":{"a":0,"k":0,"ix":6},"o":{"a":0,"k":100,"ix":7},"sk":{"a":0,"k":0,"ix":4},"sa":{"a":0,"k":0,"ix":5},"nm":"변형"}],"nm":"사각형 1","np":3,"cix":2,"bm":0,"ix":1,"mn":"ADBE Vector Group","hd":false}],"ip":0,"op":720,"st":0,"bm":0},{"ddd":0,"ind":41,"ty":4,"nm":"line5","sr":1,"ks":{"o":{"a":0,"k":100,"ix":11},"r":{"a":0,"k":0,"ix":10},"p":{"a":0,"k":[142.773,20,0],"ix":2},"a":{"a":0,"k":[-7.625,-0.75,0],"ix":1},"s":{"a":0,"k":[100,90,100],"ix":6}},"ao":0,"shapes":[{"ty":"gr","it":[{"ty":"rc","d":1,"s":{"a":1,"k":[{"i":{"x":[0.833,0.833],"y":[1,1]},"o":{"x":[0.333,0.333],"y":[0,0]},"t":0,"s":[3,3]},{"i":{"x":[0.667,0.667],"y":[1,1]},"o":{"x":[0.333,0.333],"y":[0,0]},"t":4,"s":[3,12]},{"i":{"x":[0.667,0.667],"y":[1,1]},"o":{"x":[0.333,0.333],"y":[0,0]},"t":9,"s":[3,12]},{"i":{"x":[0.667,0.667],"y":[1,1]},"o":{"x":[0.333,0.333],"y":[0,0]},"t":13,"s":[3,38]},{"i":{"x":[0.585,0.585],"y":[1,1.169]},"o":{"x":[0.178,0.178],"y":[0,0]},"t":18,"s":[3,29]},{"i":{"x":[0.701,0.701],"y":[1,1]},"o":{"x":[0.348,0.348],"y":[0,0.127]},"t":24,"s":[3,15]},{"i":{"x":[0.667,0.667],"y":[1,1]},"o":{"x":[0.333,0.333],"y":[0,0]},"t":29,"s":[3,28]},{"i":{"x":[0.667,0.667],"y":[1,1]},"o":{"x":[0.333,0.333],"y":[0,0]},"t":32,"s":[3,25]},{"i":{"x":[0.667,0.667],"y":[1,1]},"o":{"x":[0.333,0.333],"y":[0,0]},"t":36,"s":[3,20]},{"i":{"x":[0.667,0.667],"y":[1,1]},"o":{"x":[0.167,0.167],"y":[0,0]},"t":40,"s":[3,25]},{"i":{"x":[0.833,0.833],"y":[1,1]},"o":{"x":[0.167,0.167],"y":[0,0]},"t":46,"s":[3,8]},{"t":49,"s":[3,3]}],"ix":2},"p":{"a":0,"k":[0,0],"ix":3},"r":{"a":0,"k":24,"ix":4},"nm":"사각형 패스 1","mn":"ADBE Vector Shape - Rect","hd":false},{"ty":"st","c":{"a":0,"k":[0,0,0,1],"ix":3},"o":{"a":0,"k":100,"ix":4},"w":{"a":0,"k":0,"ix":5},"lc":1,"lj":1,"ml":4,"bm":0,"nm":"선 1","mn":"ADBE Vector Graphic - Stroke","hd":false},{"ty":"fl","c":{"a":0,"k":[0.5254901960784314,0.5176470588235295,0.8196078431372549,1],"ix":4},"o":{"a":0,"k":100,"ix":5},"r":1,"bm":0,"nm":"칠 1","mn":"ADBE Vector Graphic - Fill","hd":false},{"ty":"tr","p":{"a":0,"k":[-7.625,-0.75],"ix":2},"a":{"a":0,"k":[0,0],"ix":1},"s":{"a":0,"k":[100,100],"ix":3},"r":{"a":0,"k":0,"ix":6},"o":{"a":0,"k":100,"ix":7},"sk":{"a":0,"k":0,"ix":4},"sa":{"a":0,"k":0,"ix":5},"nm":"변형"}],"nm":"사각형 1","np":3,"cix":2,"bm":0,"ix":1,"mn":"ADBE Vector Group","hd":false}],"ip":0,"op":720,"st":0,"bm":0},{"ddd":0,"ind":42,"ty":4,"nm":"line4","sr":1,"ks":{"o":{"a":0,"k":100,"ix":11},"r":{"a":0,"k":0,"ix":10},"p":{"a":0,"k":[166.432,20,0],"ix":2},"a":{"a":0,"k":[-7.625,-0.75,0],"ix":1},"s":{"a":0,"k":[100,90,100],"ix":6}},"ao":0,"shapes":[{"ty":"gr","it":[{"ty":"rc","d":1,"s":{"a":1,"k":[{"i":{"x":[0.833,0.833],"y":[1,1]},"o":{"x":[0.333,0.333],"y":[0,0]},"t":2,"s":[3,3]},{"i":{"x":[0.667,0.667],"y":[1,1]},"o":{"x":[0.333,0.333],"y":[0,0]},"t":9,"s":[3,12]},{"i":{"x":[0.585,0.585],"y":[1,1.236]},"o":{"x":[0.333,0.333],"y":[0,0]},"t":15,"s":[3,19]},{"i":{"x":[0.667,0.667],"y":[1,1]},"o":{"x":[0.348,0.348],"y":[0,0.176]},"t":24,"s":[3,4]},{"i":{"x":[0.667,0.667],"y":[1,0.894]},"o":{"x":[0.333,0.333],"y":[0,0]},"t":32,"s":[3,19]},{"i":{"x":[0.667,0.667],"y":[1,1]},"o":{"x":[0.333,0.333],"y":[0,-0.502]},"t":36,"s":[3,7.896]},{"i":{"x":[0.833,0.833],"y":[1,1]},"o":{"x":[0.167,0.167],"y":[0,0]},"t":43,"s":[3,12]},{"t":49,"s":[3,3]}],"ix":2},"p":{"a":0,"k":[0,0],"ix":3},"r":{"a":0,"k":24,"ix":4},"nm":"사각형 패스 1","mn":"ADBE Vector Shape - Rect","hd":false},{"ty":"st","c":{"a":0,"k":[0,0,0,1],"ix":3},"o":{"a":0,"k":100,"ix":4},"w":{"a":0,"k":0,"ix":5},"lc":1,"lj":1,"ml":4,"bm":0,"nm":"선 1","mn":"ADBE Vector Graphic - Stroke","hd":false},{"ty":"fl","c":{"a":0,"k":[0.5254901960784314,0.5176470588235295,0.8196078431372549,1],"ix":4},"o":{"a":0,"k":100,"ix":5},"r":1,"bm":0,"nm":"칠 1","mn":"ADBE Vector Graphic - Fill","hd":false},{"ty":"tr","p":{"a":0,"k":[-7.625,-0.75],"ix":2},"a":{"a":0,"k":[0,0],"ix":1},"s":{"a":0,"k":[100,100],"ix":3},"r":{"a":0,"k":0,"ix":6},"o":{"a":0,"k":100,"ix":7},"sk":{"a":0,"k":0,"ix":4},"sa":{"a":0,"k":0,"ix":5},"nm":"변형"}],"nm":"사각형 1","np":3,"cix":2,"bm":0,"ix":1,"mn":"ADBE Vector Group","hd":false}],"ip":0,"op":720,"st":0,"bm":0},{"ddd":0,"ind":43,"ty":4,"nm":"line3","sr":1,"ks":{"o":{"a":0,"k":100,"ix":11},"r":{"a":0,"k":0,"ix":10},"p":{"a":0,"k":[160.517,20,0],"ix":2},"a":{"a":0,"k":[-7.625,-0.75,0],"ix":1},"s":{"a":0,"k":[100,90,100],"ix":6}},"ao":0,"shapes":[{"ty":"gr","it":[{"ty":"rc","d":1,"s":{"a":1,"k":[{"i":{"x":[0.833,0.833],"y":[1,1]},"o":{"x":[0.333,0.333],"y":[0,0]},"t":0,"s":[3,3]},{"i":{"x":[0.667,0.667],"y":[1,1]},"o":{"x":[0.333,0.333],"y":[0,0]},"t":4,"s":[3,12]},{"i":{"x":[0.667,0.667],"y":[1,1]},"o":{"x":[0.333,0.333],"y":[0,0]},"t":9,"s":[3,12]},{"i":{"x":[0.667,0.667],"y":[1,1]},"o":{"x":[0.333,0.333],"y":[0,0]},"t":13,"s":[3,38]},{"i":{"x":[0.585,0.585],"y":[1,1.169]},"o":{"x":[0.178,0.178],"y":[0,0]},"t":18,"s":[3,29]},{"i":{"x":[0.701,0.701],"y":[1,1]},"o":{"x":[0.348,0.348],"y":[0,0.127]},"t":24,"s":[3,15]},{"i":{"x":[0.667,0.667],"y":[1,1]},"o":{"x":[0.333,0.333],"y":[0,0]},"t":29,"s":[3,28]},{"i":{"x":[0.667,0.667],"y":[1,1]},"o":{"x":[0.333,0.333],"y":[0,0]},"t":32,"s":[3,25]},{"i":{"x":[0.667,0.667],"y":[1,1]},"o":{"x":[0.333,0.333],"y":[0,0]},"t":36,"s":[3,20]},{"i":{"x":[0.667,0.667],"y":[1,1]},"o":{"x":[0.167,0.167],"y":[0,0]},"t":40,"s":[3,25]},{"i":{"x":[0.833,0.833],"y":[1,1]},"o":{"x":[0.167,0.167],"y":[0,0]},"t":46,"s":[3,8]},{"t":49,"s":[3,3]}],"ix":2},"p":{"a":0,"k":[0,0],"ix":3},"r":{"a":0,"k":24,"ix":4},"nm":"사각형 패스 1","mn":"ADBE Vector Shape - Rect","hd":false},{"ty":"st","c":{"a":0,"k":[0,0,0,1],"ix":3},"o":{"a":0,"k":100,"ix":4},"w":{"a":0,"k":0,"ix":5},"lc":1,"lj":1,"ml":4,"bm":0,"nm":"선 1","mn":"ADBE Vector Graphic - Stroke","hd":false},{"ty":"fl","c":{"a":0,"k":[0.5254901960784314,0.5176470588235295,0.8196078431372549,1],"ix":4},"o":{"a":0,"k":100,"ix":5},"r":1,"bm":0,"nm":"칠 1","mn":"ADBE Vector Graphic - Fill","hd":false},{"ty":"tr","p":{"a":0,"k":[-7.625,-0.75],"ix":2},"a":{"a":0,"k":[0,0],"ix":1},"s":{"a":0,"k":[100,100],"ix":3},"r":{"a":0,"k":0,"ix":6},"o":{"a":0,"k":100,"ix":7},"sk":{"a":0,"k":0,"ix":4},"sa":{"a":0,"k":0,"ix":5},"nm":"변형"}],"nm":"사각형 1","np":3,"cix":2,"bm":0,"ix":1,"mn":"ADBE Vector Group","hd":false}],"ip":0,"op":720,"st":0,"bm":0},{"ddd":0,"ind":44,"ty":4,"nm":"line2","sr":1,"ks":{"o":{"a":0,"k":100,"ix":11},"r":{"a":0,"k":0,"ix":10},"p":{"a":0,"k":[148.687,20,0],"ix":2},"a":{"a":0,"k":[-7.625,-0.75,0],"ix":1},"s":{"a":0,"k":[100,90,100],"ix":6}},"ao":0,"shapes":[{"ty":"gr","it":[{"ty":"rc","d":1,"s":{"a":1,"k":[{"i":{"x":[0.833,0.833],"y":[1,1]},"o":{"x":[0.333,0.333],"y":[0,0]},"t":2,"s":[3,3]},{"i":{"x":[0.667,0.667],"y":[1,1]},"o":{"x":[0.333,0.333],"y":[0,0]},"t":6,"s":[3,24]},{"i":{"x":[0.667,0.667],"y":[1,1]},"o":{"x":[0.333,0.333],"y":[0,0]},"t":11,"s":[3,20]},{"i":{"x":[0.667,0.667],"y":[1,1]},"o":{"x":[0.333,0.333],"y":[0,0]},"t":15,"s":[3,31]},{"i":{"x":[0.585,0.585],"y":[1,1.074]},"o":{"x":[0.178,0.178],"y":[0,0]},"t":20,"s":[3,19]},{"i":{"x":[0.701,0.701],"y":[1,1]},"o":{"x":[0.348,0.348],"y":[0,0.051]},"t":23,"s":[3,3]},{"i":{"x":[0.667,0.667],"y":[1,1]},"o":{"x":[0.333,0.333],"y":[0,0]},"t":25,"s":[3,16]},{"i":{"x":[0.667,0.667],"y":[1,1]},"o":{"x":[0.333,0.333],"y":[0,0]},"t":28,"s":[3,23]},{"i":{"x":[0.667,0.667],"y":[1,1]},"o":{"x":[0.333,0.333],"y":[0,0]},"t":32,"s":[3,20]},{"i":{"x":[0.667,0.667],"y":[1,1]},"o":{"x":[0.167,0.167],"y":[0,0]},"t":36,"s":[3,12]},{"i":{"x":[0.667,0.667],"y":[1,1]},"o":{"x":[0.167,0.167],"y":[0,0]},"t":40,"s":[3,27]},{"i":{"x":[0.833,0.833],"y":[1,1]},"o":{"x":[0.333,0.333],"y":[0,0]},"t":44,"s":[3,20]},{"t":48,"s":[3,3]}],"ix":2},"p":{"a":0,"k":[0,0],"ix":3},"r":{"a":0,"k":24,"ix":4},"nm":"사각형 패스 1","mn":"ADBE Vector Shape - Rect","hd":false},{"ty":"st","c":{"a":0,"k":[0,0,0,1],"ix":3},"o":{"a":0,"k":100,"ix":4},"w":{"a":0,"k":0,"ix":5},"lc":1,"lj":1,"ml":4,"bm":0,"nm":"선 1","mn":"ADBE Vector Graphic - Stroke","hd":false},{"ty":"fl","c":{"a":0,"k":[0.5254901960784314,0.5176470588235295,0.8196078431372549,1],"ix":4},"o":{"a":0,"k":100,"ix":5},"r":1,"bm":0,"nm":"칠 1","mn":"ADBE Vector Graphic - Fill","hd":false},{"ty":"tr","p":{"a":0,"k":[-7.625,-0.75],"ix":2},"a":{"a":0,"k":[0,0],"ix":1},"s":{"a":0,"k":[100,100],"ix":3},"r":{"a":0,"k":0,"ix":6},"o":{"a":0,"k":100,"ix":7},"sk":{"a":0,"k":0,"ix":4},"sa":{"a":0,"k":0,"ix":5},"nm":"변형"}],"nm":"사각형 1","np":3,"cix":2,"bm":0,"ix":1,"mn":"ADBE Vector Group","hd":false}],"ip":0,"op":720,"st":0,"bm":0},{"ddd":0,"ind":45,"ty":4,"nm":"line1","sr":1,"ks":{"o":{"a":0,"k":100,"ix":11},"r":{"a":0,"k":0,"ix":10},"p":{"a":0,"k":[154.602,20,0],"ix":2},"a":{"a":0,"k":[-7.625,-0.75,0],"ix":1},"s":{"a":0,"k":[100,90,100],"ix":6}},"ao":0,"shapes":[{"ty":"gr","it":[{"ty":"rc","d":1,"s":{"a":1,"k":[{"i":{"x":[0.833,0.833],"y":[1,1]},"o":{"x":[0.333,0.333],"y":[0,0]},"t":0,"s":[3,3]},{"i":{"x":[0.667,0.667],"y":[1,1]},"o":{"x":[0.333,0.333],"y":[0,0]},"t":4,"s":[3,24]},{"i":{"x":[0.667,0.667],"y":[1,1]},"o":{"x":[0.333,0.333],"y":[0,0]},"t":9,"s":[3,20]},{"i":{"x":[0.667,0.667],"y":[1,1]},"o":{"x":[0.333,0.333],"y":[0,0]},"t":13,"s":[3,45]},{"i":{"x":[0.585,0.585],"y":[1,1.295]},"o":{"x":[0.178,0.178],"y":[0,0]},"t":18,"s":[3,34]},{"i":{"x":[0.701,0.701],"y":[1,1]},"o":{"x":[0.348,0.348],"y":[0,-0.047]},"t":21,"s":[3,30]},{"i":{"x":[0.667,0.667],"y":[1,1]},"o":{"x":[0.333,0.333],"y":[0,0]},"t":23,"s":[3,16]},{"i":{"x":[0.667,0.667],"y":[1,1]},"o":{"x":[0.333,0.333],"y":[0,0]},"t":26,"s":[3,45]},{"i":{"x":[0.667,0.667],"y":[1,1]},"o":{"x":[0.333,0.333],"y":[0,0]},"t":30,"s":[3,20]},{"i":{"x":[0.667,0.667],"y":[1,1]},"o":{"x":[0.167,0.167],"y":[0,0]},"t":34,"s":[3,12]},{"i":{"x":[0.833,0.833],"y":[1,1]},"o":{"x":[0.167,0.167],"y":[0,0]},"t":40,"s":[3,40]},{"i":{"x":[0.667,0.667],"y":[1,1]},"o":{"x":[0.333,0.333],"y":[0,0]},"t":43,"s":[3,31]},{"i":{"x":[0.833,0.833],"y":[1,1]},"o":{"x":[0.333,0.333],"y":[0,0]},"t":46,"s":[3,20]},{"t":48,"s":[3,3]}],"ix":2},"p":{"a":0,"k":[0,0],"ix":3},"r":{"a":0,"k":24,"ix":4},"nm":"사각형 패스 1","mn":"ADBE Vector Shape - Rect","hd":false},{"ty":"st","c":{"a":0,"k":[0,0,0,1],"ix":3},"o":{"a":0,"k":100,"ix":4},"w":{"a":0,"k":0,"ix":5},"lc":1,"lj":1,"ml":4,"bm":0,"nm":"선 1","mn":"ADBE Vector Graphic - Stroke","hd":false},{"ty":"fl","c":{"a":0,"k":[0.5254901960784314,0.5176470588235295,0.8196078431372549,1],"ix":4},"o":{"a":0,"k":100,"ix":5},"r":1,"bm":0,"nm":"칠 1","mn":"ADBE Vector Graphic - Fill","hd":false},{"ty":"tr","p":{"a":0,"k":[-7.625,-0.75],"ix":2},"a":{"a":0,"k":[0,0],"ix":1},"s":{"a":0,"k":[100,100],"ix":3},"r":{"a":0,"k":0,"ix":6},"o":{"a":0,"k":100,"ix":7},"sk":{"a":0,"k":0,"ix":4},"sa":{"a":0,"k":0,"ix":5},"nm":"변형"}],"nm":"사각형 1","np":3,"cix":2,"bm":0,"ix":1,"mn":"ADBE Vector Group","hd":false}],"ip":0,"op":720,"st":0,"bm":0}],"markers":[]}