{
  "project_info": {
    "project_number": "284292945027",
    "project_id": "shivayapps",
    "storage_bucket": "shivayapps.firebasestorage.app"
  },
  "client": [
    {
      "client_info": {
        "mobilesdk_app_id": "1:284292945027:android:aaed1b3c6074ce2cf4f7b6",
        "android_client_info": {
          "package_name": "com.convoconnect.messenger.sms.text"
        }
      },
      "oauth_client": [
        {
          "client_id": "284292945027-18hv82ahd5dbpntuu2og0he899b78cfk.apps.googleusercontent.com",
          "client_type": 3
        }
      ],
      "api_key": [
        {
          "current_key": "AIzaSyAv-y5Jp5P2jABRgm35SkaZS00-S8dTI5k"
        }
      ],
      "services": {
        "appinvite_service": {
          "other_platform_oauth_client": [
            {
              "client_id": "284292945027-18hv82ahd5dbpntuu2og0he899b78cfk.apps.googleusercontent.com",
              "client_type": 3
            }
          ]
        }
      }
    }
  ],
  "configuration_version": "1"
}