{
  "data": [
    {
      "type": 1,
      "id": "1",
      "details": [
        {
          "image": "3N8Cz9WR/deg-01",
          "title" : "DE1"
        },
        {
          "image": "W40G3xkz/deg-02",
          "title" : "DE2"
        },
        {
          "image": "7hKM47TN/deg-03",
          "title" : "DE3"
        },
        {
          "image": "HsP4PwmY/deg-04",
          "title" : "DE4"
        },
        {
          "image": "kg0N77DL/deg-05",
          "title" : "DE5"
        },
        {
          "image": "c1hcfq58/deg-06",
          "title" : "DE6"
        },
        {
          "image": "FHdgtYFj/deg-07",
          "title" : "DE7"
        },
        {
          "image": "m2rywd0p/deg-08",
          "title" : "DE8"
        },
        {
          "image": "1tPpNMGH/deg-09",
          "title" : "DE9"
        },
        {
          "image": "gj28gJBL/deg-10",
          "title" : "DE10"
        },
        {
          "image": "Jnqj3JKW/deg-11",
          "title" : "DE11"
        },
        {
          "image": "8kZhjRjR/deg-12",
          "title" : "DE12"
        },
        {
          "image": "yxp9tHwQ/deg-13",
          "title" : "DE13"
        },
        {
          "image": "7YbS752p/deg-14",
          "title" : "DE14"
        },
        {
          "image": "J4gZQR3t/deg-15",
          "title" : "DE15"
        },
        {
          "image": "RZHfs2Gd/deg-16",
          "title" : "DE16"
        },
        {
          "image": "rp24vgPk/deg-17",
          "title" : "DE17"
        },
        {
          "image": "N08XYT3r/deg-18",
          "title" : "DE18"
        },
        {
          "image": "XJVCvqW1/deg-19",
          "title" : "DE19"
        },
        {
          "image": "KzJg3bvG/deg-20",
          "title" : "DE20"
        },
        {
          "image": "L55gzWnz/deg-21",
          "title" : "DE21"
        },
        {
          "image": "hvYzM0dN/deg-22",
          "title" : "DE22"
        },
        {
          "image": "05Xw89BZ/deg-23",
          "title" : "DE23"
        },
        {
          "image": "gkw6jf9p/deg-24",
          "title" : "DE24"
        },
        {
          "image": "m201H8RH/deg-25",
          "title" : "DE25"
        },
        {
          "image": "MpVMbVKr/deg-26",
          "title" : "DE26"
        },
        {
          "image": "8CGFyc7k/deg-27",
          "title" : "DE27"
        },
        {
          "image": "0NCzhvSY/deg-28",
          "title" : "DE28"
        },
        {
          "image": "B6Qj0z5d/deg-29",
          "title" : "DE29"
        },
        {
          "image": "SsTJNGDj/deg-30",
          "title" : "DE30"
        },
        {
          "image": "3NkWyDc1/deg-31",
          "title" : "DE31"
        },
        {
          "image": "mkKk7gxs/deg-32",
          "title" : "DE32"
        },
        {
          "image": "P5sNxJzb/deg-33",
          "title" : "DE33"
        },
        {
          "image": "yYSksc9Y/deg-34",
          "title" : "DE34"
        },
        {
          "image": "W1GzJVXB/deg-35",
          "title" : "DE35"
        },
        {
          "image": "G3fHWq45/deg-36",
          "title" : "DE36"
        },
        {
          "image": "9fcMdkkr/deg-37",
          "title" : "DE37"
        },
        {
          "image": "hGMGprFM/deg-38",
          "title" : "DE38"
        },
        {
          "image": "Sssx5Mk4/deg-39",
          "title" : "DE39"
        },
        {
          "image": "RFDZzZZH/deg-40",
          "title" : "DE40"
        },
        {
          "image": "qq6MBHNZ/deg-41",
          "title" : "DE41"
        },
        {
          "image": "Th82pNm2/deg-42",
          "title" : "DE42"
        },
        {
          "image": "WpdMqDrx/deg-43",
          "title" : "DE43"
        },
        {
          "image": "9XsydWY0/deg-44",
          "title" : "DE44"
        },
        {
          "image": "GhYGzZXQ/deg-45",
          "title" : "DE45"
        }
      ]
    }
  ]
}