{
  "data": [
    {
      "type": 1,
      "id": "1",
      "details": [
        {
          "thumb": "ry3ZyWTN/i01",
          "mask": "JzbzY1Tb/b01",
          "image": "qRffPnzq/f01",
          "title" : "PT1"
        },{
          "thumb": "0jwz87C4/i02",
          "mask": "jjcdKMY2/b02",
          "image": "vTMJBs7d/f02",
          "title" : "PT2"
        },{
          "thumb": "G9nH997m/i03",
          "mask": "fbDT66F1/b03",
          "image": "rsJvRPgR/f03",
          "title" : "PT3"
        },{
          "thumb": "vmbf32vZ/i04",
          "mask": "tTgRgF95/b04",
          "image": "kMvrH29M/f04",
          "title" : "PT4"
        },{
          "thumb": "28WWmNc5/i05",
          "mask": "wMC9FPLf/b05",
          "image": "x1qWqgmq/f05",
          "title" : "PT5"
        },{
          "thumb": "N0d9bsMd/i06",
          "mask": "rmYVRzmL/b06",
          "image": "qvYWKncw/f06",
          "title" : "PT6"
        },{
          "thumb": "8CpfhJ1F/i07",
          "mask": "2jMjzqMQ/b07",
          "image": "MT0LgFC3/f07",
          "title" : "PT7"
        },{
          "thumb": "QN115W5b/i08",
          "mask": "QC9XQs9K/b08",
          "image": "yNZtydvH/f08",
          "title" : "PT8"
        },{
          "thumb": "jdTNhd4r/i09",
          "mask": "X75jXj6T/b09",
          "image": "sXC86rNZ/f09",
          "title" : "PT9"
        },{
          "thumb": "6QcRSVHL/i10",
          "mask": "fRhw9Gwk/b10",
          "image": "1X9dSKPm/f10",
          "title" : "PT10"
        },{
          "thumb": "50kz94WX/i11",
          "mask": "Mpbzb9T5/b11",
          "image": "d34xVTt8/f11",
          "title" : "PT11"
        },{
          "thumb": "1t4gjkVs/i12",
          "mask": "zfz8dTHr/b12",
          "image": "sfc8cb9v/f12",
          "title" : "PT12"
        },{
          "thumb": "0ydJMdqR/i13",
          "mask": "mDhR4RSp/b13",
          "image": "ZK5QDjVj/f13",
          "title" : "PT13"
        },{
          "thumb": "Ls9NQ3k2/i14",
          "mask": "sX8zD86j/b14",
          "image": "pL96PrNF/f14",
          "title" : "PT14"
        },{
          "thumb": "X75HrJ7S/i15",
          "mask": "yxZHJPtF/b15",
          "image": "zX2QmWQN/f15",
          "title" : "PT15"
        },{
          "thumb": "63S7JMCR/i16",
          "mask": "6TxNCZxF/b16",
          "image": "pLg1rvx1/f16",
          "title" : "PT16"
        },{
          "thumb": "qBzZdwP7/i17",
          "mask": "dQb75Ssc/b17",
          "image": "1zw7Nd3R/f17",
          "title" : "PT17"
        },{
          "thumb": "x8Mv1XG6/i18",
          "mask": "WpFF6PP7/b18",
          "image": "bJPC0RZx/f18",
          "title" : "PT18"
        },{
          "thumb": "qvLGK6PY/i19",
          "mask": "QxcFwkC9/b19",
          "image": "SsGZgz9w/f19",
          "title" : "PT19"
        },{
          "thumb": "4ykcqJCV/i20",
          "mask": "kg92m6Rj/b20",
          "image": "vTH0kHLD/f20",
          "title" : "PT20"
        },{
          "thumb": "MpPQx02W/i21",
          "mask": "Nj45fs1Q/b21",
          "image": "gjSgWFNs/f21",
          "title" : "PT21"
        },{
          "thumb": "jj1P6HZ8/i22",
          "mask": "Bv7bHmYy/b22",
          "image": "G3q7YGdD/f22",
          "title" : "PT22"
        },{
          "thumb": "xd8LbxyJ/i23",
          "mask": "3wxWksBm/b23",
          "image": "J4FpY8y4/f23",
          "title" : "PT23"
        },{
          "thumb": "hjH8nLmJ/i24",
          "mask": "fL3LKY1b/b24",
          "image": "7YhBNhZW/f24",
          "title" : "PT24"
        },{
          "thumb": "Zq5xxKZq/i25",
          "mask": "MThGrv8m/b25",
          "image": "vZ63pK97/f25",
          "title" : "PT25"
        }
      ]
    }
  ]
}