{
  "data": [
    {
      "type": 1,
      "id": "1",
      "details": [
        {
          "image": "HnKbrzZ6/pt-01",
          "title" : "PT1"
        },
        {
          "image": "hGqb8CSw/pt-02",
          "title" : "PT2"
        },
        {
          "image": "4df6qmHQ/pt-03",
          "title" : "PT3"
        },
        {
          "image": "50bgJsTv/pt-04",
          "title" : "PT4"
        },
        {
          "image": "k4scgxPH/pt-05",
          "title" : "PT5"
        },
        {
          "image": "Sx9fM0pC/pt-06",
          "title" : "PT6"
        },
        {
          "image": "mZdjxNwz/pt-07",
          "title" : "PT7"
        },
        {
          "image": "m2fDgKV0/pt-08",
          "title" : "PT8"
        },
        {
          "image": "pXfdhk6y/pt-09",
          "title" : "PT9"
        },
        {
          "image": "9f318mBL/pt-10",
          "title" : "PT10"
        },
        {
          "image": "VvNFrdYk/pt-11",
          "title" : "PT11"
        },
        {
          "image": "m2twTzXd/pt-12",
          "title" : "PT12"
        },
        {
          "image": "8P9bcpxT/pt-13",
          "title" : "PT13"
        },
        {
          "image": "rFBSchtm/pt-14",
          "title" : "PT14"
        },
        {
          "image": "yxWF6tPJ/pt-15",
          "title" : "PT15"
        },
        {
          "image": "W46m5Mz4/pt-16",
          "title" : "PT16"
        },
        {
          "image": "wvwXpgh8/pt-17",
          "title" : "PT17"
        },
        {
          "image": "qvcpqRgK/pt-18",
          "title" : "PT18"
        },
        {
          "image": "m2HLxVs8/pt-19",
          "title" : "PT19"
        },
        {
          "image": "qBCq0pcs/pt-20",
          "title" : "PT20"
        },
        {
          "image": "ZqRYQmKy/pt-21",
          "title" : "PT21"
        },
        {
          "image": "KzCYLWb3/pt-22",
          "title" : "PT22"
        },
        {
          "image": "JzQtgKNS/pt-23",
          "title" : "PT23"
        },
        {
          "image": "hGScdB75/pt-24",
          "title" : "PT24"
        },
        {
          "image": "g0NdyTVk/pt-25",
          "title" : "PT25"
        },
        {
          "image": "2yBDDjPV/pt-26",
          "title" : "PT26"
        },
        {
          "image": "HkmVBFyQ/pt-27",
          "title" : "PT27"
        },
        {
          "image": "MKMyCkHN/pt-28",
          "title" : "PT28"
        },
        {
          "image": "kMhQYMJW/pt-29",
          "title" : "PT29"
        },
        {
          "image": "k4GCTvsN/pt-30",
          "title" : "PT30"
        },
        {
          "image": "K8hZmLcF/pt-31",
          "title" : "PT31"
        },
        {
          "image": "CMZB1G0f/pt-32",
          "title" : "PT32"
        },
        {
          "image": "MKVn0zv6/pt-33",
          "title" : "PT33"
        },
        {
          "image": "Hn5kttWZ/pt-34",
          "title" : "PT34"
        },
        {
          "image": "tgMRQcYv/pt-35",
          "title" : "PT35"
        },
        {
          "image": "KYqjczsN/pt-36",
          "title" : "PT36"
        },
        {
          "image": "CKLdVDJ5/pt-37",
          "title" : "PT37"
        },
        {
          "image": "zXcxhSHZ/pt-38",
          "title" : "PT38"
        },
        {
          "image": "Y0yz1M9f/pt-39",
          "title" : "PT39"
        },
        {
          "image": "mkNGDpgs/pt-40",
          "title" : "PT40"
        },
        {
          "image": "Dy6T3NNQ/pt-41",
          "title" : "PT41"
        },
        {
          "image": "gcq935G9/pt-42",
          "title" : "PT42"
        },
        {
          "image": "RhTj93gC/pt-43",
          "title" : "PT43"
        },
        {
          "image": "wvNzKjK3/pt-44",
          "title" : "PT44"
        },
        {
          "image": "Bnh4HzcZ/pt-45",
          "title" : "PT45"
        },
        {
          "image": "pT5W2BjW/pt-46",
          "title" : "PT46"
        }
      ]
    }
  ]
}
