{
  "data": [
    {
      "type": 1,
      "id": "1",
      "list_name": "Popular",
      "details": [
        {
          "thumb": "",
          "mask": "",
          "image": "gj3KL6h8/popular-01.webp",
          "title" : "PU1"
        },
        {
          "thumb": "",
          "mask": "",
          "image": "Prm6P0b9/popular-02.webp",
          "title" : "PU2"
        },
        {
          "thumb": "",
          "mask": "",
          "image": "50TPCVRd/popular-03.webp",
          "title" : "PU3"
        },
        {
          "thumb": "",
          "mask": "",
          "image": "QNFwx6yZ/popular-04.webp",
          "title" : "PU4"
        },
        {
          "thumb": "",
          "mask": "",
          "image": "yYSP2trW/popular-05.webp",
          "title" : "PU5"
        },
        {
          "thumb": "",
          "mask": "",
          "image": "k5k8Ngqc/popular-06.webp",
          "title" : "PU6"
        },
        {
          "thumb": "",
          "mask": "",
          "image": "GmXxDR47/popular-07.webp",
          "title" : "PU7"
        },
        {
          "thumb": "",
          "mask": "",
          "image": "zvHCZH74/popular-08.webp",
          "title" : "PU8"
        },
        {
          "thumb": "",
          "mask": "",
          "image": "k4pQpvQx/popular-09.webp",
          "title" : "PU9"
        },
        {
          "thumb": "",
          "mask": "",
          "image": "8PHR8Gmp/popular-10.webp",
          "title" : "PU10"
        },
        {
          "thumb": "",
          "mask": "",
          "image": "hvRLnPYj/popular-11.webp",
          "title" : "PU11"
        },
        {
          "thumb": "",
          "mask": "",
          "image": "156dD8SW/popular-12.webp",
          "title" : "PU12"
        },
        {
          "thumb": "",
          "mask": "",
          "image": "NFK4szsJ/popular-13.webp",
          "title" : "PU13"
        },
        {
          "thumb": "",
          "mask": "",
          "image": "NjBdTbpM/popular-14.webp",
          "title" : "PU14"
        },
        {
          "thumb": "",
          "mask": "",
          "image": "nLdSn7KL/popular-15.webp",
          "title" : "PU15"
        },
        {
          "thumb": "",
          "mask": "",
          "image": "sD9cV7sR/popular-16.webp",
          "title" : "PU16"
        },
        {
          "thumb": "",
          "mask": "",
          "image": "DyK6kBVg/popular-17.webp",
          "title" : "PU17"
        },
        {
          "thumb": "",
          "mask": "",
          "image": "yNNnpxqC/popular-18.webp",
          "title" : "PU18"
        },
        {
          "thumb": "",
          "mask": "",
          "image": "2jgJq4sb/popular-19.webp",
          "title" : "PU19"
        },
        {
          "thumb": "",
          "mask": "",
          "image": "V6Cq2bDp/popular-20.webp",
          "title" : "PU20"
        },
        {
          "thumb": "",
          "mask": "",
          "image": "4dD531YX/popular-21.webp",
          "title" : "PU21"
        },
        {
          "thumb": "",
          "mask": "",
          "image": "Qdm0q5yq/popular-22.webp",
          "title" : "PU22"
        },
        {
          "thumb": "",
          "mask": "",
          "image": "4xQFFjmV/popular-23.webp",
          "title" : "PU23"
        },
        {
          "thumb": "",
          "mask": "",
          "image": "76619W2H/popular-24.webp",
          "title" : "PU24"
        },
        {
          "thumb": "",
          "mask": "",
          "image": "MGzmMTZj/popular-25.webp",
          "title" : "PU25"
        },
        {
          "thumb": "",
          "mask": "",
          "image": "L6Rt05fQ/popular-26.webp",
          "title" : "PU26"
        },
        {
          "thumb": "",
          "mask": "",
          "image": "zDTwjKLR/popular-27.webp",
          "title" : "PU27"
        },
        {
          "thumb": "",
          "mask": "",
          "image": "0rgp85Hj/popular-28.webp",
          "title" : "PU28"
        },
        {
          "thumb": "",
          "mask": "",
          "image": "T3M9x0Z0/popular-29.webp",
          "title" : "PU29"
        }
      ]
    },
    {
      "type": 1,
      "id": "2",
      "list_name": "Basic",
      "details": [
        {
          "thumb": "",
          "mask": "",
          "image": "JzP18DS6/basic-01.png",
          "title" : "BC1"
        },
        {
          "thumb": "",
          "mask": "",
          "image": "vB6M5PTk/basic-02.png",
          "title" : "BC2"
        },
        {
          "thumb": "",
          "mask": "",
          "image": "htyq6F7N/basic-03.png",
          "title" : "BC3"
        },
        {
          "thumb": "",
          "mask": "",
          "image": "28CR5jQP/basic-04.png",
          "title" : "BC4"
        },
        {
          "thumb": "",
          "mask": "",
          "image": "2SXPT4sD/basic-05.png",
          "title" : "BC5"
        },
        {
          "thumb": "",
          "mask": "",
          "image": "hvbk0NBy/basic-06.png",
          "title" : "BC6"
        },
        {
          "thumb": "",
          "mask": "",
          "image": "0Nh15pnf/basic-07.png",
          "title" : "BC7"
        },
        {
          "thumb": "",
          "mask": "",
          "image": "tJ5c6P38/basic-08.png",
          "title" : "BC8"
        },
        {
          "thumb": "",
          "mask": "",
          "image": "Pfz90GgK/basic-09.png",
          "title" : "BC9"
        },
        {
          "thumb": "",
          "mask": "",
          "image": "VsqP10Cq/basic-10.png",
          "title" : "BC10"
        },
        {
          "thumb": "",
          "mask": "",
          "image": "hGzNYXn7/basic-11.png",
          "title" : "BC11"
        },
        {
          "thumb": "",
          "mask": "",
          "image": "XJFSrpD0/basic-12.png",
          "title" : "BC12"
        },
        {
          "thumb": "",
          "mask": "",
          "image": "YSvwwX60/basic-13.png",
          "title" : "BC13"
        },
        {
          "thumb": "",
          "mask": "",
          "image": "T2gfwHZW/basic-14.png",
          "title" : "BC14"
        },
        {
          "thumb": "",
          "mask": "",
          "image": "430s7Cfp/basic-15.png",
          "title" : "BC15"
        },
        {
          "thumb": "",
          "mask": "",
          "image": "jd6x8kcr/basic-16.png",
          "title" : "BC16"
        },
        {
          "thumb": "",
          "mask": "",
          "image": "5tyf29Vx/basic-17.png",
          "title" : "BC17"
        },
        {
          "thumb": "",
          "mask": "",
          "image": "nz12SxXD/basic-18.png",
          "title" : "BC18"
        },
        {
          "thumb": "",
          "mask": "",
          "image": "Ghm7N4Jh/basic-19.png",
          "title" : "BC19"
        },
        {
          "thumb": "",
          "mask": "",
          "image": "9Qf6GxNb/basic-20.png",
          "title" : "BC20"
        },
        {
          "thumb": "",
          "mask": "",
          "image": "yY1tHQBK/basic-21.png",
          "title" : "BC21"
        },
        {
          "thumb": "",
          "mask": "",
          "image": "FKLnZwby/basic-22.png",
          "title" : "BC22"
        },
        {
          "thumb": "",
          "mask": "",
          "image": "bNmMNxNt/basic-23.png",
          "title" : "BC23"
        },
        {
          "thumb": "",
          "mask": "",
          "image": "HLXB5XH3/basic-24.png",
          "title" : "BC24"
        },
        {
          "thumb": "",
          "mask": "",
          "image": "T3ZtpC8p/basic-25.png",
          "title" : "BC25"
        }
      ]
    },
    {
      "type": 1,
      "id": "3",
      "list_name": "Color",
      "details": [
        {
          "thumb": "",
          "mask": "",
          "image": "C5kD5T8K/colour-01.png",
          "title" : "CR1"
        },
        {
          "thumb": "",
          "mask": "",
          "image": "wT5LdzHf/colour-02.png",
          "title" : "CR2"
        },
        {
          "thumb": "",
          "mask": "",
          "image": "TP1DmWbF/colour-03.png",
          "title" : "CR3"
        },
        {
          "thumb": "",
          "mask": "",
          "image": "rwcGdmQ2/colour-04.png",
          "title" : "CR4"
        },
        {
          "thumb": "",
          "mask": "",
          "image": "QMYcnqsj/colour-05.png",
          "title" : "CR5"
        },
        {
          "thumb": "",
          "mask": "",
          "image": "nVjGgNCg/colour-06.png",
          "title" : "CR6"
        },
        {
          "thumb": "",
          "mask": "",
          "image": "bvyR5Jt9/colour-07.png",
          "title" : "CR7"
        },
        {
          "thumb": "",
          "mask": "",
          "image": "pT7rHh5b/colour-08.png",
          "title" : "CR8"
        },
        {
          "thumb": "",
          "mask": "",
          "image": "Y9j0Zf9z/colour-09.png",
          "title" : "CR9"
        },
        {
          "thumb": "",
          "mask": "",
          "image": "htrLVB5z/colour-10.png",
          "title" : "CR10"
        },
        {
          "thumb": "",
          "mask": "",
          "image": "yN8FPbMf/colour-11.png",
          "title" : "CR11"
        },
        {
          "thumb": "",
          "mask": "",
          "image": "hG20RB8W/colour-12.png",
          "title" : "CR12"
        },
        {
          "thumb": "",
          "mask": "",
          "image": "V65WYV4S/colour-13.png",
          "title" : "CR13"
        },
        {
          "thumb": "",
          "mask": "",
          "image": "3JQm6NM0/colour-14.png",
          "title" : "CR14"
        },
        {
          "thumb": "",
          "mask": "",
          "image": "HxfXTsVK/colour-15.png",
          "title" : "CR15"
        },
        {
          "thumb": "",
          "mask": "",
          "image": "DwBG8cS1/colour-16.png",
          "title" : "CR16"
        },
        {
          "thumb": "",
          "mask": "",
          "image": "y8V91G8V/colour-17.png",
          "title" : "CR17"
        },
        {
          "thumb": "",
          "mask": "",
          "image": "9F9RcpBx/colour-18.png",
          "title" : "CR18"
        },
        {
          "thumb": "",
          "mask": "",
          "image": "7L9JpZNw/colour-19.png",
          "title" : "CR19"
        },
        {
          "thumb": "",
          "mask": "",
          "image": "59TQcG8Y/colour-20.png",
          "title" : "CR20"
        },
        {
          "thumb": "",
          "mask": "",
          "image": "0Nkbdq13/colour-21.png",
          "title" : "CR21"
        },
        {
          "thumb": "",
          "mask": "",
          "image": "28WTbgYh/colour-22.png",
          "title" : "CR22"
        },
        {
          "thumb": "",
          "mask": "",
          "image": "d3y1tsG7/colour-23.png",
          "title" : "CR23"
        },
        {
          "thumb": "",
          "mask": "",
          "image": "d0wTHyr5/colour-24.png",
          "title" : "CR24"
        },
        {
          "thumb": "",
          "mask": "",
          "image": "cHJtZGDY/colour-25.png",
          "title" : "CR25"
        }
      ]
    },
    {
      "type": 1,
      "id": "4",
      "list_name": "Boho",
      "details": [
        {
         "thumb": "",
          "mask": "",
          "image": "/zvHCjFYp/boho_1.webp",
          "title" : "BH1"
        },
        {
         "thumb": "",
          "mask": "",
          "image": "/YCDyb85B/boho_2.webp",
          "title" : "BH2"
        },
        {
         "thumb": "",
          "mask": "",
          "image": "/SQLTwmBr/boho_3.webp",
          "title" : "BH3"
        },
        {
         "thumb": "",
          "mask": "",
          "image": "/wTZ6Zc8L/boho_4.webp",
          "title" : "BH4"
        },
        {
         "thumb": "",
          "mask": "",
          "image": "/4x1XyCHb/boho_5.webp",
          "title" : "BH5"
        },
        {
         "thumb": "",
          "mask": "",
          "image": "/fWd5YMWs/boho_6.webp",
          "title" : "BH6"
        },
        {
         "thumb": "",
          "mask": "",
          "image": "/Gp0m8PXd/boho_7.webp",
          "title" : "BH7"
        },
        {
         "thumb": "",
          "mask": "",
          "image": "/nrXyGgL5/boho_8.webp",
          "title" : "BH8"
        },
        {
         "thumb": "",
          "mask": "",
          "image": "/K8S6t9hq/boho_9.webp",
          "title" : "BH9"
        },
        {
         "thumb": "",
          "mask": "",
          "image": "/mZ0L6yGM/boho_10.webp",
          "title" : "BH10"
        },
        {
         "thumb": "",
          "mask": "",
          "image": "/tCZb3ZZT/boho_11.webp",
          "title" : "BH11"
        },
        {
         "thumb": "",
          "mask": "",
          "image": "/Z5QyfyjM/boho_12.webp",
          "title" : "BH12"
        },
        {
         "thumb": "",
          "mask": "",
          "image": "/YCDQJP28/boho_13.webp",
          "title" : "BH13"
        },
        {
         "thumb": "",
          "mask": "",
          "image": "/j5LgpNrn/boho_14.webp",
          "title" : "BH14"
        },
        {
         "thumb": "",
          "mask": "",
          "image": "/R0xDnqfj/boho_15.webp",
          "title" : "BH15"
        }
      ]
    },
    {
      "type": 1,
      "id": "5",
      "list_name": "Comic",
      "details": [
        {
          "thumb": "",
          "mask": "",
          "image": "3N54PSqQ/comic-01.png",
          "title" : "CC1"
        },
        {
          "thumb": "",
          "mask": "",
          "image": "sDzGmLSp/comic-02.png",
          "title" : "CC2"
        },
        {
          "thumb": "",
          "mask": "",
          "image": "Hstcht4F/comic-03.png",
          "title" : "CC3"
        },
        {
          "thumb": "",
          "mask": "",
          "image": "mkjL8mfw/comic-04.png",
          "title" : "CC4"
        },
        {
          "thumb": "",
          "mask": "",
          "image": "59S242YC/comic-05.png",
          "title" : "CC5"
        },
        {
          "thumb": "",
          "mask": "",
          "image": "wvhTs6wn/comic-06.png",
          "title" : "CC6"
        },
        {
          "thumb": "",
          "mask": "",
          "image": "Gm22Snps/comic-07.png",
          "title" : "CC7"
        },
        {
          "thumb": "",
          "mask": "",
          "image": "50MfJhfg/comic-08.png",
          "title" : "CC8"
        },
        {
          "thumb": "",
          "mask": "",
          "image": "MTbqp9TS/comic-09.png",
          "title" : "CC9"
        },
        {
          "thumb": "",
          "mask": "",
          "image": "J4RtZkVx/comic-10.png",
          "title" : "CC10"
        },
        {
          "thumb": "",
          "mask": "",
          "image": "T34PzNyN/comic-11.png",
          "title" : "CC11"
        },
        {
          "thumb": "",
          "mask": "",
          "image": "sgDQdZTx/comic-12.png",
          "title" : "CC12"
        },
        {
          "thumb": "",
          "mask": "",
          "image": "2Scqz8tw/comic-13.png",
          "title" : "CC13"
        },
        {
          "thumb": "",
          "mask": "",
          "image": "Xqbq2ZZV/comic-14.png",
          "title" : "CC14"
        },
        {
          "thumb": "",
          "mask": "",
          "image": "gJRrqy2S/comic-15.png",
          "title" : "CC15"
        },
        {
          "thumb": "",
          "mask": "",
          "image": "RhLF2Mfw/comic-16.png",
          "title" : "CC16"
        },
        {
          "thumb": "",
          "mask": "",
          "image": "c4TCmLdS/comic-17.png",
          "title" : "CC17"
        },
        {
          "thumb": "",
          "mask": "",
          "image": "j5qkyccK/comic-18.png",
          "title" : "CC18"
        },
        {
          "thumb": "",
          "mask": "",
          "image": "d0GK55Gy/comic-19.png",
          "title" : "CC19"
        },
        {
          "thumb": "",
          "mask": "",
          "image": "DZVwZWPq/comic-20.png",
          "title" : "CC20"
        },
        {
          "thumb": "",
          "mask": "",
          "image": "cC01RVjC/comic-21.png",
          "title" : "CC21"
        },
        {
          "thumb": "",
          "mask": "",
          "image": "XJ86bXHN/comic-22.png",
          "title" : "CC22"
        },
        {
          "thumb": "",
          "mask": "",
          "image": "dVbYRbZF/comic-23.png",
          "title" : "CC23"
        },
        {
          "thumb": "",
          "mask": "",
          "image": "R0LD3ycX/comic-24.png",
          "title" : "CC24"
        },
        {
          "thumb": "",
          "mask": "",
          "image": "1tM2d2Xf/comic-25.png",
          "title" : "CC25"
        }
      ]
    },
    {
      "type": 1,
      "id": "6",
      "list_name": "Flowers",
      "details": [
        {
          "thumb": "",
          "mask": "",
          "image": "PrZsX6FF/flowers-01.png",
          "title" : "FW1"
        },
        {
          "thumb": "",
          "mask": "",
          "image": "2jbgGcm8/flowers-02.png",
          "title" : "FW2"
        },
        {
          "thumb": "",
          "mask": "",
          "image": "76cdD71k/flowers-03.png",
          "title" : "FW3"
        },
        {
          "thumb": "",
          "mask": "",
          "image": "mZH6CPNP/flowers-04.png",
          "title" : "FW4"
        },
        {
          "thumb": "",
          "mask": "",
          "image": "bJ2Lx5n7/flowers-05.png",
          "title" : "FW5"
        },
        {
          "thumb": "",
          "mask": "",
          "image": "4yVLg0N6/flowers-06.png",
          "title" : "FW6"
        },
        {
          "thumb": "",
          "mask": "",
          "image": "t45cJ8dD/flowers-07.png",
          "title" : "FW7"
        },
        {
          "thumb": "",
          "mask": "",
          "image": "PqWBWPkb/flowers-08.png",
          "title" : "FW8"
        },
        {
          "thumb": "",
          "mask": "",
          "image": "g2R5pnr9/flowers-09.png",
          "title" : "FW9"
        },
        {
          "thumb": "",
          "mask": "",
          "image": "L6kCQGWR/flowers-10.png",
          "title" : "FW10"
        },
        {
          "thumb": "",
          "mask": "",
          "image": "43yWdyxN/flowers-11.png",
          "title" : "FW11"
        },
        {
          "thumb": "",
          "mask": "",
          "image": "021Xf9cc/flowers-12.png",
          "title" : "FW12"
        },
        {
          "thumb": "",
          "mask": "",
          "image": "NfRSqK53/flowers-13.png",
          "title" : "FW13"
        },
        {
          "thumb": "",
          "mask": "",
          "image": "q71WbWzg/flowers-14.png",
          "title" : "FW14"
        },
        {
          "thumb": "",
          "mask": "",
          "image": "fRjGXVsc/flowers-15.png",
          "title" : "FW15"
        },
        {
          "thumb": "",
          "mask": "",
          "image": "d3yX01nT/flowers-16.png",
          "title" : "FW16"
        },
        {
          "thumb": "",
          "mask": "",
          "image": "gcCQTVky/flowers-17.png",
          "title" : "FW17"
        },
        {
          "thumb": "",
          "mask": "",
          "image": "nrj21PD8/flowers-18.png",
          "title" : "FW18"
        },
        {
          "thumb": "",
          "mask": "",
          "image": "k4hwKmDF/flowers-19.png",
          "title" : "FW19"
        },
        {
          "thumb": "",
          "mask": "",
          "image": "FzBqrSjv/flowers-20.png",
          "title" : "FW20"
        },
        {
          "thumb": "",
          "mask": "",
          "image": "MKg4gy6b/flowers-21.png",
          "title" : "FW21"
        },
        {
          "thumb": "",
          "mask": "",
          "image": "j2mg0bbd/flowers-22.png",
          "title" : "FW22"
        },
        {
          "thumb": "",
          "mask": "",
          "image": "ZYMDyrdt/flowers-23.png",
          "title" : "FW23"
        },
        {
          "thumb": "",
          "mask": "",
          "image": "668xS6VK/flowers-24.png",
          "title" : "FW24"
        },
        {
          "thumb": "",
          "mask": "",
          "image": "8C4ZkWSY/flowers-25.png",
          "title" : "FW25"
        }
      ]
    },
    {
      "type": 1,
      "id": "7",
      "list_name": "Gradient",
      "details": [
        {
          "thumb": "",
          "mask": "",
          "image": "Gmy21Jkc/gradient-01.png",
          "title" : "GN1"
        },
        {
          "thumb": "",
          "mask": "",
          "image": "kMYX6hsJ/gradient-02.png",
          "title" : "GN2"
        },
        {
          "thumb": "",
          "mask": "",
          "image": "MKh6tMgg/gradient-03.png",
          "title" : "GN3"
        },
        {
          "thumb": "",
          "mask": "",
          "image": "Z58Scf8y/gradient-04.png",
          "title" : "GN4"
        },
        {
          "thumb": "",
          "mask": "",
          "image": "x8Nrbgj8/gradient-05.png",
          "title" : "GN5"
        },
        {
          "thumb": "",
          "mask": "",
          "image": "PJCHQTyt/gradient-06.png",
          "title" : "GN6"
        },
        {
          "thumb": "",
          "mask": "",
          "image": "L8LHW4p5/gradient-07.png",
          "title" : "GN7"
        },
        {
          "thumb": "",
          "mask": "",
          "image": "RFrwBZ3Y/gradient-08.png",
          "title" : "GN8"
        },
        {
          "thumb": "",
          "mask": "",
          "image": "TwX5sNFM/gradient-09.png",
          "title" : "GN9"
        },
        {
          "thumb": "",
          "mask": "",
          "image": "6QBN1dcb/gradient-10.png",
          "title" : "GN10"
        },
        {
          "thumb": "",
          "mask": "",
          "image": "Vvxx9M5R/gradient-11.png",
          "title" : "GN11"
        },
        {
          "thumb": "",
          "mask": "",
          "image": "50NbjwFQ/gradient-12.png",
          "title" : "GN12"
        },
        {
          "thumb": "",
          "mask": "",
          "image": "8CG1g8pH/gradient-13.png",
          "title" : "GN13"
        },
        {
          "thumb": "",
          "mask": "",
          "image": "d14Q9WK9/gradient-14.png",
          "title" : "GN14"
        },
        {
          "thumb": "",
          "mask": "",
          "image": "k5Ng2J1z/gradient-15.png",
          "title" : "GN15"
        },
        {
          "thumb": "",
          "mask": "",
          "image": "nrWHyCrj/gradient-16.png",
          "title" : "GN16"
        },
        {
          "thumb": "",
          "mask": "",
          "image": "TYy2rqNr/gradient-17.png",
          "title" : "GN17"
        },
        {
          "thumb": "",
          "mask": "",
          "image": "NFCMQdJ0/gradient-18.png",
          "title" : "GN18"
        },
        {
          "thumb": "",
          "mask": "",
          "image": "0jyjgTC3/gradient-19.png",
          "title" : "GN19"
        },
        {
          "thumb": "",
          "mask": "",
          "image": "K8RT3MBV/gradient-20.png",
          "title" : "GN20"
        },
        {
          "thumb": "",
          "mask": "",
          "image": "0yFwYyCN/gradient-21.png",
          "title" : "GN21"
        },
        {
          "thumb": "",
          "mask": "",
          "image": "qBw6mLGS/gradient-22.png",
          "title" : "GN22"
        },
        {
          "thumb": "",
          "mask": "",
          "image": "MTbfJbJc/gradient-23.png",
          "title" : "GN23"
        },
        {
          "thumb": "",
          "mask": "",
          "image": "XNsXKvj0/gradient-24.png",
          "title" : "GN24"
        },
        {
          "thumb": "",
          "mask": "",
          "image": "mDwk5L7C/gradient-25.png",
          "title" : "GN25"
        }
      ]
    },
    {
      "type": 1,
      "id": "8",
      "list_name": "Fruit",
      "details": [
        {
          "thumb": "",
          "mask": "",
          "image": "dtnRyFX7/fruit-01.png",
          "title" : "FT1"
        },
        {
          "thumb": "",
          "mask": "",
          "image": "3NFX9Qxc/fruit-02.png",
          "title" : "FT2"
        },
        {
          "thumb": "",
          "mask": "",
          "image": "RC7LvKLL/fruit-03.png",
          "title" : "FT3"
        },
        {
          "thumb": "",
          "mask": "",
          "image": "Y2YbjJMg/fruit-04.png",
          "title" : "FT4"
        },
        {
          "thumb": "",
          "mask": "",
          "image": "3wkZhqtk/fruit-05.png",
          "title" : "FT5"
        },
        {
          "thumb": "",
          "mask": "",
          "image": "qvMLbqnX/fruit-06.png",
          "title" : "FT6"
        },
        {
          "thumb": "",
          "mask": "",
          "image": "P53MBHQG/fruit-07.png",
          "title" : "FT7"
        },
        {
          "thumb": "",
          "mask": "",
          "image": "h41TkgKC/fruit-08.png",
          "title" : "FT8"
        },
        {
          "thumb": "",
          "mask": "",
          "image": "m2dMrwzC/fruit-09.png",
          "title" : "FT9"
        },
        {
          "thumb": "",
          "mask": "",
          "image": "yYKnRv8G/fruit-10.png",
          "title" : "FT10"
        },
        {
          "thumb": "",
          "mask": "",
          "image": "8Pb4mMFz/fruit-11.png",
          "title" : "FT11"
        },
        {
          "thumb": "",
          "mask": "",
          "image": "fLXjt9nZ/fruit-12.png",
          "title" : "FT12"
        },
        {
          "thumb": "",
          "mask": "",
          "image": "SKHfxGPD/fruit-13.png",
          "title" : "FT13"
        },
        {
          "thumb": "",
          "mask": "",
          "image": "rpR53rpW/fruit-14.png",
          "title" : "FT14"
        },
        {
          "thumb": "",
          "mask": "",
          "image": "g2JVy5Fg/fruit-15.png",
          "title" : "FT15"
        }
      ]
    },
    {
      "type": 1,
      "id": "9",
      "list_name": "Neon",
      "details": [
        {
          "thumb": "",
          "mask": "",
          "image": "13jjDwTN/neon-01.png",
          "title" : "NE1"
        },
        {
          "thumb": "",
          "mask": "",
          "image": "RVvymMKq/neon-02.png",
          "title" : "NE2"
        },
        {
          "thumb": "",
          "mask": "",
          "image": "yYn5Ywyj/neon-03.png",
          "title" : "NE3"
        },
        {
          "thumb": "",
          "mask": "",
          "image": "SNqFKLFS/neon-04.png",
          "title" : "NE4"
        },
        {
          "thumb": "",
          "mask": "",
          "image": "wjfSFStM/neon-05.png",
          "title" : "NE5"
        },
        {
          "thumb": "",
          "mask": "",
          "image": "fyNFJsP2/neon-06.png",
          "title" : "NE6"
        },
        {
          "thumb": "",
          "mask": "",
          "image": "mDMJLkm1/neon-07.png",
          "title" : "NE7"
        },
        {
          "thumb": "",
          "mask": "",
          "image": "hjdWXptj/neon-08.png",
          "title" : "NE8"
        },
        {
          "thumb": "",
          "mask": "",
          "image": "j2YVPPDh/neon-09.png",
          "title" : "NE9"
        },
        {
          "thumb": "",
          "mask": "",
          "image": "YCq56pCT/neon-10.png",
          "title" : "NE10"
        },
        {
          "thumb": "",
          "mask": "",
          "image": "BQgWP84x/neon-11.png",
          "title" : "NE11"
        },
        {
          "thumb": "",
          "mask": "",
          "image": "0j04S3R8/neon-12.png",
          "title" : "NE12"
        },
        {
          "thumb": "",
          "mask": "",
          "image": "fb11Qmfh/neon-13.png",
          "title" : "NE13"
        },
        {
          "thumb": "",
          "mask": "",
          "image": "j2c827P2/neon-14.png",
          "title" : "NE14"
        },
        {
          "thumb": "",
          "mask": "",
          "image": "pTNc6xPW/neon-15.png",
          "title" : "NE15"
        },
        {
          "thumb": "",
          "mask": "",
          "image": "nV4gNss6/neon-16.png",
          "title" : "NE16"
        },
        {
          "thumb": "",
          "mask": "",
          "image": "Gm2fBqMC/neon-17.png",
          "title" : "NE17"
        },
        {
          "thumb": "",
          "mask": "",
          "image": "KjTGymM0/neon-18.png",
          "title" : "NE18"
        },
        {
          "thumb": "",
          "mask": "",
          "image": "vZsBbxXf/neon-19.png",
          "title" : "NE19"
        },
        {
          "thumb": "",
          "mask": "",
          "image": "9QLjKDkW/neon-20.png",
          "title" : "NE20"
        },
        {
          "thumb": "",
          "mask": "",
          "image": "HLK1WfHR/neon-21.png",
          "title" : "NE21"
        },
        {
          "thumb": "",
          "mask": "",
          "image": "K8fZbq1h/neon-22.png",
          "title" : "NE22"
        },
        {
          "thumb": "",
          "mask": "",
          "image": "WbMNWbj3/neon-23.png",
          "title" : "NE233"
        },
        {
          "thumb": "",
          "mask": "",
          "image": "bvYw2X7v/neon-24.png",
          "title" : "NE24"
        },
        {
          "thumb": "",
          "mask": "",
          "image": "FscRMVbh/neon-25.png",
          "title" : "NE25"
        }
      ]
    },
    {
      "type": 1,
      "id": "10",
      "list_name": "Pattern",
      "details": [
        {
          "thumb": "",
          "mask": "",
          "image": "g0K4NhtD/pattern-01.png",
          "title" : "PT1"
        },
        {
          "thumb": "",
          "mask": "",
          "image": "Kcpq6nGp/pattern-02.png",
          "title" : "PT2"
        },
        {
          "thumb": "",
          "mask": "",
          "image": "fRm8Spx1/pattern-03.png",
          "title" : "PT3"
        },
        {
          "thumb": "",
          "mask": "",
          "image": "qMYF32W6/pattern-04.png",
          "title" : "PT4"
        },
        {
          "thumb": "",
          "mask": "",
          "image": "6pvmLyNj/pattern-05.png",
          "title" : "PT5"
        },
        {
          "thumb": "",
          "mask": "",
          "image": "Znnf9qcL/pattern-06.png",
          "title" : "PT6"
        },
        {
          "thumb": "",
          "mask": "",
          "image": "50xKVgQT/pattern-07.png",
          "title" : "PT7"
        },
        {
          "thumb": "",
          "mask": "",
          "image": "cHZ2JZ2D/pattern-08.png",
          "title" : "PT8"
        },
        {
          "thumb": "",
          "mask": "",
          "image": "xCR7JhS9/pattern-09.png",
          "title" : "PT9"
        },
        {
          "thumb": "",
          "mask": "",
          "image": "RVq8hgpz/pattern-10.png",
          "title" : "PT10"
        },
        {
          "thumb": "",
          "mask": "",
          "image": "9fHNxCmW/pattern-11.png",
          "title" : "PT11"
        },
        {
          "thumb": "",
          "mask": "",
          "image": "tJcBFHvG/pattern-12.png",
          "title" : "PT12"
        },
        {
          "thumb": "",
          "mask": "",
          "image": "85tKPvh5/pattern-13.png",
          "title" : "PT13"
        },
        {
          "thumb": "",
          "mask": "",
          "image": "HxZzCgg8/pattern-14.png",
          "title" : "PT14"
        },
        {
          "thumb": "",
          "mask": "",
          "image": "zfN0C77v/pattern-15.png",
          "title" : "PT15"
        },
        {
          "thumb": "",
          "mask": "",
          "image": "9F48Crzm/pattern-16.png",
          "title" : "PT16"
        },
        {
          "thumb": "",
          "mask": "",
          "image": "8Pqy5Nrh/pattern-17.png",
          "title" : "PT17"
        },
        {
          "thumb": "",
          "mask": "",
          "image": "4xYgCfRV/pattern-18.png",
          "title" : "PT18"
        },
        {
          "thumb": "",
          "mask": "",
          "image": "DfcFLpcJ/pattern-19.png",
          "title" : "PT19"
        },
        {
          "thumb": "",
          "mask": "",
          "image": "9fysVz8R/pattern-20.png",
          "title" : "PT20"
        },
        {
          "thumb": "",
          "mask": "",
          "image": "RhZYcdMK/pattern-21.png",
          "title" : "PT21"
        },
        {
          "thumb": "",
          "mask": "",
          "image": "mgz0Xm7S/pattern-22.png",
          "title" : "PT22"
        },
        {
          "thumb": "",
          "mask": "",
          "image": "MZt2vMW1/pattern-23.png",
          "title" : "PT23"
        },
        {
          "thumb": "",
          "mask": "",
          "image": "YCTwM5tV/pattern-24.png",
          "title" : "PT24"
        },
        {
          "thumb": "",
          "mask": "",
          "image": "3JSTbyV3/pattern-25.png",
          "title" : "PT25"
        }
      ]
    },
    {
      "type": 1,
      "id": "11",
      "list_name": "Animal Print",
      "details": [
        {
          "thumb": "",
          "mask": "",
          "image": "TYCD79Th/print-01.webp",
          "title" : "RN1"
        },
        {
          "thumb": "",
          "mask": "",
          "image": "j2vL1x0B/print-02.webp",
          "title" : "RN2"
        },
        {
          "thumb": "",
          "mask": "",
          "image": "gJFXXtHt/print-03.webp",
          "title" : "RN3"
        },
        {
          "thumb": "",
          "mask": "",
          "image": "XJbq7GnT/print-04.webp",
          "title" : "RN4"
        },
        {
          "thumb": "",
          "mask": "",
          "image": "HssJyybm/print-05.webp",
          "title" : "RN5"
        },
        {
          "thumb": "",
          "mask": "",
          "image": "yxKZ5pJ3/print-06.webp",
          "title" : "RN6"
        },
        {
          "thumb": "",
          "mask": "",
          "image": "d1rC5c0K/print-07.webp",
          "title" : "RN7"
        },
        {
          "thumb": "",
          "mask": "",
          "image": "9QDrxHxN/print-08.webp",
          "title" : "RN8"
        },
        {
          "thumb": "",
          "mask": "",
          "image": "52DjTKT9/print-09.webp",
          "title" : "RN9"
        },
        {
          "thumb": "",
          "mask": "",
          "image": "vTvVd79q/print-10.webp",
          "title" : "RN10"
        },
        {
          "thumb": "",
          "mask": "",
          "image": "pd9znFbr/print-11.webp",
          "title" : "RN11"
        },
        {
          "thumb": "",
          "mask": "",
          "image": "JhJtLcCN/print-12.webp",
          "title" : "RN12"
        },
        {
          "thumb": "",
          "mask": "",
          "image": "pXGmYLBF/print-13.webp",
          "title" : "RN13"
        },
        {
          "thumb": "",
          "mask": "",
          "image": "j2RDvW9z/print-14.webp",
          "title" : "RN14"
        },
        {
          "thumb": "",
          "mask": "",
          "image": "hjLJ98CD/print-15.webp",
          "title" : "RN15"
        }
      ]
    },
    {
      "type": 1,
      "id": "12",
      "list_name": "Text",
      "details": [
        {
          "thumb": "",
          "mask": "",
          "image": "brfB5PH0/text-01.png",
          "title" : "TT1"
        },
        {
          "thumb": "",
          "mask": "",
          "image": "Ls77zLJb/text-02.png",
          "title" : "TT2"
        },
        {
          "thumb": "",
          "mask": "",
          "image": "YqfJJvPv/text-03.png",
          "title" : "TT3"
        },
        {
          "thumb": "",
          "mask": "",
          "image": "9MR6SJ32/text-04.png",
          "title" : "TT4"
        },
        {
          "thumb": "",
          "mask": "",
          "image": "HLhGBFh3/text-05.png",
          "title" : "TT5"
        },
        {
          "thumb": "",
          "mask": "",
          "image": "j2yGq2dk/text-06.png",
          "title" : "TT6"
        },
        {
          "thumb": "",
          "mask": "",
          "image": "Cxc9xWSY/text-07.png",
          "title" : "TT7"
        },
        {
          "thumb": "",
          "mask": "",
          "image": "4yGW55sB/text-08.png",
          "title" : "TT8"
        },
        {
          "thumb": "",
          "mask": "",
          "image": "Zq9sKnwF/text-09.png",
          "title" : "TT9"
        },
        {
          "thumb": "",
          "mask": "",
          "image": "cHppNwZn/text-10.png",
          "title" : "TT10"
        },
        {
          "thumb": "",
          "mask": "",
          "image": "FKR5bhD7/text-11.png",
          "title" : "TT11"
        },
        {
          "thumb": "",
          "mask": "",
          "image": "CMDysPHH/text-12.png",
          "title" : "TT12"
        },
        {
          "thumb": "",
          "mask": "",
          "image": "TYXz7Vt8/text-13.png",
          "title" : "TT13"
        },
        {
          "thumb": "",
          "mask": "",
          "image": "QtTzSC5x/text-14.png",
          "title" : "TT14"
        },
        {
          "thumb": "",
          "mask": "",
          "image": "c4mbFVKY/text-15.png",
          "title" : "TT15"
        },
        {
          "thumb": "",
          "mask": "",
          "image": "YSjZGbCF/text-16.png",
          "title" : "TT16"
        },
        {
          "thumb": "",
          "mask": "",
          "image": "9QmvVW3J/text-17.png",
          "title" : "TT17"
        }
      ]
    },
    {
      "type": 1,
      "id": "13",
      "list_name": "Solid",
      "details": [
        {
          "thumb": "",
          "mask": "",
          "image": "BQXS3cxj/solid-01.png",
          "title" : "SD1"
        },
        {
          "thumb": "",
          "mask": "",
          "image": "s2pf8j5K/solid-02.png",
          "title" : "SD2"
        },
        {
          "thumb": "",
          "mask": "",
          "image": "3rL8zbDM/solid-03.png",
          "title" : "SD3"
        },
        {
          "thumb": "",
          "mask": "",
          "image": "L5y8Txjp/solid-04.png",
          "title" : "SD4"
        },
        {
          "thumb": "",
          "mask": "",
          "image": "mkZrCvzj/solid-05.png",
          "title" : "SD5"
        },
        {
          "thumb": "",
          "mask": "",
          "image": "MGkKdMfv/solid-06.png",
          "title" : "SD6"
        },
        {
          "thumb": "",
          "mask": "",
          "image": "02QQQqq2/solid-07.png",
          "title" : "SD7"
        },
        {
          "thumb": "",
          "mask": "",
          "image": "J4fLLwrF/solid-08.png",
          "title" : "SD8"
        },
        {
          "thumb": "",
          "mask": "",
          "image": "s2cd7vYF/solid-09.png",
          "title" : "SD9"
        },
        {
          "thumb": "",
          "mask": "",
          "image": "fLfL3zLk/solid-10.png",
          "title" : "SD10"
        },
        {
          "thumb": "",
          "mask": "",
          "image": "2jTyrSMK/solid-11.png",
          "title" : "SD11"
        },
        {
          "thumb": "",
          "mask": "",
          "image": "9QwQdtM6/solid-12.png",
          "title" : "SD12"
        },
        {
          "thumb": "",
          "mask": "",
          "image": "15jzVY90/solid-13.png",
          "title" : "SD13"
        },
        {
          "thumb": "",
          "mask": "",
          "image": "m2Jbgzw8/solid-14.png",
          "title" : "SD14"
        },
        {
          "thumb": "",
          "mask": "",
          "image": "qq7kz2SZ/solid-15.png",
          "title" : "SD15"
        },
        {
          "thumb": "",
          "mask": "",
          "image": "0jH9mbq5/solid-16.png",
          "title" : "SD16"
        },
        {
          "thumb": "",
          "mask": "",
          "image": "tTkqqBSx/solid-17.png",
          "title" : "SD17"
        }
      ]
    },
    {
      "type": 1,
      "id": "14",
      "list_name": "Texture",
      "details": [
        {
          "thumb": "",
          "mask": "",
          "image": "G3jKRvcn/texture-01.webp",
          "title" : "TX1"
        },
        {
          "thumb": "",
          "mask": "",
          "image": "Vv4WFP7k/texture-02.webp",
          "title" : "TX2"
        },
        {
          "thumb": "",
          "mask": "",
          "image": "R0nGx80g/texture-03.webp",
          "title" : "TX3"
        },
        {
          "thumb": "",
          "mask": "",
          "image": "mgnVqRTc/texture-04.webp",
          "title" : "TX4"
        },
        {
          "thumb": "",
          "mask": "",
          "image": "8kdKCqm3/texture-05.webp",
          "title" : "TX5"
        },
        {
          "thumb": "",
          "mask": "",
          "image": "KzDPZyhD/texture-06.webp",
          "title" : "TX6"
        },
        {
          "thumb": "",
          "mask": "",
          "image": "NjZ7D4xm/texture-07.webp",
          "title" : "TX7"
        },
        {
          "thumb": "",
          "mask": "",
          "image": "m2bd18dr/texture-08.webp",
          "title" : "TX8"
        },
        {
          "thumb": "",
          "mask": "",
          "image": "Kj5JsMYF/texture-09.webp",
          "title" : "TX9"
        },
        {
          "thumb": "",
          "mask": "",
          "image": "V689QkpN/texture-10.webp",
          "title" : "TX10"
        },
        {
          "thumb": "",
          "mask": "",
          "image": "fRVfYFYM/texture-11.webp",
          "title" : "TX11"
        },
        {
          "thumb": "",
          "mask": "",
          "image": "52ynnjWd/texture-12.webp",
          "title" : "TX12"
        },
        {
          "thumb": "",
          "mask": "",
          "image": "FsDTy3qV/texture-13.webp",
          "title" : "TX13"
        },
        {
          "thumb": "",
          "mask": "",
          "image": "fLnCzKtD/texture-14.webp",
          "title" : "TX14"
        },
        {
          "thumb": "",
          "mask": "",
          "image": "wvXV7mLJ/texture-15.webp",
          "title" : "TX15"
        }
      ]
    },
    {
      "type": 1,
      "id": "15",
      "list_name": "Other",
      "details": [
        {
          "thumb": "",
          "mask": "",
          "image": "8553vwkW/other-01.png",
          "title" : "OT1"
        },
        {
          "thumb": "",
          "mask": "",
          "image": "PrYtNfRH/other-02.png",
          "title" : "OT2"
        },
        {
          "thumb": "",
          "mask": "",
          "image": "6pzxG8Vk/other-03.png",
          "title" : "OT3"
        },
        {
          "thumb": "",
          "mask": "",
          "image": "wTTzV5WW/other-04.png",
          "title" : "OT4"
        },
        {
          "thumb": "",
          "mask": "",
          "image": "y65qmqZN/other-05.png",
          "title" : "OT5"
        },
        {
          "thumb": "",
          "mask": "",
          "image": "MpHWW0Vc/other-06.png",
          "title" : "OT6"
        },
        {
          "thumb": "",
          "mask": "",
          "image": "MKW6LJGm/other-07.png",
          "title" : "OT7"
        },
        {
          "thumb": "",
          "mask": "",
          "image": "bYgLQ1SN/other-08.png",
          "title" : "OT8"
        },
        {
          "thumb": "",
          "mask": "",
          "image": "1zDr4FZS/other-09.png",
          "title" : "OT9"
        },
        {
          "thumb": "",
          "mask": "",
          "image": "PxshzBcZ/other-10.png",
          "title" : "OT10"
        },
        {
          "thumb": "",
          "mask": "",
          "image": "RVnkGP7L/other-11.png",
          "title" : "OT11"
        },
        {
          "thumb": "",
          "mask": "",
          "image": "RZYvq3Lg/other-12.png",
          "title" : "OT12"
        },
        {
          "thumb": "",
          "mask": "",
          "image": "FsDr5Cd5/other-13.png",
          "title" : "OT13"
        },
        {
          "thumb": "",
          "mask": "",
          "image": "8CKGx7jR/other-14.png",
          "title" : "OT14"
        },
        {
          "thumb": "",
          "mask": "",
          "image": "KYQw4Cbx/other-15.png",
          "title" : "OT15"
        },
        {
          "thumb": "",
          "mask": "",
          "image": "wxszbTHN/other-16.png",
          "title" : "OT16"
        },
        {
          "thumb": "",
          "mask": "",
          "image": "jSRr5Hf6/other-17.png",
          "title" : "OT17"
        },
        {
          "thumb": "",
          "mask": "",
          "image": "7hHVFZdk/other-18.png",
          "title" : "OT18"
        },
        {
          "thumb": "",
          "mask": "",
          "image": "MT8tYDYX/other-19.png",
          "title" : "OT19"
        },
        {
          "thumb": "",
          "mask": "",
          "image": "Gm8QwN7H/other-20.png",
          "title" : "OT20"
        },
        {
          "thumb": "",
          "mask": "",
          "image": "qRLcxdRZ/other-21.png",
          "title" : "OT21"
        },
        {
          "thumb": "",
          "mask": "",
          "image": "3NqvtrH9/other-22.png",
          "title" : "OT22"
        },
        {
          "thumb": "",
          "mask": "",
          "image": "PfSzLh0C/other-23.png",
          "title" : "OT23"
        },
        {
          "thumb": "",
          "mask": "",
          "image": "tTtkvxrk/other-24.png",
          "title" : "OT24"
        },
        {
          "thumb": "",
          "mask": "",
          "image": "9Ffb1zyP/other-25.png",
          "title" : "OT25"
        },
        {
          "thumb": "",
          "mask": "",
          "image": "C1jrytKj/other-26.png",
          "title" : "OT26"
        },
        {
          "thumb": "",
          "mask": "",
          "image": "25W2vJhP/other-27.png",
          "title" : "OT27"
        },
        {
          "thumb": "",
          "mask": "",
          "image": "13KscCSY/other-28.png",
          "title" : "OT28"
        },
        {
          "thumb": "",
          "mask": "",
          "image": "MHfFPTQp/other-29.png",
          "title" : "OT29"
        },
        {
          "thumb": "",
          "mask": "",
          "image": "zvxj81YR/other-30.png",
          "title" : "OT30"
        },
        {
          "thumb": "",
          "mask": "",
          "image": "YCZdvkG6/other-31.png",
          "title" : "OT31"
        },
        {
          "thumb": "",
          "mask": "",
          "image": "wTWfdD9b/other-32.png",
          "title" : "OT32"
        },
        {
          "thumb": "",
          "mask": "",
          "image": "MKZP49JQ/other-33.png",
          "title" : "OT33"
        },
        {
          "thumb": "",
          "mask": "",
          "image": "tCm5cyzK/other-34.png",
          "title" : "OT34"
        },
        {
          "thumb": "",
          "mask": "",
          "image": "d1vmC0qy/other-35.png",
          "title" : "OT35"
        },
        {
          "thumb": "",
          "mask": "",
          "image": "GpPvb1kh/other-36.png",
          "title" : "OT36"
        },
        {
          "thumb": "",
          "mask": "",
          "image": "2ySQHXLj/other-37.png",
          "title" : "OT37"
        },
        {
          "thumb": "",
          "mask": "",
          "image": "0QYvtVR4/other-38.png",
          "title" : "OT38"
        },
        {
          "thumb": "",
          "mask": "",
          "image": "Vv23mM8t/other-39.png",
          "title" : "OT39"
        },
        {
          "thumb": "",
          "mask": "",
          "image": "GmxkCCP3/other-40.png",
          "title" : "OT40"
        },
        {
          "thumb": "",
          "mask": "",
          "image": "FKKJXJsG/other-41.png",
          "title" : "OT41"
        },
        {
          "thumb": "",
          "mask": "",
          "image": "sgrpqXh0/other-42.png",
          "title" : "OT42"
        },
        {
          "thumb": "",
          "mask": "",
          "image": "bvLd6Yxb/other-43.png",
          "title" : "OT43"
        },
        {
          "thumb": "",
          "mask": "",
          "image": "6QKGj1Ds/other-44.png",
          "title" : "OT44"
        },
        {
          "thumb": "",
          "mask": "",
          "image": "FKXjtKkB/other-45.png",
          "title" : "OT45"
        },
        {
          "thumb": "",
          "mask": "",
          "image": "FRWdKF1m/other-46.png",
          "title" : "OT46"
        },
        {
          "thumb": "",
          "mask": "",
          "image": "d113gM6f/other-47.png",
          "title" : "OT47"
        },
        {
          "thumb": "",
          "mask": "",
          "image": "hGH4ZJJX/other-48.png",
          "title" : "OT48"
        },
        {
          "thumb": "",
          "mask": "",
          "image": "Yq392qPP/other-49.png",
          "title" : "OT49"
        },
        {
          "thumb": "",
          "mask": "",
          "image": "XJ7B3BjQ/other-50.png",
          "title" : "OT50"
        },
        {
          "thumb": "",
          "mask": "",
          "image": "j22f6wBL/other-51.png",
          "title" : "OT51"
        },
        {
          "thumb": "",
          "mask": "",
          "image": "FKxk2V4Y/other-52.png",
          "title" : "OT52"
        },
        {
          "thumb": "",
          "mask": "",
          "image": "7Z352nbK/other-53.png",
          "title" : "OT53"
        },
        {
          "thumb": "",
          "mask": "",
          "image": "j5mfXdTc/other-54.png",
          "title" : "OT54"
        },
        {
          "thumb": "",
          "mask": "",
          "image": "7Ygz3kW1/other-55.png",
          "title" : "OT55"
        }
      ]
    }
  ]
}
