{
  "data": [
    {
      "type": 1,
      "id": "1",
      "list_name": "Bird",
      "details": [
        {
          "image": "0N2nrv5Y/1"
        },
        {
          "image": "g0SDZ7rf/10"
        },
        {
          "image": "jShvs2Tq/2"
        },
        {
          "image": "Hxrt4tyj/3"
        },
        {
          "image": "Fs5x33ss/4"
        },
        {
          "image": "h47rXpn5/5"
        },
        {
          "image": "nr7YNcTJ/6"
        },
        {
          "image": "B6RBh1Tp/7"
        },
        {
          "image": "bNx9Trs0/8"
        },
        {
          "image": "FHhgnvLM/9"
        }
      ]
    },
    {
      "type": 1,
      "id": "2",
      "list_name": "Cute",
      "details": [
        {
          "image": "0N8WmmnJ/c-10"
        },
        {
          "image": "Y9PbJPH1/c-2"
        },
        {
          "image": "Y90dDHJr/c-3"
        },
        {
          "image": "kM0dS1b6/c-4"
        },
        {
          "image": "yxSvBT12/c-5"
        },
        {
          "image": "2jbDVRVN/c-6"
        },
        {
          "image": "7b8XLTbh/c-7"
        },
        {
          "image": "B6RRxbX9/c-8"
        },
        {
          "image": "Ssnw2CQf/c-9"
        }
      ]
    },
    {
      "type": 1,
      "id": "3",
      "list_name": "Flower",
      "details": [
        {
          "image": "QtcvJs5F/f-10"
        },
        {
          "image": "SRr5Hrgq/f-11"
        },
        {
          "image": "8cD9y3Bt/f-2"
        },
        {
          "image": "T3hSHngM/f-3"
        },
        {
          "image": "xT6hR6k3/f-4"
        },
        {
          "image": "52GGcjSH/f-5"
        },
        {
          "image": "pVYg9WR7/f-6"
        },
        {
          "image": "GmZM7VbG/f-7"
        },
        {
          "image": "wT44J3PW/f-8"
        },
        {
          "image": "K8Kq5xhm/f-9"
        }
      ]
    },
    {
      "type": 1,
      "id": "4",
      "list_name": "Food",
      "details": [
        {
          "image": "bJTjkbKG/fl-10"
        },
        {
          "image": "ZYwSq882/fl-11"
        },
        {
          "image": "j2SYX2bM/fl-2"
        },
        {
          "image": "15T1GyYK/fl-3"
        },
        {
          "image": "HsjC8r3x/fl-4"
        },
        {
          "image": "W1kLSxBc/fl-5"
        },
        {
          "image": "j230kTqt/fl-6"
        },
        {
          "image": "zvB4hQCM/fl-7"
        },
        {
          "image": "66jkK9wN/fl-8"
        },
        {
          "image": "QCywJqSM/fl-9"
        }
      ]
    },
    {
      "type": 1,
      "id": "5",
      "list_name": "Fruit",
      "details": [
        {
          "image": "FKnhB0T2/fr-01"
        },
        {
          "image": "65wxzH98/fr-2"
        },
        {
          "image": "7ZZ8rfJD/fr-3"
        },
        {
          "image": "pdmwy4B6/fr-4"
        },
        {
          "image": "Gmg0LdvD/fr-5"
        },
        {
          "image": "LXfG3Pwk/fr-6"
        },
        {
          "image": "QCJPR3XH/fr-7"
        },
        {
          "image": "Dy5H6njN/fr-8"
        },
        {
          "image": "bwJMFW4w/fr-9"
        },
        {
          "image": "SQ9mg2Cv/fr-10"
        },
        {
          "image": "XJGnSXhX/fr-11"
        },
        {
          "image": "RZdSwkKC/fr-12"
        },
        {
          "image": "DyKnHvcy/fr-13"
        },
        {
          "image": "k40qnq3s/fr-14"
        },
        {
          "image": "VLBmcx79/fr-15"
        },
        {
          "image": "P5TfpXLF/fr-16"
        },
        {
          "image": "3NQ5s1mb/fr-17"
        },
        {
          "image": "kGN3qSyM/fr-18"
        },
        {
          "image": "Nf4qn1Mp/fr-19"
        },
        {
          "image": "gc3PV9P9/fr-20"
        }
      ]
    },
    {
      "type": 1,
      "id": "6",
      "list_name": "Kitty",
      "details": [
        {
          "image": "hvVrYb1s/k-01"
        },
        {
          "image": "FRdGyQf2/k-10"
        },
        {
          "image": "BnmCRvHr/k-2"
        },
        {
          "image": "SsBdVtCj/k-3"
        },
        {
          "image": "YqfRfR9q/k-4"
        },
        {
          "image": "gkP4ZQGT/k-5"
        },
        {
          "image": "h4mphcRm/k-6"
        },
        {
          "image": "XYj825GK/k-7"
        },
        {
          "image": "CKd40V4z/k-8"
        },
        {
          "image": "W4Kwbf9S/k-9"
        }
      ]
    },
    {
      "type": 1,
      "id": "7",
      "list_name": "Love",
      "details": [
        {
          "image": "TYGqwb98/l-10"
        },
        {
          "image": "YCD1bswk/l-2"
        },
        {
          "image": "zGGCw160/l-3"
        },
        {
          "image": "pdgKt5T6/l-4"
        },
        {
          "image": "7LCScnxz/l-5"
        },
        {
          "image": "3Rmmrr0J/l-6"
        },
        {
          "image": "rFJGtpnD/l-7"
        },
        {
          "image": "VvFtM7Fx/l-8"
        },
        {
          "image": "v87fpBd0/l-9"
        }
      ]
    },
    {
      "type": 1,
      "id": "8",
      "list_name": "Nature",
      "details": [
        {
          "image": "W4JJSpn6/n-1"
        },
        {
          "image": "g27ZvLv2/n-10"
        },
        {
          "image": "L66Yw3Ds/n-2"
        },
        {
          "image": "Ss6YFZHn/n-3"
        },
        {
          "image": "kMyRTpxZ/n-4"
        },
        {
          "image": "1XMg48mP/n-5"
        },
        {
          "image": "qqphksdj/n-6"
        },
        {
          "image": "jdgwbn34/n-7"
        },
        {
          "image": "2Sg1qRDq/n-8"
        },
        {
          "image": "FKc73WrT/n-9"
        }
      ]
    },
    {
      "type": 1,
      "id": "9",
      "list_name": "Number",
      "details": [
        {
          "image": "28sYhz1f/no-1"
        },
        {
          "image": "J4Dmsy4q/no-10"
        },
        {
          "image": "Z56SL1Nv/no-2"
        },
        {
          "image": "QMsrY0g4/no-3"
        },
        {
          "image": "Pq4ngY2t/no-4"
        },
        {
          "image": "wMtKRPHv/no-5"
        },
        {
          "image": "Px5nTJR1/no-6"
        },
        {
          "image": "vB2FByJk/no-7"
        },
        {
          "image": "5yDhB3Nm/no-8"
        },
        {
          "image": "1RT119cN/no-9"
        }
      ]
    }
  ]
}
