{
  "v": "5.7.3",
  "fr": 30,
  "ip": 0,
  "op": 60,
  "w": 600,
  "h": 600,
  "nm": "Comp 2",
  "ddd": 0,
  "assets": [],
  "layers": [
    {
      "ddd": 0,
      "ind": 1,
      "ty": 3,
      "nm": "Null 2",
      "sr": 1,
      "ks": {
        "o": {
          "a": 0,
          "k": 0,
          "ix": 11
        },
        "r": {
          "a": 0,
          "k": 0,
          "ix": 10
        },
        "p": {
          "a": 0,
          "k": [
            534,
            489,
            0
          ],
          "ix": 2
        },
        "a": {
          "a": 0,
          "k": [
            0,
            0,
            0
          ],
          "ix": 1
        },
        "s": {
          "a": 0,
          "k": [
            76,
            76,
            100
          ],
          "ix": 6
        }
      },
      "ao": 0,
      "ip": 0,
      "op": 60,
      "st": 0,
      "bm": 0
    },
    {
      "ddd": 0,
      "ind": 2,
      "ty": 4,
      "nm": "Shape Layer 19",
      "sr": 1,
      "ks": {
        "o": {
          "a": 0,
          "k": 100,
          "ix": 11
        },
        "r": {
          "a": 0,
          "k": 0,
          "ix": 10
        },
        "p": {
          "a": 0,
          "k": [
            513.097,
            541.562,
            0
          ],
          "ix": 2
        },
        "a": {
          "a": 0,
          "k": [
            213.097,
            239.062,
            0
          ],
          "ix": 1
        },
        "s": {
          "a": 0,
          "k": [
            100,
            100,
            100
          ],
          "ix": 6
        }
      },
      "ao": 0,
      "shapes": [
        {
          "ty": "gr",
          "it": [
            {
              "ind": 0,
              "ty": "sh",
              "ix": 1,
              "ks": {
                "a": 0,
                "k": {
                  "i": [
                    [
                      0,
                      0
                    ],
                    [
                      -0.125,
                      0
                    ],
                    [
                      27,
                      -1.75
                    ],
                    [
                      0,
                      0
                    ]
                  ],
                  "o": [
                    [
                      0,
                      0
                    ],
                    [
                      0.125,
                      0
                    ],
                    [
                      -19.584,
                      1.269
                    ],
                    [
                      0,
                      0
                    ]
                  ],
                  "v": [
                    [
                      213.125,
                      224.125
                    ],
                    [
                      212.375,
                      249.75
                    ],
                    [
                      183.25,
                      277
                    ],
                    [
                      135.375,
                      277.125
                    ]
                  ],
                  "c": false
                },
                "ix": 2
              },
              "nm": "Path 1",
              "mn": "ADBE Vector Shape - Group",
              "hd": false
            },
            {
              "ty": "st",
              "c": {
                "a": 0,
                "k": [
                  1,
                  1,
                  1,
                  1
                ],
                "ix": 3
              },
              "o": {
                "a": 0,
                "k": 100,
                "ix": 4
              },
              "w": {
                "a": 0,
                "k": 16,
                "ix": 5
              },
              "lc": 1,
              "lj": 1,
              "ml": 4,
              "bm": 0,
              "nm": "Stroke 1",
              "mn": "ADBE Vector Graphic - Stroke",
              "hd": false
            },
            {
              "ty": "tr",
              "p": {
                "a": 0,
                "k": [
                  0,
                  0
                ],
                "ix": 2
              },
              "a": {
                "a": 0,
                "k": [
                  0,
                  0
                ],
                "ix": 1
              },
              "s": {
                "a": 0,
                "k": [
                  100,
                  100
                ],
                "ix": 3
              },
              "r": {
                "a": 0,
                "k": 0,
                "ix": 6
              },
              "o": {
                "a": 0,
                "k": 100,
                "ix": 7
              },
              "sk": {
                "a": 0,
                "k": 0,
                "ix": 4
              },
              "sa": {
                "a": 0,
                "k": 0,
                "ix": 5
              },
              "nm": "Transform"
            }
          ],
          "nm": "Shape 1",
          "np": 3,
          "cix": 2,
          "bm": 0,
          "ix": 1,
          "mn": "ADBE Vector Group",
          "hd": false
        }
      ],
      "ip": 0,
      "op": 60,
      "st": 0,
      "bm": 0
    },
    {
      "ddd": 0,
      "ind": 3,
      "ty": 4,
      "nm": "D Outlines 2",
      "parent": 1,
      "sr": 1,
      "ks": {
        "o": {
          "a": 0,
          "k": 100,
          "ix": 11
        },
        "r": {
          "a": 0,
          "k": 0,
          "ix": 10
        },
        "p": {
          "a": 1,
          "k": [
            {
              "i": {
                "x": 0.833,
                "y": 0.833
              },
              "o": {
                "x": 0.167,
                "y": 0.167
              },
              "t": 0,
              "s": [
                -128,
                55,
                0
              ],
              "to": [
                0,
                3.333,
                0
              ],
              "ti": [
                0,
                3.333,
                0
              ]
            },
            {
              "i": {
                "x": 0.833,
                "y": 0.833
              },
              "o": {
                "x": 0.167,
                "y": 0.167
              },
              "t": 14,
              "s": [
                -128,
                75,
                0
              ],
              "to": [
                0,
                -3.333,
                0
              ],
              "ti": [
                0,
                3.333,
                0
              ]
            },
            {
              "i": {
                "x": 0.833,
                "y": 0.833
              },
              "o": {
                "x": 0.167,
                "y": 0.167
              },
              "t": 23,
              "s": [
                -128,
                35,
                0
              ],
              "to": [
                0,
                -3.333,
                0
              ],
              "ti": [
                0,
                -3.333,
                0
              ]
            },
            {
              "t": 30,
              "s": [
                -128,
                55,
                0
              ]
            }
          ],
          "ix": 2
        },
        "a": {
          "a": 0,
          "k": [
            34.857,
            -1.429,
            0
          ],
          "ix": 1
        },
        "s": {
          "a": 0,
          "k": [
            175,
            175,
            100
          ],
          "ix": 6
        }
      },
      "ao": 0,
      "shapes": [
        {
          "ty": "gr",
          "it": [
            {
              "ind": 0,
              "ty": "sh",
              "ix": 1,
              "ks": {
                "a": 0,
                "k": {
                  "i": [
                    [
                      7.4,
                      0
                    ],
                    [
                      0,
                      0
                    ],
                    [
                      0,
                      0
                    ],
                    [
                      0,
                      0
                    ],
                    [
                      -5.567,
                      2.767
                    ],
                    [
                      -3.034,
                      5.2
                    ],
                    [
                      0,
                      7.067
                    ],
                    [
                      3.033,
                      5.3
                    ],
                    [
                      5.566,
                      2.834
                    ]
                  ],
                  "o": [
                    [
                      0,
                      0
                    ],
                    [
                      0,
                      0
                    ],
                    [
                      0,
                      0
                    ],
                    [
                      7.4,
                      0
                    ],
                    [
                      5.566,
                      -2.766
                    ],
                    [
                      3.033,
                      -5.2
                    ],
                    [
                      0,
                      -7.066
                    ],
                    [
                      -3.034,
                      -5.3
                    ],
                    [
                      -5.567,
                      -2.833
                    ]
                  ],
                  "v": [
                    [
                      30.2,
                      -72.164
                    ],
                    [
                      7.5,
                      -72.164
                    ],
                    [
                      7.5,
                      -2.664
                    ],
                    [
                      30.2,
                      -2.664
                    ],
                    [
                      49.65,
                      -6.814
                    ],
                    [
                      62.55,
                      -18.764
                    ],
                    [
                      67.1,
                      -37.164
                    ],
                    [
                      62.55,
                      -55.714
                    ],
                    [
                      49.65,
                      -67.914
                    ]
                  ],
                  "c": true
                },
                "ix": 2
              },
              "nm": "D",
              "mn": "ADBE Vector Shape - Group",
              "hd": false
            },
            {
              "ind": 1,
              "ty": "sh",
              "ix": 2,
              "ks": {
                "a": 0,
                "k": {
                  "i": [
                    [
                      8.133,
                      0
                    ],
                    [
                      0,
                      0
                    ],
                    [
                      0,
                      0
                    ],
                    [
                      0,
                      0
                    ],
                    [
                      -4.334,
                      -4.533
                    ],
                    [
                      0,
                      -8.066
                    ],
                    [
                      4.333,
                      -4.4
                    ]
                  ],
                  "o": [
                    [
                      0,
                      0
                    ],
                    [
                      0,
                      0
                    ],
                    [
                      0,
                      0
                    ],
                    [
                      8.133,
                      0
                    ],
                    [
                      4.333,
                      4.534
                    ],
                    [
                      0,
                      8
                    ],
                    [
                      -4.334,
                      4.4
                    ]
                  ],
                  "v": [
                    [
                      30.2,
                      -11.964
                    ],
                    [
                      18.9,
                      -11.964
                    ],
                    [
                      18.9,
                      -62.864
                    ],
                    [
                      30.2,
                      -62.864
                    ],
                    [
                      48.9,
                      -56.064
                    ],
                    [
                      55.4,
                      -37.164
                    ],
                    [
                      48.9,
                      -18.564
                    ]
                  ],
                  "c": true
                },
                "ix": 2
              },
              "nm": "D",
              "mn": "ADBE Vector Shape - Group",
              "hd": false
            },
            {
              "ty": "mm",
              "mm": 1,
              "nm": "Merge Paths 1",
              "mn": "ADBE Vector Filter - Merge",
              "hd": false
            },
            {
              "ty": "fl",
              "c": {
                "a": 0,
                "k": [
                  1,
                  1,
                  1,
                  1
                ],
                "ix": 4
              },
              "o": {
                "a": 0,
                "k": 100,
                "ix": 5
              },
              "r": 1,
              "bm": 0,
              "nm": "Fill 1",
              "mn": "ADBE Vector Graphic - Fill",
              "hd": false
            },
            {
              "ty": "tr",
              "p": {
                "a": 0,
                "k": [
                  0,
                  0
                ],
                "ix": 2
              },
              "a": {
                "a": 0,
                "k": [
                  0,
                  0
                ],
                "ix": 1
              },
              "s": {
                "a": 0,
                "k": [
                  100,
                  100
                ],
                "ix": 3
              },
              "r": {
                "a": 0,
                "k": 0,
                "ix": 6
              },
              "o": {
                "a": 0,
                "k": 100,
                "ix": 7
              },
              "sk": {
                "a": 0,
                "k": 0,
                "ix": 4
              },
              "sa": {
                "a": 0,
                "k": 0,
                "ix": 5
              },
              "nm": "Transform"
            }
          ],
          "nm": "D",
          "np": 5,
          "cix": 2,
          "bm": 0,
          "ix": 1,
          "mn": "ADBE Vector Group",
          "hd": false
        }
      ],
      "ip": 0,
      "op": 3000,
      "st": 0,
      "bm": 0
    },
    {
      "ddd": 0,
      "ind": 4,
      "ty": 4,
      "nm": "A Outlines 2",
      "parent": 1,
      "sr": 1,
      "ks": {
        "o": {
          "a": 0,
          "k": 100,
          "ix": 11
        },
        "r": {
          "a": 0,
          "k": 0,
          "ix": 10
        },
        "p": {
          "a": 1,
          "k": [
            {
              "i": {
                "x": 0.833,
                "y": 0.833
              },
              "o": {
                "x": 0.167,
                "y": 0.167
              },
              "t": 0,
              "s": [
                -327.5,
                52,
                0
              ],
              "to": [
                0,
                3.333,
                0
              ],
              "ti": [
                0,
                3.333,
                0
              ]
            },
            {
              "i": {
                "x": 0.833,
                "y": 0.833
              },
              "o": {
                "x": 0.167,
                "y": 0.167
              },
              "t": 14,
              "s": [
                -327.5,
                72,
                0
              ],
              "to": [
                0,
                -3.333,
                0
              ],
              "ti": [
                0,
                3.333,
                0
              ]
            },
            {
              "i": {
                "x": 0.833,
                "y": 0.833
              },
              "o": {
                "x": 0.167,
                "y": 0.167
              },
              "t": 23,
              "s": [
                -327.5,
                32,
                0
              ],
              "to": [
                0,
                -3.333,
                0
              ],
              "ti": [
                0,
                -3.333,
                0
              ]
            },
            {
              "t": 30,
              "s": [
                -327.5,
                52,
                0
              ]
            }
          ],
          "ix": 2
        },
        "a": {
          "a": 0,
          "k": [
            34.857,
            -1.429,
            0
          ],
          "ix": 1
        },
        "s": {
          "a": 0,
          "k": [
            175,
            175,
            100
          ],
          "ix": 6
        }
      },
      "ao": 0,
      "shapes": [
        {
          "ty": "gr",
          "it": [
            {
              "ind": 0,
              "ty": "sh",
              "ix": 1,
              "ks": {
                "a": 0,
                "k": {
                  "i": [
                    [
                      0,
                      0
                    ],
                    [
                      0,
                      0
                    ],
                    [
                      0,
                      0
                    ],
                    [
                      0,
                      0
                    ],
                    [
                      0,
                      0
                    ],
                    [
                      0,
                      0
                    ],
                    [
                      0,
                      0
                    ],
                    [
                      0,
                      0
                    ]
                  ],
                  "o": [
                    [
                      0,
                      0
                    ],
                    [
                      0,
                      0
                    ],
                    [
                      0,
                      0
                    ],
                    [
                      0,
                      0
                    ],
                    [
                      0,
                      0
                    ],
                    [
                      0,
                      0
                    ],
                    [
                      0,
                      0
                    ],
                    [
                      0,
                      0
                    ]
                  ],
                  "v": [
                    [
                      54.4,
                      -2.664
                    ],
                    [
                      66.4,
                      -2.664
                    ],
                    [
                      41.5,
                      -72.264
                    ],
                    [
                      28.3,
                      -72.264
                    ],
                    [
                      3.4,
                      -2.664
                    ],
                    [
                      15.3,
                      -2.664
                    ],
                    [
                      20.3,
                      -16.864
                    ],
                    [
                      49.4,
                      -16.864
                    ]
                  ],
                  "c": true
                },
                "ix": 2
              },
              "nm": "A",
              "mn": "ADBE Vector Shape - Group",
              "hd": false
            },
            {
              "ind": 1,
              "ty": "sh",
              "ix": 2,
              "ks": {
                "a": 0,
                "k": {
                  "i": [
                    [
                      0,
                      0
                    ],
                    [
                      0,
                      0
                    ],
                    [
                      0,
                      0
                    ]
                  ],
                  "o": [
                    [
                      0,
                      0
                    ],
                    [
                      0,
                      0
                    ],
                    [
                      0,
                      0
                    ]
                  ],
                  "v": [
                    [
                      23.5,
                      -26.164
                    ],
                    [
                      34.9,
                      -58.464
                    ],
                    [
                      46.2,
                      -26.164
                    ]
                  ],
                  "c": true
                },
                "ix": 2
              },
              "nm": "A",
              "mn": "ADBE Vector Shape - Group",
              "hd": false
            },
            {
              "ty": "mm",
              "mm": 1,
              "nm": "Merge Paths 1",
              "mn": "ADBE Vector Filter - Merge",
              "hd": false
            },
            {
              "ty": "fl",
              "c": {
                "a": 0,
                "k": [
                  1,
                  1,
                  1,
                  1
                ],
                "ix": 4
              },
              "o": {
                "a": 0,
                "k": 100,
                "ix": 5
              },
              "r": 1,
              "bm": 0,
              "nm": "Fill 1",
              "mn": "ADBE Vector Graphic - Fill",
              "hd": false
            },
            {
              "ty": "tr",
              "p": {
                "a": 0,
                "k": [
                  0,
                  0
                ],
                "ix": 2
              },
              "a": {
                "a": 0,
                "k": [
                  0,
                  0
                ],
                "ix": 1
              },
              "s": {
                "a": 0,
                "k": [
                  100,
                  100
                ],
                "ix": 3
              },
              "r": {
                "a": 0,
                "k": 0,
                "ix": 6
              },
              "o": {
                "a": 0,
                "k": 100,
                "ix": 7
              },
              "sk": {
                "a": 0,
                "k": 0,
                "ix": 4
              },
              "sa": {
                "a": 0,
                "k": 0,
                "ix": 5
              },
              "nm": "Transform"
            }
          ],
          "nm": "A",
          "np": 5,
          "cix": 2,
          "bm": 0,
          "ix": 1,
          "mn": "ADBE Vector Group",
          "hd": false
        }
      ],
      "ip": 0,
      "op": 3000,
      "st": 0,
      "bm": 0
    },
    {
      "ddd": 0,
      "ind": 5,
      "ty": 4,
      "nm": "Shape Layer 16",
      "parent": 7,
      "sr": 1,
      "ks": {
        "o": {
          "a": 0,
          "k": 100,
          "ix": 11
        },
        "r": {
          "a": 0,
          "k": 0,
          "ix": 10
        },
        "p": {
          "a": 0,
          "k": [
            -52.659,
            -193.486,
            0
          ],
          "ix": 2
        },
        "a": {
          "a": 0,
          "k": [
            52.341,
            -193.486,
            0
          ],
          "ix": 1
        },
        "s": {
          "a": 0,
          "k": [
            -100,
            100,
            100
          ],
          "ix": 6
        }
      },
      "ao": 0,
      "shapes": [
        {
          "ty": "gr",
          "it": [
            {
              "ind": 0,
              "ty": "sh",
              "ix": 1,
              "ks": {
                "a": 1,
                "k": [
                  {
                    "i": {
                      "x": 0.833,
                      "y": 0.833
                    },
                    "o": {
                      "x": 0.167,
                      "y": 0.167
                    },
                    "t": 0,
                    "s": [
                      {
                        "i": [
                          [
                            15.5,
                            -15.25
                          ],
                          [
                            0,
                            0
                          ],
                          [
                            -21.606,
                            13.791
                          ],
                          [
                            8.5,
                            15.75
                          ]
                        ],
                        "o": [
                          [
                            -23.75,
                            23
                          ],
                          [
                            0,
                            0
                          ],
                          [
                            23.5,
                            -15
                          ],
                          [
                            -15.25,
                            -25.5
                          ]
                        ],
                        "v": [
                          [
                            37.5,
                            -237.25
                          ],
                          [
                            3.5,
                            -143
                          ],
                          [
                            87,
                            -168.5
                          ],
                          [
                            101.75,
                            -226
                          ]
                        ],
                        "c": true
                      }
                    ]
                  },
                  {
                    "i": {
                      "x": 0.833,
                      "y": 0.833
                    },
                    "o": {
                      "x": 0.167,
                      "y": 0.167
                    },
                    "t": 14,
                    "s": [
                      {
                        "i": [
                          [
                            15.5,
                            -15.25
                          ],
                          [
                            0,
                            0
                          ],
                          [
                            -21.606,
                            13.791
                          ],
                          [
                            8.5,
                            15.75
                          ]
                        ],
                        "o": [
                          [
                            -23.75,
                            23
                          ],
                          [
                            0,
                            0
                          ],
                          [
                            23.5,
                            -15
                          ],
                          [
                            -15.25,
                            -25.5
                          ]
                        ],
                        "v": [
                          [
                            39,
                            -224.75
                          ],
                          [
                            3,
                            -141.25
                          ],
                          [
                            88.5,
                            -156
                          ],
                          [
                            103.25,
                            -213.5
                          ]
                        ],
                        "c": true
                      }
                    ]
                  },
                  {
                    "i": {
                      "x": 0.833,
                      "y": 0.833
                    },
                    "o": {
                      "x": 0.167,
                      "y": 0.167
                    },
                    "t": 23,
                    "s": [
                      {
                        "i": [
                          [
                            15.5,
                            -15.25
                          ],
                          [
                            0,
                            0
                          ],
                          [
                            -21.606,
                            13.791
                          ],
                          [
                            8.5,
                            15.75
                          ]
                        ],
                        "o": [
                          [
                            -23.75,
                            23
                          ],
                          [
                            0,
                            0
                          ],
                          [
                            23.5,
                            -15
                          ],
                          [
                            -15.25,
                            -25.5
                          ]
                        ],
                        "v": [
                          [
                            25.5,
                            -241.75
                          ],
                          [
                            3.5,
                            -144.25
                          ],
                          [
                            75,
                            -173
                          ],
                          [
                            89.75,
                            -230.5
                          ]
                        ],
                        "c": true
                      }
                    ]
                  },
                  {
                    "t": 30,
                    "s": [
                      {
                        "i": [
                          [
                            15.5,
                            -15.25
                          ],
                          [
                            0,
                            0
                          ],
                          [
                            -21.606,
                            13.791
                          ],
                          [
                            8.5,
                            15.75
                          ]
                        ],
                        "o": [
                          [
                            -23.75,
                            23
                          ],
                          [
                            0,
                            0
                          ],
                          [
                            23.5,
                            -15
                          ],
                          [
                            -15.25,
                            -25.5
                          ]
                        ],
                        "v": [
                          [
                            37.5,
                            -237.25
                          ],
                          [
                            3.5,
                            -143
                          ],
                          [
                            87,
                            -168.5
                          ],
                          [
                            101.75,
                            -226
                          ]
                        ],
                        "c": true
                      }
                    ]
                  }
                ],
                "ix": 2
              },
              "nm": "Path 1",
              "mn": "ADBE Vector Shape - Group",
              "hd": false
            },
            {
              "ty": "st",
              "c": {
                "a": 0,
                "k": [
                  1,
                  1,
                  1,
                  1
                ],
                "ix": 3
              },
              "o": {
                "a": 0,
                "k": 100,
                "ix": 4
              },
              "w": {
                "a": 0,
                "k": 25,
                "ix": 5
              },
              "lc": 1,
              "lj": 1,
              "ml": 4,
              "bm": 0,
              "nm": "Stroke 1",
              "mn": "ADBE Vector Graphic - Stroke",
              "hd": false
            },
            {
              "ty": "tr",
              "p": {
                "a": 0,
                "k": [
                  0,
                  0
                ],
                "ix": 2
              },
              "a": {
                "a": 0,
                "k": [
                  0,
                  0
                ],
                "ix": 1
              },
              "s": {
                "a": 0,
                "k": [
                  100,
                  100
                ],
                "ix": 3
              },
              "r": {
                "a": 0,
                "k": 0,
                "ix": 6
              },
              "o": {
                "a": 0,
                "k": 100,
                "ix": 7
              },
              "sk": {
                "a": 0,
                "k": 0,
                "ix": 4
              },
              "sa": {
                "a": 0,
                "k": 0,
                "ix": 5
              },
              "nm": "Transform"
            }
          ],
          "nm": "Shape 1",
          "np": 3,
          "cix": 2,
          "bm": 0,
          "ix": 1,
          "mn": "ADBE Vector Group",
          "hd": false
        }
      ],
      "ip": 0,
      "op": 3000,
      "st": 0,
      "bm": 0
    },
    {
      "ddd": 0,
      "ind": 6,
      "ty": 4,
      "nm": "Shape Layer 15",
      "parent": 7,
      "sr": 1,
      "ks": {
        "o": {
          "a": 0,
          "k": 100,
          "ix": 11
        },
        "r": {
          "a": 0,
          "k": 0,
          "ix": 10
        },
        "p": {
          "a": 0,
          "k": [
            52.341,
            -193.486,
            0
          ],
          "ix": 2
        },
        "a": {
          "a": 0,
          "k": [
            52.341,
            -193.486,
            0
          ],
          "ix": 1
        },
        "s": {
          "a": 0,
          "k": [
            100,
            100,
            100
          ],
          "ix": 6
        }
      },
      "ao": 0,
      "shapes": [
        {
          "ty": "gr",
          "it": [
            {
              "ind": 0,
              "ty": "sh",
              "ix": 1,
              "ks": {
                "a": 1,
                "k": [
                  {
                    "i": {
                      "x": 0.833,
                      "y": 0.833
                    },
                    "o": {
                      "x": 0.167,
                      "y": 0.167
                    },
                    "t": 0,
                    "s": [
                      {
                        "i": [
                          [
                            15.5,
                            -15.25
                          ],
                          [
                            0,
                            0
                          ],
                          [
                            -21.606,
                            13.791
                          ],
                          [
                            8.5,
                            15.75
                          ]
                        ],
                        "o": [
                          [
                            -23.75,
                            23
                          ],
                          [
                            0,
                            0
                          ],
                          [
                            23.5,
                            -15
                          ],
                          [
                            -15.25,
                            -25.5
                          ]
                        ],
                        "v": [
                          [
                            37.5,
                            -237.25
                          ],
                          [
                            3.5,
                            -143
                          ],
                          [
                            87,
                            -168.5
                          ],
                          [
                            101.75,
                            -226
                          ]
                        ],
                        "c": true
                      }
                    ]
                  },
                  {
                    "i": {
                      "x": 0.833,
                      "y": 0.833
                    },
                    "o": {
                      "x": 0.167,
                      "y": 0.167
                    },
                    "t": 14,
                    "s": [
                      {
                        "i": [
                          [
                            15.5,
                            -15.25
                          ],
                          [
                            0,
                            0
                          ],
                          [
                            -21.606,
                            13.791
                          ],
                          [
                            8.5,
                            15.75
                          ]
                        ],
                        "o": [
                          [
                            -23.75,
                            23
                          ],
                          [
                            0,
                            0
                          ],
                          [
                            23.5,
                            -15
                          ],
                          [
                            -15.25,
                            -25.5
                          ]
                        ],
                        "v": [
                          [
                            39,
                            -224.75
                          ],
                          [
                            3,
                            -141.25
                          ],
                          [
                            88.5,
                            -156
                          ],
                          [
                            103.25,
                            -213.5
                          ]
                        ],
                        "c": true
                      }
                    ]
                  },
                  {
                    "i": {
                      "x": 0.833,
                      "y": 0.833
                    },
                    "o": {
                      "x": 0.167,
                      "y": 0.167
                    },
                    "t": 23,
                    "s": [
                      {
                        "i": [
                          [
                            15.5,
                            -15.25
                          ],
                          [
                            0,
                            0
                          ],
                          [
                            -21.606,
                            13.791
                          ],
                          [
                            8.5,
                            15.75
                          ]
                        ],
                        "o": [
                          [
                            -23.75,
                            23
                          ],
                          [
                            0,
                            0
                          ],
                          [
                            23.5,
                            -15
                          ],
                          [
                            -15.25,
                            -25.5
                          ]
                        ],
                        "v": [
                          [
                            25.5,
                            -241.75
                          ],
                          [
                            3.5,
                            -144.25
                          ],
                          [
                            75,
                            -173
                          ],
                          [
                            89.75,
                            -230.5
                          ]
                        ],
                        "c": true
                      }
                    ]
                  },
                  {
                    "t": 30,
                    "s": [
                      {
                        "i": [
                          [
                            15.5,
                            -15.25
                          ],
                          [
                            0,
                            0
                          ],
                          [
                            -21.606,
                            13.791
                          ],
                          [
                            8.5,
                            15.75
                          ]
                        ],
                        "o": [
                          [
                            -23.75,
                            23
                          ],
                          [
                            0,
                            0
                          ],
                          [
                            23.5,
                            -15
                          ],
                          [
                            -15.25,
                            -25.5
                          ]
                        ],
                        "v": [
                          [
                            37.5,
                            -237.25
                          ],
                          [
                            3.5,
                            -143
                          ],
                          [
                            87,
                            -168.5
                          ],
                          [
                            101.75,
                            -226
                          ]
                        ],
                        "c": true
                      }
                    ]
                  }
                ],
                "ix": 2
              },
              "nm": "Path 1",
              "mn": "ADBE Vector Shape - Group",
              "hd": false
            },
            {
              "ty": "st",
              "c": {
                "a": 0,
                "k": [
                  1,
                  1,
                  1,
                  1
                ],
                "ix": 3
              },
              "o": {
                "a": 0,
                "k": 100,
                "ix": 4
              },
              "w": {
                "a": 0,
                "k": 25,
                "ix": 5
              },
              "lc": 1,
              "lj": 1,
              "ml": 4,
              "bm": 0,
              "nm": "Stroke 1",
              "mn": "ADBE Vector Graphic - Stroke",
              "hd": false
            },
            {
              "ty": "tr",
              "p": {
                "a": 0,
                "k": [
                  0,
                  0
                ],
                "ix": 2
              },
              "a": {
                "a": 0,
                "k": [
                  0,
                  0
                ],
                "ix": 1
              },
              "s": {
                "a": 0,
                "k": [
                  100,
                  100
                ],
                "ix": 3
              },
              "r": {
                "a": 0,
                "k": 0,
                "ix": 6
              },
              "o": {
                "a": 0,
                "k": 100,
                "ix": 7
              },
              "sk": {
                "a": 0,
                "k": 0,
                "ix": 4
              },
              "sa": {
                "a": 0,
                "k": 0,
                "ix": 5
              },
              "nm": "Transform"
            }
          ],
          "nm": "Shape 1",
          "np": 3,
          "cix": 2,
          "bm": 0,
          "ix": 1,
          "mn": "ADBE Vector Group",
          "hd": false
        }
      ],
      "ip": 0,
      "op": 3000,
      "st": 0,
      "bm": 0
    },
    {
      "ddd": 0,
      "ind": 7,
      "ty": 4,
      "nm": "Shape Layer 14",
      "parent": 1,
      "sr": 1,
      "ks": {
        "o": {
          "a": 0,
          "k": 100,
          "ix": 11
        },
        "r": {
          "a": 0,
          "k": 0,
          "ix": 10
        },
        "p": {
          "a": 1,
          "k": [
            {
              "i": {
                "x": 0.833,
                "y": 0.833
              },
              "o": {
                "x": 0.167,
                "y": 0.167
              },
              "t": 0,
              "s": [
                -229.916,
                -197.863,
                0
              ],
              "to": [
                0,
                6.667,
                0
              ],
              "ti": [
                0,
                3.333,
                0
              ]
            },
            {
              "i": {
                "x": 0.833,
                "y": 0.833
              },
              "o": {
                "x": 0.167,
                "y": 0.167
              },
              "t": 14,
              "s": [
                -229.916,
                -157.863,
                0
              ],
              "to": [
                0,
                -3.333,
                0
              ],
              "ti": [
                0,
                6.667,
                0
              ]
            },
            {
              "i": {
                "x": 0.833,
                "y": 0.833
              },
              "o": {
                "x": 0.167,
                "y": 0.167
              },
              "t": 23,
              "s": [
                -229.916,
                -217.863,
                0
              ],
              "to": [
                0,
                -6.667,
                0
              ],
              "ti": [
                0,
                -3.333,
                0
              ]
            },
            {
              "t": 30,
              "s": [
                -229.916,
                -197.863,
                0
              ]
            }
          ],
          "ix": 2
        },
        "a": {
          "a": 0,
          "k": [
            0.584,
            -74.863,
            0
          ],
          "ix": 1
        },
        "s": {
          "a": 0,
          "k": [
            100,
            100,
            100
          ],
          "ix": 6
        }
      },
      "ao": 0,
      "shapes": [
        {
          "ty": "gr",
          "it": [
            {
              "ty": "rc",
              "d": 1,
              "s": {
                "a": 0,
                "k": [
                  487.418,
                  128.539
                ],
                "ix": 2
              },
              "p": {
                "a": 0,
                "k": [
                  0,
                  0
                ],
                "ix": 3
              },
              "r": {
                "a": 0,
                "k": 21,
                "ix": 4
              },
              "nm": "Rectangle Path 1",
              "mn": "ADBE Vector Shape - Rect",
              "hd": false
            },
            {
              "ty": "st",
              "c": {
                "a": 0,
                "k": [
                  1,
                  1,
                  1,
                  1
                ],
                "ix": 3
              },
              "o": {
                "a": 0,
                "k": 100,
                "ix": 4
              },
              "w": {
                "a": 0,
                "k": 25,
                "ix": 5
              },
              "lc": 1,
              "lj": 1,
              "ml": 4,
              "bm": 0,
              "nm": "Stroke 1",
              "mn": "ADBE Vector Graphic - Stroke",
              "hd": false
            },
            {
              "ty": "tr",
              "p": {
                "a": 0,
                "k": [
                  0.584,
                  -74.863
                ],
                "ix": 2
              },
              "a": {
                "a": 0,
                "k": [
                  0,
                  0
                ],
                "ix": 1
              },
              "s": {
                "a": 0,
                "k": [
                  100,
                  100
                ],
                "ix": 3
              },
              "r": {
                "a": 0,
                "k": 0,
                "ix": 6
              },
              "o": {
                "a": 0,
                "k": 100,
                "ix": 7
              },
              "sk": {
                "a": 0,
                "k": 0,
                "ix": 4
              },
              "sa": {
                "a": 0,
                "k": 0,
                "ix": 5
              },
              "nm": "Transform"
            }
          ],
          "nm": "Rectangle 1",
          "np": 3,
          "cix": 2,
          "bm": 0,
          "ix": 1,
          "mn": "ADBE Vector Group",
          "hd": false
        }
      ],
      "ip": 0,
      "op": 3000,
      "st": 0,
      "bm": 0
    },
    {
      "ddd": 0,
      "ind": 8,
      "ty": 4,
      "nm": "Shape Layer 13",
      "parent": 1,
      "sr": 1,
      "ks": {
        "o": {
          "a": 0,
          "k": 100,
          "ix": 11
        },
        "r": {
          "a": 0,
          "k": 0,
          "ix": 10
        },
        "p": {
          "a": 0,
          "k": [
            -231.5,
            -8,
            0
          ],
          "ix": 2
        },
        "a": {
          "a": 0,
          "k": [
            -1,
            115,
            0
          ],
          "ix": 1
        },
        "s": {
          "a": 0,
          "k": [
            100,
            100,
            100
          ],
          "ix": 6
        }
      },
      "ao": 0,
      "shapes": [
        {
          "ty": "gr",
          "it": [
            {
              "ind": 0,
              "ty": "sh",
              "ix": 1,
              "ks": {
                "a": 1,
                "k": [
                  {
                    "i": {
                      "x": 0.833,
                      "y": 0.833
                    },
                    "o": {
                      "x": 0.167,
                      "y": 0.167
                    },
                    "t": 0,
                    "s": [
                      {
                        "i": [
                          [
                            0,
                            0
                          ],
                          [
                            0,
                            0
                          ]
                        ],
                        "o": [
                          [
                            0,
                            0
                          ],
                          [
                            0,
                            0
                          ]
                        ],
                        "v": [
                          [
                            -1,
                            -11
                          ],
                          [
                            -1,
                            241
                          ]
                        ],
                        "c": false
                      }
                    ]
                  },
                  {
                    "i": {
                      "x": 0.833,
                      "y": 0.833
                    },
                    "o": {
                      "x": 0.167,
                      "y": 0.167
                    },
                    "t": 14,
                    "s": [
                      {
                        "i": [
                          [
                            0,
                            0
                          ],
                          [
                            0,
                            0
                          ]
                        ],
                        "o": [
                          [
                            0,
                            0
                          ],
                          [
                            0,
                            0
                          ]
                        ],
                        "v": [
                          [
                            -1,
                            29
                          ],
                          [
                            -1,
                            241
                          ]
                        ],
                        "c": false
                      }
                    ]
                  },
                  {
                    "i": {
                      "x": 0.833,
                      "y": 0.833
                    },
                    "o": {
                      "x": 0.167,
                      "y": 0.167
                    },
                    "t": 23,
                    "s": [
                      {
                        "i": [
                          [
                            0,
                            0
                          ],
                          [
                            0,
                            0
                          ]
                        ],
                        "o": [
                          [
                            0,
                            0
                          ],
                          [
                            0,
                            0
                          ]
                        ],
                        "v": [
                          [
                            -1,
                            -23
                          ],
                          [
                            -1,
                            241
                          ]
                        ],
                        "c": false
                      }
                    ]
                  },
                  {
                    "t": 30,
                    "s": [
                      {
                        "i": [
                          [
                            0,
                            0
                          ],
                          [
                            0,
                            0
                          ]
                        ],
                        "o": [
                          [
                            0,
                            0
                          ],
                          [
                            0,
                            0
                          ]
                        ],
                        "v": [
                          [
                            -1,
                            -11
                          ],
                          [
                            -1,
                            241
                          ]
                        ],
                        "c": false
                      }
                    ]
                  }
                ],
                "ix": 2
              },
              "nm": "Path 1",
              "mn": "ADBE Vector Shape - Group",
              "hd": false
            },
            {
              "ty": "st",
              "c": {
                "a": 0,
                "k": [
                  1,
                  1,
                  1,
                  1
                ],
                "ix": 3
              },
              "o": {
                "a": 0,
                "k": 100,
                "ix": 4
              },
              "w": {
                "a": 0,
                "k": 25,
                "ix": 5
              },
              "lc": 1,
              "lj": 1,
              "ml": 4,
              "bm": 0,
              "nm": "Stroke 1",
              "mn": "ADBE Vector Graphic - Stroke",
              "hd": false
            },
            {
              "ty": "tr",
              "p": {
                "a": 0,
                "k": [
                  0,
                  0
                ],
                "ix": 2
              },
              "a": {
                "a": 0,
                "k": [
                  0,
                  0
                ],
                "ix": 1
              },
              "s": {
                "a": 0,
                "k": [
                  100,
                  100
                ],
                "ix": 3
              },
              "r": {
                "a": 0,
                "k": 0,
                "ix": 6
              },
              "o": {
                "a": 0,
                "k": 100,
                "ix": 7
              },
              "sk": {
                "a": 0,
                "k": 0,
                "ix": 4
              },
              "sa": {
                "a": 0,
                "k": 0,
                "ix": 5
              },
              "nm": "Transform"
            }
          ],
          "nm": "Shape 1",
          "np": 3,
          "cix": 2,
          "bm": 0,
          "ix": 1,
          "mn": "ADBE Vector Group",
          "hd": false
        }
      ],
      "ip": 0,
      "op": 3000,
      "st": 0,
      "bm": 0
    },
    {
      "ddd": 0,
      "ind": 9,
      "ty": 4,
      "nm": "Shape Layer 12",
      "parent": 1,
      "sr": 1,
      "ks": {
        "o": {
          "a": 0,
          "k": 100,
          "ix": 11
        },
        "r": {
          "a": 0,
          "k": 0,
          "ix": 10
        },
        "p": {
          "a": 0,
          "k": [
            -229.625,
            -5.75,
            0
          ],
          "ix": 2
        },
        "a": {
          "a": 0,
          "k": [
            0.875,
            117.25,
            0
          ],
          "ix": 1
        },
        "s": {
          "a": 0,
          "k": [
            100,
            96.905,
            100
          ],
          "ix": 6
        }
      },
      "ao": 0,
      "shapes": [
        {
          "ty": "gr",
          "it": [
            {
              "ind": 0,
              "ty": "sh",
              "ix": 1,
              "ks": {
                "a": 1,
                "k": [
                  {
                    "i": {
                      "x": 0.833,
                      "y": 0.833
                    },
                    "o": {
                      "x": 0.167,
                      "y": 0.167
                    },
                    "t": 0,
                    "s": [
                      {
                        "i": [
                          [
                            0,
                            0
                          ],
                          [
                            0,
                            0
                          ],
                          [
                            0,
                            0
                          ],
                          [
                            -42.5,
                            0
                          ],
                          [
                            0,
                            0
                          ],
                          [
                            0,
                            38.5
                          ]
                        ],
                        "o": [
                          [
                            0,
                            0
                          ],
                          [
                            0,
                            0
                          ],
                          [
                            0,
                            0
                          ],
                          [
                            42.5,
                            0
                          ],
                          [
                            0,
                            0
                          ],
                          [
                            0,
                            -38.5
                          ]
                        ],
                        "v": [
                          [
                            203,
                            -12
                          ],
                          [
                            -201.25,
                            -12
                          ],
                          [
                            -201,
                            204
                          ],
                          [
                            -159.5,
                            246.5
                          ],
                          [
                            167,
                            246.5
                          ],
                          [
                            202.5,
                            203
                          ]
                        ],
                        "c": true
                      }
                    ]
                  },
                  {
                    "i": {
                      "x": 0.833,
                      "y": 0.833
                    },
                    "o": {
                      "x": 0.167,
                      "y": 0.167
                    },
                    "t": 14,
                    "s": [
                      {
                        "i": [
                          [
                            0,
                            0
                          ],
                          [
                            0,
                            0
                          ],
                          [
                            0,
                            0
                          ],
                          [
                            -42.5,
                            0
                          ],
                          [
                            0,
                            0
                          ],
                          [
                            0,
                            38.5
                          ]
                        ],
                        "o": [
                          [
                            0,
                            0
                          ],
                          [
                            0,
                            0
                          ],
                          [
                            0,
                            0
                          ],
                          [
                            42.5,
                            0
                          ],
                          [
                            0,
                            0
                          ],
                          [
                            0,
                            -38.5
                          ]
                        ],
                        "v": [
                          [
                            203,
                            25.15
                          ],
                          [
                            -201.25,
                            25.15
                          ],
                          [
                            -201,
                            204
                          ],
                          [
                            -159.5,
                            246.5
                          ],
                          [
                            167,
                            246.5
                          ],
                          [
                            202.5,
                            203
                          ]
                        ],
                        "c": true
                      }
                    ]
                  },
                  {
                    "i": {
                      "x": 0.833,
                      "y": 0.833
                    },
                    "o": {
                      "x": 0.167,
                      "y": 0.167
                    },
                    "t": 23,
                    "s": [
                      {
                        "i": [
                          [
                            0,
                            0
                          ],
                          [
                            0,
                            0
                          ],
                          [
                            0,
                            0
                          ],
                          [
                            -42.5,
                            0
                          ],
                          [
                            0,
                            0
                          ],
                          [
                            0,
                            38.5
                          ]
                        ],
                        "o": [
                          [
                            0,
                            0
                          ],
                          [
                            0,
                            0
                          ],
                          [
                            0,
                            0
                          ],
                          [
                            42.5,
                            0
                          ],
                          [
                            0,
                            0
                          ],
                          [
                            0,
                            -38.5
                          ]
                        ],
                        "v": [
                          [
                            203,
                            -36.766
                          ],
                          [
                            -201.25,
                            -36.766
                          ],
                          [
                            -201,
                            204
                          ],
                          [
                            -159.5,
                            246.5
                          ],
                          [
                            167,
                            246.5
                          ],
                          [
                            202.5,
                            203
                          ]
                        ],
                        "c": true
                      }
                    ]
                  },
                  {
                    "t": 30,
                    "s": [
                      {
                        "i": [
                          [
                            0,
                            0
                          ],
                          [
                            0,
                            0
                          ],
                          [
                            0,
                            0
                          ],
                          [
                            -42.5,
                            0
                          ],
                          [
                            0,
                            0
                          ],
                          [
                            0,
                            38.5
                          ]
                        ],
                        "o": [
                          [
                            0,
                            0
                          ],
                          [
                            0,
                            0
                          ],
                          [
                            0,
                            0
                          ],
                          [
                            42.5,
                            0
                          ],
                          [
                            0,
                            0
                          ],
                          [
                            0,
                            -38.5
                          ]
                        ],
                        "v": [
                          [
                            203,
                            -12
                          ],
                          [
                            -201.25,
                            -12
                          ],
                          [
                            -201,
                            204
                          ],
                          [
                            -159.5,
                            246.5
                          ],
                          [
                            167,
                            246.5
                          ],
                          [
                            202.5,
                            203
                          ]
                        ],
                        "c": true
                      }
                    ]
                  }
                ],
                "ix": 2
              },
              "nm": "Path 1",
              "mn": "ADBE Vector Shape - Group",
              "hd": false
            },
            {
              "ty": "st",
              "c": {
                "a": 0,
                "k": [
                  1,
                  1,
                  1,
                  1
                ],
                "ix": 3
              },
              "o": {
                "a": 0,
                "k": 100,
                "ix": 4
              },
              "w": {
                "a": 0,
                "k": 25,
                "ix": 5
              },
              "lc": 1,
              "lj": 1,
              "ml": 4,
              "bm": 0,
              "nm": "Stroke 1",
              "mn": "ADBE Vector Graphic - Stroke",
              "hd": false
            },
            {
              "ty": "tr",
              "p": {
                "a": 0,
                "k": [
                  0,
                  0
                ],
                "ix": 2
              },
              "a": {
                "a": 0,
                "k": [
                  0,
                  0
                ],
                "ix": 1
              },
              "s": {
                "a": 0,
                "k": [
                  100,
                  100
                ],
                "ix": 3
              },
              "r": {
                "a": 0,
                "k": 0,
                "ix": 6
              },
              "o": {
                "a": 0,
                "k": 100,
                "ix": 7
              },
              "sk": {
                "a": 0,
                "k": 0,
                "ix": 4
              },
              "sa": {
                "a": 0,
                "k": 0,
                "ix": 5
              },
              "nm": "Transform"
            }
          ],
          "nm": "Shape 1",
          "np": 3,
          "cix": 2,
          "bm": 0,
          "ix": 1,
          "mn": "ADBE Vector Group",
          "hd": false
        }
      ],
      "ip": 0,
      "op": 3000,
      "st": 0,
      "bm": 0
    }
  ],
  "markers": []
}