{"v":"5.5.5","fr":30.0169982910156,"ip":0,"op":54.9999968686364,"w":500,"h":500,"nm":"Comp 1","ddd":0,"assets":[],"layers":[{"ddd":0,"ind":1,"ty":4,"nm":"Shape Layer 1","sr":1,"ks":{"o":{"a":0,"k":100,"ix":11},"r":{"a":0,"k":0,"ix":10},"p":{"a":1,"k":[{"i":{"x":0.52,"y":0.96},"o":{"x":0.48,"y":0.033},"t":13,"s":[249.5,272.75,0],"to":[0,0.333,0],"ti":[0,0,0]},{"i":{"x":0.52,"y":0.96},"o":{"x":0.48,"y":0.053},"t":18,"s":[249.5,274.75,0],"to":[0,0,0],"ti":[0,0,0]},{"i":{"x":0.52,"y":0.96},"o":{"x":0.48,"y":0.033},"t":22,"s":[249.5,272.75,0],"to":[0,0,0],"ti":[0,0,0]},{"i":{"x":0.52,"y":0.96},"o":{"x":0.48,"y":0.033},"t":27,"s":[249.5,274.75,0],"to":[0,0,0],"ti":[0,0,0]},{"i":{"x":0.52,"y":0.96},"o":{"x":0.48,"y":0.067},"t":32,"s":[249.5,272.75,0],"to":[0,0,0],"ti":[0,0,0]},{"i":{"x":0.52,"y":0.96},"o":{"x":0.48,"y":0.067},"t":37,"s":[249.5,274.75,0],"to":[0,0,0],"ti":[0,0.333,0]},{"t":41.9999976087769,"s":[249.5,272.75,0]}],"ix":2},"a":{"a":0,"k":[-58.5,-39.25,0],"ix":1},"s":{"a":0,"k":[100,100,100],"ix":6}},"ao":0,"shapes":[{"ty":"gr","it":[{"ind":0,"ty":"sh","ix":1,"ks":{"a":0,"k":{"i":[[0,0],[0,0],[0,0],[0,0],[0,0],[0,0]],"o":[[0,0],[0,0],[0,0],[0,0],[0,0],[0,0]],"v":[[-50.5,-90],[-129,-88.5],[-129,11.5],[12,11.5],[12,-69],[-29.5,-69]],"c":true},"ix":2},"nm":"Path 1","mn":"ADBE Vector Shape - Group","hd":false},{"ty":"st","c":{"a":0,"k":[0.0392156862745098,0.5803921568627451,0.3686274509803922,1],"ix":3},"o":{"a":0,"k":0,"ix":4},"w":{"a":0,"k":7,"ix":5},"lc":1,"lj":1,"ml":4,"bm":0,"nm":"Stroke 1","mn":"ADBE Vector Graphic - Stroke","hd":false},{"ty":"gf","o":{"a":0,"k":100,"ix":10},"r":1,"bm":0,"g":{"p":3,"k":{"a":0,"k":[0,0.40784313725490196,0.7607843137254902,0.30196078431372547,0.5,0.25098039215686274,0.6823529411764706,0.32941176470588235,1,0.0392156862745098,0.5803921568627451,0.3686274509803922],"ix":9}},"s":{"a":0,"k":[8,9.5],"ix":5},"e":{"a":0,"k":[-127.5,-88.5],"ix":6},"t":1,"nm":"Gradient Fill 1","mn":"ADBE Vector Graphic - G-Fill","hd":false},{"ty":"tr","p":{"a":0,"k":[0,0],"ix":2},"a":{"a":0,"k":[0,0],"ix":1},"s":{"a":0,"k":[100,100],"ix":3},"r":{"a":0,"k":0,"ix":6},"o":{"a":0,"k":100,"ix":7},"sk":{"a":0,"k":0,"ix":4},"sa":{"a":0,"k":0,"ix":5},"nm":"Transform"}],"nm":"Shape 1","np":3,"cix":2,"bm":0,"ix":1,"mn":"ADBE Vector Group","hd":false},{"ty":"rd","nm":"Round Corners 1","r":{"a":0,"k":10,"ix":1},"ix":2,"mn":"ADBE Vector Filter - RC","hd":false}],"ip":0,"op":386.999977966587,"st":0,"bm":0},{"ddd":0,"ind":2,"ty":4,"nm":"Shape Layer 3","parent":1,"sr":1,"ks":{"o":{"a":1,"k":[{"i":{"x":[0.52],"y":[0.96]},"o":{"x":[0.48],"y":[0.04]},"t":0,"s":[0]},{"i":{"x":[0.833],"y":[1]},"o":{"x":[0.48],"y":[0]},"t":11,"s":[100]},{"i":{"x":[0.52],"y":[1]},"o":{"x":[0.167],"y":[0]},"t":25,"s":[100]},{"t":34.9999980073141,"s":[0]}],"ix":11},"r":{"a":0,"k":0,"ix":10},"p":{"a":0,"k":[-32,-48.922,0],"ix":2},"a":{"a":0,"k":[0,0,0],"ix":1},"s":{"a":0,"k":[100,100,100],"ix":6}},"ao":0,"shapes":[{"ty":"gr","it":[{"ind":0,"ty":"sh","ix":1,"ks":{"a":0,"k":{"i":[[0,0],[0,0],[0,0],[0,0],[0,0]],"o":[[0,0],[0,0],[0,0],[0,0],[0,0]],"v":[[47.25,-61.5],[47.25,61.5],[-47.25,61.5],[-47.25,-36],[-26.5,-61.5]],"c":true},"ix":2},"nm":"Path 1","mn":"ADBE Vector Shape - Group","hd":false},{"ty":"st","c":{"a":0,"k":[0.0392156862745098,0.5803921568627451,0.3686274509803922,1],"ix":3},"o":{"a":0,"k":0,"ix":4},"w":{"a":0,"k":7,"ix":5},"lc":1,"lj":1,"ml":4,"bm":0,"nm":"Stroke 1","mn":"ADBE Vector Graphic - Stroke","hd":false},{"ty":"gf","o":{"a":0,"k":100,"ix":10},"r":1,"bm":0,"g":{"p":3,"k":{"a":0,"k":[0,0.8745098039215686,0.9607843137254902,0.8470588235294118,0.5,0.8705882352941177,0.9607843137254902,0.8392156862745098,1,0.8901960784313725,0.9725490196078431,0.8666666666666667],"ix":9}},"s":{"a":0,"k":[1,-62],"ix":5},"e":{"a":0,"k":[0,62],"ix":6},"t":1,"nm":"Gradient Fill 1","mn":"ADBE Vector Graphic - G-Fill","hd":false},{"ty":"tr","p":{"a":1,"k":[{"i":{"x":0,"y":1},"o":{"x":0.48,"y":0.049},"t":0,"s":[-8,-118.5],"to":[0.167,17.167],"ti":[-0.167,-17.167]},{"t":26.9999984627852,"s":[-7,-15.5]}],"ix":2},"a":{"a":0,"k":[0,0],"ix":1},"s":{"a":0,"k":[100,100],"ix":3},"r":{"a":0,"k":0,"ix":6},"o":{"a":0,"k":100,"ix":7},"sk":{"a":0,"k":0,"ix":4},"sa":{"a":0,"k":0,"ix":5},"nm":"Transform"}],"nm":"Rectangle 1","np":3,"cix":2,"bm":0,"ix":1,"mn":"ADBE Vector Group","hd":false},{"ty":"rd","nm":"Round Corners 1","r":{"a":0,"k":10,"ix":1},"ix":2,"mn":"ADBE Vector Filter - RC","hd":false}],"ip":0,"op":386.999977966587,"st":0,"bm":0},{"ddd":0,"ind":3,"ty":4,"nm":"Shape Layer 4","parent":1,"sr":1,"ks":{"o":{"a":1,"k":[{"i":{"x":[0.52],"y":[0.96]},"o":{"x":[0.48],"y":[0.04]},"t":6,"s":[0]},{"i":{"x":[0.833],"y":[1]},"o":{"x":[0.48],"y":[0]},"t":17,"s":[100]},{"i":{"x":[0.52],"y":[1]},"o":{"x":[0.167],"y":[0]},"t":29,"s":[100]},{"t":38.9999977795785,"s":[0]}],"ix":11},"r":{"a":0,"k":0,"ix":10},"p":{"a":0,"k":[-44.5,-39.922,0],"ix":2},"a":{"a":0,"k":[0,0,0],"ix":1},"s":{"a":0,"k":[100,100,100],"ix":6}},"ao":0,"shapes":[{"ty":"gr","it":[{"ind":0,"ty":"sh","ix":1,"ks":{"a":0,"k":{"i":[[0,0],[0,0],[0,0],[0,0],[0,0]],"o":[[0,0],[0,0],[0,0],[0,0],[0,0]],"v":[[47.25,-61.5],[47.25,61.5],[-47.25,61.5],[-47.25,-36],[-26.5,-61.5]],"c":true},"ix":2},"nm":"Path 1","mn":"ADBE Vector Shape - Group","hd":false},{"ty":"st","c":{"a":0,"k":[0.0392156862745098,0.5803921568627451,0.3686274509803922,1],"ix":3},"o":{"a":0,"k":0,"ix":4},"w":{"a":0,"k":7,"ix":5},"lc":1,"lj":1,"ml":4,"bm":0,"nm":"Stroke 1","mn":"ADBE Vector Graphic - Stroke","hd":false},{"ty":"gf","o":{"a":0,"k":100,"ix":10},"r":1,"bm":0,"g":{"p":3,"k":{"a":0,"k":[0,0.7411764705882353,0.9882352941176471,0.6627450980392157,0.5,0.6980392156862745,0.9607843137254902,0.615686274509804,1,0.7568627450980392,0.9803921568627451,0.6862745098039216],"ix":9}},"s":{"a":0,"k":[1,-62],"ix":5},"e":{"a":0,"k":[0,62],"ix":6},"t":1,"nm":"Gradient Fill 1","mn":"ADBE Vector Graphic - G-Fill","hd":false},{"ty":"tr","p":{"a":1,"k":[{"i":{"x":0,"y":1},"o":{"x":0.48,"y":0.05},"t":6,"s":[-8,-118.5],"to":[0.167,16.75],"ti":[-0.167,-16.75]},{"t":32.9999981211819,"s":[-7,-18]}],"ix":2},"a":{"a":0,"k":[0,0],"ix":1},"s":{"a":0,"k":[100,100],"ix":3},"r":{"a":0,"k":0,"ix":6},"o":{"a":0,"k":100,"ix":7},"sk":{"a":0,"k":0,"ix":4},"sa":{"a":0,"k":0,"ix":5},"nm":"Transform"}],"nm":"Rectangle 1","np":3,"cix":2,"bm":0,"ix":1,"mn":"ADBE Vector Group","hd":false},{"ty":"rd","nm":"Round Corners 1","r":{"a":0,"k":10,"ix":1},"ix":2,"mn":"ADBE Vector Filter - RC","hd":false}],"ip":5.9999996583967,"op":392.999977624984,"st":5.9999996583967,"bm":0},{"ddd":0,"ind":4,"ty":4,"nm":"Shape Layer 5","parent":1,"sr":1,"ks":{"o":{"a":1,"k":[{"i":{"x":[0.52],"y":[0.96]},"o":{"x":[0.48],"y":[0.04]},"t":11,"s":[0]},{"i":{"x":[0.833],"y":[1]},"o":{"x":[0.48],"y":[0]},"t":22,"s":[100]},{"i":{"x":[0.52],"y":[1]},"o":{"x":[0.167],"y":[0]},"t":34,"s":[100]},{"t":43.9999974949091,"s":[0]}],"ix":11},"r":{"a":0,"k":0,"ix":10},"p":{"a":0,"k":[-59.5,-35.422,0],"ix":2},"a":{"a":0,"k":[0,0,0],"ix":1},"s":{"a":0,"k":[100,100,100],"ix":6}},"ao":0,"shapes":[{"ty":"gr","it":[{"ind":0,"ty":"sh","ix":1,"ks":{"a":0,"k":{"i":[[0,0],[0,0],[0,0],[0,0],[0,0]],"o":[[0,0],[0,0],[0,0],[0,0],[0,0]],"v":[[47.25,-61.5],[47.25,61.5],[-47.25,61.5],[-47.25,-36],[-26.5,-61.5]],"c":true},"ix":2},"nm":"Path 1","mn":"ADBE Vector Shape - Group","hd":false},{"ty":"st","c":{"a":0,"k":[0.0392156862745098,0.5803921568627451,0.3686274509803922,1],"ix":3},"o":{"a":0,"k":0,"ix":4},"w":{"a":0,"k":7,"ix":5},"lc":1,"lj":1,"ml":4,"bm":0,"nm":"Stroke 1","mn":"ADBE Vector Graphic - Stroke","hd":false},{"ty":"gf","o":{"a":0,"k":100,"ix":10},"r":1,"bm":0,"g":{"p":3,"k":{"a":0,"k":[0,0.6392156862745098,0.9803921568627451,0.5333333333333333,0.5,0.596078431372549,0.9450980392156862,0.49019607843137253,1,0.6392156862745098,0.9647058823529412,0.5372549019607843],"ix":9}},"s":{"a":0,"k":[1,-62],"ix":5},"e":{"a":0,"k":[0,62],"ix":6},"t":1,"nm":"Gradient Fill 1","mn":"ADBE Vector Graphic - G-Fill","hd":false},{"ty":"tr","p":{"a":1,"k":[{"i":{"x":0,"y":1},"o":{"x":0.48,"y":0.049},"t":11,"s":[-8,-118.5],"to":[0.167,17.167],"ti":[-0.167,-17.167]},{"t":37.9999978365124,"s":[-7,-15.5]}],"ix":2},"a":{"a":0,"k":[0,0],"ix":1},"s":{"a":0,"k":[100,100],"ix":3},"r":{"a":0,"k":0,"ix":6},"o":{"a":0,"k":100,"ix":7},"sk":{"a":0,"k":0,"ix":4},"sa":{"a":0,"k":0,"ix":5},"nm":"Transform"}],"nm":"Rectangle 1","np":3,"cix":2,"bm":0,"ix":1,"mn":"ADBE Vector Group","hd":false},{"ty":"rd","nm":"Round Corners 1","r":{"a":0,"k":10,"ix":1},"ix":2,"mn":"ADBE Vector Filter - RC","hd":false}],"ip":10.9999993737273,"op":397.999977340315,"st":10.9999993737273,"bm":0},{"ddd":0,"ind":5,"ty":4,"nm":"Shape Layer 2","parent":1,"sr":1,"ks":{"o":{"a":0,"k":100,"ix":11},"r":{"a":0,"k":0,"ix":10},"p":{"a":0,"k":[-58,-20,0],"ix":2},"a":{"a":0,"k":[0,0,0],"ix":1},"s":{"a":0,"k":[100,100,100],"ix":6}},"ao":0,"shapes":[{"ty":"gr","it":[{"ind":0,"ty":"sh","ix":1,"ks":{"a":0,"k":{"i":[[0,0],[0,0],[0,0],[0,0]],"o":[[0,0],[0,0],[0,0],[0,0]],"v":[[12.5,-86],[-78.625,-86],[-70.75,22.875],[61.5,-39.5]],"c":true},"ix":2},"nm":"Path 1","mn":"ADBE Vector Shape - Group","hd":false},{"ty":"rd","nm":"Round Corners 1","r":{"a":0,"k":10,"ix":1},"ix":2,"mn":"ADBE Vector Filter - RC","hd":false},{"ty":"st","c":{"a":0,"k":[0.0392156862745098,0.5803921568627451,0.3686274509803922,1],"ix":3},"o":{"a":0,"k":0,"ix":4},"w":{"a":0,"k":7,"ix":5},"lc":1,"lj":1,"ml":4,"bm":0,"nm":"Stroke 1","mn":"ADBE Vector Graphic - Stroke","hd":false},{"ty":"gf","o":{"a":0,"k":100,"ix":10},"r":1,"bm":0,"g":{"p":3,"k":{"a":0,"k":[0,0.4117647058823529,0.8,0.29411764705882354,0.5,0.23921568627450981,0.7411764705882353,0.32941176470588235,1,0.0392156862745098,0.5803921568627451,0.3686274509803922],"ix":9}},"s":{"a":0,"k":[-76,-81],"ix":5},"e":{"a":0,"k":[-0.5,-14],"ix":6},"t":1,"nm":"Gradient Fill 1","mn":"ADBE Vector Graphic - G-Fill","hd":false},{"ty":"tr","p":{"a":0,"k":[0,0],"ix":2},"a":{"a":0,"k":[0,0],"ix":1},"s":{"a":0,"k":[100,100],"ix":3},"r":{"a":0,"k":0,"ix":6},"o":{"a":0,"k":100,"ix":7},"sk":{"a":0,"k":0,"ix":4},"sa":{"a":0,"k":0,"ix":5},"nm":"Transform"}],"nm":"Shape 1","np":4,"cix":2,"bm":0,"ix":1,"mn":"ADBE Vector Group","hd":false}],"ip":0,"op":386.999977966587,"st":0,"bm":0}],"markers":[]}