{
  "Video Effects": {
    "AI Angel": {
      "main_head": "AI Angel",
      "type": "video",
      "effect_name": "angel",
	  "input_image": "https://i2v-targets.lon1.cdn.digitaloceanspaces.com/ai-magic/videoEffectsInputAIM/angel.jpg",
      "output_url": "https://i2v-targets.lon1.cdn.digitaloceanspaces.com/ai-magic/aimagic_angel2025.webp",
      "name": {
        "en": "AI Angel",
		"hi": "एआई परी",
		"pt": "Anjo de IA",
		"es": "Ángel de IA",
		"th": "นางฟ้า AI",
		"ar": "ملاك الذكاء الاصطناعي",
		"zh": "AI天使",
		"de": "KI-Engel",
		"id": "Malaikat AI",
		"ja": "AIエンジェル",
		"ko": "AI 천사",
		"vi": "Thiên thần AI",
		"fr": "Ange IA",
		"it": "Angelo IA",
		"zh-rTW": "AI天使",
		"ru": "Ангел ИИ",
		"fil": "Anghel ng AI",
		"he": "מלאך בינה מלאכותית",
		"da": "AI-Engel",
		"sv": "AI-ängel",
		"fi": "AI-enkel",
		"sk": "AI anjel",
		"nl": "AI Engel",
		"no": "AI Engel",
		"pl": "Anioł AI",
		"ur": "اے آئی فرشتہ",
		"bn": "এআই দেবদূত",
		"ms": "Malaikat AI",
		"tr": "Yapay Zeka Meleği",
		"fa": "فرشته هوش مصنوعی"
      }
    },
    "Angry": {
      "main_head": "Angry",
      "type": "video",
      "sub_head": "Angry",
      "effect_name": "angry_face",
	  "input_image": "https://i2v-targets.lon1.cdn.digitaloceanspaces.com/ai-magic/videoEffectsInputAIM/angry.jpg",
      "output_url": "https://i2v-targets.lon1.cdn.digitaloceanspaces.com/ai-magic/aimagic_angry2025.webp",
      "name": {
        "en": "Angry",
		"hi": "गुस्से में",
		"pt": "Zangado",
		"es": "Enojado",
		"th": "โกรธ",
		"ar": "غاضب",
		"zh": "生气",
		"de": "Wütend",
		"id": "Marah",
		"ja": "怒っている",
		"ko": "화난",
		"vi": "Tức giận",
		"fr": "En colère",
		"it": "Arrabbiato",
		"zh-rTW": "生氣",
		"ru": "Сердитый",
		"fil": "Galit",
		"he": "כועס",
		"da": "Vred",
		"sv": "Arg",
		"fi": "Vihainen",
		"sk": "Nahnevaný",
		"nl": "Boos",
		"no": "Sint",
		"pl": "Zły",
		"ur": "غصے میں",
		"bn": "রাগান্বিত",
		"ms": "Marah",
		"tr": "Kızgın",
		"fa": "عصبانی"
      }
    },
    "Baby With Panda": {
      "main_head": "Baby With Panda ",
      "type": "video",
      "effect_name": "baby_panda",
	  "input_image": "https://i2v-targets.lon1.cdn.digitaloceanspaces.com/ai-magic/videoEffectsInputAIM/baby%20panda.jpg",
      "output_url": "https://i2v-targets.lon1.cdn.digitaloceanspaces.com/ai-magic/videoEffectsInputAIM/aimagic_babyWithPanda2025.webp",
      "name": {
        "en": "Baby with Panda",
		"hi": "पांडा के साथ बच्चा",
		"pt": "Bebê com Panda",
		"es": "Bebé con Panda",
		"th": "ทารกกับแพนด้า",
		"ar": "طفل مع باندا",
		"zh": "带熊猫的宝宝",
		"de": "Baby mit Panda",
		"id": "Bayi dengan Panda",
		"ja": "パンダと赤ちゃん",
		"ko": "아기와 판다",
		"vi": "Em bé với gấu trúc",
		"fr": "Bébé avec panda",
		"it": "Bambino con panda",
		"zh-rTW": "帶熊貓的寶寶",
		"ru": "Младенец с пандой",
		"fil": "Sanggol na may Panda",
		"he": "תינוק עם פאנדה",
		"da": "Baby med panda",
		"sv": "Bebis med panda",
		"fi": "Vauva pandan kanssa",
		"sk": "Dieťa s pandou",
		"nl": "Baby met panda",
		"no": "Baby med panda",
		"pl": "Dziecko z pandą",
		"ur": "پانڈا کے ساتھ بچہ",
		"bn": "পান্ডার সাথে শিশু",
		"ms": "Bayi dengan Panda",
		"tr": "Pandalı Bebek",
		"fa": "نوزاد با پاندا"
      }
    },
    "AI Batman": {
      "main_head": "AI Batman",
      "type": "video",
      "effect_name": "batman",
	  "input_image": "https://i2v-targets.lon1.cdn.digitaloceanspaces.com/ai-magic/videoEffectsInputAIM/batman.jpg",
      "output_url": "https://i2v-targets.lon1.cdn.digitaloceanspaces.com/ai-magic/aimagic_batman2025.webp",
      "name": {
		"en": "Batman",
		"hi": "बैटमैन",
		"pt": "Batman",
		"es": "Batman",
		"th": "แบทแมน",
		"ar": "باتمان",
		"zh": "蝙蝠侠",
		"de": "Batman",
		"id": "Batman",
		"ja": "バットマン",
		"ko": "배트맨",
		"vi": "Người Dơi",
		"fr": "Batman",
		"it": "Batman",
		"zh-rTW": "蝙蝠俠",
		"ru": "Бэтмен",
		"fil": "Batman",
		"he": "באטמן",
		"da": "Batman",
		"sv": "Batman",
		"fi": "Lepakkomies",
		"sk": "Batman",
		"nl": "Batman",
		"no": "Batman",
		"pl": "Batman",
		"ur": "بیٹ مین",
		"bn": "ব্যাটম্যান",
		"ms": "Batman",
		"tr": "Batman",
		"fa": "بتمن"
      }
    },
    "Boxing": {
      "main_head": "Boxing",
      "type": "video",
      "effect_name": "boxing_champion",
	  "input_image": "https://i2v-targets.lon1.cdn.digitaloceanspaces.com/ai-magic/videoEffectsInputAIM/boxing.jpg",
      "output_url": "https://i2v-targets.lon1.cdn.digitaloceanspaces.com/ai-magic/aimagic_boxing2025.webp",
      "name": {
        "en": "Boxing",
		"hi": "मुक्केबाज़ी",
		"pt": "Boxe",
		"es": "Boxeo",
		"th": "มวยสากล",
		"ar": "ملاكمة",
		"zh": "拳击",
		"de": "Boxen",
		"id": "Tinju",
		"ja": "ボクシング",
		"ko": "복싱",
		"vi": "Quyền Anh",
		"fr": "Boxe",
		"it": "Pugilato",
		"zh-rTW": "拳擊",
		"ru": "Бокс",
		"fil": "Boksing",
		"he": "איגרוף",
		"da": "Boksning",
		"sv": "Boxning",
		"fi": "Nyrkkeily",
		"sk": "Box",
		"nl": "Boksen",
		"no": "Boksing",
		"pl": "Boks",
		"ur": "مکے بازی",
		"bn": "বক্সিং",
		"ms": "Tinju",
		"tr": "Boks",
		"fa": "بوکس"
      }
    },
    "Butterfly Woman": {
      "main_head": "Butterfly Woman",
      "type": "video",
      "effect_name": "butterfly",
	  "input_image": "https://i2v-targets.lon1.cdn.digitaloceanspaces.com/ai-magic/videoEffectsInputAIM/butterfly.jpg",
      "output_url": "https://i2v-targets.lon1.cdn.digitaloceanspaces.com/ai-magic/aimagic_butterflyWoman2025.webp",
      "name": {
        "en": "Butterfly Woman",
		"hi": "तितली महिला",
		"pt": "Mulher Borboleta",
		"es": "Mujer Mariposa",
		"th": "ผู้หญิงผีเสื้อ",
		"ar": "امرأة الفراشة",
		"zh": "蝴蝶女人",
		"de": "Schmetterlingsfrau",
		"id": "Wanita Kupu-kupu",
		"ja": "蝶の女性",
		"ko": "나비 여성",
		"vi": "Người phụ nữ bươm bướm",
		"fr": "Femme papillon",
		"it": "Donna Farfalla",
		"zh-rTW": "蝴蝶女人",
		"ru": "Женщина-бабочка",
		"fil": "Babaeng Paruparo",
		"he": "אשת פרפר",
		"da": "Sommerfuglekvinde",
		"sv": "Fjärilskvinna",
		"fi": "Perhosnainen",
		"sk": "Motýlia žena",
		"nl": "Vlindervrouw",
		"no": "Sommerfuglkvinne",
		"pl": "Kobieta motyl",
		"ur": "تتلی عورت",
		"bn": "প্রজাপতি মহিলা",
		"ms": "Wanita Rama-rama",
		"tr": "Kelebek Kadın",
		"fa": "زن پروانه‌ای"
      }
    },
    "Cakify": {
      "main_head": "Cakify",
      "type": "video",
      "effect_name": "cakeify",
	  "input_image": "https://i2v-targets.lon1.cdn.digitaloceanspaces.com/ai-magic/videoEffectsInputAIM/cakify.jpg",
      "output_url": "https://i2v-targets.lon1.cdn.digitaloceanspaces.com/ai-magic/aimagic_cakify2025.webp",
      "name": {
        "en": "Cakify",
		"hi": "केकिफ़ाई",
		"pt": "Cakify",
		"es": "Cakify",
		"th": "Cakify",
		"ar": "Cakify",
		"zh": "Cakify",
		"de": "Cakify",
		"id": "Cakify",
		"ja": "Cakify",
		"ko": "Cakify",
		"vi": "Cakify",
		"fr": "Cakify",
		"it": "Cakify",
		"zh-rTW": "Cakify",
		"ru": "Cakify",
		"fil": "Cakify",
		"he": "Cakify",
		"da": "Cakify",
		"sv": "Cakify",
		"fi": "Cakify",
		"sk": "Cakify",
		"nl": "Cakify",
		"no": "Cakify",
		"pl": "Cakify",
		"ur": "Cakify",
		"bn": "Cakify",
		"ms": "Cakify",
		"tr": "Cakify",
		"fa": "Cakify"
      }
    },
    "AI Cat Woman": {
      "main_head": "AI Cat Woman",
      "type": "video",
      "effect_name": "catwoman",
	  "input_image": "https://i2v-targets.lon1.cdn.digitaloceanspaces.com/ai-magic/videoEffectsInputAIM/catwoman.jpg",
      "output_url": "https://i2v-targets.lon1.cdn.digitaloceanspaces.com/ai-magic/aimagic_catwoman2025.webp",
      "name": {
        "en": "Catwoman",
		"hi": "कैटवुमन",
		"pt": "Mulher-Gato",
		"es": "Gatúbela",
		"th": "แคทวูแมน",
		"ar": "المرأة القطة",
		"zh": "猫女",
		"de": "Catwoman",
		"id": "Catwoman",
		"ja": "キャットウーマン",
		"ko": "캣우먼",
		"vi": "Người mèo",
		"fr": "Catwoman",
		"it": "Catwoman",
		"zh-rTW": "貓女",
		"ru": "Женщина-кошка",
		"fil": "Catwoman",
		"he": "קאטוומן",
		"da": "Catwoman",
		"sv": "Kattkvinnan",
		"fi": "Kissamainen nainen",
		"sk": "Catwoman",
		"nl": "Catwoman",
		"no": "Catwoman",
		"pl": "Kobieta Kot",
		"ur": "کیٹ وومن",
		"bn": "ক্যাটউওম্যান",
		"ms": "Catwoman",
		"tr": "Kedi Kadın",
		"fa": "زن گربه‌ای"
      }
    },
    "AI Cowboy": {
      "main_head": "AI Cowboy",
      "type": "video",
      "effect_name": "western_cowboy",
	  "input_image": "https://i2v-targets.lon1.cdn.digitaloceanspaces.com/ai-magic/videoEffectsInputAIM/cowboy.jpg",
      "output_url": "https://i2v-targets.lon1.cdn.digitaloceanspaces.com/ai-magic/aimagic_cowboy2025.webp",
      "name": {
        "en": "Cowboy",
		"hi": "काउबॉय",
		"pt": "Caubói",
		"es": "Vaquero",
		"th": "คาวบอย",
		"ar": "راعي بقر",
		"zh": "牛仔",
		"de": "Cowboy",
		"id": "Koboi",
		"ja": "カウボーイ",
		"ko": "카우보이",
		"vi": "Chàng cao bồi",
		"fr": "Cow-boy",
		"it": "Cowboy",
		"zh-rTW": "牛仔",
		"ru": "Ковбой",
		"fil": "Koboy",
		"he": "קאובוי",
		"da": "Cowboy",
		"sv": "Cowboy",
		"fi": "Cowboy",
		"sk": "Kovboj",
		"nl": "Cowboy",
		"no": "Cowboy",
		"pl": "Kowboj",
		"ur": "کاؤ بوائے",
		"bn": "কাউবয়",
		"ms": "Koboi",
		"tr": "Kovboy",
		"fa": "کابوی"
      }
    },
    "Crown": {
      "main_head": "Crown",
      "type": "video",
      "effect_name": "crown",
	  "input_image": "https://i2v-targets.lon1.cdn.digitaloceanspaces.com/ai-magic/videoEffectsInputAIM/crown.jpg",
      "output_url": "https://i2v-targets.lon1.cdn.digitaloceanspaces.com/ai-magic/aimagic_crown2025.webp",
      "name": {
        "en": "Crown",
		"hi": "मुकुट",
		"pt": "Coroa",
		"es": "Corona",
		"th": "มงกุฎ",
		"ar": "تاج",
		"zh": "皇冠",
		"de": "Krone",
		"id": "Mahkota",
		"ja": "王冠",
		"ko": "왕관",
		"vi": "Vương miện",
		"fr": "Couronne",
		"it": "Corona",
		"zh-rTW": "皇冠",
		"ru": "Корона",
		"fil": "Korona",
		"he": "כתר",
		"da": "Krone",
		"sv": "Krona",
		"fi": "Kruunu",
		"sk": "Koruna",
		"nl": "Kroon",
		"no": "Krone",
		"pl": "Korona",
		"ur": "تاج",
		"bn": "মুকুট",
		"ms": "Mahkota",
		"tr": "Taç",
		"fa": "تاج"
      }
    },
    "Crown Woman With Tiger": {
      "main_head": "Crown Woman With Tiger",
      "type": "video",
      "effect_name": "tiger",
	  "input_image": "https://i2v-targets.lon1.cdn.digitaloceanspaces.com/ai-magic/videoEffectsInputAIM/tiger.jpg",
      "output_url": "https://i2v-targets.lon1.cdn.digitaloceanspaces.com/ai-magic/aimagic_crownWomanWithTiger2025.webp",
      "name": {
        "en": "Crown Woman with Tiger",
		"hi": "बाघ के साथ मुकुट महिला",
		"pt": "Mulher com Coroa e Tigre",
		"es": "Mujer con Corona y Tigre",
		"th": "ผู้หญิงสวมมงกุฎกับเสือ",
		"ar": "امرأة بالتاج مع نمر",
		"zh": "戴王冠的女子与老虎",
		"de": "Frau mit Krone und Tiger",
		"id": "Wanita Bertakhta dengan Harimau",
		"ja": "冠をかぶった虎と女性",
		"ko": "호랑이와 왕관 쓴 여성",
		"vi": "Người phụ nữ đội vương miện với hổ",
		"fr": "Femme couronnée avec tigre",
		"it": "Donna con corona e tigre",
		"zh-rTW": "戴王冠的女子與老虎",
		"ru": "Женщина с короной и тигром",
		"fil": "Babaeng may Korona at Tigre",
		"he": "אישה עם כתר ונמר",
		"da": "Kronet kvinde med tiger",
		"sv": "Kronad kvinna med tiger",
		"fi": "Kruunattu nainen tiikerin kanssa",
		"sk": "Žena s korunou a tigrom",
		"nl": "Kroonvrouw met tijger",
		"no": "Kronet kvinne med tiger",
		"pl": "Kobieta w koronie z tygrysem",
		"ur": "تاج والی عورت اور شیر",
		"bn": "বাঘ সহ মুকুট পরা মহিলা",
		"ms": "Wanita Mahkota dengan Harimau",
		"tr": "Taçlı Kadın ve Kaplan",
		"fa": "زن تاجدار با ببر"
      }
    },
    "Crying": {
      "main_head": "Crying",
      "type": "video",
      "effect_name": "crying",
	  "input_image": "https://i2v-targets.lon1.cdn.digitaloceanspaces.com/ai-magic/videoEffectsInputAIM/crying.jpg",
      "output_url": "https://i2v-targets.lon1.cdn.digitaloceanspaces.com/ai-magic/aimagic_crying2025.webp",
      "name": {
        "en": "Crying",
		"hi": "रोना",
		"pt": "Chorando",
		"es": "Llorando",
		"th": "ร้องไห้",
		"ar": "يبكي",
		"zh": "哭泣",
		"de": "Weinend",
		"id": "Menangis",
		"ja": "泣いている",
		"ko": "우는",
		"vi": "Khóc",
		"fr": "En pleurs",
		"it": "Piangendo",
		"zh-rTW": "哭泣",
		"ru": "Плачущий",
		"fil": "Umiiyak",
		"he": "בוכה",
		"da": "Græder",
		"sv": "Gråtande",
		"fi": "Itkevä",
		"sk": "Plačúci",
		"nl": "Huilend",
		"no": "Gråtende",
		"pl": "Płaczący",
		"ur": "رونا",
		"bn": "কান্না",
		"ms": "Menangis",
		"tr": "Ağlayan",
		"fa": "گریان"
      }
    },
    "Curly Hair": {
      "main_head": "Curly Hair",
      "type": "video",
      "effect_name": "curly_hair",
	  "input_image": "https://i2v-targets.lon1.cdn.digitaloceanspaces.com/ai-magic/videoEffectsInputAIM/curly%20hair.jpg",
      "output_url": "https://i2v-targets.lon1.cdn.digitaloceanspaces.com/ai-magic/aimagic_curlyHair2025.webp",
      "name": {
        "en": "Curly Hair",
		"hi": "घुंघराले बाल",
		"pt": "Cabelo Cacheado",
		"es": "Cabello Rizado",
		"th": "ผมหยิก",
		"ar": "شعر مجعد",
		"zh": "卷发",
		"de": "Lockiges Haar",
		"id": "Rambut Keriting",
		"ja": "巻き髪",
		"ko": "곱슬머리",
		"vi": "Tóc xoăn",
		"fr": "Cheveux bouclés",
		"it": "Capelli ricci",
		"zh-rTW": "捲髮",
		"ru": "Кудрявые волосы",
		"fil": "Kulot na Buhok",
		"he": "שיער מתולתל",
		"da": "Krøllet hår",
		"sv": "Lockigt hår",
		"fi": "Kiharat hiukset",
		"sk": "Kučeravé vlasy",
		"nl": "Krullend Haar",
		"no": "Krøllete hår",
		"pl": "Kręcone włosy",
		"ur": "گھنگریالے بال",
		"bn": "কোকড়ানো চুল",
		"ms": "Rambut Keriting",
		"tr": "Kıvırcık Saç",
		"fa": "موی فر"
      }
    },
    "AI Doll": {
      "main_head": "AI Doll",
      "type": "video",
      "effect_name": "doll",
	  "input_image": "https://i2v-targets.lon1.cdn.digitaloceanspaces.com/ai-magic/videoEffectsInputAIM/doll.jpg",
      "output_url": "https://i2v-targets.lon1.cdn.digitaloceanspaces.com/ai-magic/aimagic_Doll2025.webp",
      "name": {
        "en": "AI Doll",
        "hi": "एआई गुड़िया",
        "pt": "Boneca de IA",
        "es": "Muñeca de IA",
        "th": "ตุ๊กตา AI",
        "ar": "دمية الذكاء الاصطناعي",
        "zh": "AI娃娃",
        "de": "KI-Puppe",
        "id": "Boneka AI",
        "ja": "AIドール",
        "ko": "AI 인형",
        "vi": "Búp bê AI",
        "fr": "Poupée IA",
        "it": "Bambola IA",
        "zh-rTW": "AI娃娃",
        "ru": "ИИ Кукла",
        "fil": "Manika ng AI",
        "he": "בובת בינה מלאכותית",
        "da": "AI-dukke",
        "sv": "AI-docka",
        "fi": "AI-nukke",
        "sk": "AI bábika",
        "nl": "AI Pop",
        "no": "AI Dukke",
        "pl": "Lalka AI",
        "ur": "اے آئی گڑیا",
        "bn": "এআই পুতুল",
        "ms": "Anak Patung AI",
        "tr": "Yapay Zeka Bebek",
        "fa": "عروسک هوش مصنوعی"
      }
    },
    "Fashion Walk": {
      "main_head": "Fashion Walk",
      "type": "video",
      "effect_name": "walkie",
	  "input_image": "https://i2v-targets.lon1.cdn.digitaloceanspaces.com/ai-magic/videoEffectsInputAIM/walkie.jpg",
      "output_url": "https://i2v-targets.lon1.cdn.digitaloceanspaces.com/ai-magic/aimagic_fashionWalk2025.webp",
      "name": {
        "en": "Fashion Walk",
		"hi": "फ़ैशन वॉक",
		"pt": "Desfile de Moda",
		"es": "Desfile de Moda",
		"th": "เดินแบบแฟชั่น",
		"ar": "عرض أزياء",
		"zh": "时装走秀",
		"de": "Modenschau",
		"id": "Peragaan Busana",
		"ja": "ファッションショー",
		"ko": "패션 워크",
		"vi": "Trình diễn thời trang",
		"fr": "Défilé de mode",
		"it": "Sfilata di moda",
		"zh-rTW": "時裝走秀",
		"ru": "Показ мод",
		"fil": "Lakaran ng Moda",
		"he": "תצוגת אופנה",
		"da": "Modeshow",
		"sv": "Modevisning",
		"fi": "Muotinäytös",
		"sk": "Módna prehliadka",
		"nl": "Modenshow",
		"no": "Motevisning",
		"pl": "Pokaz mody",
		"ur": "فیشن واک",
		"bn": "ফ্যাশন শো",
		"ms": "Peragaan Fesyen",
		"tr": "Moda Yürüyüşü",
		"fa": "نمایش مد"
      }
    },
    "AI Gladiator": {
      "main_head": "AI Gladiator",
      "type": "video",
      "effect_name": "gladiator",
	  "input_image": "https://i2v-targets.lon1.cdn.digitaloceanspaces.com/ai-magic/videoEffectsInputAIM/gladiator.jpg",
      "output_url": "https://i2v-targets.lon1.cdn.digitaloceanspaces.com/ai-magic/aimagic_gladiator2025.webp",
      "name": {
        "en": "Gladiator",
		"hi": "ग्लेडिएटर",
		"pt": "Gladiador",
		"es": "Gladiador",
		"th": "นักสู้โรมัน",
		"ar": "مصارع",
		"zh": "角斗士",
		"de": "Gladiator",
		"id": "Gladiator",
		"ja": "剣闘士",
		"ko": "검투사",
		"vi": "Đấu sĩ giác đấu",
		"fr": "Gladiateur",
		"it": "Gladiatore",
		"zh-rTW": "角鬥士",
		"ru": "Гладиатор",
		"fil": "Mandirigmang Romano",
		"he": "גלדיאטור",
		"da": "Gladiator",
		"sv": "Gladiator",
		"fi": "Gladiaattori",
		"sk": "Gladiátor",
		"nl": "Gladiator",
		"no": "Gladiator",
		"pl": "Gladiator",
		"ur": "گلیڈی ایٹر",
		"bn": "গ্ল্যাডিয়েটর",
		"ms": "Gladiator",
		"tr": "Gladyatör",
		"fa": "گلادیاتور"
      }
    },
    "AI Gunshot": {
      "main_head": "AI Gunshot",
      "type": "video",
      "effect_name": "gun_shoot",
	  "input_image": "https://i2v-targets.lon1.cdn.digitaloceanspaces.com/ai-magic/videoEffectsInputAIM/gunshot.jpg",
      "output_url": "https://i2v-targets.lon1.cdn.digitaloceanspaces.com/ai-magic/aimagic_gunshot2025.webp",
      "name": {
        "en": "Gunshot",
		"hi": "गोली की आवाज़",
		"pt": "Tiro",
		"es": "Disparo",
		"th": "เสียงปืน",
		"ar": "طلق ناري",
		"zh": "枪声",
		"de": "Schuss",
		"id": "Tembakan",
		"ja": "銃声",
		"ko": "총성",
		"vi": "Tiếng súng",
		"fr": "Coup de feu",
		"it": "Colpo di pistola",
		"zh-rTW": "槍聲",
		"ru": "Выстрел",
		"fil": "Putok ng baril",
		"he": "יריית אקדח",
		"da": "Skud",
		"sv": "Skott",
		"fi": "Laukaus",
		"sk": "Výstrel",
		"nl": "Schot",
		"no": "Skudd",
		"pl": "Strzał",
		"ur": "گولی کی آواز",
		"bn": "গুলি",
		"ms": "Tembakan",
		"tr": "Silah Sesi",
		"fa": "صدای گلوله"
      }
    },
    "Harley Queen": {
      "main_head": "Harley Queen",
      "type": "video",
      "effect_name": "harleyquinn",
	  "input_image": "https://i2v-targets.lon1.cdn.digitaloceanspaces.com/ai-magic/videoEffectsInputAIM/harley%20queen.jpg",
      "output_url": "https://i2v-targets.lon1.cdn.digitaloceanspaces.com/ai-magic/aimagic_harleyQueen2025.webp",
      "name": {
        "en": "Harley Queen",
		"hi": "हार्ले क्वीन",
		"pt": "Arlequina",
		"es": "Harley Quinn",
		"th": "ฮาร์ลีย์ ควินน์",
		"ar": "هارلي كوين",
		"zh": "哈莉·奎茵",
		"de": "Harley Quinn",
		"id": "Harley Quinn",
		"ja": "ハーレイ・クイン",
		"ko": "할리 퀸",
		"vi": "Harley Quinn",
		"fr": "Harley Quinn",
		"it": "Harley Quinn",
		"zh-rTW": "小丑女",
		"ru": "Харли Квинн",
		"fil": "Harley Quinn",
		"he": "הארלי קווין",
		"da": "Harley Quinn",
		"sv": "Harley Quinn",
		"fi": "Harley Quinn",
		"sk": "Harley Quinn",
		"nl": "Harley Quinn",
		"no": "Harley Quinn",
		"pl": "Harley Quinn",
		"ur": "ہارلی کوئن",
		"bn": "হার্লি কুইন",
		"ms": "Harley Quinn",
		"tr": "Harley Quinn",
		"fa": "هارلی کویین"
      }
    },
    "AI Horse": {
      "main_head": "AI Horse",
      "type": "video",
      "effect_name": "horse",
	  "input_image": "https://i2v-targets.lon1.cdn.digitaloceanspaces.com/ai-magic/videoEffectsInputAIM/horse.jpg",
      "output_url": "https://i2v-targets.lon1.cdn.digitaloceanspaces.com/ai-magic/aimagic_horse2025.webp",
      "name": {
        "en": "AI Horse",
		"hi": "एआई घोड़ा",
		"pt": "Cavalo de IA",
		"es": "Caballo de IA",
		"th": "ม้า AI",
		"ar": "حصان الذكاء الاصطناعي",
		"zh": "AI马",
		"de": "KI-Pferd",
		"id": "Kuda AI",
		"ja": "AI馬",
		"ko": "AI 말",
		"vi": "Ngựa AI",
		"fr": "Cheval IA",
		"it": "Cavallo IA",
		"zh-rTW": "AI馬",
		"ru": "Лошадь ИИ",
		"fil": "Kabayo ng AI",
		"he": "סוס בינה מלאכותית",
		"da": "AI-hest",
		"sv": "AI-häst",
		"fi": "AI-hevonen",
		"sk": "AI kôň",
		"nl": "AI Paard",
		"no": "AI-hest",
		"pl": "Koń AI",
		"ur": "اے آئی گھوڑا",
		"bn": "এআই ঘোড়া",
		"ms": "Kuda AI",
		"tr": "Yapay Zeka Atı",
		"fa": "اسب هوش مصنوعی"
      }
    },
    "Hug Jesus": {
      "main_head": "Hug Jesus",
      "type": "video",
      "effect_name": "hug_jesus",
	  "input_image": "https://i2v-targets.lon1.cdn.digitaloceanspaces.com/ai-magic/videoEffectsInputAIM/hug%20jesus.jpg",
      "output_url": "https://i2v-targets.lon1.cdn.digitaloceanspaces.com/ai-magic/videoEffectsInputAIM/aimagic_hugJesus2025.webp",
      "name": {
        "en": "Hug Jesus",
		"hi": "यीशु को गले लगाओ",
		"pt": "Abraçar Jesus",
		"es": "Abraza a Jesús",
		"th": "กอดพระเยซู",
		"ar": "عانق يسوع",
		"zh": "拥抱耶稣",
		"de": "Jesus umarmen",
		"id": "Peluk Yesus",
		"ja": "イエスを抱きしめる",
		"ko": "예수님을 안아라",
		"vi": "Ôm Chúa Giê-su",
		"fr": "Embrasser Jésus",
		"it": "Abbraccia Gesù",
		"zh-rTW": "擁抱耶穌",
		"ru": "Обнять Иисуса",
		"fil": "Yakapin si Hesus",
		"he": "לחבק את ישו",
		"da": "Kram Jesus",
		"sv": "Krama Jesus",
		"fi": "Halaa Jeesusta",
		"sk": "Objím Ježiša",
		"nl": "Knuffel Jezus",
		"no": "Klem Jesus",
		"pl": "Przytul Jezusa",
		"ur": "یسوع کو گلے لگاؤ",
		"bn": "যীশুকে জড়িয়ে ধরো",
		"ms": "Peluk Yesus",
		"tr": "İsa'ya sarıl",
		"fa": "عیسی را در آغوش بگیر"
      }
    },
    "AI Couple Hug": {
      "main_head": "AI Couple Hug",
      "type": "couplevideo",
      "effect_name": "hug",
	  "input_image": "https://i2v-targets.lon1.cdn.digitaloceanspaces.com/ai-magic/videoEffectsInputAIM/hug.jpg",
      "output_url": "https://i2v-targets.lon1.cdn.digitaloceanspaces.com/ai-magic/aimagic_hug2025.webp",
      "name": {
        "en": "Hug",
		"hi": "गले लगाना",
		"pt": "Abraço",
		"es": "Abrazo",
		"th": "กอด",
		"ar": "عناق",
		"zh": "拥抱",
		"de": "Umarmung",
		"id": "Pelukan",
		"ja": "ハグ",
		"ko": "포옹",
		"vi": "Ôm",
		"fr": "Câlin",
		"it": "Abbraccio",
		"zh-rTW": "擁抱",
		"ru": "Объятие",
		"fil": "Yakapan",
		"he": "חיבוק",
		"da": "Kram",
		"sv": "Kram",
		"fi": "Halaus",
		"sk": "Objatie",
		"nl": "Knuffel",
		"no": "Klem",
		"pl": "Uścisk",
		"ur": "گلے ملنا",
		"bn": "আলিঙ্গন",
		"ms": "Pelukan",
		"tr": "Sarılmak",
		"fa": "آغوش"
      }
    },
    "Iron Man": {
      "main_head": "Iron Man",
      "type": "video",
      "effect_name": "ironman",
	  "input_image": "https://i2v-targets.lon1.cdn.digitaloceanspaces.com/ai-magic/videoEffectsInputAIM/iron%20man.jpg",
      "output_url": "https://i2v-targets.lon1.cdn.digitaloceanspaces.com/ai-magic/aimagic_ironMan2025.webp",
      "name": {
        "en": "Iron Man",
		"hi": "आयरन मैन",
		"pt": "Homem de Ferro",
		"es": "Hombre de Hierro",
		"th": "ไอรอนแมน",
		"ar": "الرجل الحديدي",
		"zh": "钢铁侠",
		"de": "Iron Man",
		"id": "Manusia Besi",
		"ja": "アイアンマン",
		"ko": "아이언맨",
		"vi": "Người Sắt",
		"fr": "Iron Man",
		"it": "Iron Man",
		"zh-rTW": "鋼鐵人",
		"ru": "Железный человек",
		"fil": "Iron Man",
		"he": "איירון מן",
		"da": "Iron Man",
		"sv": "Iron Man",
		"fi": "Iron Man",
		"sk": "Iron Man",
		"nl": "Iron Man",
		"no": "Iron Man",
		"pl": "Iron Man",
		"ur": "آئرن مین",
		"bn": "আয়রন ম্যান",
		"ms": "Iron Man",
		"tr": "Demir Adam",
		"fa": "مرد آهنی"
      }
    },
    "AI Joker": {
      "main_head": "AI Joker",
      "type": "video",
      "effect_name": "joker",
	  "input_image": "https://i2v-targets.lon1.cdn.digitaloceanspaces.com/ai-magic/videoEffectsInputAIM/joker.jpg",
      "output_url": "https://i2v-targets.lon1.cdn.digitaloceanspaces.com/ai-magic/aimagic_joker2025.webp",
      "name": {
        "en": "Joker",
		"hi": "जोकर",
		"pt": "Coringa",
		"es": "Joker",
		"th": "โจ๊กเกอร์",
		"ar": "الجوكر",
		"zh": "小丑",
		"de": "Joker",
		"id": "Joker",
		"ja": "ジョーカー",
		"ko": "조커",
		"vi": "Joker",
		"fr": "Joker",
		"it": "Joker",
		"zh-rTW": "小丑",
		"ru": "Джокер",
		"fil": "Joker",
		"he": "ג'וקר",
		"da": "Joker",
		"sv": "Jokern",
		"fi": "Jokeri",
		"sk": "Joker",
		"nl": "Joker",
		"no": "Joker",
		"pl": "Joker",
		"ur": "جوکر",
		"bn": "জোকার",
		"ms": "Joker",
		"tr": "Joker",
		"fa": "جوکر"
      }
    },
    "AI Kiss": {
      "main_head": "AI Kiss",
      "type": "couplevideo",
      "effect_name": "kissing",
	  "input_image": "https://i2v-targets.lon1.cdn.digitaloceanspaces.com/ai-magic/videoEffectsInputAIM/kiss.jpg",
      "output_url": "https://i2v-targets.lon1.cdn.digitaloceanspaces.com/ai-magic/aimagic_kiss2025.webp",
      "name": {
        "en": "AI Kiss",
		"hi": "एआई चुंबन",
		"pt": "Beijo de IA",
		"es": "Beso de IA",
		"th": "จูบจาก AI",
		"ar": "قبلة الذكاء الاصطناعي",
		"zh": "AI之吻",
		"de": "KI-Kuss",
		"id": "Ciuman AI",
		"ja": "AIキス",
		"ko": "AI 키스",
		"vi": "Nụ hôn AI",
		"fr": "Baiser IA",
		"it": "Bacio IA",
		"zh-rTW": "AI之吻",
		"ru": "Поцелуй ИИ",
		"fil": "Halík ng AI",
		"he": "נשיקת בינה מלאכותית",
		"da": "AI-kys",
		"sv": "AI-kyss",
		"fi": "AI-suudelma",
		"sk": "Bozk AI",
		"nl": "AI Kus",
		"no": "AI Kyss",
		"pl": "Pocałunek AI",
		"ur": "اے آئی بوسہ",
		"bn": "এআই চুম্বন",
		"ms": "Ciuman AI",
		"tr": "Yapay Zeka Öpücüğü",
		"fa": "بوسه هوش مصنوعی"
      }
    },
    "AI Laughing": {
      "main_head": "AI Laughing",
      "type": "video",
      "effect_name": "laughing",
	  "input_image": "https://i2v-targets.lon1.cdn.digitaloceanspaces.com/ai-magic/videoEffectsInputAIM/laughing.jpg",
      "output_url": "https://i2v-targets.lon1.cdn.digitaloceanspaces.com/ai-magic/aimagic_laughing2025.webp",
      "name": {
        "en": "AI Laughing",
		"hi": "एआई हँसी",
		"pt": "Rindo de IA",
		"es": "Risa de IA",
		"th": "หัวเราะ AI",
		"ar": "ضحك الذكاء الاصطناعي",
		"zh": "AI大笑",
		"de": "KI-Lachen",
		"id": "Tertawa AI",
		"ja": "AI笑い",
		"ko": "AI 웃음",
		"vi": "Cười AI",
		"fr": "Rire IA",
		"it": "Risata IA",
		"zh-rTW": "AI大笑",
		"ru": "Смех ИИ",
		"fil": "Tawa ng AI",
		"he": "צחוק בינה מלאכותית",
		"da": "AI-latter",
		"sv": "AI-skratt",
		"fi": "AI-nauru",
		"sk": "AI Smiech",
		"nl": "AI Lach",
		"no": "AI Latter",
		"pl": "Śmiech AI",
		"ur": "اے آئی ہنسی",
		"bn": "এআই হাসি",
		"ms": "Ketawa AI",
		"tr": "Yapay Zeka Kahkaha",
		"fa": "خنده هوش مصنوعی"
      }
    },
    "AI Lion Baby": {
      "main_head": "AI Lion Baby",
      "type": "video",
      "effect_name": "lionbaby",
	  "input_image": "https://i2v-targets.lon1.cdn.digitaloceanspaces.com/ai-magic/videoEffectsInputAIM/lion%20baby.jpg",
      "output_url": "https://i2v-targets.lon1.cdn.digitaloceanspaces.com/ai-magic/aimagic_lionBaby2025.webp",
      "name": {
        "en": "AI Lion Baby",
		"hi": "एआई शेर का बच्चा",
		"pt": "Filhote de Leão IA",
		"es": "Bebé León IA",
		"th": "ลูกสิงโต AI",
		"ar": "شبل الذكاء الاصطناعي",
		"zh": "AI狮子宝宝",
		"de": "KI-Löwenbaby",
		"id": "Anak Singa AI",
		"ja": "AIライオンの赤ちゃん",
		"ko": "AI 사자 아기",
		"vi": "Sư tử con AI",
		"fr": "Bé Lion IA",
		"it": "Cucciolo di Leone IA",
		"zh-rTW": "AI獅子寶寶",
		"ru": "Львенок ИИ",
		"fil": "Sanggol na Leon AI",
		"he": "גור אריה בינה מלאכותית",
		"da": "AI-løveunge",
		"sv": "AI-lejonunge",
		"fi": "AI-leijonanpentu",
		"sk": "AI levíča",
		"nl": "AI Leeuwenwelp",
		"no": "AI Løveunge",
		"pl": "Lwiątko AI",
		"ur": "اے آئی شیر کا بچہ",
		"bn": "এআই সিংহ শাবক",
		"ms": "Anak Singa AI",
		"tr": "Yapay Zeka Aslan Yavrusu",
		"fa": "بچه شیر هوش مصنوعی"
      }
    },
    "AI Lion Queen": {
      "main_head": "AI Lion Queen",
      "type": "video",
      "effect_name": "lionqueen",
	  "input_image": "https://i2v-targets.lon1.cdn.digitaloceanspaces.com/ai-magic/videoEffectsInputAIM/lion%queen.jpg",
      "output_url": "https://i2v-targets.lon1.cdn.digitaloceanspaces.com/ai-magic/aimagic_lionQueen2025.webp",
      "name": {
        "en": "AI Lion Queen",
		"hi": "एआई शेरनी",
		"pt": "Rainha Leão IA",
		"es": "Reina León IA",
		"th": "ราชินีสิงโต AI",
		"ar": "ملكة الأسد بالذكاء الاصطناعي",
		"zh": "AI狮后",
		"de": "KI-Löwenkönigin",
		"id": "Ratu Singa AI",
		"ja": "AIライオン女王",
		"ko": "AI 사자 여왕",
		"vi": "Nữ hoàng sư tử AI",
		"fr": "Reine Lion IA",
		"it": "Regina Leone IA",
		"zh-rTW": "AI獅后",
		"ru": "Львица-королева ИИ",
		"fil": "Reyna ng Leon AI",
		"he": "מלכת האריות בינה מלאכותית",
		"da": "AI-løvedronning",
		"sv": "AI-lejondröttning",
		"fi": "AI-leijonakuningatar",
		"sk": "AI levia kráľovná",
		"nl": "AI Leeuwenkoningin",
		"no": "AI Løvedronning",
		"pl": "Królowa Lwów AI",
		"ur": "اے آئی شیرنی",
		"bn": "এআই সিংহ রানি",
		"ms": "Ratu Singa AI",
		"tr": "Yapay Zeka Aslan Kraliçesi",
		"fa": "ملکه شیر هوش مصنوعی"
      }
    },
    "AI Long Hair": {
      "main_head": "AI Long Hair",
      "type": "video",
      "effect_name": "longhair",
	  "input_image": "https://i2v-targets.lon1.cdn.digitaloceanspaces.com/ai-magic/videoEffectsInputAIM/long%20hair.jpg",
      "output_url": "https://i2v-targets.lon1.cdn.digitaloceanspaces.com/ai-magic/aimagic_longHair2025.webp",
      "name": {
        "en": "AI Long Hair",
		"hi": "एआई लंबे बाल",
		"pt": "Cabelo Comprido IA",
		"es": "Cabello Largo IA",
		"th": "ผมยาว AI",
		"ar": "شعر طويل بالذكاء الاصطناعي",
		"zh": "AI长发",
		"de": "KI-Langes Haar",
		"id": "Rambut Panjang AI",
		"ja": "AIロングヘア",
		"ko": "AI 긴 머리",
		"vi": "Tóc dài AI",
		"fr": "Cheveux Longs IA",
		"it": "Capelli Lunghi IA",
		"zh-rTW": "AI長髮",
		"ru": "Длинные волосы ИИ",
		"fil": "Mahabang Buhok AI",
		"he": "שיער ארוך בינה מלאכותית",
		"da": "AI-langt hår",
		"sv": "AI-långt hår",
		"fi": "AI-pitkät hiukset",
		"sk": "AI dlhé vlasy",
		"nl": "AI Lang Haar",
		"no": "AI Langt Hår",
		"pl": "Długie Włosy AI",
		"ur": "اے آئی لمبے بال",
		"bn": "এআই লম্বা চুল",
		"ms": "Rambut Panjang AI",
		"tr": "Yapay Zeka Uzun Saç",
		"fa": "موی بلند هوش مصنوعی"
      }
    },
    "AI Money": {
      "main_head": "AI Money",
      "type": "video",
      "effect_name": "money",
	  "input_image": "https://i2v-targets.lon1.cdn.digitaloceanspaces.com/ai-magic/videoEffectsInputAIM/money.jpg",
      "output_url": "https://i2v-targets.lon1.cdn.digitaloceanspaces.com/ai-magic/aimagic_money2025.webp",
      "name": {
        "en": "AI Money",
		"hi": "एआई पैसा",
		"pt": "Dinheiro IA",
		"es": "Dinero IA",
		"th": "เงิน AI",
		"ar": "مال الذكاء الاصطناعي",
		"zh": "AI金钱",
		"de": "KI-Geld",
		"id": "Uang AI",
		"ja": "AIお金",
		"ko": "AI 돈",
		"vi": "Tiền AI",
		"fr": "Argent IA",
		"it": "Soldi IA",
		"zh-rTW": "AI金錢",
		"ru": "Деньги ИИ",
		"fil": "Pera ng AI",
		"he": "כסף בינה מלאכותית",
		"da": "AI-penge",
		"sv": "AI-pengar",
		"fi": "AI-raha",
		"sk": "AI peniaze",
		"nl": "AI Geld",
		"no": "AI Penger",
		"pl": "Pieniądze AI",
		"ur": "اے آئی پیسہ",
		"bn": "এআই টাকা",
		"ms": "Wang AI",
		"tr": "Yapay Zeka Para",
		"fa": "پول هوش مصنوعی"

      }
    },
    "AI Pirate": {
      "main_head": "AI Pirtae",
      "type": "video",
      "effect_name": "pirate",
	  "input_image": "https://i2v-targets.lon1.cdn.digitaloceanspaces.com/ai-magic/videoEffectsInputAIM/pirate.jpg",
      "output_url": "https://i2v-targets.lon1.cdn.digitaloceanspaces.com/ai-magic/aimagic_pirate2025.webp",
      "name": {
        "en": "AI Pirate",
		"hi": "एआई समुद्री डाकू",
		"pt": "Pirata de IA",
		"es": "Pirata de IA",
		"th": "โจรสลัด AI",
		"ar": "قرصان الذكاء الاصطناعي",
		"zh": "AI海盗",
		"de": "KI-Pirat",
		"id": "Bajak Laut AI",
		"ja": "AI海賊",
		"ko": "AI 해적",
		"vi": "Cướp biển AI",
		"fr": "Pirate IA",
		"it": "Pirati IA",
		"zh-rTW": "AI海盜",
		"ru": "Пират ИИ",
		"fil": "Pirata ng AI",
		"he": "שודד ים בינה מלאכותית",
		"da": "AI-pirat",
		"sv": "AI-pirat",
		"fi": "AI-merirosvo",
		"sk": "AI pirát",
		"nl": "AI Piraat",
		"no": "AI Pirat",
		"pl": "Pirata AI",
		"ur": "اے آئی قزاق",
		"bn": "এআই জলদস্যু",
		"ms": "Lanun AI",
		"tr": "Yapay Zeka Korsan",
		"fa": "دزد دریایی هوش مصنوعی"
      }
    },
    "AI Samurai": {
      "main_head": "AI Samurai",
      "type": "video",
      "effect_name": "samurai","input_image": "https://i2v-targets.lon1.cdn.digitaloceanspaces.com/ai-magic/videoEffectsInputAIM/samurai.jpg",
      "output_url": "https://i2v-targets.lon1.cdn.digitaloceanspaces.com/ai-magic/aimagic_samurai2025.webp",
      "name": {
        "en": "AI Samurai",
		"hi": "एआई समुराई",
		"pt": "Samurai de IA",
		"es": "Samurái de IA",
		"th": "ซามูไร AI",
		"ar": "ساموراي الذكاء الاصطناعي",
		"zh": "AI武士",
		"de": "KI-Samurai",
		"id": "Samurai AI",
		"ja": "AI侍",
		"ko": "AI 사무라이",
		"vi": "Samurai AI",
		"fr": "Samouraï IA",
		"it": "Samurai IA",
		"zh-rTW": "AI武士",
		"ru": "Самурай ИИ",
		"fil": "Samurai ng AI",
		"he": "סמוראי בינה מלאכותית",
		"da": "AI-samurai",
		"sv": "AI-samurai",
		"fi": "AI-samurai",
		"sk": "AI samuraj",
		"nl": "AI Samurai",
		"no": "AI Samurai",
		"pl": "Samuraj AI",
		"ur": "اے آئی سامورائی",
		"bn": "এআই সামুরাই",
		"ms": "Samurai AI",
		"tr": "Yapay Zeka Samuray",
		"fa": "سامورایی هوش مصنوعی"
      }
    },
    "AI Turtle": {
      "main_head": "AI Turtle",
      "type": "video",
      "effect_name": "turtle",
	  "input_image": "https://i2v-targets.lon1.cdn.digitaloceanspaces.com/ai-magic/videoEffectsInputAIM/turtle.jpg",
      "output_url": "https://i2v-targets.lon1.cdn.digitaloceanspaces.com/ai-magic/aimagic_turtle2025.webp",
      "name": {
        "en": "AI Turtle",
		"hi": "एआई कछुआ",
		"pt": "Tartaruga de IA",
		"es": "Tortuga de IA",
		"th": "เต่า AI",
		"ar": "سلحفاة الذكاء الاصطناعي",
		"zh": "AI乌龟",
		"de": "KI-Schildkröte",
		"id": "Kura-kura AI",
		"ja": "AIカメ",
		"ko": "AI 거북이",
		"vi": "Rùa AI",
		"fr": "Tortue IA",
		"it": "Tartaruga IA",
		"zh-rTW": "AI烏龜",
		"ru": "Черепаха ИИ",
		"fil": "Pagong ng AI",
		"he": "צב בינה מלאכותית",
		"da": "AI-skildpadde",
		"sv": "AI-sköldpadda",
		"fi": "AI-kilpikonna",
		"sk": "AI korytnačka",
		"nl": "AI Schildpad",
		"no": "AI Skilpadde",
		"pl": "Żółw AI",
		"ur": "اے آئی کچھوا",
		"bn": "এআই কচ্ছপ",
		"ms": "Kura-kura AI",
		"tr": "Yapay Zeka Kaplumbağa",
		"fa": "لاک‌پشت هوش مصنوعی"
      }
    },
	"AI Walking with Lion": {
      "main_head": "AI Walking with Lion",
      "type": "video",
      "effect_name": "lion",
	  "input_image": "https://i2v-targets.lon1.cdn.digitaloceanspaces.com/ai-magic/videoEffectsInputAIM/walking%20with%20lion.jpg",
      "output_url": "https://i2v-targets.lon1.cdn.digitaloceanspaces.com/ai-magic/aimagic_walkingWithLion2025.webp",
      "name": {
        "en": "AI Walking with Lion",
		"hi": "एआई शेर के साथ चलना",
		"pt": "Caminhando com Leão IA",
		"es": "Caminando con León IA",
		"th": "เดินกับสิงโต AI",
		"ar": "المشي مع الأسد بالذكاء الاصطناعي",
		"zh": "AI与狮同行",
		"de": "KI Geht mit Löwe",
		"id": "Berjalan dengan Singa AI",
		"ja": "AIライオンと歩く",
		"ko": "AI 사자와 걷기",
		"vi": "Đi cùng sư tử AI",
		"fr": "Marche avec Lion IA",
		"it": "Camminare con Leone IA",
		"zh-rTW": "AI與獅同行",
		"ru": "ИИ идёт со львом",
		"fil": "Paglakad kasama ang Leon AI",
		"he": "הליכה עם אריה בינה מלאכותית",
		"da": "AI går med løve",
		"sv": "AI går med lejon",
		"fi": "AI kävelee leijonan kanssa",
		"sk": "AI kráča s levom",
		"nl": "AI Wandelt met Leeuw",
		"no": "AI Går med Løve",
		"pl": "AI idzie z lwem",
		"ur": "اے آئی شیر کے ساتھ چلنا",
		"bn": "এআই সিংহের সাথে হাঁটা",
		"ms": "Berjalan dengan Singa AI",
		"tr": "Yapay Zeka Aslanla Yürüyor",
		"fa": "راه رفتن با شیر هوش مصنوعی"
      }
    },
	"AI Wolf": {
      "main_head": "AI Wolf",
      "type": "video",
      "effect_name": "wolf",
	  "input_image": "https://i2v-targets.lon1.cdn.digitaloceanspaces.com/ai-magic/videoEffectsInputAIM/wolf.jpg",
      "output_url": "https://i2v-targets.lon1.cdn.digitaloceanspaces.com/ai-magic/aimagic_wolf2025.webp",
      "name": {
        "en": "AI Wolf",
		"hi": "एआई भेड़िया",
		"pt": "Lobo de IA",
		"es": "Lobo de IA",
		"th": "หมาป่า AI",
		"ar": "ذئب الذكاء الاصطناعي",
		"zh": "AI狼",
		"de": "KI-Wolf",
		"id": "Serigala AI",
		"ja": "AIオオカミ",
		"ko": "AI 늑대",
		"vi": "Sói AI",
		"fr": "Loup IA",
		"it": "Lupo IA",
		"zh-rTW": "AI狼",
		"ru": "Волк ИИ",
		"fil": "Lobo ng AI",
		"he": "זאב בינה מלאכותית",
		"da": "AI-ulv",
		"sv": "AI-varg",
		"fi": "AI-susi",
		"sk": "AI vlk",
		"nl": "AI Wolf",
		"no": "AI Ulv",
		"pl": "Wilk AI",
		"ur": "اے آئی بھیڑیا",
		"bn": "এআই নেকড়ে",
		"ms": "Serigala AI",
		"tr": "Yapay Zeka Kurt",
		"fa": "گرگ هوش مصنوعی"
      }
    },
	"AI Wonder Woman": {
      "main_head": "AI Wonder Woman",
      "type": "video",
      "effect_name": "superwoman",
	  "input_image": "https://i2v-targets.lon1.cdn.digitaloceanspaces.com/ai-magic/videoEffectsInputAIM/wonder%20woman.jpg",
      "output_url": "https://i2v-targets.lon1.cdn.digitaloceanspaces.com/ai-magic/aimagic_wonderWoman2025.webp",
      "name": {
        "en": "AI Wonder Woman",
		"hi": "एआई वंडर वुमन",
		"pt": "Mulher-Maravilha de IA",
		"es": "Mujer Maravilla de IA",
		"th": "วันเดอร์วูแมน AI",
		"ar": "المرأة المعجزة بالذكاء الاصطناعي",
		"zh": "AI神奇女侠",
		"de": "KI-Wonder Woman",
		"id": "Wanita Perkasa AI",
		"ja": "AIワンダーウーマン",
		"ko": "AI 원더우먼",
		"vi": "Nữ thần kỳ AI",
		"fr": "Wonder Woman IA",
		"it": "Wonder Woman IA",
		"zh-rTW": "AI神奇女俠",
		"ru": "Чудо-женщина ИИ",
		"fil": "AI Wonder Woman",
		"he": "וונדר וומן בינה מלאכותית",
		"da": "AI Wonder Woman",
		"sv": "AI Wonder Woman",
		"fi": "AI Ihmenainen",
		"sk": "AI Wonder Woman",
		"nl": "AI Wonder Woman",
		"no": "AI Wonder Woman",
		"pl": "Wonder Woman AI",
		"ur": "اے آئی ونڈر وومن",
		"bn": "এআই ওয়ান্ডার ওম্যান",
		"ms": "Wanita Perkasa AI",
		"tr": "Yapay Zeka Wonder Woman",
		"fa": "زن شگفت‌انگیز هوش مصنوعی"
      }
    }
  }
}