[
  {
    "user_type": "non_pro",
    "url": "https://facedance.fra1.cdn.digitaloceanspaces.com/iMagic_FaceDance_videos/iMagicFaceDance1.webp",
    "cat_name_localised": {
      "en": "Come back to me",
      "hi": "मेरे पास वापस आओ",
      "pt": "Volte para mim",
      "es": "Vuelve a mí",
      "th": "กลับมาหาฉัน",
      "ar": "عد إليّ",
      "zh": "回来找我",
      "de": "Komm zu mir zurück",
      "in": "Kembalilah padaku",
      "ja": "私のところに戻ってきて",
      "ko": "내게 돌아와",
      "vi": "Quay lại với tôi",
      "fr": "Reviens à moi",
      "it": "Torna da me",
      "zh-rTW": "回來找我",
      "ru": "Вернись ко мне",
      "fil": "Bumalik ka sa akin",
      "iw": "חזור אליי",
      "da": "Kom tilbage til mig",
      "sv": "Kom tillbaka till mig",
      "fi": "Tule takaisin luokseni",
      "sk": "Vráť sa ku mne",
      "nl": "Kom terug naar mij",
      "no": "Kom tilbake til meg",
      "pl": "Wróć do mnie",
      "ur": "میرے پاس واپس آؤ",
      "bn": "আমার কাছে ফিরে এসো",
      "ms": "Kembalilah padaku",
      "tr": "Bana geri dön",
      "fa": "پیش من برگرد"
    }
  },
  {
    "user_type": "non_pro",
    "url": "https://facedance.fra1.cdn.digitaloceanspaces.com/iMagic_FaceDance_videos/iMagicFaceDance2.webp",
    "cat_name_localised": {
      "en": "To My Daughter",
      "hi": "मेरी बेटी के लिए",
      "pt": "Para Minha Filha",
      "es": "A Mi Hija",
      "th": "ถึงลูกสาวของฉัน",
      "ar": "إلى ابنتي",
      "zh": "献给我的女儿",
      "de": "An meine Tochter",
      "in": "Untuk Putriku",
      "ja": "私の娘へ",
      "ko": "내 딸에게",
      "vi": "Gửi con gái của tôi",
      "fr": "À ma fille",
      "it": "A mia figlia",
      "zh-rTW": "獻給我女兒",
      "ru": "Моей дочери",
      "fil": "Para sa Aking Anak na Babae",
      "iw": "לבתי",
      "da": "Til min datter",
      "sv": "Till min dotter",
      "fi": "Tyttärelle",
      "sk": "Pre moju dcéru",
      "nl": "Aan mijn dochter",
      "no": "Til min datter",
      "pl": "Dla mojej córki",
      "ur": "میری بیٹی کے لیے",
      "bn": "আমার মেয়ের জন্য",
      "ms": "Untuk Anak Perempuan Saya",
      "tr": "Kızıma",
      "fa": "برای دخترم"
    }
  },
  {
    "user_type": "non_pro",
    "url": "https://facedance.fra1.cdn.digitaloceanspaces.com/iMagic_FaceDance_videos/iMagicFaceDance3.webp",
    "cat_name_localised": {
      "en": "Get Well Soon",
      "hi": "जल्द ठीक हो जाओ",
      "pt": "Melhoras",
      "es": "Que te mejores pronto",
      "th": "ขอให้หายไว ๆ",
      "ar": "أتمنى لك الشفاء العاجل",
      "zh": "早日康复",
      "de": "Gute Besserung",
      "in": "Lekas sembuh",
      "ja": "お大事に",
      "ko": "빨리 나아",
      "vi": "Chúc mau khỏe",
      "fr": "Bon rétablissement",
      "it": "Guarisci presto",
      "zh-rTW": "早日康復",
      "ru": "Скорейшего выздоровления",
      "fil": "Gumaling ka kaagad",
      "iw": "החלמה מהירה",
      "da": "God bedring",
      "sv": "Krya på dig",
      "fi": "Parane pian",
      "sk": "Skoré uzdravenie",
      "nl": "Beterschap",
      "no": "God bedring",
      "pl": "Szybkiego powrotu do zdrowia",
      "ur": "جلد صحت یاب ہو جاؤ",
      "bn": "শীঘ্রই সেরে উঠো",
      "ms": "Semoga lekas sembuh",
      "tr": "Geçmiş olsun",
      "fa": "زود خوب شو"
    }
  },
  {
    "user_type": "non_pro",
    "url": "https://facedance.fra1.cdn.digitaloceanspaces.com/iMagic_FaceDance_videos/iMagicFaceDance4.webp",
    "cat_name_localised": {
      "en": "Funny video",
      "hi": "मज़ेदार वीडियो",
      "pt": "Vídeo engraçado",
      "es": "Vídeo divertido",
      "th": "วิดีโอตลก",
      "ar": "فيديو مضحك",
      "zh": "搞笑视频",
      "de": "Lustiges Video",
      "in": "Video Lucu",
      "ja": "面白い動画",
      "ko": "웃긴 영상",
      "vi": "Video hài hước",
      "fr": "Vidéo drôle",
      "it": "Video divertente",
      "zh-rTW": "搞笑影片",
      "ru": "Смешное видео",
      "fil": "Nakakatawang Video",
      "iw": "וידאו מצחיק",
      "da": "Sjov video",
      "sv": "Rolig video",
      "fi": "Hauska video",
      "sk": "Vtipné video",
      "nl": "Grappige video",
      "no": "Morsom video",
      "pl": "Zabawne wideo",
      "ur": "مضحکہ خیز ویڈیو",
      "bn": "মজার ভিডিও",
      "ms": "Video lucu",
      "tr": "Komik video",
      "fa": "ویدیوی خنده‌دار"
    }
  },
  {
    "user_type": "non_pro",
    "url": "https://facedance.fra1.cdn.digitaloceanspaces.com/iMagic_FaceDance_videos/iMagicFaceDance5.webp",
    "cat_name_localised": {
      "en": "You are upset",
      "hi": "आप नाराज़ हैं",
      "pt": "Você está chateado",
      "es": "Estás molesto",
      "th": "คุณไม่พอใจ",
      "ar": "أنت منزعج",
      "zh": "你很难过",
      "de": "Du bist verärgert",
      "in": "Kamu sedang kesal",
      "ja": "あなたは怒っています",
      "ko": "당신은 화가 났어요",
      "vi": "Bạn đang buồn bực",
      "fr": "Tu es contrarié",
      "it": "Sei arrabbiato",
      "zh-rTW": "你很難過",
      "ru": "Ты расстроен",
      "fil": "Ikaw ay nababahala",
      "iw": "אתה נסער",
      "da": "Du er ked af det",
      "sv": "Du är upprörd",
      "fi": "Olet järkyttynyt",
      "sk": "Si nahnevaný",
      "nl": "Je bent van streek",
      "no": "Du er opprørt",
      "pl": "Jesteś zdenerwowany",
      "ur": "آپ ناراض ہیں",
      "bn": "তুমি বিরক্ত",
      "ms": "Anda kecewa",
      "tr": "Üzgünsün",
      "fa": "ناراحتی"
    }
  },
  {
    "user_type": "non_pro",
    "url": "https://facedance.fra1.cdn.digitaloceanspaces.com/iMagic_FaceDance_videos/iMagicFaceDance6.webp",
    "cat_name_localised": {
      "en": "Cutest dancer on two legs",
      "hi": "दो पैरों पर सबसे प्यारा नर्तक",
      "pt": "Dançarino Mais Fofo em Duas Pernas",
      "es": "Bailarín Más Adorable en Dos Patas",
      "th": "นักเต้นที่น่ารักที่สุดบนสองขา",
      "ar": "ألطف راقص على قدمين",
      "zh": "最可爱的双腿舞者",
      "de": "Süßester Tänzer auf zwei Beinen",
      "in": "Penari Tercute di Dua Kaki",
      "ja": "二本足で最もかわいいダンサー",
      "ko": "두 발로 춤추는 가장 귀여운 댄서",
      "vi": "Vũ Công Dễ Thương Nhất trên Hai Chân",
      "fr": "Le Danseur le Plus Mignon sur Deux Jambes",
      "it": "Il Ballerino Più Carino su Due Gambe",
      "zh-rTW": "最可愛的雙腿舞者",
      "ru": "Самый милый танцор на двух ногах",
      "fil": "Pinaka-Cute na Mananayaw sa Dalawang Paa",
      "iw": "הרקדן הכי חמוד על שתי רגליים",
      "da": "Sødeste Danser på To Ben",
      "sv": "Sötaste Dansaren på Två Ben",
      "fi": "Söpöin Tanssija Kahdella Jalkaa",
      "sk": "Najroztomilejší Tanečník na Dvoch Nohách",
      "nl": "Schattigste Danser op Twee Benen",
      "no": "Søteste Danser på To Bein",
      "pl": "Najsłodszy Tancerz na Dwóch Nogach",
      "ur": "دو ٹانگوں پر سب سے پیارا رقاص",
      "bn": "দুই পায়ের উপর সবচেয়ে সুন্দর নৃত্যশিল্পী",
      "ms": "Penari Paling Comel dengan Dua Kaki",
      "tr": "İki Bacak Üzerinde En Sevimli Dansçı",
      "fa": "بامزه‌ترین رقاص روی دو پا"
    }
  },
  {
    "user_type": "non_pro",
    "url": "https://facedance.fra1.cdn.digitaloceanspaces.com/iMagic_FaceDance_videos/iMagicFaceDance7.webp",
    "cat_name_localised": {
      "en": "Music of Michael",
      "hi": "माइकल का संगीत",
      "pt": "Música de Michael",
      "es": "Música de Michael",
      "th": "ดนตรีของไมเคิล",
      "ar": "موسيقى مايكل",
      "zh": "迈克尔的音乐",
      "de": "Musik von Michael",
      "in": "Musik Michael",
      "ja": "マイケルの音楽",
      "ko": "마이클의 음악",
      "vi": "Nhạc của Michael",
      "fr": "Musique de Michael",
      "it": "Musica di Michael",
      "zh-rTW": "麥可的音樂",
      "ru": "Музыка Майкла",
      "fil": "Musika ni Michael",
      "iw": "המוזיקה של מייקל",
      "da": "Michaels musik",
      "sv": "Michaels musik",
      "fi": "Michaelin musiikki",
      "sk": "Hudba Michaela",
      "nl": "Muziek van Michael",
      "no": "Musikk av Michael",
      "pl": "Muzyka Michaela",
      "ur": "مائیکل کی موسیقی",
      "bn": "মাইকেলের সঙ্গীত",
      "ms": "Muzik Michael",
      "tr": "Michael'ın Müziği",
      "fa": "موسیقی مایکل"
    }
  },
  {
    "user_type": "non_pro",
    "url": "https://facedance.fra1.cdn.digitaloceanspaces.com/iMagic_FaceDance_videos/iMagicFaceDance8.webp",
    "cat_name_localised": {
      "en": "I don't Forever",
      "hi": "मैं हमेशा नहीं करता",
      "pt": "Eu não para sempre",
      "es": "Yo no para siempre",
      "th": "ฉันไม่ตลอดไป",
      "ar": "أنا لا إلى الأبد",
      "zh": "我不会永远",
      "de": "Ich tue es nicht für immer",
      "in": "Saya tidak selamanya",
      "ja": "私は永遠にしない",
      "ko": "나는 영원히 하지 않아",
      "vi": "Tôi không mãi mãi",
      "fr": "Je ne fais pas pour toujours",
      "it": "Io non per sempre",
      "zh-rTW": "我不會永遠",
      "ru": "Я не навсегда",
      "fil": "Hindi ako magpakailanman",
      "iw": "אני לא לנצח",
      "da": "Jeg gør det ikke for evigt",
      "sv": "Jag gör det inte för alltid",
      "fi": "En tee ikuisesti",
      "sk": "Nerobím to navždy",
      "nl": "Ik doe het niet voor altijd",
      "no": "Jeg gjør det ikke for alltid",
      "pl": "Nie robię tego na zawsze",
      "ur": "میں ہمیشہ نہیں کرتا",
      "bn": "আমি চিরকাল করি না",
      "ms": "Saya tidak selama-lamanya",
      "tr": "Ben sonsuza dek yapmam",
      "fa": "من برای همیشه این کار را نمی‌کنم"
    }
  },
  {
    "user_type": "non_pro",
    "url": "https://facedance.fra1.cdn.digitaloceanspaces.com/iMagic_FaceDance_videos/iMagicFaceDance9.webp",
    "cat_name_localised": {
      "en": "Rock Walk Chalk",
      "hi": "रॉक वॉक चॉक",
      "pt": "Rocha Caminhada Giz",
      "es": "Piedra Caminar Tiza",
      "th": "ร็อควอล์คชอล์ก",
      "ar": "روك ووك تشوك",
      "zh": "岩石 行走 粉笔",
      "de": "Fels Gang Kreide",
      "in": "Batu Jalan Kapur",
      "ja": "ロック ウォーク チョーク",
      "ko": "바위 걷기 분필",
      "vi": "Đá Đi Bộ Phấn",
      "fr": "Roche Marche Craie",
      "it": "Roccia Passeggiata Gesso",
      "zh-rTW": "岩石 行走 粉筆",
      "ru": "Камень Прогулка Мел",
      "fil": "Bato Lakad Tisa",
      "iw": "סלע הליכה גיר",
      "da": "Sten Gå Kridt",
      "sv": "Sten Promenad Krita",
      "fi": "Kivi Kävely Liitu",
      "sk": "Skala Prechádzka Krieda",
      "nl": "Steen Wandeling Krijt",
      "no": "Stein Gåtur Kritt",
      "pl": "Skała Spacer Kredą",
      "ur": "چٹان چہل قدمی چاک",
      "bn": "পাথর হাঁটা চক",
      "ms": "Batu Berjalan Kapur",
      "tr": "Kaya Yürüyüş Tebeşir",
      "fa": "سنگ راه رفتن گچ"
    }
  },
  {
    "user_type": "non_pro",
    "url": "https://facedance.fra1.cdn.digitaloceanspaces.com/iMagic_FaceDance_videos/iMagicFaceDance10.webp",
    "cat_name_localised": {
      "en": "Silly Sync",
      "hi": "मज़ेदार तालमेल",
      "pt": "Sincronia Engraçada",
      "es": "Sincronía Tonta",
      "th": "ซิงค์ขำๆ",
      "ar": "تزامن سخيف",
      "zh": "搞笑同步",
      "de": "Lustige Synchronisation",
      "in": "Sinkron Kocak",
      "ja": "おかしなシンク",
      "ko": "우스운 싱크",
      "vi": "Đồng Bộ Ngớ Ngẩn",
      "fr": "Synchronisation Loufoque",
      "it": "Sincronizzazione Buffa",
      "zh-rTW": "搞笑同步",
      "ru": "Смешная Синхронизация",
      "fil": "Nakakatawang Sync",
      "iw": "סינק מצחיק",
      "da": "Fjollet Synkronisering",
      "sv": "Tokig Synk",
      "fi": "Hassu Synkkaus",
      "sk": "Smiešna Synchronizácia",
      "nl": "Gekke Synchronisatie",
      "no": "Tullete Synk",
      "pl": "Dziwna Synchronizacja",
      "ur": "مضحکہ خیز ہم وقت سازی",
      "bn": "মজার সিঙ্ক",
      "ms": "Penyegerakan Kelakar",
      "tr": "Komik Senkron",
      "fa": "همگام‌سازی احمقانه"
    }
  }
]
