{
  "project_info": {
    "project_number": "682002435688",
    "project_id": "rohitmagic-6e7e6",
    "storage_bucket": "rohitmagic-6e7e6.firebasestorage.app"
  },
  "client": [
    {
      "client_info": {
        "mobilesdk_app_id": "1:682002435688:android:4b02d7252643a52b8275dd",
        "android_client_info": {
          "package_name": "com.ro.hith.imagic"
        }
      },
      "oauth_client": [],
      "api_key": [
        {
          "current_key": "AIzaSyC_0nlgBoTy15egIvrO8xW1bCpaDecFg4Q"
        }
      ],
      "services": {
        "appinvite_service": {
          "other_platform_oauth_client": []
        }
      }
    }
  ],
  "configuration_version": "1"
}