{
  "project_info": {
    "project_number": "90114996130",
    "project_id": "gallery-gitvalley",
    "storage_bucket": "gallery-gitvalley.appspot.com"
  },
  "client": [
    {
      "client_info": {
        "mobilesdk_app_id": "1:90114996130:android:554e8fd99ce4797f0064fb",
        "android_client_info": {
          "package_name": "com.picturephoto.gallery.app"
        }
      },
      "oauth_client": [],
      "api_key": [
        {
          "current_key": "AIzaSyAYn_Y6QB8GvALAz5dTDEcYNGuqJZUvHWE"
        }
      ],
      "services": {
        "appinvite_service": {
          "other_platform_oauth_client": []
        }
      }
    }
  ],
  "configuration_version": "1"
}