{
  "project_info": {
    "project_number": "933603671374",
    "project_id": "gallery-app-toonboon",
    "storage_bucket": "gallery-app-toonboon.appspot.com"
  },
  "client": [
    {
      "client_info": {
        "mobilesdk_app_id": "1:933603671374:android:4e8ca4d7e614ccaa85721f",
        "android_client_info": {
          "package_name": "com.gallery.photo.image.video"
        }
      },
      "oauth_client": [
        {
          "client_id": "933603671374-r5k82dfdf45g1645sdfs654sdgd3t4k8.apps.googleusercontent.com",
          "client_type": 1,
          "android_info": {
            "package_name": "com.gallery.photo.image.video",
            "certificate_hash": "b2f403b455076c775fc46950f92baed230e9e462"
          }
        },
        {
          "client_id": "933603671374-r5k82dfdf45g1645sdfs654sdgd3t4k8.apps.googleusercontent.com",
          "client_type": 3
        }
      ],
      "api_key": [
        {
          "current_key": "AIzaSyCjnLLIBkjBKLjbnVke_ROpQnAshKOXlBE"
        }
      ],
      "services": {
        "appinvite_service": {
          "other_platform_oauth_client": [
            {
              "client_id": "933603671374-r5k82dfdf45g1645sdfs654sdgd3t4k8.apps.googleusercontent.com",
              "client_type": 3
            }
          ]
        }
      },
      "admob_app_id": "ca-app-pub-2750800778809761~3158178081"
    }
  ],
  "configuration_version": "1"
}