{
  "project_info": {
    "project_number": "703045233283",
    "firebase_url": "https://awqat-e-salah-f3e48.firebaseio.com",
    "project_id": "awqat-e-salah-f3e48",
    "storage_bucket": "awqat-e-salah-f3e48.appspot.com"
  },
  "client": [
    {
      "client_info": {
        "mobilesdk_app_id": "1:703045233283:android:d240d3191857f6cb",
        "android_client_info": {
          "package_name": "com.awqatesalah.awqaat_e_salaah"
        }
      },
      "oauth_client": [
        {
          "client_id": "703045233283-n0717b9dsucgif9k4atn78mqqjrcpq73.apps.googleusercontent.com",
          "client_type": 3
        }
      ],
      "api_key": [
        {
          "current_key": "AIzaSyAkb3M16l3LUV_aMhq3xaSstdmeWKJNBw0"
        }
      ],
      "services": {
        "analytics_service": {
          "status": 1
        },
        "appinvite_service": {
          "status": 1,
          "other_platform_oauth_client": []
        },
        "ads_service": {
          "status": 2
        }
      }
    }
  ],
  "configuration_version": "1"
}