{"nm":"Comp 1","mn":"","layers":[{"ty":0,"nm":"particles","mn":"","sr":1,"st":0,"op":159.000006476203,"ip":0,"hd":false,"cl":"","ln":"","ddd":0,"bm":0,"hasMask":false,"ao":0,"ks":{"a":{"a":0,"k":[250,250,0],"ix":1},"s":{"a":0,"k":[145,145,100],"ix":6},"sk":{"a":0,"k":0},"p":{"a":0,"k":[250,250,0],"ix":2},"r":{"a":0,"k":51,"ix":10},"sa":{"a":0,"k":0},"o":{"a":0,"k":22,"ix":11}},"ef":[],"w":500,"h":500,"refId":"comp_0","ind":1},{"ty":0,"nm":"particles","mn":"","sr":1,"st":0,"op":159.000006476203,"ip":0,"hd":false,"cl":"","ln":"","ddd":0,"bm":0,"hasMask":false,"ao":0,"ks":{"a":{"a":0,"k":[250,250,0],"ix":1},"s":{"a":0,"k":[100,100,100],"ix":6},"sk":{"a":0,"k":0},"p":{"a":0,"k":[250,250,0],"ix":2},"r":{"a":0,"k":0,"ix":10},"sa":{"a":0,"k":0},"o":{"a":0,"k":100,"ix":11}},"ef":[],"w":500,"h":500,"refId":"comp_0","ind":2},{"ty":0,"nm":"Pre-comp 5","mn":"","sr":1,"st":0,"op":149.000006068894,"ip":0,"hd":false,"cl":"","ln":"","ddd":0,"bm":0,"hasMask":false,"ao":0,"ks":{"a":{"a":0,"k":[250,250,0],"ix":1},"s":{"a":0,"k":[-100,100,100],"ix":6},"sk":{"a":0,"k":0},"p":{"a":0,"k":[250,250,0],"ix":2},"r":{"a":0,"k":112,"ix":10},"sa":{"a":0,"k":0},"o":{"a":0,"k":16,"ix":11}},"ef":[],"w":500,"h":500,"refId":"comp_3","ind":3},{"ty":0,"nm":"Pre-comp 5","mn":"","sr":1,"st":0,"op":149.000006068894,"ip":0,"hd":false,"cl":"","ln":"","ddd":0,"bm":0,"hasMask":false,"ao":0,"ks":{"a":{"a":0,"k":[250,250,0],"ix":1},"s":{"a":0,"k":[100,100,100],"ix":6},"sk":{"a":0,"k":0},"p":{"a":0,"k":[250,250,0],"ix":2},"r":{"a":0,"k":0,"ix":10},"sa":{"a":0,"k":0},"o":{"a":0,"k":100,"ix":11}},"ef":[],"w":500,"h":500,"refId":"comp_3","ind":4}],"ddd":0,"h":500,"w":500,"meta":{"a":"","k":"","d":"","g":"@lottiefiles/toolkit-js 0.22.1","tc":"#000000"},"v":"5.4.1","fr":29.9700012207031,"op":147.000005987433,"ip":0,"assets":[{"nm":"","mn":"","layers":[{"ty":0,"nm":"particle","mn":"","sr":1,"st":11.0000004480392,"op":159.000006476203,"ip":11.0000004480392,"hd":false,"cl":"","ln":"","ddd":0,"bm":0,"hasMask":false,"ao":0,"ks":{"a":{"a":0,"k":[250,250,0],"ix":1},"s":{"a":0,"k":[76,76,100],"ix":6},"sk":{"a":0,"k":0},"p":{"a":0,"k":[250,250,0],"ix":2},"r":{"a":0,"k":43,"ix":10},"sa":{"a":0,"k":0},"o":{"a":0,"k":37,"ix":11}},"ef":[],"w":500,"h":500,"refId":"comp_1","ind":1},{"ty":0,"nm":"particle","mn":"","sr":1,"st":3.00000012219251,"op":151.000006150356,"ip":3.00000012219251,"hd":false,"cl":"","ln":"","ddd":0,"bm":0,"hasMask":false,"ao":0,"ks":{"a":{"a":0,"k":[250,250,0],"ix":1},"s":{"a":0,"k":[56,56,100],"ix":6},"sk":{"a":0,"k":0},"p":{"a":0,"k":[250,250,0],"ix":2},"r":{"a":0,"k":64,"ix":10},"sa":{"a":0,"k":0},"o":{"a":0,"k":100,"ix":11}},"ef":[],"w":500,"h":500,"refId":"comp_2","ind":2},{"ty":0,"nm":"particle","mn":"","sr":1,"st":0,"op":148.000006028164,"ip":0,"hd":false,"cl":"","ln":"","ddd":0,"bm":0,"hasMask":false,"ao":0,"ks":{"a":{"a":0,"k":[250,250,0],"ix":1},"s":{"a":0,"k":[100,100,100],"ix":6},"sk":{"a":0,"k":0},"p":{"a":0,"k":[250,250,0],"ix":2},"r":{"a":0,"k":0,"ix":10},"sa":{"a":0,"k":0},"o":{"a":0,"k":100,"ix":11}},"ef":[],"w":500,"h":500,"refId":"comp_2","ind":3}],"id":"comp_0"},{"nm":"","mn":"","layers":[{"ty":0,"nm":"particle","mn":"","sr":1,"st":0,"op":148.000006028164,"ip":0,"hd":false,"cl":"","ln":"","ddd":0,"bm":0,"hasMask":false,"ao":0,"ks":{"a":{"a":0,"k":[250,250,0],"ix":1},"s":{"a":0,"k":[56,56,100],"ix":6},"sk":{"a":0,"k":0},"p":{"a":0,"k":[250,250,0],"ix":2},"r":{"a":0,"k":64,"ix":10},"sa":{"a":0,"k":0},"o":{"a":0,"k":100,"ix":11}},"ef":[],"w":500,"h":500,"refId":"comp_2","ind":1},{"ty":0,"nm":"particle","mn":"","sr":1,"st":0,"op":148.000006028164,"ip":0,"hd":false,"cl":"","ln":"","ddd":0,"bm":0,"hasMask":false,"ao":0,"ks":{"a":{"a":0,"k":[250,250,0],"ix":1},"s":{"a":0,"k":[100,100,100],"ix":6},"sk":{"a":0,"k":0},"p":{"a":0,"k":[250,250,0],"ix":2},"r":{"a":0,"k":0,"ix":10},"sa":{"a":0,"k":0},"o":{"a":0,"k":100,"ix":11}},"ef":[],"w":500,"h":500,"refId":"comp_2","ind":2}],"id":"comp_1"},{"nm":"","mn":"","layers":[{"ty":4,"nm":"Shape Layer 13","mn":"","sr":1,"st":0,"op":119.000004846969,"ip":0,"hd":false,"cl":"","ln":"","ddd":0,"bm":0,"hasMask":false,"ao":0,"ks":{"a":{"a":0,"k":[-38,69,0],"ix":1},"s":{"a":1,"k":[{"o":{"x":0.333,"y":0},"i":{"x":0.667,"y":1},"s":[0,0,100],"t":0},{"o":{"x":0.167,"y":0.167},"i":{"x":0.833,"y":0.833},"s":[100,100,100],"t":40.0000016292334}],"ix":6},"sk":{"a":0,"k":0},"p":{"a":1,"k":[{"o":{"x":0.333,"y":0},"i":{"x":0.667,"y":1},"s":[243,260,0],"t":0,"ti":[-188.66667175293,2.16666674613953,0],"to":[29.6666660308838,59.8333320617676,0]},{"o":{"x":0.167,"y":0.167},"i":{"x":0.833,"y":0.833},"s":[359,453,0],"t":119.000004846969}],"ix":2},"r":{"a":0,"k":0,"ix":10},"sa":{"a":0,"k":0},"o":{"a":1,"k":[{"o":{"x":0.167,"y":0.167},"i":{"x":0.833,"y":0.833},"s":[100],"t":73},{"o":{"x":0.167,"y":0.167},"i":{"x":0.833,"y":0.833},"s":[0],"t":118.000004806239}],"ix":11}},"ef":[],"shapes":[{"ty":"gr","bm":0,"cl":"","ln":"","hd":false,"mn":"ADBE Vector Group","nm":"Ellipse 1","ix":1,"cix":2,"np":3,"it":[{"ty":"el","bm":0,"cl":"","ln":"","hd":false,"mn":"ADBE Vector Shape - Ellipse","nm":"Ellipse Path 1","d":1,"p":{"a":0,"k":[0,0],"ix":3},"s":{"a":0,"k":[10,10],"ix":2}},{"ty":"st","bm":0,"cl":"","ln":"","hd":false,"mn":"ADBE Vector Graphic - Stroke","nm":"Stroke 1","lc":1,"lj":1,"ml":4,"o":{"a":0,"k":0,"ix":4},"w":{"a":0,"k":5,"ix":5},"d":[],"c":{"a":0,"k":[0.02,0.5427,1,1],"ix":3}},{"ty":"fl","bm":0,"cl":"","ln":"","hd":false,"mn":"ADBE Vector Graphic - Fill","nm":"Fill 1","c":{"a":0,"k":[0.08,0.5707,1,1],"ix":4},"r":1,"o":{"a":0,"k":100,"ix":5}},{"ty":"tr","a":{"a":0,"k":[0,0],"ix":1},"s":{"a":0,"k":[100,100],"ix":3},"sk":{"a":0,"k":0,"ix":4},"p":{"a":0,"k":[-38,69],"ix":2},"r":{"a":0,"k":0,"ix":6},"sa":{"a":0,"k":0,"ix":5},"o":{"a":0,"k":100,"ix":7}}]}],"ind":1},{"ty":4,"nm":"Shape Layer 12","mn":"","sr":1,"st":0,"op":131.000005335739,"ip":0,"hd":false,"cl":"","ln":"","ddd":0,"bm":0,"hasMask":false,"ao":0,"ks":{"a":{"a":0,"k":[-38,69,0],"ix":1},"s":{"a":1,"k":[{"o":{"x":0.333,"y":0},"i":{"x":0.667,"y":1},"s":[0,0,100],"t":0},{"o":{"x":0.167,"y":0.167},"i":{"x":0.833,"y":0.833},"s":[100,100,100],"t":40.0000016292334}],"ix":6},"sk":{"a":0,"k":0},"p":{"a":1,"k":[{"o":{"x":0.333,"y":0},"i":{"x":0.667,"y":1},"s":[243,260,0],"t":0,"ti":[19.3333339691162,163.16667175293,0],"to":[-87.3333358764648,-126.166664123535,0]},{"o":{"x":0.167,"y":0.167},"i":{"x":0.833,"y":0.833},"s":[440,69,0],"t":130.000005295009}],"ix":2},"r":{"a":0,"k":0,"ix":10},"sa":{"a":0,"k":0},"o":{"a":1,"k":[{"o":{"x":0.167,"y":0.167},"i":{"x":0.833,"y":0.833},"s":[100],"t":84},{"o":{"x":0.167,"y":0.167},"i":{"x":0.833,"y":0.833},"s":[0],"t":129.000005254278}],"ix":11}},"ef":[],"shapes":[{"ty":"gr","bm":0,"cl":"","ln":"","hd":false,"mn":"ADBE Vector Group","nm":"Ellipse 1","ix":1,"cix":2,"np":3,"it":[{"ty":"el","bm":0,"cl":"","ln":"","hd":false,"mn":"ADBE Vector Shape - Ellipse","nm":"Ellipse Path 1","d":1,"p":{"a":0,"k":[0,0],"ix":3},"s":{"a":0,"k":[10,10],"ix":2}},{"ty":"st","bm":0,"cl":"","ln":"","hd":false,"mn":"ADBE Vector Graphic - Stroke","nm":"Stroke 1","lc":1,"lj":1,"ml":4,"o":{"a":0,"k":0,"ix":4},"w":{"a":0,"k":5,"ix":5},"d":[],"c":{"a":0,"k":[0,0.5333,1,1],"ix":3}},{"ty":"fl","bm":0,"cl":"","ln":"","hd":false,"mn":"ADBE Vector Graphic - Fill","nm":"Fill 1","c":{"a":0,"k":[0,0.5333,1,1],"ix":4},"r":1,"o":{"a":0,"k":100,"ix":5}},{"ty":"tr","a":{"a":0,"k":[0,0],"ix":1},"s":{"a":0,"k":[100,100],"ix":3},"sk":{"a":0,"k":0,"ix":4},"p":{"a":0,"k":[-38,69],"ix":2},"r":{"a":0,"k":0,"ix":6},"sa":{"a":0,"k":0,"ix":5},"o":{"a":0,"k":100,"ix":7}}]}],"ind":2},{"ty":4,"nm":"Shape Layer 11","mn":"","sr":1,"st":0,"op":148.000006028164,"ip":0,"hd":false,"cl":"","ln":"","ddd":0,"bm":0,"hasMask":false,"ao":0,"ks":{"a":{"a":0,"k":[-38,69,0],"ix":1},"s":{"a":1,"k":[{"o":{"x":0.333,"y":0},"i":{"x":0.667,"y":1},"s":[0,0,100],"t":0},{"o":{"x":0.167,"y":0.167},"i":{"x":0.833,"y":0.833},"s":[100,100,100],"t":40.0000016292334}],"ix":6},"sk":{"a":0,"k":0},"p":{"a":1,"k":[{"o":{"x":0.167,"y":0.167},"i":{"x":0.833,"y":0.833},"s":[243,260,0],"t":0,"ti":[26.3333339691162,163.16667175293,0],"to":[-87.3333358764648,-126.166664123535,0]},{"o":{"x":0.167,"y":0.167},"i":{"x":0.833,"y":0.833},"s":[61,43,0],"t":147.000005987433}],"ix":2},"r":{"a":0,"k":0,"ix":10},"sa":{"a":0,"k":0},"o":{"a":1,"k":[{"o":{"x":0.167,"y":0.167},"i":{"x":0.833,"y":0.833},"s":[100],"t":101},{"o":{"x":0.167,"y":0.167},"i":{"x":0.833,"y":0.833},"s":[0],"t":146.000005946702}],"ix":11}},"ef":[],"shapes":[{"ty":"gr","bm":0,"cl":"","ln":"","hd":false,"mn":"ADBE Vector Group","nm":"Ellipse 1","ix":1,"cix":2,"np":3,"it":[{"ty":"el","bm":0,"cl":"","ln":"","hd":false,"mn":"ADBE Vector Shape - Ellipse","nm":"Ellipse Path 1","d":1,"p":{"a":0,"k":[0,0],"ix":3},"s":{"a":0,"k":[10,10],"ix":2}},{"ty":"st","bm":0,"cl":"","ln":"","hd":false,"mn":"ADBE Vector Graphic - Stroke","nm":"Stroke 1","lc":1,"lj":1,"ml":4,"o":{"a":0,"k":0,"ix":4},"w":{"a":0,"k":5,"ix":5},"d":[],"c":{"a":0,"k":[0.08,0.5707,1,1],"ix":3}},{"ty":"fl","bm":0,"cl":"","ln":"","hd":false,"mn":"ADBE Vector Graphic - Fill","nm":"Fill 1","c":{"a":0,"k":[0,0.5333,1,1],"ix":4},"r":1,"o":{"a":0,"k":100,"ix":5}},{"ty":"tr","a":{"a":0,"k":[0,0],"ix":1},"s":{"a":0,"k":[100,100],"ix":3},"sk":{"a":0,"k":0,"ix":4},"p":{"a":0,"k":[-38,69],"ix":2},"r":{"a":0,"k":0,"ix":6},"sa":{"a":0,"k":0,"ix":5},"o":{"a":0,"k":100,"ix":7}}]}],"ind":3}],"id":"comp_2"},{"nm":"","mn":"","layers":[{"ty":4,"nm":"Shape Layer 6","mn":"","sr":1,"st":0,"op":609.000024805079,"ip":0,"hd":false,"cl":"","ln":"","ddd":0,"bm":0,"hasMask":false,"ao":0,"ks":{"a":{"a":0,"k":[0,0,0],"ix":1},"s":{"a":0,"k":[100,100,100],"ix":6},"sk":{"a":0,"k":0},"p":{"a":0,"k":[250,250,0],"ix":2},"r":{"a":1,"k":[{"o":{"x":0.167,"y":0.167},"i":{"x":0.833,"y":0.833},"s":[10],"t":0},{"o":{"x":0.167,"y":0.167},"i":{"x":0.833,"y":0.833},"s":[364],"t":146.000005946702}],"ix":10},"sa":{"a":0,"k":0},"o":{"a":0,"k":29,"ix":11}},"ef":[],"shapes":[{"ty":"gr","bm":0,"cl":"","ln":"","hd":false,"mn":"ADBE Vector Group","nm":"Ellipse 1","ix":1,"cix":2,"np":3,"it":[{"ty":"sh","bm":0,"cl":"","ln":"","hd":false,"mn":"ADBE Vector Shape - Group","nm":"Path 1","ix":1,"d":1,"ks":{"a":1,"k":[{"o":{"x":0.333,"y":0},"i":{"x":0.667,"y":1},"s":[{"c":true,"i":[[-108.248,0],[-34.231,-102.693],[87,-62],[-87,127]],"o":[[108.248,0],[30,90],[-88.153,62.822],[61.176,-89.303]],"v":[[0,-196],[196,0],[55,196],[-141,0]]}],"t":0},{"o":{"x":0.333,"y":0},"i":{"x":0.667,"y":1},"s":[{"c":true,"i":[[-119,-41],[-30.323,-103.914],[104.896,20.243],[-78.419,150.051]],"o":[[102.344,35.261],[39.537,135.487],[-114,-22],[49.993,-95.659]],"v":[[-1.416,-211.459],[196,0],[10.711,211.764],[-57.258,-15.108]]}],"t":35},{"o":{"x":0.333,"y":0},"i":{"x":0.667,"y":1},"s":[{"c":true,"i":[[-80.982,-20.295],[73.415,-79.547],[96.311,46.23],[-128.557,107.054]],"o":[[117.957,29.561],[-119.513,129.496],[-125,-60],[79.06,-65.837]],"v":[[0,-196],[196,0],[55,196],[-141,0]]}],"t":69},{"o":{"x":0.333,"y":0},"i":{"x":0.667,"y":1},"s":[{"c":true,"i":[[-73.636,-39.34],[9.912,-107.793],[54.366,50.928],[23.692,141.462]],"o":[[146,78],[-8.207,89.254],[-135.298,-126.742],[-16.995,-101.47]],"v":[[0,-196],[196,0],[55,196],[-141,0]]}],"t":102},{"o":{"x":0.167,"y":0.167},"i":{"x":0.833,"y":0.833},"s":[{"c":true,"i":[[-108.248,0],[-34.231,-102.693],[87,-62],[-87,127]],"o":[[108.248,0],[30,90],[-88.153,62.822],[61.176,-89.303]],"v":[[0,-196],[196,0],[55,196],[-141,0]]}],"t":146.000005946702}],"ix":2}},{"ty":"st","bm":0,"cl":"","ln":"","hd":false,"mn":"ADBE Vector Graphic - Stroke","nm":"Stroke 1","lc":1,"lj":1,"ml":4,"o":{"a":0,"k":100,"ix":4},"w":{"a":0,"k":2,"ix":5},"d":[],"c":{"a":0,"k":[0.069,0.4861,0.851,1],"ix":3}},{"ty":"fl","bm":0,"cl":"","ln":"","hd":false,"mn":"ADBE Vector Graphic - Fill","nm":"Fill 1","c":{"a":0,"k":[0.5,0.7667,1,1],"ix":4},"r":1,"o":{"a":0,"k":0,"ix":5}},{"ty":"tr","a":{"a":0,"k":[0,0],"ix":1},"s":{"a":0,"k":[100,100],"ix":3},"sk":{"a":0,"k":0,"ix":4},"p":{"a":0,"k":[2,0],"ix":2},"r":{"a":0,"k":174,"ix":6},"sa":{"a":0,"k":0,"ix":5},"o":{"a":0,"k":100,"ix":7}}]}],"ind":1},{"ty":4,"nm":"Shape Layer 5","mn":"","sr":1,"st":0,"op":609.000024805079,"ip":0,"hd":false,"cl":"","ln":"","ddd":0,"bm":0,"hasMask":false,"ao":0,"ks":{"a":{"a":0,"k":[0,0,0],"ix":1},"s":{"a":0,"k":[100,100,100],"ix":6},"sk":{"a":0,"k":0},"p":{"a":0,"k":[250,250,0],"ix":2},"r":{"a":1,"k":[{"o":{"x":0.167,"y":0.167},"i":{"x":0.833,"y":0.833},"s":[4],"t":0},{"o":{"x":0.167,"y":0.167},"i":{"x":0.833,"y":0.833},"s":[364],"t":146.000005946702}],"ix":10},"sa":{"a":0,"k":0},"o":{"a":0,"k":50,"ix":11}},"ef":[],"shapes":[{"ty":"gr","bm":0,"cl":"","ln":"","hd":false,"mn":"ADBE Vector Group","nm":"Ellipse 1","ix":1,"cix":2,"np":3,"it":[{"ty":"sh","bm":0,"cl":"","ln":"","hd":false,"mn":"ADBE Vector Shape - Group","nm":"Path 1","ix":1,"d":1,"ks":{"a":1,"k":[{"o":{"x":0.333,"y":0},"i":{"x":0.667,"y":1},"s":[{"c":true,"i":[[-108.248,0],[-34.231,-102.693],[87,-62],[-87,127]],"o":[[108.248,0],[30,90],[-88.153,62.822],[61.176,-89.303]],"v":[[0,-196],[196,0],[55,196],[-141,0]]}],"t":0},{"o":{"x":0.333,"y":0},"i":{"x":0.667,"y":1},"s":[{"c":true,"i":[[-119,-41],[-30.323,-103.914],[104.896,20.243],[-78.419,150.051]],"o":[[102.344,35.261],[39.537,135.487],[-114,-22],[49.993,-95.659]],"v":[[-1.416,-211.459],[196,0],[10.711,211.764],[-57.258,-15.108]]}],"t":35},{"o":{"x":0.333,"y":0},"i":{"x":0.667,"y":1},"s":[{"c":true,"i":[[-80.982,-20.295],[73.415,-79.547],[96.311,46.23],[-128.557,107.054]],"o":[[117.957,29.561],[-119.513,129.496],[-125,-60],[79.06,-65.837]],"v":[[0,-196],[196,0],[55,196],[-141,0]]}],"t":69},{"o":{"x":0.333,"y":0},"i":{"x":0.667,"y":1},"s":[{"c":true,"i":[[-73.636,-39.34],[9.912,-107.793],[54.366,50.928],[23.692,141.462]],"o":[[146,78],[-8.207,89.254],[-135.298,-126.742],[-16.995,-101.47]],"v":[[0,-196],[196,0],[55,196],[-141,0]]}],"t":102},{"o":{"x":0.167,"y":0.167},"i":{"x":0.833,"y":0.833},"s":[{"c":true,"i":[[-108.248,0],[-34.231,-102.693],[87,-62],[-87,127]],"o":[[108.248,0],[30,90],[-88.153,62.822],[61.176,-89.303]],"v":[[0,-196],[196,0],[55,196],[-141,0]]}],"t":146.000005946702}],"ix":2}},{"ty":"st","bm":0,"cl":"","ln":"","hd":false,"mn":"ADBE Vector Graphic - Stroke","nm":"Stroke 1","lc":1,"lj":1,"ml":4,"o":{"a":0,"k":100,"ix":4},"w":{"a":0,"k":2,"ix":5},"d":[],"c":{"a":0,"k":[0.069,0.4861,0.851,1],"ix":3}},{"ty":"fl","bm":0,"cl":"","ln":"","hd":false,"mn":"ADBE Vector Graphic - Fill","nm":"Fill 1","c":{"a":0,"k":[0.851,0.8784,0.902,1],"ix":4},"r":1,"o":{"a":0,"k":0,"ix":5}},{"ty":"tr","a":{"a":0,"k":[0,0],"ix":1},"s":{"a":0,"k":[100,100],"ix":3},"sk":{"a":0,"k":0,"ix":4},"p":{"a":0,"k":[2,0],"ix":2},"r":{"a":0,"k":174,"ix":6},"sa":{"a":0,"k":0,"ix":5},"o":{"a":0,"k":100,"ix":7}}]}],"ind":2},{"ty":4,"nm":"Shape Layer 3","mn":"","sr":1,"st":0,"op":609.000024805079,"ip":0,"hd":false,"cl":"","ln":"","ddd":0,"bm":0,"hasMask":false,"ao":0,"ks":{"a":{"a":0,"k":[0,0,0],"ix":1},"s":{"a":0,"k":[100,100,100],"ix":6},"sk":{"a":0,"k":0},"p":{"a":0,"k":[250,250,0],"ix":2},"r":{"a":1,"k":[{"o":{"x":0.167,"y":0.167},"i":{"x":0.833,"y":0.833},"s":[0],"t":0},{"o":{"x":0.167,"y":0.167},"i":{"x":0.833,"y":0.833},"s":[360],"t":146.000005946702}],"ix":10},"sa":{"a":0,"k":0},"o":{"a":0,"k":100,"ix":11}},"ef":[],"shapes":[{"ty":"gr","bm":0,"cl":"","ln":"","hd":false,"mn":"ADBE Vector Group","nm":"Ellipse 1","ix":1,"cix":2,"np":3,"it":[{"ty":"sh","bm":0,"cl":"","ln":"","hd":false,"mn":"ADBE Vector Shape - Group","nm":"Path 1","ix":1,"d":1,"ks":{"a":1,"k":[{"o":{"x":0.333,"y":0},"i":{"x":0.667,"y":1},"s":[{"c":true,"i":[[-108.248,0],[-34.231,-102.693],[87,-62],[-87,127]],"o":[[108.248,0],[30,90],[-88.153,62.822],[61.176,-89.303]],"v":[[0,-196],[196,0],[55,196],[-141,0]]}],"t":0},{"o":{"x":0.333,"y":0},"i":{"x":0.667,"y":1},"s":[{"c":true,"i":[[-119,-41],[-30.323,-103.914],[104.896,20.243],[-78.419,150.051]],"o":[[102.344,35.261],[39.537,135.487],[-114,-22],[49.993,-95.659]],"v":[[-1.416,-211.459],[196,0],[10.711,211.764],[-57.258,-15.108]]}],"t":35},{"o":{"x":0.333,"y":0},"i":{"x":0.667,"y":1},"s":[{"c":true,"i":[[-80.982,-20.295],[73.415,-79.547],[96.311,46.23],[-128.557,107.054]],"o":[[117.957,29.561],[-119.513,129.496],[-125,-60],[79.06,-65.837]],"v":[[0,-196],[196,0],[55,196],[-141,0]]}],"t":69},{"o":{"x":0.333,"y":0},"i":{"x":0.667,"y":1},"s":[{"c":true,"i":[[-73.636,-39.34],[9.912,-107.793],[54.366,50.928],[23.692,141.462]],"o":[[146,78],[-8.207,89.254],[-135.298,-126.742],[-16.995,-101.47]],"v":[[0,-196],[196,0],[55,196],[-141,0]]}],"t":102},{"o":{"x":0.167,"y":0.167},"i":{"x":0.833,"y":0.833},"s":[{"c":true,"i":[[-108.248,0],[-34.231,-102.693],[87,-62],[-87,127]],"o":[[108.248,0],[30,90],[-88.153,62.822],[61.176,-89.303]],"v":[[0,-196],[196,0],[55,196],[-141,0]]}],"t":146.000005946702}],"ix":2}},{"ty":"st","bm":0,"cl":"","ln":"","hd":false,"mn":"ADBE Vector Graphic - Stroke","nm":"Stroke 1","lc":1,"lj":1,"ml":4,"o":{"a":0,"k":100,"ix":4},"w":{"a":0,"k":2,"ix":5},"d":[],"c":{"a":0,"k":[0.069,0.4861,0.851,1],"ix":3}},{"ty":"fl","bm":0,"cl":"","ln":"","hd":false,"mn":"ADBE Vector Graphic - Fill","nm":"Fill 1","c":{"a":0,"k":[0.5,0.7667,1,1],"ix":4},"r":1,"o":{"a":0,"k":0,"ix":5}},{"ty":"tr","a":{"a":0,"k":[0,0],"ix":1},"s":{"a":0,"k":[100,100],"ix":3},"sk":{"a":0,"k":0,"ix":4},"p":{"a":0,"k":[2,0],"ix":2},"r":{"a":0,"k":174,"ix":6},"sa":{"a":0,"k":0,"ix":5},"o":{"a":0,"k":100,"ix":7}}]}],"ind":3},{"ty":4,"nm":"Shape Layer 8","mn":"","sr":1,"st":0,"op":609.000024805079,"ip":0,"hd":false,"cl":"","ln":"","ddd":0,"bm":0,"hasMask":false,"ao":0,"ks":{"a":{"a":0,"k":[0,0,0],"ix":1},"s":{"a":0,"k":[100,100,100],"ix":6},"sk":{"a":0,"k":0},"p":{"a":0,"k":[250,250,0],"ix":2},"r":{"a":1,"k":[{"o":{"x":0.167,"y":0.167},"i":{"x":0.833,"y":0.833},"s":[9],"t":0},{"o":{"x":0.167,"y":0.167},"i":{"x":0.833,"y":0.833},"s":[369],"t":146.000005946702}],"ix":10},"sa":{"a":0,"k":0},"o":{"a":0,"k":32,"ix":11}},"ef":[],"shapes":[{"ty":"gr","bm":0,"cl":"","ln":"","hd":false,"mn":"ADBE Vector Group","nm":"Ellipse 1","ix":1,"cix":2,"np":3,"it":[{"ty":"sh","bm":0,"cl":"","ln":"","hd":false,"mn":"ADBE Vector Shape - Group","nm":"Path 1","ix":1,"d":1,"ks":{"a":1,"k":[{"o":{"x":0.333,"y":0},"i":{"x":0.667,"y":1},"s":[{"c":true,"i":[[-108.248,0],[-34.231,-102.693],[87,-62],[-87,127]],"o":[[108.248,0],[30,90],[-88.153,62.822],[61.176,-89.303]],"v":[[0,-196],[196,0],[55,196],[-141,0]]}],"t":0},{"o":{"x":0.333,"y":0},"i":{"x":0.667,"y":1},"s":[{"c":true,"i":[[-119,-41],[31.105,-103.683],[104.896,20.243],[35.656,149.755]],"o":[[102.344,35.261],[-33,110],[-114,-22],[-25,-105]],"v":[[0,-196],[196,0],[55,196],[-141,0]]}],"t":35},{"o":{"x":0.333,"y":0},"i":{"x":0.667,"y":1},"s":[{"c":true,"i":[[-167.87,25.909],[104.33,-28.858],[0.101,-122.225],[-61.689,141.041]],"o":[[144.066,-22.235],[-208.901,57.784],[-0.114,138.654],[64.474,-147.409]],"v":[[0,-196],[196,0],[55,196],[-141,0]]}],"t":69},{"o":{"x":0.333,"y":0},"i":{"x":0.667,"y":1},"s":[{"c":true,"i":[[-73.636,-39.34],[80.69,-72.157],[42.39,-112.759],[-67.612,61.515]],"o":[[146,78],[-59.46,53.172],[-65.236,173.531],[76.1,-69.237]],"v":[[0,-196],[196,0],[55,196],[-141,0]]}],"t":102},{"o":{"x":0.167,"y":0.167},"i":{"x":0.833,"y":0.833},"s":[{"c":true,"i":[[-108.248,0],[-34.231,-102.693],[87,-62],[-87,127]],"o":[[108.248,0],[30,90],[-88.153,62.822],[61.176,-89.303]],"v":[[0,-196],[196,0],[55,196],[-141,0]]}],"t":146.000005946702}],"ix":2}},{"ty":"st","bm":0,"cl":"","ln":"","hd":false,"mn":"ADBE Vector Graphic - Stroke","nm":"Stroke 1","lc":1,"lj":1,"ml":4,"o":{"a":0,"k":100,"ix":4},"w":{"a":0,"k":2,"ix":5},"d":[],"c":{"a":0,"k":[0.5,0.7667,1,1],"ix":3}},{"ty":"fl","bm":0,"cl":"","ln":"","hd":false,"mn":"ADBE Vector Graphic - Fill","nm":"Fill 1","c":{"a":0,"k":[0.5,0.7667,1,1],"ix":4},"r":1,"o":{"a":0,"k":0,"ix":5}},{"ty":"tr","a":{"a":0,"k":[0,0],"ix":1},"s":{"a":0,"k":[100,100],"ix":3},"sk":{"a":0,"k":0,"ix":4},"p":{"a":0,"k":[2,0],"ix":2},"r":{"a":0,"k":63,"ix":6},"sa":{"a":0,"k":0,"ix":5},"o":{"a":0,"k":100,"ix":7}}]}],"ind":4},{"ty":4,"nm":"Shape Layer 7","mn":"","sr":1,"st":0,"op":609.000024805079,"ip":0,"hd":false,"cl":"","ln":"","ddd":0,"bm":0,"hasMask":false,"ao":0,"ks":{"a":{"a":0,"k":[0,0,0],"ix":1},"s":{"a":0,"k":[100,100,100],"ix":6},"sk":{"a":0,"k":0},"p":{"a":0,"k":[250,250,0],"ix":2},"r":{"a":1,"k":[{"o":{"x":0.167,"y":0.167},"i":{"x":0.833,"y":0.833},"s":[4],"t":0},{"o":{"x":0.167,"y":0.167},"i":{"x":0.833,"y":0.833},"s":[364],"t":146.000005946702}],"ix":10},"sa":{"a":0,"k":0},"o":{"a":0,"k":68,"ix":11}},"ef":[],"shapes":[{"ty":"gr","bm":0,"cl":"","ln":"","hd":false,"mn":"ADBE Vector Group","nm":"Ellipse 1","ix":1,"cix":2,"np":3,"it":[{"ty":"sh","bm":0,"cl":"","ln":"","hd":false,"mn":"ADBE Vector Shape - Group","nm":"Path 1","ix":1,"d":1,"ks":{"a":1,"k":[{"o":{"x":0.333,"y":0},"i":{"x":0.667,"y":1},"s":[{"c":true,"i":[[-108.248,0],[-34.231,-102.693],[87,-62],[-87,127]],"o":[[108.248,0],[30,90],[-88.153,62.822],[61.176,-89.303]],"v":[[0,-196],[196,0],[55,196],[-141,0]]}],"t":0},{"o":{"x":0.333,"y":0},"i":{"x":0.667,"y":1},"s":[{"c":true,"i":[[-119,-41],[31.105,-103.683],[104.896,20.243],[35.656,149.755]],"o":[[102.344,35.261],[-33,110],[-114,-22],[-25,-105]],"v":[[0,-196],[196,0],[55,196],[-141,0]]}],"t":35},{"o":{"x":0.333,"y":0},"i":{"x":0.667,"y":1},"s":[{"c":true,"i":[[-167.87,25.909],[104.33,-28.858],[0.101,-122.225],[-61.689,141.041]],"o":[[144.066,-22.235],[-208.901,57.784],[-0.114,138.654],[64.474,-147.409]],"v":[[0,-196],[196,0],[55,196],[-141,0]]}],"t":69},{"o":{"x":0.333,"y":0},"i":{"x":0.667,"y":1},"s":[{"c":true,"i":[[-73.636,-39.34],[80.69,-72.157],[42.39,-112.759],[-67.612,61.515]],"o":[[146,78],[-59.46,53.172],[-65.236,173.531],[76.1,-69.237]],"v":[[0,-196],[196,0],[55,196],[-141,0]]}],"t":102},{"o":{"x":0.167,"y":0.167},"i":{"x":0.833,"y":0.833},"s":[{"c":true,"i":[[-108.248,0],[-34.231,-102.693],[87,-62],[-87,127]],"o":[[108.248,0],[30,90],[-88.153,62.822],[61.176,-89.303]],"v":[[0,-196],[196,0],[55,196],[-141,0]]}],"t":146.000005946702}],"ix":2}},{"ty":"st","bm":0,"cl":"","ln":"","hd":false,"mn":"ADBE Vector Graphic - Stroke","nm":"Stroke 1","lc":1,"lj":1,"ml":4,"o":{"a":0,"k":100,"ix":4},"w":{"a":0,"k":2,"ix":5},"d":[],"c":{"a":0,"k":[0.5,0.7667,1,1],"ix":3}},{"ty":"fl","bm":0,"cl":"","ln":"","hd":false,"mn":"ADBE Vector Graphic - Fill","nm":"Fill 1","c":{"a":0,"k":[0.5,0.7667,1,1],"ix":4},"r":1,"o":{"a":0,"k":0,"ix":5}},{"ty":"tr","a":{"a":0,"k":[0,0],"ix":1},"s":{"a":0,"k":[100,100],"ix":3},"sk":{"a":0,"k":0,"ix":4},"p":{"a":0,"k":[2,0],"ix":2},"r":{"a":0,"k":63,"ix":6},"sa":{"a":0,"k":0,"ix":5},"o":{"a":0,"k":100,"ix":7}}]}],"ind":5},{"ty":4,"nm":"Shape Layer 2","mn":"","sr":1,"st":0,"op":609.000024805079,"ip":0,"hd":false,"cl":"","ln":"","ddd":0,"bm":0,"hasMask":false,"ao":0,"ks":{"a":{"a":0,"k":[0,0,0],"ix":1},"s":{"a":0,"k":[100,100,100],"ix":6},"sk":{"a":0,"k":0},"p":{"a":0,"k":[250,250,0],"ix":2},"r":{"a":1,"k":[{"o":{"x":0.167,"y":0.167},"i":{"x":0.833,"y":0.833},"s":[0],"t":0},{"o":{"x":0.167,"y":0.167},"i":{"x":0.833,"y":0.833},"s":[360],"t":146.000005946702}],"ix":10},"sa":{"a":0,"k":0},"o":{"a":0,"k":100,"ix":11}},"ef":[],"shapes":[{"ty":"gr","bm":0,"cl":"","ln":"","hd":false,"mn":"ADBE Vector Group","nm":"Ellipse 1","ix":1,"cix":2,"np":3,"it":[{"ty":"sh","bm":0,"cl":"","ln":"","hd":false,"mn":"ADBE Vector Shape - Group","nm":"Path 1","ix":1,"d":1,"ks":{"a":1,"k":[{"o":{"x":0.333,"y":0},"i":{"x":0.667,"y":1},"s":[{"c":true,"i":[[-108.248,0],[-34.231,-102.693],[87,-62],[-87,127]],"o":[[108.248,0],[30,90],[-88.153,62.822],[61.176,-89.303]],"v":[[0,-196],[196,0],[55,196],[-141,0]]}],"t":0},{"o":{"x":0.333,"y":0},"i":{"x":0.667,"y":1},"s":[{"c":true,"i":[[-119,-41],[31.105,-103.683],[104.896,20.243],[35.656,149.755]],"o":[[102.344,35.261],[-33,110],[-114,-22],[-25,-105]],"v":[[0,-196],[196,0],[55,196],[-141,0]]}],"t":35},{"o":{"x":0.333,"y":0},"i":{"x":0.667,"y":1},"s":[{"c":true,"i":[[-167.87,25.909],[104.33,-28.858],[0.101,-122.225],[-61.689,141.041]],"o":[[144.066,-22.235],[-208.901,57.784],[-0.114,138.654],[64.474,-147.409]],"v":[[0,-196],[196,0],[55,196],[-141,0]]}],"t":69},{"o":{"x":0.333,"y":0},"i":{"x":0.667,"y":1},"s":[{"c":true,"i":[[-73.636,-39.34],[80.69,-72.157],[42.39,-112.759],[-67.612,61.515]],"o":[[146,78],[-59.46,53.172],[-65.236,173.531],[76.1,-69.237]],"v":[[0,-196],[196,0],[55,196],[-141,0]]}],"t":102},{"o":{"x":0.167,"y":0.167},"i":{"x":0.833,"y":0.833},"s":[{"c":true,"i":[[-108.248,0],[-34.231,-102.693],[87,-62],[-87,127]],"o":[[108.248,0],[30,90],[-88.153,62.822],[61.176,-89.303]],"v":[[0,-196],[196,0],[55,196],[-141,0]]}],"t":146.000005946702}],"ix":2}},{"ty":"st","bm":0,"cl":"","ln":"","hd":false,"mn":"ADBE Vector Graphic - Stroke","nm":"Stroke 1","lc":1,"lj":1,"ml":4,"o":{"a":0,"k":100,"ix":4},"w":{"a":0,"k":2,"ix":5},"d":[],"c":{"a":0,"k":[0.5,0.7667,1,1],"ix":3}},{"ty":"fl","bm":0,"cl":"","ln":"","hd":false,"mn":"ADBE Vector Graphic - Fill","nm":"Fill 1","c":{"a":0,"k":[0.5,0.7667,1,1],"ix":4},"r":1,"o":{"a":0,"k":0,"ix":5}},{"ty":"tr","a":{"a":0,"k":[0,0],"ix":1},"s":{"a":0,"k":[100,100],"ix":3},"sk":{"a":0,"k":0,"ix":4},"p":{"a":0,"k":[2,0],"ix":2},"r":{"a":0,"k":63,"ix":6},"sa":{"a":0,"k":0,"ix":5},"o":{"a":0,"k":100,"ix":7}}]}],"ind":6},{"ty":4,"nm":"Shape Layer 10","mn":"","sr":1,"st":0,"op":609.000024805079,"ip":0,"hd":false,"cl":"","ln":"","ddd":0,"bm":0,"hasMask":false,"ao":0,"ks":{"a":{"a":0,"k":[0,0,0],"ix":1},"s":{"a":0,"k":[100,100,100],"ix":6},"sk":{"a":0,"k":0},"p":{"a":0,"k":[250,250,0],"ix":2},"r":{"a":1,"k":[{"o":{"x":0.167,"y":0.167},"i":{"x":0.833,"y":0.833},"s":[7],"t":0},{"o":{"x":0.167,"y":0.167},"i":{"x":0.833,"y":0.833},"s":[367],"t":146.000005946702}],"ix":10},"sa":{"a":0,"k":0},"o":{"a":0,"k":35,"ix":11}},"ef":[],"shapes":[{"ty":"gr","bm":0,"cl":"","ln":"","hd":false,"mn":"ADBE Vector Group","nm":"Ellipse 1","ix":1,"cix":2,"np":3,"it":[{"ty":"sh","bm":0,"cl":"","ln":"","hd":false,"mn":"ADBE Vector Shape - Group","nm":"Path 1","ix":1,"d":1,"ks":{"a":1,"k":[{"o":{"x":0.333,"y":0},"i":{"x":0.667,"y":1},"s":[{"c":true,"i":[[-108.248,0],[-34.231,-102.693],[87,-62],[-87,127]],"o":[[108.248,0],[30,90],[-88.153,62.822],[61.176,-89.303]],"v":[[0,-196],[196,0],[55,196],[-141,0]]}],"t":0},{"o":{"x":0.333,"y":0},"i":{"x":0.667,"y":1},"s":[{"c":true,"i":[[-119,-41],[83.63,-171.189],[91.894,-19.026],[136.12,122.068]],"o":[[102.344,35.261],[-50.41,103.188],[-113.692,23.54],[-80.356,-72.061]],"v":[[0,-196],[140.921,-0.554],[55,196],[-141,0]]}],"t":35},{"o":{"x":0.333,"y":0},"i":{"x":0.667,"y":1},"s":[{"c":true,"i":[[-77.672,-30.611],[61.838,-88.846],[53.437,-48.909],[88.745,125.787]],"o":[[112.663,44.4],[-62.336,89.562],[-102.281,93.615],[-85.549,-121.256]],"v":[[0,-196],[196,0],[50.115,165.716],[-141,0]]}],"t":69},{"o":{"x":0.333,"y":0},"i":{"x":0.667,"y":1},"s":[{"c":true,"i":[[-74.17,38.325],[88.151,-62.825],[104.924,-20.101],[-96.599,61.86]],"o":[[97.23,-50.241],[-158.903,113.249],[-128.692,24.654],[168.835,-108.119]],"v":[[0,-196],[196,0],[55,196],[-141,0]]}],"t":102},{"o":{"x":0.167,"y":0.167},"i":{"x":0.833,"y":0.833},"s":[{"c":true,"i":[[-108.248,0],[-34.231,-102.693],[87,-62],[-87,127]],"o":[[108.248,0],[30,90],[-88.153,62.822],[61.176,-89.303]],"v":[[0,-196],[196,0],[55,196],[-141,0]]}],"t":146.000005946702}],"ix":2}},{"ty":"st","bm":0,"cl":"","ln":"","hd":false,"mn":"ADBE Vector Graphic - Stroke","nm":"Stroke 1","lc":1,"lj":1,"ml":4,"o":{"a":0,"k":100,"ix":4},"w":{"a":0,"k":2,"ix":5},"d":[],"c":{"a":0,"k":[0.3,0.6733,1,1],"ix":3}},{"ty":"fl","bm":0,"cl":"","ln":"","hd":false,"mn":"ADBE Vector Graphic - Fill","nm":"Fill 1","c":{"a":0,"k":[0.5819,0.6332,0.6781,1],"ix":4},"r":1,"o":{"a":0,"k":0,"ix":5}},{"ty":"tr","a":{"a":0,"k":[0,0],"ix":1},"s":{"a":0,"k":[100,100],"ix":3},"sk":{"a":0,"k":0,"ix":4},"p":{"a":0,"k":[2,0],"ix":2},"r":{"a":0,"k":0,"ix":6},"sa":{"a":0,"k":0,"ix":5},"o":{"a":0,"k":100,"ix":7}}]}],"ind":7},{"ty":4,"nm":"Shape Layer 9","mn":"","sr":1,"st":0,"op":609.000024805079,"ip":0,"hd":false,"cl":"","ln":"","ddd":0,"bm":0,"hasMask":false,"ao":0,"ks":{"a":{"a":0,"k":[0,0,0],"ix":1},"s":{"a":0,"k":[100,100,100],"ix":6},"sk":{"a":0,"k":0},"p":{"a":0,"k":[250,250,0],"ix":2},"r":{"a":1,"k":[{"o":{"x":0.167,"y":0.167},"i":{"x":0.833,"y":0.833},"s":[4],"t":0},{"o":{"x":0.167,"y":0.167},"i":{"x":0.833,"y":0.833},"s":[364],"t":146.000005946702}],"ix":10},"sa":{"a":0,"k":0},"o":{"a":0,"k":61,"ix":11}},"ef":[],"shapes":[{"ty":"gr","bm":0,"cl":"","ln":"","hd":false,"mn":"ADBE Vector Group","nm":"Ellipse 1","ix":1,"cix":2,"np":3,"it":[{"ty":"sh","bm":0,"cl":"","ln":"","hd":false,"mn":"ADBE Vector Shape - Group","nm":"Path 1","ix":1,"d":1,"ks":{"a":1,"k":[{"o":{"x":0.333,"y":0},"i":{"x":0.667,"y":1},"s":[{"c":true,"i":[[-108.248,0],[-34.231,-102.693],[87,-62],[-87,127]],"o":[[108.248,0],[30,90],[-88.153,62.822],[61.176,-89.303]],"v":[[0,-196],[196,0],[55,196],[-141,0]]}],"t":0},{"o":{"x":0.333,"y":0},"i":{"x":0.667,"y":1},"s":[{"c":true,"i":[[-119,-41],[83.63,-171.189],[91.894,-19.026],[136.12,122.068]],"o":[[102.344,35.261],[-50.41,103.188],[-113.692,23.54],[-80.356,-72.061]],"v":[[0,-196],[140.921,-0.554],[55,196],[-141,0]]}],"t":35},{"o":{"x":0.333,"y":0},"i":{"x":0.667,"y":1},"s":[{"c":true,"i":[[-77.672,-30.611],[61.838,-88.846],[53.437,-48.909],[88.745,125.787]],"o":[[112.663,44.4],[-62.336,89.562],[-102.281,93.615],[-85.549,-121.256]],"v":[[0,-196],[196,0],[50.115,165.716],[-141,0]]}],"t":69},{"o":{"x":0.333,"y":0},"i":{"x":0.667,"y":1},"s":[{"c":true,"i":[[-74.17,38.325],[88.151,-62.825],[104.924,-20.101],[-96.599,61.86]],"o":[[97.23,-50.241],[-158.903,113.249],[-128.692,24.654],[168.835,-108.119]],"v":[[0,-196],[196,0],[55,196],[-141,0]]}],"t":102},{"o":{"x":0.167,"y":0.167},"i":{"x":0.833,"y":0.833},"s":[{"c":true,"i":[[-108.248,0],[-34.231,-102.693],[87,-62],[-87,127]],"o":[[108.248,0],[30,90],[-88.153,62.822],[61.176,-89.303]],"v":[[0,-196],[196,0],[55,196],[-141,0]]}],"t":146.000005946702}],"ix":2}},{"ty":"st","bm":0,"cl":"","ln":"","hd":false,"mn":"ADBE Vector Graphic - Stroke","nm":"Stroke 1","lc":1,"lj":1,"ml":4,"o":{"a":0,"k":100,"ix":4},"w":{"a":0,"k":2,"ix":5},"d":[],"c":{"a":0,"k":[0.3,0.6733,1,1],"ix":3}},{"ty":"fl","bm":0,"cl":"","ln":"","hd":false,"mn":"ADBE Vector Graphic - Fill","nm":"Fill 1","c":{"a":0,"k":[0.5819,0.6332,0.6781,1],"ix":4},"r":1,"o":{"a":0,"k":0,"ix":5}},{"ty":"tr","a":{"a":0,"k":[0,0],"ix":1},"s":{"a":0,"k":[100,100],"ix":3},"sk":{"a":0,"k":0,"ix":4},"p":{"a":0,"k":[2,0],"ix":2},"r":{"a":0,"k":0,"ix":6},"sa":{"a":0,"k":0,"ix":5},"o":{"a":0,"k":100,"ix":7}}]}],"ind":8},{"ty":4,"nm":"Shape Layer 1","mn":"","sr":1,"st":0,"op":609.000024805079,"ip":0,"hd":false,"cl":"","ln":"","ddd":0,"bm":0,"hasMask":false,"ao":0,"ks":{"a":{"a":0,"k":[0,0,0],"ix":1},"s":{"a":0,"k":[100,100,100],"ix":6},"sk":{"a":0,"k":0},"p":{"a":0,"k":[250,250,0],"ix":2},"r":{"a":1,"k":[{"o":{"x":0.167,"y":0.167},"i":{"x":0.833,"y":0.833},"s":[0],"t":0},{"o":{"x":0.167,"y":0.167},"i":{"x":0.833,"y":0.833},"s":[360],"t":146.000005946702}],"ix":10},"sa":{"a":0,"k":0},"o":{"a":0,"k":100,"ix":11}},"ef":[],"shapes":[{"ty":"gr","bm":0,"cl":"","ln":"","hd":false,"mn":"ADBE Vector Group","nm":"Ellipse 1","ix":1,"cix":2,"np":3,"it":[{"ty":"sh","bm":0,"cl":"","ln":"","hd":false,"mn":"ADBE Vector Shape - Group","nm":"Path 1","ix":1,"d":1,"ks":{"a":1,"k":[{"o":{"x":0.333,"y":0},"i":{"x":0.667,"y":1},"s":[{"c":true,"i":[[-108.248,0],[-34.231,-102.693],[87,-62],[-87,127]],"o":[[108.248,0],[30,90],[-88.153,62.822],[61.176,-89.303]],"v":[[0,-196],[196,0],[55,196],[-141,0]]}],"t":0},{"o":{"x":0.333,"y":0},"i":{"x":0.667,"y":1},"s":[{"c":true,"i":[[-119,-41],[83.63,-171.189],[91.894,-19.026],[136.12,122.068]],"o":[[102.344,35.261],[-50.41,103.188],[-113.692,23.54],[-80.356,-72.061]],"v":[[0,-196],[140.921,-0.554],[55,196],[-141,0]]}],"t":35},{"o":{"x":0.333,"y":0},"i":{"x":0.667,"y":1},"s":[{"c":true,"i":[[-77.672,-30.611],[61.838,-88.846],[53.437,-48.909],[88.745,125.787]],"o":[[112.663,44.4],[-62.336,89.562],[-102.281,93.615],[-85.549,-121.256]],"v":[[0,-196],[196,0],[50.115,165.716],[-141,0]]}],"t":69},{"o":{"x":0.333,"y":0},"i":{"x":0.667,"y":1},"s":[{"c":true,"i":[[-74.17,38.325],[88.151,-62.825],[104.924,-20.101],[-96.599,61.86]],"o":[[97.23,-50.241],[-158.903,113.249],[-128.692,24.654],[168.835,-108.119]],"v":[[0,-196],[196,0],[55,196],[-141,0]]}],"t":102},{"o":{"x":0.167,"y":0.167},"i":{"x":0.833,"y":0.833},"s":[{"c":true,"i":[[-108.248,0],[-34.231,-102.693],[87,-62],[-87,127]],"o":[[108.248,0],[30,90],[-88.153,62.822],[61.176,-89.303]],"v":[[0,-196],[196,0],[55,196],[-141,0]]}],"t":146.000005946702}],"ix":2}},{"ty":"st","bm":0,"cl":"","ln":"","hd":false,"mn":"ADBE Vector Graphic - Stroke","nm":"Stroke 1","lc":1,"lj":1,"ml":4,"o":{"a":0,"k":100,"ix":4},"w":{"a":0,"k":2,"ix":5},"d":[],"c":{"a":0,"k":[0.3,0.6733,1,1],"ix":3}},{"ty":"fl","bm":0,"cl":"","ln":"","hd":false,"mn":"ADBE Vector Graphic - Fill","nm":"Fill 1","c":{"a":0,"k":[0.5819,0.6332,0.6781,1],"ix":4},"r":1,"o":{"a":0,"k":0,"ix":5}},{"ty":"tr","a":{"a":0,"k":[0,0],"ix":1},"s":{"a":0,"k":[100,100],"ix":3},"sk":{"a":0,"k":0,"ix":4},"p":{"a":0,"k":[2,0],"ix":2},"r":{"a":0,"k":0,"ix":6},"sa":{"a":0,"k":0,"ix":5},"o":{"a":0,"k":100,"ix":7}}]}],"ind":9}],"id":"comp_3"}]}