{"nm":"newScene","ddd":0,"h":300,"w":300,"meta":{"g":"@lottiefiles/toolkit-js 0.26.1"},"layers":[{"ty":4,"nm":"Video-Cam","sr":1,"st":0,"op":450,"ip":0,"hd":false,"ddd":0,"bm":0,"hasMask":false,"ao":0,"ks":{"a":{"a":0,"k":[960,540,0]},"s":{"a":0,"k":[100,100,100]},"sk":{"a":0,"k":0},"p":{"a":0,"k":[150,150,0]},"r":{"a":0,"k":0},"sa":{"a":0,"k":0},"o":{"a":0,"k":100}},"ef":[],"shapes":[{"ty":"gr","bm":0,"hd":false,"mn":"ADBE Vector Group","nm":"lense","np":2,"it":[{"ty":"gr","bm":0,"hd":false,"mn":"ADBE Vector Group","nm":"Group 2","np":2,"it":[{"ty":"sh","bm":0,"hd":false,"mn":"ADBE Vector Shape - Group","nm":"Path 1","d":1,"ks":{"a":0,"k":{"c":true,"i":[[0,0],[0,0],[-8.498,2.063],[0,0]],"o":[[0,0],[0,0],[0,0],[-8.498,-2.065]],"v":[[-4.208,-10.059],[-4.208,10.058],[4.249,15.279],[4.249,-15.276]]}}},{"ty":"st","bm":0,"hd":false,"mn":"ADBE Vector Graphic - Stroke","nm":"Stroke 1","lc":2,"lj":2,"ml":1,"o":{"a":0,"k":100},"w":{"a":0,"k":3},"c":{"a":0,"k":[0.4588,0.3333,0.9804]}},{"ty":"tr","a":{"a":0,"k":[-4.125,0],"ix":1},"s":{"a":1,"k":[{"o":{"x":1,"y":0.013},"i":{"x":0.833,"y":0.833},"s":[29,0],"t":44},{"s":[100,100],"t":54}],"ix":3},"sk":{"a":0,"k":0,"ix":4},"p":{"a":0,"k":[992.161,556.08],"ix":2},"r":{"a":0,"k":0,"ix":6},"sa":{"a":0,"k":0,"ix":5},"o":{"a":0,"k":100,"ix":7}}]},{"ty":"gr","bm":0,"hd":false,"mn":"ADBE Vector Group","nm":"Group 3","np":2,"it":[{"ty":"sh","bm":0,"hd":false,"mn":"ADBE Vector Shape - Group","nm":"Path 1","d":1,"ks":{"a":0,"k":{"c":true,"i":[[0,0],[0,0],[0,0],[0,0]],"o":[[0,0],[0,0],[0,0],[0,0]],"v":[[3.48,10.059],[-3.481,10.059],[-3.481,-10.058],[3.48,-10.058]]}}},{"ty":"st","bm":0,"hd":false,"mn":"ADBE Vector Graphic - Stroke","nm":"Stroke 1","lc":2,"lj":2,"ml":1,"o":{"a":0,"k":100},"w":{"a":0,"k":3},"c":{"a":0,"k":[0.4588,0.3333,0.9804]}},{"ty":"tr","a":{"a":0,"k":[-3.5,0],"ix":1},"s":{"a":1,"k":[{"o":{"x":1,"y":0.013},"i":{"x":0.833,"y":0.833},"s":[29,0],"t":38},{"s":[100,100],"t":48}],"ix":3},"sk":{"a":0,"k":0,"ix":4},"p":{"a":0,"k":[985.098,556.08],"ix":2},"r":{"a":0,"k":0,"ix":6},"sa":{"a":0,"k":0,"ix":5},"o":{"a":0,"k":100,"ix":7}}]},{"ty":"tr","a":{"a":0,"k":[992.826,556.081],"ix":1},"s":{"a":0,"k":[100,100],"ix":3},"sk":{"a":0,"k":0,"ix":4},"p":{"a":0,"k":[992.826,556.081],"ix":2},"r":{"a":0,"k":0,"ix":6},"sa":{"a":0,"k":0,"ix":5},"o":{"a":0,"k":100,"ix":7}}]},{"ty":"gr","bm":0,"hd":false,"mn":"ADBE Vector Group","nm":"eye","np":2,"it":[{"ty":"gr","bm":0,"hd":false,"mn":"ADBE Vector Group","nm":"Group 4","np":2,"it":[{"ty":"sh","bm":0,"hd":false,"mn":"ADBE Vector Shape - Group","nm":"Path 1","d":1,"ks":{"a":0,"k":{"c":true,"i":[[0,0],[0,1.607],[0,0],[1.608,0]],"o":[[1.608,0],[0,0],[0,-1.61],[0,0]],"v":[[-1.456,7.769],[1.456,4.857],[1.456,-4.856],[-1.456,-7.769]]}}},{"ty":"st","bm":0,"hd":false,"mn":"ADBE Vector Graphic - Stroke","nm":"Stroke 1","lc":2,"lj":2,"ml":1,"o":{"a":0,"k":100},"w":{"a":0,"k":3},"c":{"a":0,"k":[0.4588,0.3333,0.9804]}},{"ty":"tr","a":{"a":0,"k":[1.347,0],"ix":1},"s":{"a":1,"k":[{"o":{"x":1,"y":0},"i":{"x":0.833,"y":0.833},"s":[0,0],"t":41},{"s":[100,100],"t":56}],"ix":3},"sk":{"a":0,"k":0,"ix":4},"p":{"a":0,"k":[922.528,546.023],"ix":2},"r":{"a":0,"k":0,"ix":6},"sa":{"a":0,"k":0,"ix":5},"o":{"a":0,"k":100,"ix":7}}]},{"ty":"gr","bm":0,"hd":false,"mn":"ADBE Vector Group","nm":"Group 5","np":2,"it":[{"ty":"sh","bm":0,"hd":false,"mn":"ADBE Vector Shape - Group","nm":"Path 1","d":1,"ks":{"a":0,"k":{"c":true,"i":[[0,0],[0,0],[0,0],[0,0]],"o":[[0,0],[0,0],[0,0],[0,0]],"v":[[-2.792,3.479],[2.792,3.479],[2.792,-3.479],[-2.792,-3.479]]}}},{"ty":"st","bm":0,"hd":false,"mn":"ADBE Vector Graphic - Stroke","nm":"Stroke 1","lc":2,"lj":2,"ml":1,"o":{"a":0,"k":100},"w":{"a":0,"k":3},"c":{"a":0,"k":[0.4588,0.3333,0.9804]}},{"ty":"tr","a":{"a":0,"k":[2.832,0],"ix":1},"s":{"a":1,"k":[{"o":{"x":1,"y":0},"i":{"x":0.833,"y":0.833},"s":[0,0],"t":36},{"s":[100,100],"t":51}],"ix":3},"sk":{"a":0,"k":0,"ix":4},"p":{"a":0,"k":[928.339,546.75],"ix":2},"r":{"a":0,"k":0,"ix":6},"sa":{"a":0,"k":0,"ix":5},"o":{"a":0,"k":100,"ix":7}}]},{"ty":"tr","a":{"a":0,"k":[923.945,546.023],"ix":1},"s":{"a":0,"k":[100,100],"ix":3},"sk":{"a":0,"k":0,"ix":4},"p":{"a":0,"k":[923.945,546.023],"ix":2},"r":{"a":0,"k":0,"ix":6},"sa":{"a":0,"k":0,"ix":5},"o":{"a":0,"k":100,"ix":7}}]},{"ty":"gr","bm":0,"hd":false,"mn":"ADBE Vector Group","nm":"reels","np":3,"it":[{"ty":"gr","bm":0,"hd":false,"mn":"ADBE Vector Group","nm":"left-reel","np":2,"it":[{"ty":"gr","bm":0,"hd":false,"mn":"ADBE Vector Group","nm":"main","np":2,"it":[{"ty":"gr","bm":0,"hd":false,"mn":"ADBE Vector Group","nm":"Group 10","np":3,"it":[{"ty":"sh","bm":0,"hd":false,"mn":"ADBE Vector Shape - Group","nm":"Path 1","d":1,"ks":{"a":0,"k":{"c":true,"i":[[0,-2.406],[2.406,0],[0,2.407],[-2.408,0]],"o":[[0,2.407],[-2.408,0],[0,-2.406],[2.406,0]],"v":[[4.359,-0.001],[0,4.357],[-4.359,-0.001],[0,-4.357]]}}},{"ty":"st","bm":0,"hd":false,"mn":"ADBE Vector Graphic - Stroke","nm":"Stroke 1","lc":2,"lj":2,"ml":1,"o":{"a":0,"k":100},"w":{"a":0,"k":3},"c":{"a":0,"k":[0.4588,0.3333,0.9804]}},{"ty":"fl","bm":0,"hd":false,"mn":"ADBE Vector Graphic - Fill","nm":"Fill 1","c":{"a":0,"k":[0.0706,0.0196,0.0196]},"r":2,"o":{"a":0,"k":100}},{"ty":"tr","a":{"a":0,"k":[0,0],"ix":1},"s":{"a":1,"k":[{"o":{"x":1,"y":0},"i":{"x":0.833,"y":0.833},"s":[0,0],"t":5},{"s":[100,100],"t":20}],"ix":3},"sk":{"a":0,"k":0,"ix":4},"p":{"a":1,"k":[{"o":{"x":1,"y":0},"i":{"x":0.833,"y":0.833},"s":[972.774,529.51],"t":5,"ti":[4.42925930023193,-1.41087877750397],"to":[0,0]},{"s":[946.198,537.976],"t":20}],"ix":2},"r":{"a":0,"k":0,"ix":6},"sa":{"a":0,"k":0,"ix":5},"o":{"a":0,"k":100,"ix":7}}]},{"ty":"gr","bm":0,"hd":false,"mn":"ADBE Vector Group","nm":"spin","np":2,"it":[{"ty":"gr","bm":0,"hd":false,"mn":"ADBE Vector Group","nm":"strip","np":2,"it":[{"ty":"gr","bm":0,"hd":false,"mn":"ADBE Vector Group","nm":"Group 8","np":2,"it":[{"ty":"sh","bm":0,"hd":false,"mn":"ADBE Vector Shape - Group","nm":"Path 1","d":1,"ks":{"a":0,"k":{"c":false,"i":[[0,0],[0,0]],"o":[[0,0],[0,0]],"v":[[-1.488,-9.19],[1.488,9.19]]}}},{"ty":"st","bm":0,"hd":false,"mn":"ADBE Vector Graphic - Stroke","nm":"Stroke 1","lc":2,"lj":2,"ml":1,"o":{"a":0,"k":100},"w":{"a":0,"k":3},"c":{"a":0,"k":[0.4588,0.3333,0.9804]}},{"ty":"tr","a":{"a":0,"k":[0,0],"ix":1},"s":{"a":0,"k":[100,100],"ix":3},"sk":{"a":0,"k":0,"ix":4},"p":{"a":0,"k":[948.915,527.65],"ix":2},"r":{"a":0,"k":0,"ix":6},"sa":{"a":0,"k":0,"ix":5},"o":{"a":0,"k":100,"ix":7}}]},{"ty":"gr","bm":0,"hd":false,"mn":"ADBE Vector Group","nm":"Group 9","np":2,"it":[{"ty":"sh","bm":0,"hd":false,"mn":"ADBE Vector Shape - Group","nm":"Path 1","d":1,"ks":{"a":0,"k":{"c":false,"i":[[0,0],[0,0]],"o":[[0,0],[0,0]],"v":[[-5.827,-7.823],[5.827,7.824]]}}},{"ty":"st","bm":0,"hd":false,"mn":"ADBE Vector Graphic - Stroke","nm":"Stroke 1","lc":2,"lj":2,"ml":1,"o":{"a":0,"k":100},"w":{"a":0,"k":3},"c":{"a":0,"k":[0.4588,0.3333,0.9804]}},{"ty":"tr","a":{"a":0,"k":[0,0],"ix":1},"s":{"a":0,"k":[100,100],"ix":3},"sk":{"a":0,"k":0,"ix":4},"p":{"a":0,"k":[936.733,532.553],"ix":2},"r":{"a":0,"k":0,"ix":6},"sa":{"a":0,"k":0,"ix":5},"o":{"a":0,"k":100,"ix":7}}]},{"ty":"tr","a":{"a":0,"k":[940.654,529.418],"ix":1},"s":{"a":0,"k":[100,100],"ix":3},"sk":{"a":0,"k":0,"ix":4},"p":{"a":0,"k":[940.654,529.418],"ix":2},"r":{"a":0,"k":0,"ix":6},"sa":{"a":0,"k":0,"ix":5},"o":{"a":0,"k":100,"ix":7}}]},{"ty":"gr","bm":0,"hd":false,"mn":"ADBE Vector Group","nm":"Group 13","np":4,"it":[{"ty":"sh","bm":0,"hd":false,"mn":"ADBE Vector Shape - Group","nm":"Path 1","d":1,"ks":{"a":0,"k":{"c":true,"i":[[1.836,0],[0,1.836],[-1.836,0],[0,-1.837]],"o":[[-1.836,0],[0,-1.837],[1.836,0],[0,1.836]],"v":[[0,3.325],[-3.325,0],[0,-3.325],[3.326,0]]}}},{"ty":"sh","bm":0,"hd":false,"mn":"ADBE Vector Shape - Group","nm":"Path 2","d":1,"ks":{"a":0,"k":{"c":true,"i":[[5.064,0],[0,-5.07],[-5.062,0],[0,5.063]],"o":[[-5.062,0],[0,5.063],[5.064,0],[0,-5.07]],"v":[[0,-9.174],[-9.174,0],[0,9.173],[9.174,0]]}}},{"ty":"mm","bm":0,"hd":false,"mn":"ADBE Vector Filter - Merge","nm":"Merge Paths 1","mm":1},{"ty":"st","bm":0,"hd":false,"mn":"ADBE Vector Graphic - Stroke","nm":"Stroke 1","lc":2,"lj":2,"ml":1,"o":{"a":0,"k":100},"w":{"a":0,"k":3},"c":{"a":0,"k":[0.4588,0.3333,0.9804]}},{"ty":"tr","a":{"a":0,"k":[0,0],"ix":1},"s":{"a":0,"k":[100,100],"ix":3},"sk":{"a":0,"k":0,"ix":4},"p":{"a":0,"k":[938.285,519.284],"ix":2},"r":{"a":0,"k":0,"ix":6},"sa":{"a":0,"k":0,"ix":5},"o":{"a":0,"k":100,"ix":7}}]},{"ty":"tr","a":{"a":0,"k":[946.409,538.036],"ix":1},"s":{"a":1,"k":[{"o":{"x":1,"y":0.014},"i":{"x":0.833,"y":0.833},"s":[0,0],"t":14},{"s":[100,100],"t":29}],"ix":3},"sk":{"a":0,"k":0,"ix":4},"p":{"a":1,"k":[{"o":{"x":1,"y":0.667},"i":{"x":0.833,"y":0.833},"s":[945.241,538.804],"t":23,"ti":[-0.19466856122017,0.12789691984653],"to":[0.19466856122017,-0.12789691984653]},{"s":[946.409,538.036],"t":33}],"ix":2},"r":{"a":0,"k":0,"ix":6},"sa":{"a":0,"k":0,"ix":5},"o":{"a":0,"k":100,"ix":7}}]},{"ty":"tr","a":{"a":0,"k":[945.959,537.847],"ix":1},"s":{"a":0,"k":[100,100],"ix":3},"sk":{"a":0,"k":0,"ix":4},"p":{"a":0,"k":[945.959,537.847],"ix":2},"r":{"a":1,"k":[{"o":{"x":1,"y":-0.009},"i":{"x":0.833,"y":0.833},"s":[88],"t":23},{"s":[-12],"t":33}],"ix":6},"sa":{"a":0,"k":0,"ix":5},"o":{"a":0,"k":100,"ix":7}}]},{"ty":"gr","bm":0,"hd":false,"mn":"ADBE Vector Group","nm":"big-squash-n-stretch","np":1,"it":[{"ty":"gr","bm":0,"hd":false,"mn":"ADBE Vector Group","nm":"big","np":3,"it":[{"ty":"sh","bm":0,"hd":false,"mn":"ADBE Vector Shape - Group","nm":"Path 1","d":1,"ks":{"a":0,"k":{"c":true,"i":[[10.002,0],[0,-10.007],[-9.998,0],[0,10.006]],"o":[[-9.998,0],[0,10.006],[10.002,0],[0,-10.007]],"v":[[0,-18.118],[-18.119,0.001],[0,18.118],[18.119,0.001]]}}},{"ty":"st","bm":0,"hd":false,"mn":"ADBE Vector Graphic - Stroke","nm":"Stroke 1","lc":2,"lj":2,"ml":1,"o":{"a":0,"k":100},"w":{"a":0,"k":3},"c":{"a":0,"k":[0.4588,0.3333,0.9804]}},{"ty":"fl","bm":0,"hd":false,"mn":"ADBE Vector Graphic - Fill","nm":"Fill 1","c":{"a":0,"k":[0.0706,0.0196,0.0196]},"r":2,"o":{"a":0,"k":100}},{"ty":"tr","a":{"a":0,"k":[0,0],"ix":1},"s":{"a":1,"k":[{"o":{"x":1,"y":0},"i":{"x":0.833,"y":0.833},"s":[0,0],"t":0},{"s":[100,100],"t":15}],"ix":3},"sk":{"a":0,"k":0,"ix":4},"p":{"a":1,"k":[{"o":{"x":1,"y":0},"i":{"x":0.833,"y":0.833},"s":[949,578.483],"t":0,"ti":[0,0],"to":[0,0]},{"o":{"x":0.167,"y":0.167},"i":{"x":0.833,"y":0.833},"s":[949.035,515.033],"t":15,"ti":[0,0],"to":[0,0]},{"o":{"x":1,"y":0},"i":{"x":0.833,"y":0.833},"s":[949.035,515.033],"t":23,"ti":[0,0],"to":[0,0]},{"s":[938.285,519.283],"t":33}],"ix":2},"r":{"a":0,"k":0,"ix":6},"sa":{"a":0,"k":0,"ix":5},"o":{"a":0,"k":100,"ix":7}}]},{"ty":"tr","a":{"a":0,"k":[949.102,560.908],"ix":1},"s":{"a":1,"k":[{"o":{"x":1,"y":0},"i":{"x":0.833,"y":0.833},"s":[1,100],"t":0},{"s":[100,100],"t":16}],"ix":3},"sk":{"a":0,"k":0,"ix":4},"p":{"a":0,"k":[943.91,560.908],"ix":2},"r":{"a":0,"k":0,"ix":6},"sa":{"a":0,"k":0,"ix":5},"o":{"a":0,"k":100,"ix":7}}]},{"ty":"tr","a":{"a":0,"k":[938.285,521.749],"ix":1},"s":{"a":0,"k":[100,100],"ix":3},"sk":{"a":0,"k":0,"ix":4},"p":{"a":0,"k":[938.285,521.749],"ix":2},"r":{"a":0,"k":0,"ix":6},"sa":{"a":0,"k":0,"ix":5},"o":{"a":0,"k":100,"ix":7}}]},{"ty":"gr","bm":0,"hd":false,"mn":"ADBE Vector Group","nm":"top","np":2,"it":[{"ty":"sh","bm":0,"hd":false,"mn":"ADBE Vector Shape - Group","nm":"Path 1","d":1,"ks":{"a":1,"k":[{"o":{"x":0.167,"y":0.167},"i":{"x":0.833,"y":0.833},"s":[{"c":false,"i":[[0,0],[0,0]],"o":[[0,0],[0,0]],"v":[[948.007,510.04],[951.099,516.477]]}],"t":36},{"o":{"x":0.167,"y":0.167},"i":{"x":0.833,"y":0.833},"s":[{"c":false,"i":[[0,0],[0,0]],"o":[[0,0],[0,0]],"v":[[941.132,503.602],[952.536,511.415]]}],"t":37},{"o":{"x":0.167,"y":0.167},"i":{"x":0.833,"y":0.833},"s":[{"c":false,"i":[[0,0],[0,0]],"o":[[0,0],[0,0]],"v":[[939.319,502.602],[950.599,506.79]]}],"t":38},{"o":{"x":0.167,"y":0.167},"i":{"x":0.833,"y":0.833},"s":[{"c":false,"i":[[0,0],[0,0]],"o":[[0,0],[0,0]],"v":[[933.236,501.373],[957.911,502.519]]}],"t":39},{"o":{"x":0.167,"y":0.167},"i":{"x":0.833,"y":0.833},"s":[{"c":false,"i":[[0,0],[0,0]],"o":[[0,0],[0,0]],"v":[[934.215,501.332],[968.724,500.748]]}],"t":40},{"o":{"x":0.167,"y":0.167},"i":{"x":0.833,"y":0.833},"s":[{"c":false,"i":[[0,0],[0,0]],"o":[[0,0],[0,0]],"v":[[933.257,501.29],[976.099,500.665]]}],"t":44},{"o":{"x":0.167,"y":0.167},"i":{"x":0.833,"y":0.833},"s":[{"c":false,"i":[[0,0],[0,0]],"o":[[0,0],[0,0]],"v":[[933.132,501.165],[974.318,501.259]]}],"t":51},{"s":[{"c":false,"i":[[0,0],[0,0]],"o":[[0,0],[0,0]],"v":[[933.632,501.165],[974.599,501.165]]}],"t":60}]}},{"ty":"st","bm":0,"hd":false,"mn":"ADBE Vector Graphic - Stroke","nm":"Stroke 1","lc":2,"lj":2,"ml":1,"o":{"a":0,"k":100},"w":{"a":0,"k":3},"c":{"a":0,"k":[0.4588,0.3333,0.9804]}},{"ty":"tr","a":{"a":0,"k":[0,0],"ix":1},"s":{"a":0,"k":[100,100],"ix":3},"sk":{"a":0,"k":0,"ix":4},"p":{"a":0,"k":[0,0],"ix":2},"r":{"a":0,"k":0,"ix":6},"sa":{"a":0,"k":0,"ix":5},"o":{"a":1,"k":[{"o":{"x":0.167,"y":0.167},"i":{"x":0.833,"y":0.833},"s":[0],"t":35},{"s":[100],"t":36}],"ix":7}}]},{"ty":"gr","bm":0,"hd":false,"mn":"ADBE Vector Group","nm":"right-reel","np":6,"it":[{"ty":"sh","bm":0,"hd":false,"mn":"ADBE Vector Shape - Group","nm":"Path 1","d":1,"ks":{"a":1,"k":[{"o":{"x":0.656,"y":0},"i":{"x":0,"y":1},"s":[{"c":true,"i":[[2.915,0],[0,2.914],[-2.913,0],[0,-2.913]],"o":[[-2.913,0],[0,-2.913],[2.915,0],[0,2.914]],"v":[[-0.099,4.914],[-5.373,-0.361],[-0.099,-5.635],[5.177,-0.361]]}],"t":49},{"s":[{"c":true,"i":[[2.915,0],[0,2.914],[-2.913,0],[0,-2.913]],"o":[[-2.913,0],[0,-2.913],[2.915,0],[0,2.914]],"v":[[7.181,1.232],[1.907,-4.043],[7.181,-9.317],[12.457,-4.043]]}],"t":64}]}},{"ty":"sh","bm":0,"hd":false,"mn":"ADBE Vector Shape - Group","nm":"Path 2","d":1,"ks":{"a":1,"k":[{"o":{"x":0.656,"y":0},"i":{"x":0,"y":1},"s":[{"c":true,"i":[[2.913,0],[0,2.914],[-2.913,0],[0,-2.915]],"o":[[-2.913,0],[0,-2.915],[2.913,0],[0,2.914]],"v":[[0.054,4.864],[-5.221,-0.411],[0.054,-5.686],[5.328,-0.411]]}],"t":47},{"s":[{"c":true,"i":[[2.913,0],[0,2.914],[-2.913,0],[0,-2.915]],"o":[[-2.913,0],[0,-2.915],[2.913,0],[0,2.914]],"v":[[0.054,13.58],[-5.221,8.305],[0.054,3.03],[5.328,8.305]]}],"t":62}]}},{"ty":"sh","bm":0,"hd":false,"mn":"ADBE Vector Shape - Group","nm":"Path 3","d":1,"ks":{"a":1,"k":[{"o":{"x":0.656,"y":0},"i":{"x":0,"y":1},"s":[{"c":true,"i":[[0,2.914],[-2.912,0],[0,-2.913],[2.915,0]],"o":[[0,-2.913],[2.915,0],[0,2.914],[-2.912,0]],"v":[[-5.3,-0.361],[-0.025,-5.635],[5.251,-0.361],[-0.025,4.914]]}],"t":50},{"s":[{"c":true,"i":[[0,2.914],[-2.912,0],[0,-2.913],[2.915,0]],"o":[[0,-2.913],[2.915,0],[0,2.914],[-2.912,0]],"v":[[-12.457,-4.043],[-7.182,-9.317],[-1.906,-4.043],[-7.182,1.232]]}],"t":65}]}},{"ty":"sh","bm":0,"hd":false,"mn":"ADBE Vector Shape - Group","nm":"Path 4","d":1,"ks":{"a":0,"k":{"c":true,"i":[[10.002,0],[0,-10.007],[-9.998,0],[0,10.005]],"o":[[-9.998,0],[0,10.005],[10.002,0],[0,-10.007]],"v":[[-0.001,-18.118],[-18.119,0.002],[-0.001,18.119],[18.119,0.002]]}}},{"ty":"mm","bm":0,"hd":false,"mn":"ADBE Vector Filter - Merge","nm":"Merge Paths 1","mm":1},{"ty":"st","bm":0,"hd":false,"mn":"ADBE Vector Graphic - Stroke","nm":"Stroke 1","lc":2,"lj":2,"ml":1,"o":{"a":0,"k":100},"w":{"a":0,"k":3},"c":{"a":0,"k":[0.4588,0.3333,0.9804]}},{"ty":"tr","a":{"a":0,"k":[0,0],"ix":1},"s":{"a":1,"k":[{"o":{"x":1,"y":0.015},"i":{"x":0.833,"y":0.833},"s":[5,0],"t":25},{"s":[100,100],"t":40}],"ix":3},"sk":{"a":0,"k":0,"ix":4},"p":{"a":1,"k":[{"o":{"x":1,"y":0},"i":{"x":0.833,"y":0.833},"s":[931.258,515.771],"t":25,"ti":[-7.20625019073486,-0.58541667461395],"to":[7.20625019073486,0.58541667461395]},{"s":[974.496,519.283],"t":41}],"ix":2},"r":{"a":1,"k":[{"o":{"x":0.333,"y":0},"i":{"x":0.833,"y":0.833},"s":[0],"t":67},{"s":[3600],"t":221}],"ix":6},"sa":{"a":0,"k":0,"ix":5},"o":{"a":0,"k":100,"ix":7}}]},{"ty":"tr","a":{"a":0,"k":[956.391,521.749],"ix":1},"s":{"a":0,"k":[100,100],"ix":3},"sk":{"a":0,"k":0,"ix":4},"p":{"a":0,"k":[956.391,521.749],"ix":2},"r":{"a":0,"k":0,"ix":6},"sa":{"a":0,"k":0,"ix":5},"o":{"a":0,"k":100,"ix":7}}]},{"ty":"gr","bm":0,"hd":false,"mn":"ADBE Vector Group","nm":"body","np":3,"it":[{"ty":"gr","bm":0,"hd":false,"mn":"ADBE Vector Group","nm":"Group 11","np":3,"it":[{"ty":"sh","bm":0,"hd":false,"mn":"ADBE Vector Shape - Group","nm":"Path 1","d":1,"ks":{"a":0,"k":{"c":true,"i":[[0,0],[0,0],[0,0],[0,0]],"o":[[0,0],[0,0],[0,0],[0,0]],"v":[[13.606,7.236],[-13.606,7.236],[-13.606,-7.236],[13.606,-7.236]]}}},{"ty":"st","bm":0,"hd":false,"mn":"ADBE Vector Graphic - Stroke","nm":"Stroke 1","lc":2,"lj":2,"ml":1,"o":{"a":0,"k":100},"w":{"a":0,"k":3},"c":{"a":0,"k":[0.5098,0.302,1]}},{"ty":"fl","bm":0,"hd":false,"mn":"ADBE Vector Graphic - Fill","nm":"Fill 1","c":{"a":0,"k":[0.0706,0.0196,0.0196]},"r":2,"o":{"a":0,"k":100}},{"ty":"tr","a":{"a":0,"k":[0,-3.5],"ix":1},"s":{"a":1,"k":[{"o":{"x":1,"y":0},"i":{"x":0.833,"y":0.833},"s":[0,0],"t":48},{"o":{"x":0.167,"y":0.167},"i":{"x":0,"y":0},"s":[100,100],"t":63},{"o":{"x":0.333,"y":0},"i":{"x":0,"y":1},"s":[100,100],"t":67},{"o":{"x":0.333,"y":0},"i":{"x":0,"y":1},"s":[95,103],"t":72},{"o":{"x":0.333,"y":0},"i":{"x":0,"y":1},"s":[103,95],"t":77},{"o":{"x":0.333,"y":0},"i":{"x":0,"y":1},"s":[95,103],"t":82},{"o":{"x":0.333,"y":0},"i":{"x":0,"y":1},"s":[103,95],"t":87},{"o":{"x":0.333,"y":0},"i":{"x":0,"y":1},"s":[95,103],"t":92},{"o":{"x":0.333,"y":0},"i":{"x":0,"y":1},"s":[103,95],"t":97},{"o":{"x":0.333,"y":0},"i":{"x":0,"y":1},"s":[95,103],"t":102},{"o":{"x":0.333,"y":0},"i":{"x":0,"y":1},"s":[103,95],"t":107},{"o":{"x":0.333,"y":0},"i":{"x":0,"y":1},"s":[95,103],"t":112},{"o":{"x":0.333,"y":0},"i":{"x":0,"y":1},"s":[103,95],"t":117},{"o":{"x":0.333,"y":0},"i":{"x":0,"y":1},"s":[95,103],"t":122},{"o":{"x":0.333,"y":0},"i":{"x":0,"y":1},"s":[103,95],"t":127},{"o":{"x":0.333,"y":0},"i":{"x":0,"y":1},"s":[95,103],"t":132},{"o":{"x":0.333,"y":0},"i":{"x":0,"y":1},"s":[103,95],"t":137},{"o":{"x":0.333,"y":0},"i":{"x":0,"y":1},"s":[95,103],"t":142},{"o":{"x":0.333,"y":0},"i":{"x":0,"y":1},"s":[103,95],"t":147},{"o":{"x":0.333,"y":0},"i":{"x":0,"y":1},"s":[95,103],"t":152},{"o":{"x":0.333,"y":0},"i":{"x":0,"y":1},"s":[103,95],"t":157},{"o":{"x":0.333,"y":0},"i":{"x":0,"y":1},"s":[95,103],"t":162},{"o":{"x":0.333,"y":0},"i":{"x":0,"y":1},"s":[103,95],"t":167},{"o":{"x":0.333,"y":0},"i":{"x":0,"y":1},"s":[95,103],"t":172},{"o":{"x":0.333,"y":0},"i":{"x":0,"y":1},"s":[103,95],"t":177},{"o":{"x":0.333,"y":0},"i":{"x":0,"y":1},"s":[95,103],"t":182},{"o":{"x":0.333,"y":0},"i":{"x":0,"y":1},"s":[103,95],"t":187},{"o":{"x":0.333,"y":0},"i":{"x":0,"y":1},"s":[95,103],"t":192},{"o":{"x":0.333,"y":0},"i":{"x":0,"y":1},"s":[103,95],"t":197},{"o":{"x":0.333,"y":0},"i":{"x":0,"y":1},"s":[95,103],"t":202},{"o":{"x":0.333,"y":0},"i":{"x":0,"y":1},"s":[103,95],"t":207},{"o":{"x":0.333,"y":0},"i":{"x":0,"y":1},"s":[95,103],"t":212},{"o":{"x":0.333,"y":0},"i":{"x":0,"y":1},"s":[103,95],"t":217},{"o":{"x":0.333,"y":0},"i":{"x":0,"y":1},"s":[95,103],"t":222},{"s":[103,95],"t":227}],"ix":3},"sk":{"a":0,"k":0,"ix":4},"p":{"a":1,"k":[{"o":{"x":0.333,"y":0},"i":{"x":0.667,"y":1},"s":[955.804,555.362],"t":67,"ti":[0,0.11666666716337],"to":[0,0.11666666716337]},{"o":{"x":0.333,"y":0},"i":{"x":0.667,"y":1},"s":[955.804,556.062],"t":72,"ti":[0,0],"to":[0,-0.11666666716337]},{"o":{"x":0.333,"y":0},"i":{"x":0.667,"y":1},"s":[955.804,554.662],"t":77,"ti":[0,0],"to":[0,0]},{"o":{"x":0.333,"y":0},"i":{"x":0.667,"y":1},"s":[955.804,556.062],"t":82,"ti":[0,0],"to":[0,0]},{"o":{"x":0.333,"y":0},"i":{"x":0.667,"y":1},"s":[955.804,554.662],"t":87,"ti":[0,0],"to":[0,0]},{"o":{"x":0.333,"y":0},"i":{"x":0.667,"y":1},"s":[955.804,556.062],"t":92,"ti":[0,0],"to":[0,0]},{"o":{"x":0.333,"y":0},"i":{"x":0.667,"y":1},"s":[955.804,554.662],"t":97,"ti":[0,0],"to":[0,0]},{"o":{"x":0.333,"y":0},"i":{"x":0.667,"y":1},"s":[955.804,556.062],"t":102,"ti":[0,0],"to":[0,0]},{"o":{"x":0.333,"y":0},"i":{"x":0.667,"y":1},"s":[955.804,554.662],"t":107,"ti":[0,0],"to":[0,0]},{"o":{"x":0.333,"y":0},"i":{"x":0.667,"y":1},"s":[955.804,556.062],"t":112,"ti":[0,0],"to":[0,0]},{"o":{"x":0.333,"y":0},"i":{"x":0.667,"y":1},"s":[955.804,554.662],"t":117,"ti":[0,0],"to":[0,0]},{"o":{"x":0.333,"y":0},"i":{"x":0.667,"y":1},"s":[955.804,556.062],"t":122,"ti":[0,0],"to":[0,0]},{"o":{"x":0.333,"y":0},"i":{"x":0.667,"y":1},"s":[955.804,554.662],"t":127,"ti":[0,0],"to":[0,0]},{"o":{"x":0.333,"y":0},"i":{"x":0.667,"y":1},"s":[955.804,556.062],"t":132,"ti":[0,0],"to":[0,0]},{"o":{"x":0.333,"y":0},"i":{"x":0.667,"y":1},"s":[955.804,554.662],"t":137,"ti":[0,0],"to":[0,0]},{"o":{"x":0.333,"y":0},"i":{"x":0.667,"y":1},"s":[955.804,556.062],"t":142,"ti":[0,0],"to":[0,0]},{"o":{"x":0.333,"y":0},"i":{"x":0.667,"y":1},"s":[955.804,554.662],"t":147,"ti":[0,0],"to":[0,0]},{"o":{"x":0.333,"y":0},"i":{"x":0.667,"y":1},"s":[955.804,556.062],"t":152,"ti":[0,0],"to":[0,0]},{"o":{"x":0.333,"y":0},"i":{"x":0.667,"y":1},"s":[955.804,554.662],"t":157,"ti":[0,0],"to":[0,0]},{"o":{"x":0.333,"y":0},"i":{"x":0.667,"y":1},"s":[955.804,556.062],"t":162,"ti":[0,0],"to":[0,0]},{"o":{"x":0.333,"y":0},"i":{"x":0.667,"y":1},"s":[955.804,554.662],"t":167,"ti":[0,0],"to":[0,0]},{"o":{"x":0.333,"y":0},"i":{"x":0.667,"y":1},"s":[955.804,556.062],"t":172,"ti":[0,0],"to":[0,0]},{"o":{"x":0.333,"y":0},"i":{"x":0.667,"y":1},"s":[955.804,554.662],"t":177,"ti":[0,0],"to":[0,0]},{"o":{"x":0.333,"y":0},"i":{"x":0.667,"y":1},"s":[955.804,556.062],"t":182,"ti":[0,0],"to":[0,0]},{"o":{"x":0.333,"y":0},"i":{"x":0.667,"y":1},"s":[955.804,554.662],"t":187,"ti":[0,0],"to":[0,0]},{"o":{"x":0.333,"y":0},"i":{"x":0.667,"y":1},"s":[955.804,556.062],"t":192,"ti":[0,0],"to":[0,0]},{"o":{"x":0.333,"y":0},"i":{"x":0.667,"y":1},"s":[955.804,554.662],"t":197,"ti":[0,0],"to":[0,0]},{"o":{"x":0.333,"y":0},"i":{"x":0.667,"y":1},"s":[955.804,556.062],"t":202,"ti":[0,0],"to":[0,0]},{"o":{"x":0.333,"y":0},"i":{"x":0.667,"y":1},"s":[955.804,554.662],"t":207,"ti":[0,0],"to":[0,0]},{"o":{"x":0.333,"y":0},"i":{"x":0.667,"y":1},"s":[955.804,556.062],"t":212,"ti":[0,0],"to":[0,0]},{"o":{"x":0.333,"y":0},"i":{"x":0.667,"y":1},"s":[955.804,554.662],"t":217,"ti":[0,0],"to":[0,0]},{"o":{"x":0.333,"y":0},"i":{"x":0.667,"y":1},"s":[955.804,556.062],"t":222,"ti":[0,0.23333333432674],"to":[0,0]},{"s":[955.804,554.662],"t":227}],"ix":2},"r":{"a":0,"k":0,"ix":6},"sa":{"a":0,"k":0,"ix":5},"o":{"a":0,"k":100,"ix":7}}]},{"ty":"gr","bm":0,"hd":false,"mn":"ADBE Vector Group","nm":"Group 12","np":2,"it":[{"ty":"sh","bm":0,"hd":false,"mn":"ADBE Vector Shape - Group","nm":"Path 1","d":1,"ks":{"a":0,"k":{"c":false,"i":[[0,0],[0,0],[3.099,0],[0,0],[0,3.099],[0,0]],"o":[[0,0],[0,3.099],[0,0],[-3.1,0],[0,0],[0,0]],"v":[[18.234,-9.467],[18.234,3.857],[12.622,9.467],[-12.622,9.467],[-18.234,3.857],[-18.234,-9.467]]}}},{"ty":"st","bm":0,"hd":false,"mn":"ADBE Vector Graphic - Stroke","nm":"Stroke 1","lc":2,"lj":2,"ml":1,"o":{"a":0,"k":100},"w":{"a":0,"k":3},"c":{"a":0,"k":[0.5098,0.302,1]}},{"ty":"tr","a":{"a":0,"k":[2,-9.625],"ix":1},"s":{"a":1,"k":[{"o":{"x":1,"y":0},"i":{"x":0.833,"y":0.833},"s":[0,0],"t":43},{"s":[100,100],"t":58}],"ix":3},"sk":{"a":0,"k":0,"ix":4},"p":{"a":0,"k":[958.365,537.723],"ix":2},"r":{"a":0,"k":0,"ix":6},"sa":{"a":0,"k":0,"ix":5},"o":{"a":0,"k":100,"ix":7}}]},{"ty":"gr","bm":0,"hd":false,"mn":"ADBE Vector Group","nm":"Group 15","np":2,"it":[{"ty":"sh","bm":0,"hd":false,"mn":"ADBE Vector Shape - Group","nm":"Path 1","d":1,"ks":{"a":0,"k":{"c":true,"i":[[0,0],[1.427,0],[0,0],[0,1.427],[0,0],[-1.429,0],[0,0],[0,-1.427]],"o":[[0,1.427],[0,0],[-1.429,0],[0,0],[0,-1.427],[0,0],[1.427,0],[0,0]],"v":[[28.462,15.614],[25.878,18.201],[-25.875,18.201],[-28.462,15.614],[-28.462,-15.617],[-25.875,-18.201],[25.878,-18.201],[28.462,-15.617]]}}},{"ty":"st","bm":0,"hd":false,"mn":"ADBE Vector Graphic - Stroke","nm":"Stroke 1","lc":2,"lj":2,"ml":1,"o":{"a":0,"k":100},"w":{"a":0,"k":3},"c":{"a":0,"k":[0.4588,0.3333,0.9804]}},{"ty":"tr","a":{"a":0,"k":[-11.5,-9.75],"ix":1},"s":{"a":1,"k":[{"o":{"x":1,"y":0},"i":{"x":0.833,"y":0.833},"s":[0,0],"t":25},{"o":{"x":0.167,"y":0.167},"i":{"x":0.439,"y":0.439},"s":[100,100],"t":40},{"o":{"x":0.333,"y":0},"i":{"x":0,"y":1},"s":[100,100],"t":66},{"o":{"x":0.333,"y":0},"i":{"x":0,"y":1},"s":[96.5,103],"t":70},{"o":{"x":0.333,"y":0},"i":{"x":0,"y":1},"s":[100,96.8],"t":74},{"o":{"x":0.333,"y":0},"i":{"x":0,"y":1},"s":[96.5,103],"t":78},{"o":{"x":0.333,"y":0},"i":{"x":0,"y":1},"s":[100,96.8],"t":82},{"o":{"x":0.333,"y":0},"i":{"x":0,"y":1},"s":[96.5,103],"t":86},{"o":{"x":0.333,"y":0},"i":{"x":0,"y":1},"s":[100,96.8],"t":90},{"o":{"x":0.333,"y":0},"i":{"x":0,"y":1},"s":[96.5,103],"t":94},{"o":{"x":0.333,"y":0},"i":{"x":0,"y":1},"s":[100,96.8],"t":98},{"o":{"x":0.333,"y":0},"i":{"x":0,"y":1},"s":[96.5,103],"t":102},{"o":{"x":0.333,"y":0},"i":{"x":0,"y":1},"s":[100,96.8],"t":106},{"o":{"x":0.333,"y":0},"i":{"x":0,"y":1},"s":[96.5,103],"t":110},{"o":{"x":0.333,"y":0},"i":{"x":0,"y":1},"s":[100,96.8],"t":114},{"o":{"x":0.333,"y":0},"i":{"x":0,"y":1},"s":[96.5,103],"t":118},{"o":{"x":0.333,"y":0},"i":{"x":0,"y":1},"s":[100,96.8],"t":122},{"o":{"x":0.333,"y":0},"i":{"x":0,"y":1},"s":[96.5,103],"t":126},{"o":{"x":0.167,"y":0},"i":{"x":0,"y":1},"s":[100,96.8],"t":130},{"o":{"x":0.333,"y":0},"i":{"x":0,"y":1},"s":[96.5,103],"t":135},{"o":{"x":0.333,"y":0},"i":{"x":0,"y":1},"s":[100,96.8],"t":139},{"o":{"x":0.333,"y":0},"i":{"x":0,"y":1},"s":[96.5,103],"t":143},{"o":{"x":0.333,"y":0},"i":{"x":0,"y":1},"s":[100,96.8],"t":147},{"o":{"x":0.333,"y":0},"i":{"x":0,"y":1},"s":[96.5,103],"t":151},{"o":{"x":0.333,"y":0},"i":{"x":0,"y":1},"s":[100,96.8],"t":155},{"o":{"x":0.333,"y":0},"i":{"x":0,"y":1},"s":[96.5,103],"t":159},{"o":{"x":0.333,"y":0},"i":{"x":0,"y":1},"s":[100,96.8],"t":163},{"o":{"x":0.333,"y":0},"i":{"x":0,"y":1},"s":[96.5,103],"t":167},{"o":{"x":0.333,"y":0},"i":{"x":0,"y":1},"s":[100,96.8],"t":171},{"o":{"x":0.333,"y":0},"i":{"x":0,"y":1},"s":[96.5,103],"t":175},{"o":{"x":0.333,"y":0},"i":{"x":0,"y":1},"s":[100,96.8],"t":179},{"o":{"x":0.333,"y":0},"i":{"x":0,"y":1},"s":[96.5,103],"t":183},{"o":{"x":0.333,"y":0},"i":{"x":0,"y":1},"s":[100,96.8],"t":187},{"o":{"x":0.333,"y":0},"i":{"x":0,"y":1},"s":[96.5,103],"t":191},{"s":[100,96.8],"t":195}],"ix":3},"sk":{"a":0,"k":0,"ix":4},"p":{"a":1,"k":[{"o":{"x":1,"y":0},"i":{"x":0.833,"y":0.833},"s":[945.905,538.207],"t":28,"ti":[0.125,-1.35416662693024],"to":[-0.125,1.35416662693024]},{"s":[945.155,546.332],"t":43}],"ix":2},"r":{"a":1,"k":[{"o":{"x":1,"y":0},"i":{"x":0.833,"y":0.833},"s":[138],"t":28},{"s":[0],"t":43}],"ix":6},"sa":{"a":0,"k":0,"ix":5},"o":{"a":0,"k":100,"ix":7}}]},{"ty":"tr","a":{"a":0,"k":[956.655,556.082],"ix":1},"s":{"a":0,"k":[100,100],"ix":3},"sk":{"a":0,"k":0,"ix":4},"p":{"a":0,"k":[956.655,556.082],"ix":2},"r":{"a":0,"k":0,"ix":6},"sa":{"a":0,"k":0,"ix":5},"o":{"a":0,"k":100,"ix":7}}]},{"ty":"gr","bm":0,"hd":false,"mn":"ADBE Vector Group","nm":"base","np":2,"it":[{"ty":"sh","bm":0,"hd":false,"mn":"ADBE Vector Shape - Group","nm":"Path 1","d":1,"ks":{"a":0,"k":{"c":true,"i":[[0,0],[0,0],[0,0],[0,0]],"o":[[0,0],[0,0],[0,0],[0,0]],"v":[[12.383,2.913],[-12.383,2.913],[-12.383,-2.913],[12.383,-2.913]]}}},{"ty":"st","bm":0,"hd":false,"mn":"ADBE Vector Graphic - Stroke","nm":"Stroke 1","lc":2,"lj":2,"ml":1,"o":{"a":0,"k":100},"w":{"a":0,"k":3},"c":{"a":0,"k":[0.4588,0.3333,0.9804]}},{"ty":"tr","a":{"a":0,"k":[0,-3.11],"ix":1},"s":{"a":1,"k":[{"o":{"x":1,"y":0},"i":{"x":0.833,"y":0.833},"s":[0,0],"t":36},{"o":{"x":0.167,"y":0.167},"i":{"x":0.007,"y":0.007},"s":[100,100],"t":51},{"o":{"x":0.333,"y":0},"i":{"x":0,"y":1},"s":[100,100],"t":67},{"o":{"x":0.333,"y":0},"i":{"x":0,"y":1},"s":[97,97],"t":71},{"o":{"x":0.333,"y":0},"i":{"x":0,"y":1},"s":[103,103],"t":75},{"o":{"x":0.333,"y":0},"i":{"x":0,"y":1},"s":[97,97],"t":79},{"o":{"x":0.333,"y":0},"i":{"x":0,"y":1},"s":[103,103],"t":83},{"o":{"x":0.333,"y":0},"i":{"x":0,"y":1},"s":[97,97],"t":87},{"o":{"x":0.333,"y":0},"i":{"x":0,"y":1},"s":[103,103],"t":91},{"o":{"x":0.333,"y":0},"i":{"x":0,"y":1},"s":[97,97],"t":95},{"o":{"x":0.333,"y":0},"i":{"x":0,"y":1},"s":[103,103],"t":99},{"o":{"x":0.333,"y":0},"i":{"x":0,"y":1},"s":[97,97],"t":103},{"o":{"x":0.333,"y":0},"i":{"x":0,"y":1},"s":[103,103],"t":107},{"o":{"x":0.333,"y":0},"i":{"x":0,"y":1},"s":[97,97],"t":111},{"o":{"x":0.333,"y":0},"i":{"x":0,"y":1},"s":[103,103],"t":115},{"o":{"x":0.333,"y":0},"i":{"x":0,"y":1},"s":[97,97],"t":119},{"o":{"x":0.333,"y":0},"i":{"x":0,"y":1},"s":[103,103],"t":123},{"o":{"x":0.333,"y":0},"i":{"x":0,"y":1},"s":[97,97],"t":127},{"o":{"x":0.167,"y":0},"i":{"x":0,"y":1},"s":[103,103],"t":131},{"o":{"x":0.333,"y":0},"i":{"x":0,"y":1},"s":[97,97],"t":136},{"o":{"x":0.333,"y":0},"i":{"x":0,"y":1},"s":[103,103],"t":140},{"o":{"x":0.333,"y":0},"i":{"x":0,"y":1},"s":[97,97],"t":144},{"o":{"x":0.333,"y":0},"i":{"x":0,"y":1},"s":[103,103],"t":148},{"o":{"x":0.333,"y":0},"i":{"x":0,"y":1},"s":[97,97],"t":152},{"o":{"x":0.333,"y":0},"i":{"x":0,"y":1},"s":[103,103],"t":156},{"o":{"x":0.333,"y":0},"i":{"x":0,"y":1},"s":[97,97],"t":160},{"o":{"x":0.333,"y":0},"i":{"x":0,"y":1},"s":[103,103],"t":164},{"o":{"x":0.333,"y":0},"i":{"x":0,"y":1},"s":[97,97],"t":168},{"o":{"x":0.333,"y":0},"i":{"x":0,"y":1},"s":[103,103],"t":172},{"o":{"x":0.333,"y":0},"i":{"x":0,"y":1},"s":[97,97],"t":176},{"o":{"x":0.333,"y":0},"i":{"x":0,"y":1},"s":[103,103],"t":180},{"o":{"x":0.333,"y":0},"i":{"x":0,"y":1},"s":[97,97],"t":184},{"o":{"x":0.333,"y":0},"i":{"x":0,"y":1},"s":[103,103],"t":188},{"o":{"x":0.333,"y":0},"i":{"x":0,"y":1},"s":[97,97],"t":192},{"s":[103,103],"t":196}],"ix":3},"sk":{"a":0,"k":0,"ix":4},"p":{"a":0,"k":[956.815,574.07],"ix":2},"r":{"a":0,"k":0,"ix":6},"sa":{"a":0,"k":0,"ix":5},"o":{"a":0,"k":100,"ix":7}}]}],"ind":1}],"v":"4.5.7","fr":30,"op":181,"ip":0,"assets":[]}