{
  "project_info": {
    "project_number": "369113572403",
    "firebase_url": "https://gallery-new-dd233.firebaseio.com",
    "project_id": "gallery-new-dd233",
    "storage_bucket": "gallery-new-dd233.appspot.com"
  },
  "client": [
    {
      "client_info": {
        "mobilesdk_app_id": "1:369113572403:android:c5b35be96cd499d3ee6f46",
        "android_client_info": {
          "package_name": "albums.gallery.photo.folder.picasa.app.web.gallery"
        }
      },
      "oauth_client": [
        {
          "client_id": "369113572403-nqammgee9ltd1oqa370vua8e1miqqbdn.apps.googleusercontent.com",
          "client_type": 1,
          "android_info": {
            "package_name": "albums.gallery.photo.folder.picasa.app.web.gallery",
            "certificate_hash": "69065c30e264f716b4b4c060dc3ee2b869b050da"
          }
        },
        {
          "client_id": "369113572403-o7dp9ajgs2snu5o6qdr79l6q83hj19vv.apps.googleusercontent.com",
          "client_type": 1,
          "android_info": {
            "package_name": "albums.gallery.photo.folder.picasa.app.web.gallery",
            "certificate_hash": "349d62c8998279ac3baaa202d9012eca56c63fc3"
          }
        },
        {
          "client_id": "369113572403-0e0gii1c2loigaom7bbi3ktduid86m1s.apps.googleusercontent.com",
          "client_type": 3
        }
      ],
      "api_key": [
        {
          "current_key": "AIzaSyBBFMrc7ohzUFfS1ql4AQGL7VajHcMvr1g"
        }
      ],
      "services": {
        "appinvite_service": {
          "other_platform_oauth_client": [
            {
              "client_id": "369113572403-0e0gii1c2loigaom7bbi3ktduid86m1s.apps.googleusercontent.com",
              "client_type": 3
            },
            {
              "client_id": "369113572403-83omrql3mofqcdj5qbnbrqgbt0i04bhn.apps.googleusercontent.com",
              "client_type": 2,
              "ios_info": {
                "bundle_id": "albums.gallery.photo.folder.picasa.app.web.gallery"
              }
            }
          ]
        }
      },
      "admob_app_id": "ca-app-pub-2613001078711441~6552065013"
    }
  ],
  "configuration_version": "1"
}