{"nm":"Comp 1","mn":"","layers":[{"ty":4,"nm":"circle outline","mn":"","sr":1,"st":0,"op":180,"ip":0,"hd":false,"cl":"","ln":"","ddd":0,"bm":0,"hasMask":false,"ao":0,"ks":{"a":{"a":0,"k":[0,0,0],"ix":1},"s":{"a":0,"k":[100,100,100],"ix":6},"sk":{"a":0,"k":0},"p":{"a":0,"k":[0,0,0],"ix":2},"sa":{"a":0,"k":0},"o":{"a":0,"k":100,"ix":11},"r":{"a":0,"k":0,"ix":10}},"ef":[],"shapes":[{"ty":"sh","bm":0,"cl":"","ln":"","hd":false,"mn":"ADBE Vector Shape - Group","nm":"Path 1","ix":1,"d":1,"ks":{"a":0,"k":{"c":true,"i":[[0,55.228],[55.228,0],[0,-55.228],[-55.228,0]],"o":[[0,-55.228],[-55.228,0],[0,55.228],[55.228,0]],"v":[[0,0],[-100,-100],[-200,0],[-100,100]]},"ix":2}},{"ty":"sh","bm":0,"cl":"","ln":"","hd":false,"mn":"ADBE Vector Shape - Group","nm":"Path 2","ix":2,"d":1,"ks":{"a":0,"k":{"c":true,"i":[[0,55.228],[-55.228,0],[0,-55.228],[55.228,0]],"o":[[0,-55.228],[55.228,0],[0,55.228],[-55.228,0]],"v":[[0,0],[100,-100],[200,0],[100,100]]},"ix":2}},{"ty":"tm","bm":0,"cl":"","ln":"","hd":false,"mn":"ADBE Vector Filter - Trim","nm":"Trim Paths 1","ix":3,"e":{"a":0,"k":80,"ix":2},"o":{"a":1,"k":[{"o":{"x":0.167,"y":0.167},"i":{"x":0.833,"y":0.833},"s":[0],"t":0},{"o":{"x":0.167,"y":0.167},"i":{"x":0.833,"y":0.833},"s":[360],"t":60}],"ix":3},"s":{"a":0,"k":100,"ix":1},"m":2},{"ty":"st","bm":0,"cl":"","ln":"","hd":false,"mn":"ADBE Vector Graphic - Stroke","nm":"Stroke 1","lc":2,"lj":1,"ml":4,"o":{"a":0,"k":100,"ix":4},"w":{"a":0,"k":52,"ix":5},"d":[],"c":{"a":0,"k":[0.2431,0.9176,0.0627],"ix":3}}],"ind":1,"parent":2},{"ty":4,"nm":"circle","mn":"","sr":1,"st":0,"op":200,"ip":0,"hd":false,"cl":"","ln":"","ddd":0,"bm":0,"hasMask":false,"ao":0,"ks":{"a":{"a":0,"k":[0,0,0],"ix":1},"s":{"a":0,"k":[100,100,100],"ix":6},"sk":{"a":0,"k":0},"p":{"a":0,"k":[960,540,0],"ix":2},"sa":{"a":0,"k":0},"o":{"a":0,"k":100,"ix":11},"r":{"a":1,"k":[{"o":{"x":0.167,"y":0.167},"i":{"x":0.833,"y":0.833},"s":[0],"t":0},{"o":{"x":0.167,"y":0.167},"i":{"x":0.833,"y":0.833},"s":[360],"t":60}],"ix":10}},"ef":[],"shapes":[{"ty":"el","bm":0,"cl":"","ln":"","hd":false,"mn":"ADBE Vector Shape - Ellipse","nm":"Ellipse Path 1","d":1,"p":{"a":0,"k":[-100,0],"ix":3},"s":{"a":0,"k":[100,100],"ix":2}},{"ty":"el","bm":0,"cl":"","ln":"","hd":false,"mn":"ADBE Vector Shape - Ellipse","nm":"Ellipse Path 2","d":1,"p":{"a":0,"k":[100,0],"ix":3},"s":{"a":0,"k":[100,100],"ix":2}},{"ty":"fl","bm":0,"cl":"","ln":"","hd":false,"mn":"ADBE Vector Graphic - Fill","nm":"Fill 1","c":{"a":0,"k":[0.2431,0.9176,0.0627],"ix":4},"r":1,"o":{"a":0,"k":100,"ix":5}}],"ind":2}],"ddd":0,"h":1080,"w":1920,"meta":{"a":"","k":"","d":"","g":"@lottiefiles/toolkit-js 0.21.3","tc":"#000000"},"v":"5.7.4","fr":30,"op":180,"ip":0,"assets":[]}