{
  "formatVersion": 1,
  "database": {
    "version": 2,
    "identityHash": "6972889ad353eb99e8884c5666550407",
    "entities": [
      {
        "tableName": "hiddenData",
        "createSql": "CREATE TABLE IF NOT EXISTS `${TABLE_NAME}` (`id` INTEGER PRIMARY KEY AUTOINCREMENT NOT NULL, `hidePath` TEXT NOT NULL, `restorePath` TEXT NOT NULL, `isVideo` INTEGER NOT NULL, `extension` TEXT NOT NULL, `folder` TEXT NOT NULL, `isDeleted` INTEGER NOT NULL)",
        "fields": [
          {
            "fieldPath": "id",
            "columnName": "id",
            "affinity": "INTEGER",
            "notNull": true
          },
          {
            "fieldPath": "hidePath",
            "columnName": "hidePath",
            "affinity": "TEXT",
            "notNull": true
          },
          {
            "fieldPath": "restorePath",
            "columnName": "restorePath",
            "affinity": "TEXT",
            "notNull": true
          },
          {
            "fieldPath": "isVideo",
            "columnName": "isVideo",
            "affinity": "INTEGER",
            "notNull": true
          },
          {
            "fieldPath": "extension",
            "columnName": "extension",
            "affinity": "TEXT",
            "notNull": true
          },
          {
            "fieldPath": "folder",
            "columnName": "folder",
            "affinity": "TEXT",
            "notNull": true
          },
          {
            "fieldPath": "isDeleted",
            "columnName": "isDeleted",
            "affinity": "INTEGER",
            "notNull": true
          }
        ],
        "primaryKey": {
          "autoGenerate": true,
          "columnNames": [
            "id"
          ]
        },
        "indices": [],
        "foreignKeys": []
      },
      {
        "tableName": "recentDeleteData",
        "createSql": "CREATE TABLE IF NOT EXISTS `${TABLE_NAME}` (`id` INTEGER PRIMARY KEY AUTOINCREMENT NOT NULL, `path` TEXT NOT NULL, `restorePath` TEXT NOT NULL)",
        "fields": [
          {
            "fieldPath": "id",
            "columnName": "id",
            "affinity": "INTEGER",
            "notNull": true
          },
          {
            "fieldPath": "path",
            "columnName": "path",
            "affinity": "TEXT",
            "notNull": true
          },
          {
            "fieldPath": "restorePath",
            "columnName": "restorePath",
            "affinity": "TEXT",
            "notNull": true
          }
        ],
        "primaryKey": {
          "autoGenerate": true,
          "columnNames": [
            "id"
          ]
        },
        "indices": [],
        "foreignKeys": []
      },
      {
        "tableName": "location",
        "createSql": "CREATE TABLE IF NOT EXISTS `${TABLE_NAME}` (`locationId` INTEGER PRIMARY KEY AUTOINCREMENT NOT NULL, `title` TEXT NOT NULL, `path` TEXT NOT NULL, `uri` TEXT NOT NULL, `latitude` REAL NOT NULL, `longitude` REAL NOT NULL)",
        "fields": [
          {
            "fieldPath": "locationId",
            "columnName": "locationId",
            "affinity": "INTEGER",
            "notNull": true
          },
          {
            "fieldPath": "title",
            "columnName": "title",
            "affinity": "TEXT",
            "notNull": true
          },
          {
            "fieldPath": "path",
            "columnName": "path",
            "affinity": "TEXT",
            "notNull": true
          },
          {
            "fieldPath": "uri",
            "columnName": "uri",
            "affinity": "TEXT",
            "notNull": true
          },
          {
            "fieldPath": "latitude",
            "columnName": "latitude",
            "affinity": "REAL",
            "notNull": true
          },
          {
            "fieldPath": "longitude",
            "columnName": "longitude",
            "affinity": "REAL",
            "notNull": true
          }
        ],
        "primaryKey": {
          "autoGenerate": true,
          "columnNames": [
            "locationId"
          ]
        },
        "indices": [],
        "foreignKeys": []
      },
      {
        "tableName": "recoverData",
        "createSql": "CREATE TABLE IF NOT EXISTS `${TABLE_NAME}` (`id` INTEGER PRIMARY KEY AUTOINCREMENT NOT NULL, `path` TEXT NOT NULL, `isVideo` INTEGER NOT NULL)",
        "fields": [
          {
            "fieldPath": "id",
            "columnName": "id",
            "affinity": "INTEGER",
            "notNull": true
          },
          {
            "fieldPath": "path",
            "columnName": "path",
            "affinity": "TEXT",
            "notNull": true
          },
          {
            "fieldPath": "isVideo",
            "columnName": "isVideo",
            "affinity": "INTEGER",
            "notNull": true
          }
        ],
        "primaryKey": {
          "autoGenerate": true,
          "columnNames": [
            "id"
          ]
        },
        "indices": [],
        "foreignKeys": []
      }
    ],
    "views": [],
    "setupQueries": [
      "CREATE TABLE IF NOT EXISTS room_master_table (id INTEGER PRIMARY KEY,identity_hash TEXT)",
      "INSERT OR REPLACE INTO room_master_table (id,identity_hash) VALUES(42, '6972889ad353eb99e8884c5666550407')"
    ]
  }
}