[
  {
    "id": 31,
    "category_id": 3,
    "name": "Cute1",
    "img": "cute/Cute1.png",
    "image_name": "Cute1.png",
    "created_at": "2023-07-27T08:37:18.000000Z",
    "updated_at": "2023-07-27T08:37:18.000000Z",
    "deleted_at": null
  },
  {
    "id": 32,
    "category_id": 3,
    "name": "Cute2",
    "img": "cute/Cute2.png",
    "image_name": "Cute2.png",
    "created_at": "2023-07-27T08:37:34.000000Z",
    "updated_at": "2023-07-27T08:37:34.000000Z",
    "deleted_at": null
  },
  {
    "id": 33,
    "category_id": 3,
    "name": "Cute3",
    "img": "cute/Cute3.png",
    "image_name": "Cute3.png",
    "created_at": "2023-07-27T08:37:44.000000Z",
    "updated_at": "2023-07-27T08:37:44.000000Z",
    "deleted_at": null
  },
  {
    "id": 34,
    "category_id": 3,
    "name": "Cute4",
    "img": "cute/Cute4.png",
    "image_name": "Cute4.png",
    "created_at": "2023-07-27T08:38:03.000000Z",
    "updated_at": "2023-07-27T08:38:03.000000Z",
    "deleted_at": null
  },
  {
    "id": 35,
    "category_id": 3,
    "name": "Cute5",
    "img": "cute/Cute5.png",
    "image_name": "Cute5.png",
    "created_at": "2023-07-27T08:38:12.000000Z",
    "updated_at": "2023-07-27T08:38:12.000000Z",
    "deleted_at": null
  },
  {
    "id": 36,
    "category_id": 3,
    "name": "Cute6",
    "img": "cute/Cute6.png",
    "image_name": "Cute6.png",
    "created_at": "2023-07-27T08:38:21.000000Z",
    "updated_at": "2023-07-27T08:38:21.000000Z",
    "deleted_at": null
  },
  {
    "id": 37,
    "category_id": 3,
    "name": "Cute7",
    "img": "cute/Cute7.png",
    "image_name": "Cute7.png",
    "created_at": "2023-07-27T08:38:57.000000Z",
    "updated_at": "2023-07-27T08:38:57.000000Z",
    "deleted_at": null
  },
  {
    "id": 38,
    "category_id": 3,
    "name": "Cute8",
    "img": "cute/Cute8.png",
    "image_name": "Cute8.png",
    "created_at": "2023-07-27T08:39:08.000000Z",
    "updated_at": "2023-07-27T08:39:08.000000Z",
    "deleted_at": null
  },
  {
    "id": 39,
    "category_id": 3,
    "name": "Cute9",
    "img": "cute/Cute9.png",
    "image_name": "Cute9.png",
    "created_at": "2023-07-27T08:39:16.000000Z",
    "updated_at": "2023-07-27T08:39:16.000000Z",
    "deleted_at": null
  },
  {
    "id": 40,
    "category_id": 3,
    "name": "Cute10",
    "img": "cute/Cute10.png",
    "image_name": "Cute10.png",
    "created_at": "2023-07-27T08:39:27.000000Z",
    "updated_at": "2023-07-27T08:39:27.000000Z",
    "deleted_at": null
  },
  {
    "id": 41,
    "category_id": 3,
    "name": "Cute11",
    "img": "cute/Cute11.png",
    "image_name": "Cute11.png",
    "created_at": "2023-07-27T08:39:40.000000Z",
    "updated_at": "2023-07-27T08:39:40.000000Z",
    "deleted_at": null
  },
  {
    "id": 42,
    "category_id": 3,
    "name": "Cute12",
    "img": "cute/Cute12.png",
    "image_name": "Cute12.png",
    "created_at": "2023-07-27T08:39:52.000000Z",
    "updated_at": "2023-07-27T08:39:52.000000Z",
    "deleted_at": null
  },
  {
    "id": 43,
    "category_id": 3,
    "name": "Cute13",
    "img": "cute/Cute13.png",
    "image_name": "Cute13.png",
    "created_at": "2023-07-27T08:40:02.000000Z",
    "updated_at": "2023-07-27T08:40:02.000000Z",
    "deleted_at": null
  },
  {
    "id": 44,
    "category_id": 3,
    "name": "Cute14",
    "img": "cute/Cute14.png",
    "image_name": "Cute14.png",
    "created_at": "2023-07-27T08:40:12.000000Z",
    "updated_at": "2023-07-27T08:40:12.000000Z",
    "deleted_at": null
  },
  {
    "id": 45,
    "category_id": 3,
    "name": "Cute15",
    "img": "cute/Cute15.png",
    "image_name": "Cute15.png",
    "created_at": "2023-07-27T08:40:22.000000Z",
    "updated_at": "2023-07-27T08:40:22.000000Z",
    "deleted_at": null
  },
  {
    "id": 46,
    "category_id": 3,
    "name": "Cute16",
    "img": "cute/Cute16.png",
    "image_name": "Cute16.png",
    "created_at": "2023-07-27T08:40:36.000000Z",
    "updated_at": "2023-07-27T08:40:36.000000Z",
    "deleted_at": null
  },
  {
    "id": 47,
    "category_id": 3,
    "name": "Cute17",
    "img": "cute/Cute17.png",
    "image_name": "Cute17.png",
    "created_at": "2023-07-27T08:40:50.000000Z",
    "updated_at": "2023-07-27T08:40:50.000000Z",
    "deleted_at": null
  },
  {
    "id": 48,
    "category_id": 3,
    "name": "Cute18",
    "img": "cute/Cute18.png",
    "image_name": "Cute18.png",
    "created_at": "2023-07-27T08:41:02.000000Z",
    "updated_at": "2023-07-27T08:41:02.000000Z",
    "deleted_at": null
  },
  {
    "id": 49,
    "category_id": 3,
    "name": "Cute19",
    "img": "cute/Cute19.png",
    "image_name": "Cute19.png",
    "created_at": "2023-07-27T08:41:12.000000Z",
    "updated_at": "2023-07-27T08:41:12.000000Z",
    "deleted_at": null
  },
  {
    "id": 50,
    "category_id": 3,
    "name": "Cute20",
    "img": "cute/Cute20.png",
    "image_name": "Cute20.png",
    "created_at": "2023-07-27T08:41:21.000000Z",
    "updated_at": "2023-07-27T08:41:21.000000Z",
    "deleted_at": null
  },
  {
    "id": 51,
    "category_id": 3,
    "name": "Cute21",
    "img": "cute/Cute21.png",
    "image_name": "Cute21.png",
    "created_at": "2023-07-27T08:41:32.000000Z",
    "updated_at": "2023-07-27T08:41:32.000000Z",
    "deleted_at": null
  },
  {
    "id": 52,
    "category_id": 3,
    "name": "Cute22",
    "img": "cute/Cute22.png",
    "image_name": "Cute22.png",
    "created_at": "2023-07-27T08:41:42.000000Z",
    "updated_at": "2023-07-27T08:41:42.000000Z",
    "deleted_at": null
  }
]