[
  {
    "id": 9,
    "name": "Popular"
  },
  {
    "id": 2,
    "name": "Birthday"
  },
  {
    "id": 6,
    "name": "Love"
  },
  {
    "id": 14,
    "name": "Wedding"
  },
  {
    "id": 5,
    "name": "Kids"
  },
  {
    "id": 10,
    "name": "Text"
  },
  {
    "id": 3,
    "name": "Cute"
  },
  {
    "id": 4,
    "name": "Flower"
  },
  {
    "id": 7,
    "name": "Nature"
  },
  {
    "id": 8,
    "name": "Pattern"
  },
  {
    "id": 11,
    "name": "Texture"
  },
  {
    "id": 1,
    "name": "Animal print"
  }
]