[{"id":9,"name":"popular","image_url":"https:\/\/apidpframe.appomania.co.in\/public\/cat_images\/1690442733popular.jpg"},{"id":2,"name":"Birthday","image_url":"https:\/\/apidpframe.appomania.co.in\/public\/cat_images\/1690442628Birthday.jpg"},{"id":6,"name":"Love","image_url":"https:\/\/apidpframe.appomania.co.in\/public\/cat_images\/1690442684Love.jpg"},{"id":14,"name":"Wedding","image_url":"https:\/\/apidpframe.appomania.co.in\/public\/cat_images\/1690452974Wedding.jpg"},{"id":5,"name":"Kids","image_url":"https:\/\/apidpframe.appomania.co.in\/public\/cat_images\/1690442666Kids.jpg"},{"id":10,"name":"text","image_url":"https:\/\/apidpframe.appomania.co.in\/public\/cat_images\/1690442746text.jpg"},{"id":3,"name":"Cute","image_url":"https:\/\/apidpframe.appomania.co.in\/public\/cat_images\/1690442639Cute.jpg"},{"id":4,"name":"Flower","image_url":"https:\/\/apidpframe.appomania.co.in\/public\/cat_images\/1690442652Flower.jpg"},{"id":7,"name":"nature","image_url":"https:\/\/apidpframe.appomania.co.in\/public\/cat_images\/1690442700nature.jpg"},{"id":8,"name":"pattern","image_url":"https:\/\/apidpframe.appomania.co.in\/public\/cat_images\/1690442719pattern.jpg"},{"id":11,"name":"texture","image_url":"https:\/\/apidpframe.appomania.co.in\/public\/cat_images\/1690442767texture.jpg"},{"id":1,"name":"Animal print","image_url":"https:\/\/apidpframe.appomania.co.in\/public\/cat_images\/1690442615Animal print.jpg"}]