{
  "Hashtag": [
    {
      "CategoryName": "Popular",
      "CategoryItem": [
        {
          "SubCategoryName": "Trending",
          "tag": "#love #TFLers #tweegram #photooftheday #20likes #amazing #smile #follow4follow #like4like #look #instalike #igers #picoftheday #food #instadaily #instafollow #followme #girl #iphoneonly #instagood #bestoftheday #instacool #instago #all_shots #follow #webstagram #colorful #style #swag"
        },
        {
          "SubCategoryName": "Hot Picks",
          "tag": "#fun #instagramers #food #smile #pretty #followme #nature #lol #dog #hair #onedirection #sunset #swag #throwbackthursday #instagood #beach #statigram #friends #hot #funny #blue #life #art #instahub #photo #cool #pink #bestoftheday #clouds"
        },
        {
          "SubCategoryName": "Top Choices",
          "tag": "#amazing #followme #all_shots #textgram #family #instago #igaddict #awesome #girls #instagood #my #bored #baby #music #red #green #water #harrystyles #bestoftheday #black #party #white #yum #flower #2012 #night #instalove #niallhoran #jj_forum"
        },
        {
          "SubCategoryName": "Highlights",
          "tag": "#love #instagood #me #tbt #cute #follow #followme #photooftheday #happy #tagforlikes #beautiful #self #girl #picoftheday #like4like #smile #friends #fun #like #fashion #summer #instadaily #igers #instalike #food"
        },
        {
          "SubCategoryName": "Featured",
          "tag": "#swag #amazing #tflers #follow4follow #bestoftheday #likeforlike #instamood #style #wcw #family #141 #f4f #nofilter #lol #life #pretty #repost #hair #my #sun #webstagram #iphoneonly #art #tweegram #cool #followback #instafollow #instasize #bored #instacool"
        },
        {
          "SubCategoryName": "Must See",
          "tag": "#like #instagood #photooftheday #follow #instalike #instamood #igers #all_shots #picoftheday #instadaily #bestoftheday #igdaily #followme #webstagram #tweegram #instamood #picoftheday #bestoftheday #instadaily #igdaily #instagramhub #instacool #me #photo #twelveskip"
        },
        {
          "SubCategoryName": "Fan Favorites",
          "tag": "#funny #mcm #instago #instasize #vscocam #girls #all_shots #party #music #eyes #nature #beauty #night #fitness #beach #look #nice #sky #christmas #baby #cat #sunny #billboard #adele"
        },
        {
          "SubCategoryName": "Editor's Pick",
          "tag": "#popular #instagood #iphonesia #photooftheday #instamood #picoftheday #bestoftheday #instadaily #igdaily #instagramhub #instacool #me #photo #twelveskip #picture #yummy"
        },
        {
          "SubCategoryName": "Community Favorites",
          "tag": "#smile #instagramers #pretty #food #friends #like #lol #nature #hair #onedirection #swag #beach #funny #bored #life #cool #blue #dog #pink #art #versagram #sunset #hot #photo #instahub #my #tagblender #family #throwbackthursday #cat"
        },
        {
          "SubCategoryName": "Fan Picks",
          "tag": "#instagramhub #nice #bored #all_shots eyes #look #throwback #home #loveit #jj #picstitch #colorful #20likes #shoes #instaphoto #snow #instacollage #harrystyles #boyfriend #niallhoran #statigram #tired #in #followback #instagramers #doubletap #model #nike #dog"
        }
      ]
    },
    {
      "CategoryName": "Holidays",
      "CategoryItem": [
        {
          "SubCategoryName": "Coastal Retreat",
          "tag": "#seaside #sea #beach #nature #summer #sunset #photography #travel #landscape #ocean #beachlife #sky #photooftheday #seaview #sealovers #seascape #naturephotography #ig #love #waves #travelphotography #water #sun #sealife #coast #instagood #summervibes #beautiful #sand #mare"
        },
        {
          "SubCategoryName": "Mountain Escape",
          "tag": "#hillstation #nature #mountains #travel #india #naturephotography #hills #travelphotography #photography #instagram #hill #photooftheday #travelgram #instagood #incredibleindia #love #naturelovers #himachal #uttarakhand #mountain #hillstationsofindia #landscape #tourism #travelling #kerala #picoftheday #sky #traveller #trip #himachalpradesh"
        },
        {
          "SubCategoryName": "Beach Bliss",
          "tag": "#beach #travel #summer #sea #nature #photography #sunset #love #beachlife #ocean #sun #photooftheday #instagood #beautiful #vacation #travelphotography #holiday #picoftheday #sky #instagram #beachvibes #landscape #travelgram #waves #photo #sand #fashion #like #naturephotography #surf"
        },
        {
          "SubCategoryName": "Family Adventure",
          "tag": "#Nature #Popular #category"
        },
        {
          "SubCategoryName": "Friends Adventure",
          "tag": "#friendstrip #friends #travel #friendship #friendshipgoals #friendstime #friendsforever #lesanges #trip #life #friendsforlife #ever #friendslikefamily #friendships #friendshipquotes #friendsinperson #likes #lvdcb #melaa #lmvsmonde #friendsday #lbdc #friendsgiving #labatailledescouples #lavilla #friendsandfamily #friendsinbnw #friendshipismagic #friendsnotfood #nature"
        },
        {
          "SubCategoryName": "Office Getaway",
          "tag": "#office #work #design #interiordesign #business #home #officedesign #architecture #interior #officespace #homeoffice #furniture #workspace #officedecor #instagood #realestate #homedecor #job #officefurniture #b #coworking #love #workplace #workfromhome #life #working #photooftheday #covid #instagram #entrepreneur"
        }
      ]
    },
    {
      "CategoryName": "Kids",
      "CategoryItem": [
        {
          "SubCategoryName": "Girls",
          "tag": "#littlegirls #littlegirl #kidsfashion #kids #baby #cute #girls #love #babygirl #cutebaby #fashion #momlife #kidsofinstagram #babygirls #little #cutegirls #fun #mommyandme #handmade #littlewomen #littleones #bows #mom #mommy #sisters #funnyvideos #littleone #funny #protectivestyles #funnybaby"
        },
        {
          "SubCategoryName": "Boys",
          "tag": "#littleboy #babyboy #baby #love #boy #cute #littlegirl #littlespace #family #kids #little #son #newborn #cutebaby #photography #littlebaby #ageregression #happy #instagood #mylove #agere #mdlb #momlife #myboy #smile #myson #photooftheday #ddlg #instababy #like"
        },
        {
          "SubCategoryName": "Both",
          "tag": "#boysandgirls #boys #girls #kids #kidsfashion #love #unisex #smallbusiness #friends #instagood #boy #instagram #model #baby #babystyle #style #babyshop #babybib #gendernuetral #bibs #blackownedbusiness #buyblack #babyandtoddler #cottonbib #trianglebib #kalkollections #babysupplies #welovebabies #insta #like"
        },
        {
          "SubCategoryName": "Nutrition",
          "tag": "#kidsnutrition #healthyfoods #balanceddiet #nutritiousmeals #childrenshealth #healthyhabits #familymeals #wholesomeeats #kidseathealthy"
        },
        {
          "SubCategoryName": "Hygiene",
          "tag": "#kidsafety #hygienetips #cleanhands #healthyhabits #bathroutine #kidswash #personalhygiene #cleankids #hygieneforkids"
        },
        {
          "SubCategoryName": "Special Events",
          "tag": "#specialevents #kidsactivities #celebrate #milestones #eventfun #kidscelebration #partytips #funevents #familyevents"
        },
        {
          "SubCategoryName": "Birthdays",
          "tag": "#birthdayparty #birthdayfun #birthdaycake #partytime #celebration #birthdaydecorations #kidsbirthday #birthdaybash #happybirthday"
        },
        {
          "SubCategoryName": "Sports",
          "tag": "#kidsports #soccerforkids #basketball #tball #activekids #sportsfun #playtime #youthsports #outdoorfun"
        }
      ]
    },
    {
      "CategoryName": "People",
      "CategoryItem": [
        {
          "SubCategoryName": "Social People",
          "tag": "#love #photooftheday #portrait #baby #me #instamood #cute #friends #hair #swag #igers #picoftheday #girl #guy #beautiful #fashion #instagramers #follow #smile #pretty #followme #photo #life #funny #cool #hot #bored #girls #iphonesia"
        },
        {
          "SubCategoryName": "Girls",
          "tag": "#girl #girls #love #follow #followme #TFLers #lady #swag #hot #me #cute #picoftheday #beautiful #photooftheday #instagood #fun #smile #pretty #hair #friends #cool #kik #fashion #igers #instagramers #style #sweet #eyes #beauty"
        },
        {
          "SubCategoryName": "Boys",
          "tag": "#boys #bangtanboys #myboys #cowboys #momofboys #dallascowboys #cuteboys #lovemyboys #bulletproofboyscouts #cowboysnation #boyswillbeboys #instaboys #theboys #hotboys #backstreetboys #billionaireboysclub #tfboys #animeboys #boysfashion #polishboys #badboys #tomboystyle #sadboys #babyboys #mumofboys #boystyle #tiktokboys #twinboys #bangtanboysarmy #bikerboysofinstagram #suicideboys #lifewithboys #raisingboys #saturdaysarefortheboys #sexyboys #hkboys #boyswithtattoos #handsomeboys #magconboys #asianboys"
        },
        {
          "SubCategoryName": "Friends",
          "tag": "#friend #friends #fun #funny #smile #bff #bf #gf #love #instagood #igers #friendship #party #chill #happy #cute #photooftheday #live #forever #best #bestfriend #lovethem #bestfriends #goodfriends #besties #awesome #memories #goodtimes #goodtime"
        },
        {
          "SubCategoryName": "Family Members",
          "tag": "#mom #dad #siblings ##family #love #travel #happy #photography #friends #instagood #photooftheday #nature #fun #beautiful #fashion #life #summer #smile #picoftheday #art #cute #food #style #follow #beach #fitness #vacation #instadaily #instagram #music #instalike #adventure #tbt"
        },
        {
          "SubCategoryName": "Others",
          "tag": "#people #love #photography #life #instagram #portrait #instagood #art #photooftheday #streetphotography #travel #like #follow #world #nature #street #photo #beautiful #fashion #happy #india #music #lifestyle #bnw #motivation #style #ig #smile #quotes #friends"
        }
      ]
    },
    {
      "CategoryName": "Nature",
      "CategoryItem": [
        {
          "SubCategoryName": "Mountain",
          "tag": "#mountains #nature #travel #landscape #hiking #photography #naturephotography #adventure #travelphotography #mountain #photooftheday #landscapephotography #naturelovers #love #wanderlust #snow #trekking #explore #instagood #sky #outdoors #sunset #travelgram #ig #beautiful #picoftheday #alps #mountainlovers #winter #clouds"
        },
        {
          "SubCategoryName": "Water",
          "tag": "#water #nature #photography #travel #love #sea #naturephotography #summer #sky #photooftheday #ocean #landscape #beach #beautiful #instagood #lake #art #river #sunset #sun #blue #photo #clouds #green #naturelovers #picoftheday #adventure #life #instagram #fun"
        },
        {
          "SubCategoryName": "Sky",
          "tag": "#sky #nature #sunset #photography #clouds #landscape #photooftheday #love #naturephotography #travel #beautiful #instagood #sun #photo #picoftheday #summer #sea #ig #instagram #blue #sunrise #skyphotography #art #travelphotography #beach #naturelovers #landscapephotography #mountains #like #skylovers"
        },
        {
          "SubCategoryName": "Air",
          "tag": "#air #jordan #sky #nike #water #k #nature #love #airjordan #s #earth #airmax #aviation #fire #photography #instagram #fly #like #airforce #car #bas #modifiye #sneakers #art #instagood #travel #airplane #tofa #a #plane"
        },
        {
          "SubCategoryName": "Sweet Evening",
          "tag": "#goodevening #love #goodnight #instagram #instagood #sunset #photography #goodmorning #picoftheday #nature #goodvibes #evening #photooftheday #like #follow #beautiful #gutenabend #buonasera #me #instalike #sky #boanoite #photo #happy #likeforlikes #selfie #smile #likes #instadaily #life"
        },
        {
          "SubCategoryName": "All Plants",
          "tag": "#plants #plantsofinstagram #houseplants #plantsmakepeoplehappy #indoorplants #plantstrong #poweredbyplants #plantstagram #houseplantsofinstagram #eatplants #instaplants #plantsarefriends #eatmoreplants #iloveplants #implants #plantsmakemehappy #dentalimplants #livingwithplants #plantsplantsplants #airplants #plantstyling #tropicalplants #plantslover #loveplants #ihavethisthingwithplants #nativeplants #plantshop #pottedplants #plantshelfie #breastimplants #girlswithplants #aquaticplants #greenplants #carnivorousplants #hangingplants #rareplants #plantsagram #succulentplants #homeplants #indoorplantsdecor"
        }
      ]
    },
    {
      "CategoryName": "Weather",
      "CategoryItem": [
        {
          "SubCategoryName": "Rainy",
          "tag": "#rain #raining #rainyday #pouring #rainydays #water #clouds #cloudy #photooftheday #puddle #umbrella #instagood #gloomy #rainyweather #rainydayz #splash #TFLers #downpour #instarain #rains"
        },
        {
          "SubCategoryName": "Cold",
          "tag": "#winter #cold #holidays #snow #rain #christmas #snowing #blizzard #snowflakes #wintertime #staywarm #cloudy #instawinter #instagood #holidayseason #photooftheday #season #seasons #nature"
        },
        {
          "SubCategoryName": "Hot",
          "tag": "#summer #summertime #sun #hot #sunny #warm #fun #beautiful #sky #clearskys #season #seasons #instagood #instasummer #photooftheday #nature #TFLers #clearsky #bluesky #vacationtime #weather #summerweather #sunshine #summertimeshine"
        },
        {
          "SubCategoryName": "Snowy",
          "tag": "#snow #snowing #winter #cold #ice #white #weather #sky #skies #frosty #frost #chilly #TFLers #nature #snowflakes #instagood #instawinter #instasnow #photooftheday #snowfall #blizzard #snows #white #Green"
        },
        {
          "SubCategoryName": "Spring",
          "tag": "#spring #blossom #flowers #beautiful #season #seasons #instaspring #instagood #springtime #color #ilovespring #warm #sunny #sun #tree #pretty #TFLers #trees #flower #bloom #colorful #warm #nice"
        },
        {
          "SubCategoryName": "Cloudy",
          "tag": "#clouds #cloud #cloudporn #weather #lookup #sky #skies #skyporn #cloudy #instacloud #instaclouds #instagood #nature #beautiful #gloomy #skyline #horizon #overcast #instasky #epicsky #crazyclouds #photooftheday #cloud_skye #skyback #insta_sky_lovers #iskyhub"
        },
        {
          "SubCategoryName": "Sunny",
          "tag": "#sun #sunny #sunnyday #sunnydays #sunlight #light #sunshine #shine #nature #sky #skywatcher #thesun #sunrays #photooftheday #beautiful #beautifulday #weather #summer #goodday #goodweather #instasunny #instasun #instagood #clearskies #clearsky #blueskies #lookup #bright #brightsun"
        },
        {
          "SubCategoryName": "Tornado",
          "tag": "#tornado #storm #honda #twister #xr #weather #titan #xtz #yamaha #nature #hurricane #thunderstorm #lightning #stunt #crf #clouds #storms #rain #severeweather #r #supercell #stormchaser #banshee #stormchasing #cc #tornadowarning #tornados #ig #photography #hondatornado"
        },
        {
          "SubCategoryName": "Stormy",
          "tag": "#stormyweather #storm #nature #clouds #stormy #stormclouds #sky #ig #weather #photography #thunderstorm #landscape #rain #stormchaser #naturephotography #lightning #stormysky #stormyskies #storms #stormchasing #landscapephotography #sunset #sea #cloudscape #stormchasers #thunder #rainyday #thunderstorms #beach #waves"
        },
        {
          "SubCategoryName": "Clear & Normal",
          "tag": "#weather #nature #sky #clouds #photooftheday #photography #beautiful #love #rain #summer #sunset #instagood #sun #naturephotography #storm #landscape #beauty #light #travel #sunrise #instagram #green #tree #cloud #day #cloudporn #skylovers #beach #flowers #ig"
        }
      ]
    },
    {
      "CategoryName": "Fashion",
      "CategoryItem": [
        {
          "SubCategoryName": "Girls Outfits",
          "tag": "#fashion #style #stylish #love # #me #cute #photooftheday #nails #hair #beauty #beautiful #instagood #instafashion #pretty #girly #pink #girl #girls #eyes #model #dress #skirt #shoes #heels #styles #outfit #purse #jewelry #shopping"
        },
        {
          "SubCategoryName": "Boys Outfits",
          "tag": "#fashion #swag #style #stylish #me #swagger #cute #photooftheday #jacket #hair #pants #shirt #instagood #handsome #cool #polo #swagg #guy #boy #boys #man #model #tshirt #shoes #sneakers #styles #jeans #fresh #dope"
        },
        {
          "SubCategoryName": "Girls Accessories",
          "tag": "#accessories #fashion #handmade #jewelry #style #earrings #love #jewellery #necklace #onlineshopping #shopping #design #fashionista #bracelet #handmadejewelry #instagood #ootd #gold #smallbusiness #bags #silver #beautiful #bracelets #fashionstyle #fashionblogger #shoes #trendy #beauty #instafashion #like"
        },
        {
          "SubCategoryName": "Boys Accessories",
          "tag": "#menswear #mensfashion #fashion #style #mensstyle #streetwear #menstyle #ootd #streetstyle #fashionblogger #streetfashion #outfitoftheday #model #photography #dapper #instafashion #instagood #outfit #lifestyle #men #menwithstyle #instastyle #styleblogger #mensfashionpost #stylish #mensclothing #photooftheday #love #ootdmen #fashionista"
        },
        {
          "SubCategoryName": "Makeup",
          "tag": "#makeup #instamakeup #cosmetic #cosmetics #TFLers #fashion #eyeshadow #lipstick #gloss #mascara #palettes #eyeliner #lip #lips #tar #concealer #foundation #powder #eyes #eyebrows #lashes #lash #glue #glitter #crease #primers #base #beauty #beautiful"
        },
        {
          "SubCategoryName": "Hairstyle",
          "tag": "#hair #hairstyle #instahair #hairstyles #haircolour #haircolor #hairdye #hairdo #haircut #longhairdontcare #braid #fashion #instafashion #straighthair #longhair #style #straight #curly #black #brown #blonde #brunette #hairoftheday #hairideas #braidideas #perfectcurls #hairfashion #hairofinstagram #coolhair"
        },
        {
          "SubCategoryName": "Nails",
          "tag": "#nails #nail #fashion #style #cute #beauty #beautiful #instagood #pretty #girl #girls #stylish #sparkles #styles #gliter #nailart #art #opi #photooftheday #essie #unhas #preto #branco #rosa #love #shiny #polish #nailpolish #nailswag"
        },
        {
          "SubCategoryName": "High Heels",
          "tag": "#highheels #heels #platgorm ##fashion #style #stylish #love #cute #photooftheday #tall #beauty #beautiful #instafashion #girl #girls #model #shoes #styles #outfit #instaheels #fashionshoes #shoelover #instashoes #highheelshoes #trendy #heelsaddict #loveheels #iloveheels #shoestagram"
        },
        {
          "SubCategoryName": "Tattoos",
          "tag": "#tattoo #tattoos #tat #ink #inked #TFLers #tattooed #tattoist #coverup #art #design #instaart #instagood #sleevetattoo #handtattoo #chesttattoo #photooftheday #tatted #instatattoo #bodyart #tatts #tats #amazingink #tattedup #inkedup"
        },
        {
          "SubCategoryName": "Skin Care",
          "tag": "#skincare #beauty #skincareroutine #makeup #skin #skincareproducts #selfcare #skincaretips #antiaging #glowingskin #love #cosmetics #facial #healthyskin #natural #like #acne #beautiful #serum #naturalskincare #instagood #bhfyp #fashion #makeupartist #follow #organic #instagram #spa #health #perawatanwajah"
        }
      ]
    },
    {
      "CategoryName": "Photography",
      "CategoryItem": [
        {
          "SubCategoryName": "Best Photography",
          "tag": "#bestphotography #travelphotography #portrait #beauty #canon #life #ig #india #l #landscape #cute #likeforfollow #f #fotografia #sunset #likeforlike #girl #followback #followers #summer #photographylovers #portraitphotography #selfie #comment #lifestyle #makeup #followforfollow #explore #streetphotography #sky #music"
        },
        {
          "SubCategoryName": "Black & White",
          "tag": "#blackandwhite #bnw #monochrome #instablackandwhite #monoart #insta_bw #bnw_society #bw_lover #bw_photooftheday #photooftheday #bw #instagood #bw_society #bw_crew #bwwednesday #insta_pick_bw #bwstyles_gf #irox_bw #igersbnw #bwstyleoftheday #monotone #monochromatic#noir #fineart_photobw"
        },
        {
          "SubCategoryName": "Candid",
          "tag": "#candid #candidchildhood #ourcandidlife #candidphotography #candidshot #candidmoments #candids #candidmotherhood #candidphoto #candidweddingphotography #streetcandid #candida #candidcamera #candidate #candidshots #candidphotographer #candidmoment #candidslumber #candidpic #scandidesign #thecandidclass #candidfeet #scandidecor #candidportrait #candidadiet #fakecandid #sancandido #streetcandid_worldwide #candidates #candidphotos #weddingcandid #candidcatches #candidato #candidkids #candidasa #candidwedding #candidclick #candidatos #candidatas #candidstreet"
        },
        {
          "SubCategoryName": "Nature Photography",
          "tag": "#naturephotography #nature #photography #naturelovers #photooftheday #landscape #travel #travelphotography #instagood #love #photo #picoftheday #ig #instagram #wildlife #landscapephotography #beautiful #photographer #sunset #naturelover #birds #wildlifephotography #perfection #flowers #macro #art #sky #bhfyp #mountains #like"
        },
        {
          "SubCategoryName": "Modeling",
          "tag": "#modeling #model #photography #fashion #photoshoot #photooftheday #instagood #instagram #love #style #portrait #beauty #photographer #photo #beautiful #follow #picoftheday #like #modellife #art #makeup #likeforlikes #cute #portraitphotography #girl #fashionblogger #me #models #smile #myself"
        },
        {
          "SubCategoryName": "Sports Photography",
          "tag": "#sportsphotography #sports #photography #sportsphotographer #football #canon #sport #soccer #nikon #photooftheday #basketball #sportsphoto #photographer #canonphotography #footballphotography #actionphotography #fitness #sportphotography #photo #athlete #picoftheday #sportfotografie #baseball #nikond #sportphoto #nikonphotography #rugby #sonyalpha #futbol #hockey"
        },
        {
          "SubCategoryName": "Landscape Photography",
          "tag": "#landscape #landscapephotography #landscapes #landscape_lovers #landscape_captures #landscapelovers #landscapelover #landscapehunter #landscapedesign #landscape_lover #ic_landscapes #urbanlandscape #landscapepainting #landscapestyles_gf #ig_landscape #landscapephoto #landscape_photography #landscapecaptures #landscapestyles #landscapearchitecture #landscape_hunter #landscape_specialist #landscape_capture #landscapeporn #natgeolandscape #landscapephotomag #beautifullandscape #tv_landscapes #italianlandscapes #landscaper #loves_landscape #instalandscape #landscapeart #landscapephotographer #bns_landscape #landscapesofnorway #earthlandscape #abstractlandscape #landscape_love #citylandscape"
        },
        {
          "SubCategoryName": "People Photography",
          "tag": "#peoplephotography #people #portrait #photography #streetphotography #portraitphotography #bnw #street #ig #photooftheday #portraits #travelphotography #photographer #canon #blackandwhite #blackandwhitephotography #photo #travel #world #picoftheday #fotografie #streets #life #instagood #shots #model #bw #infinity #shooting #photoshoot"
        }
      ]
    },
    {
      "CategoryName": "Architecture",
      "CategoryItem": [
        {
          "SubCategoryName": "Best Architecture",
          "tag": "#architecture #architecturephotography #architecturelovers #architect #architectureporn #architectural #architects #interiorarchitecture #architecture_hunter #modernarchitecture #visualarchitects #architecturedesign #architecturelover #architecturestudent #architectures #lookingup_architecture #landscapearchitecture #architecturalphotography #jj_architecture #instaarchitecture #ic_architecture #creative_architecture #sky_high_architecture #architecturephoto #architecture_view #icu_architecture #architecturaldesign #architecturedaily #tv_architectural #architecture_greatshots #ig_architecture #ptk_architecture #architecturaldigest #amazingarchitecture #oldarchitecture #architecture_minimal #architectureschool #architecture_best #contemporaryarchitecture #architecturemodel"
        },
        {
          "SubCategoryName": "Modern Architecture",
          "tag": "#modernarchitecture #architecture #design #architecturephotography #interiordesign #architecturelovers #archilovers #architect #archdaily #architecturedesign #moderndesign #interior #modern #hunter #contemporaryarchitecture #arquitectura #art #modernism #homedesign #architects #modernhouse #homedecor #modernhome #architectural #archidaily #home #minimalism #building #architectureporn #arquitetura"
        },
        {
          "SubCategoryName": "Gothic Architecture",
          "tag": "#gothicarchitecture #gothic #architecture #church #cathedral #architecturephotography #gothicstyle #medieval #gothicart #art #gothicchurch #travel #france #architecturelovers #goth #photography #ig #travelphotography #medievalarchitecture #europe #travelgram #history #churches #churchesofinstagram #gothicrevival #total #stainedglass #churcharchitecture #gothicbeauty #oldbuildings"
        },
        {
          "SubCategoryName": "Classical Architecture",
          "tag": "#classicalarchitecture #architecture #architecturephotography #traditionalarchitecture #architecturelovers #interiordesign #art #classicism #facade #neoclassical #city #building #design #classical #arch #archilovers #history #georgianarchitecture #neoclassicalarchitecture #placeofworship #historicsite #symmetry #photography #church #icaa #architect #countryhouse #sky #residentialarchitecture #medievalarchitecture"
        },
        {
          "SubCategoryName": "International Architecture",
          "tag": "#international #archidaily #realestate #architettura #luxury #architecturestudent #photography #dise #architectureporn #arquitetura #decor #furniture #architecturaldesign #render #buildings #archi #architectures #designinspiration #modern #modernarchitecture #interiordecor #architektur #luxuryhomes #architecturedaily #rendering #instagood #renovation #india #contractors #project #moderndesign"
        },
        {
          "SubCategoryName": "Industrial Architecture",
          "tag": "#industrialdesign #design #productdesign #interiordesign #industrial #d #designer #architecture #interior #homedecor #art #dise #sketch #vintage #furniture #designinspiration #furnituredesign #render #handmade #cardesign #industrialdecor #engineering #o #home #keyshot #industrialdesigner #rendering #product #automotivedesign #decor"
        },
        {
          "SubCategoryName": "Residential Architecture",
          "tag": "#residence #architecture #home #design #interiordesign #realestate #property #house #interior #luxury #villa #apartment #architect #investment #hotel #visa #homedecor #building #art #modern #r #eb #office #travel #rumahminimalis #m #luxuryhomes #construction #rumah #residential"
        },
        {
          "SubCategoryName": "Victorian Architecture",
          "tag": "#victorianarchitecture #architecture #victorian #victorianhouse #victorianhome #oldhouselove #architecturephotography #victorianrenovation #victorianstyle #oldhouse #historicpreservation #historichomes #architecturelovers #victorianhouses #interiordesign #victorianera #archi #heritagearchitecture #ologie #renovation #history #victorianterrace #london #visitvictoria #victorianhomes #oldhousecharm #gothicarchitecture #explorevictoria #victoriaaustralia #periodhome"
        }
      ]
    },
    {
      "CategoryName": "Food",
      "CategoryItem": [
        {
          "SubCategoryName": "Indian Food",
          "tag": "#indianfoodie #chicken #mumbai #foodpics #breakfast #lunch #foodtalkindia #indianstreetfood #dinner #curry #cooking #northindianfood #delhi #homemadefood #mumbaifoodie #delhifood #delhifoodie #foodlovers #biryani #follow #vegan #foodblog #spicy #dessert #foodbloggers #indiansweets #foodgram #snacks #photography #sweet"
        },
        {
          "SubCategoryName": "Fruit & Vegetables",
          "tag": "#fruits #fruit #food #healthyfood #healthy #vegetables #healthylifestyle #vegan #foodie #foodporn #instafood #yummy #nature #love #foodphotography #fresh #organic #breakfast #health #delicious #summer #instagood #mango #dessert #strawberry #fruitsalad #homemade #veggies #fruitlover #sweet"
        },
        {
          "SubCategoryName": "Starchy Food",
          "tag": "#starch #asmr #pengerastudung #pengerasawningtudung #starchsolution #tudungcantik #starchmalaysia #hilangremukwangiok #qualitystarch #easyhijab #tudungmelentik #richstarch #pica #cornstarchasmr #cornstarcheating #tudungonpoint #pengerastudungawningstarch #spreadgorgeous #satisfying #powder #reducewrinkles #hilangkedutbaju #soaproses #chunks #potatostarch #crunch #soapasmr #vegan #plantbased #sound"
        },
        {
          "SubCategoryName": "Dairy Food",
          "tag": "#dairy #milk #dairyfarm #cows #farm #cow #cheese #dairycows #vegan #food #farming #farmlife #agriculture #a #meat #love #dairyfarming #cowsofinstagram #govegan #animals #healthy #cattle #dairyproducts #dairymilk #vacas #organic #instacow #dairyisscary #fazendaleiteira #icecream"
        },
        {
          "SubCategoryName": "Protein",
          "tag": "#protein #fitness #gym #nutrition #healthyfood #bodybuilding #healthy #workout #healthylifestyle #health #food #fit #weightloss #diet #supplements #motivation #fitnessmotivation #vegan #muscle #foodie #foodporn #fitfam #gymlife #preworkout #wheyprotein #breakfast #healthyeating #lifestyle #training #keto"
        },
        {
          "SubCategoryName": "Fat",
          "tag": "#fats #protein #carbs #nutrition #fitness #healthy #healthyfood #health #diet #macros #healthylifestyle #food #weightloss #fat #calories #healthyfats #healthyeating #fatloss #foodie #gym #carbohydrates #vitamins #foodporn #weightlossjourney #keto #nutrients #instafood #fit #proteins #motivation"
        },
        {
          "SubCategoryName": "Spicy",
          "tag": "#spicy #foodie #foodporn #food #delicious #yummy #instafood #dinner #foodgasm #yum #foodphotography #instagood #chicken #foodstagram #lunch #tasty #thaifood #vegan #noodles #homemade #love #eeeeeats #seafood #shrimp #rice #foodblogger #thai #hotsauce #hungry #eat"
        },
        {
          "SubCategoryName": "Chocolates",
          "tag": "#chocolate #chocolatecake #hotchocolate #chocolates #chocolatelab #chocolatelover #darkchocolate #whitechocolate #chocolatechip #chocolatelovers #bolodechocolate #chocolatechipcookies #chocolatelabrador #chocolatecoveredstrawberries #amomaisquechocolate #milkchocolate #chocolatebouquet #chocolateaddict #chocolatechips #chocolatelaboftheday #chocolatemilk #chocolatelove #instachocolate #ilovechocolate #lovechocolate #chocolatemousse #chocolatebar #chocolatelabsofinstagram #chocolatebelga #chocolatecupcakes #labradorchocolate #chocolateganache #veganchocolate #chocolateheaven #chocolatequente #amochocolate #belgianchocolate #chocolatebranco #chocolatecoveredoreos #tortadechocolate"
        }
      ]
    },
    {
      "CategoryName": "Family",
      "CategoryItem": [
        {
          "SubCategoryName": "Family Moments",
          "tag": "#familyday #family #familytime #familyfun #love #familyfirst #familylove #sundayfunday #familygoals #happy #sunday #photography #familyphotography #travel #familylife #fun #california #familytrip #familyovereverything #mom #picoftheday #photooftheday #instagram #familyphoto #beach #losangeles #instagood #familyguy #beautiful #familyiseverything"
        },
        {
          "SubCategoryName": "Family Love",
          "tag": "#familylove💕 #parentslove #familyfirst❤️ #happyfamily #familypictures #familylove❤️ #familyday #familygoals #familytime #familyfirst #familylook #mysiblingsoutfit #urlaub #urlaubmitkindern #travel #traveltheworld #holiday #holidaymood #fuerteventura #schönezeit"
        },
        {
          "SubCategoryName": "Family Bonds",
          "tag": "#family #fam #mom #dad #envywear #PleaseForgiveMe #brother #sister #brothers #sisters #bro #sis #siblings #love #instagood #father #mother #related #fun #photooftheday #children #kids #life #happy #familytime #cute #smile #fun"
        },
        {
          "SubCategoryName": "Family Vibes",
          "tag": "#family #familytime #familyfirst #myfamily #familyfun #familygoals #gang_family #familyphotography #familyday #familylove #lovemyfamily #happyfamily #slimmingworldfamily #familytrip #instafamily #familylife #familyvacation #fitfamily #familyiseverything #spnfamily #vapefamily #swfamily #familyphotographer #familyovereverything #ygfamily #familyphoto #familytravel #edmfamily #ilovemyfamily #familybusiness #trancefamily #familydinner #wwfamily #familyportrait #familyholiday #dogsarefamily #familyphotos #royalfamily #familyguy #wearefamily"
        },
        {
          "SubCategoryName": "Family Events",
          "tag": "#music #mom #bhfyp #instadaily #fitness #babyboy #babygirl #children #motivation #instalike #photo #girl #style #beauty #party #birthday #blessed #together #motherhood #followme #parenting #memories #likeforlikes #covid #holiday #me #familyphotography #christmas #familyfirst #dog"
        },
        {
          "SubCategoryName": "Family Highlights",
          "tag": "#family #love #friends #happy #instagood #life #photography #baby #familytime #fun #photooftheday #like #instagram #kids #follow #cute #beautiful #smile #nature #travel #picoftheday #fashion #summer #happiness #art #food #momlife #home #lifestyle #familia"
        }
      ]
    },
    {
      "CategoryName": "Fitness",
      "CategoryItem": [
        {
          "SubCategoryName": "Gym",
          "tag": "#gym #gymlife #edgymemes #gymmotivation #gymrat #gymtime #gymnastics #gymshark #gymflow #gymgirl #edgymeme #gymaddict #gymnast #gymfreak #gymwear #gymselfie #homegym #goldsgym #edgymemesforedgyteens #gymlifestyle #instagym #gymjunkie #gymmemes #gymlove #gymsharkwomen #gymaholic #gymgirls #gymlover #gymnastic #gymfit #garagegym #gymrats #gymclothes #gymislife #gymfood #gymgear #rhythmicgymnastics #gymboree #gymbunny #gaygym"
        },
        {
          "SubCategoryName": "Aerobic",
          "tag": "#aerobics #stepaerobics #wateraerobics #aerobicsisback #aquaaerobics #danceaerobics #aerobicsclass #sportaerobics #aerobicsinstructor #aerobicstep #80saerobics #hiphopaerobics #poleaerobics #sportsaerobics #aquaerobics #jiggaerobics #aerobicsgymnastics #alphabetaerobics #aerobicstudio #socaaerobics #hiphopstepaerobics #aerobicsfitness #trapaerobics #hiphopaerobicsstep #socaerobics #stepaerobicsclass #schoolaerobics #fitnessaerobics #doubledutchaerobics #aerobicsfirst #wateraerobicsinstructor #poolaerobics #aerobicstv #babyaerobics #wineaerobics #anaerobics #danceaerobicsisforfeminists #cataerobics #aerobicsclasses #ponysweataerobics"
        },
        {
          "SubCategoryName": "Exercise",
          "tag": "#exercise #fitness #workout #gym #health #motivation #fitnessmotivation #fit #training #healthylifestyle #healthy #bodybuilding #fitfam #lifestyle #personaltrainer #gymlife #weightloss #muscle #cardio #gymmotivation #strong #nutrition #sport #wellness #instagood #crossfit #love #strength #instafit #fitspo"
        },
        {
          "SubCategoryName": "Yoga",
          "tag": "#yoga #yogaeverydamnday #yogalife #yogainspiration #yogalove #yogagirl #yogachallenge #yogaeverywhere #yogaeveryday #yogapractice #yogateacher #yogapose #instayoga #igyoga #yogajourney #yogapants #yogadaily #yogagram #yogaaddict #yogafit #acroyoga #yogamom #yogafun #yogalover #iloveyoga #yogaposes #yogaflow #yogalifestyle #yogacommunity #yogaretreat #yogatime #myyogalife #hotyoga #yogaforlife #yogaphotography #hathayoga #yogafam #igyogafam #yogastudio #loveyoga"
        },
        {
          "SubCategoryName": "Dieting",
          "tag": "#slimming #weightlosstransformation #dietitian #fit #exercise #myfitnesspal #ketodiet #weightwatchers #fatlosstips #nutritionist #flexibledieting #fitfam #transformation #lowcalorie #dietsehat #dieta #keto #protein #slimmingworlduk #onediet #healthydiet #fitnessjourney #weightlosssupport #iifym #nutritioncoach #dietingtips #foodie #nutritiontips #weight #cleaneating"
        }
      ]
    },
    {
      "CategoryName": "Entertainment",
      "CategoryItem": [
        {
          "SubCategoryName": "Movies",
          "tag": "#movies #theatre #video #movie #film #films #videos #actor #actress #cinema #dvd #amc #instamovies #star #moviestar #photooftheday #hollywood #goodmovie #instagood #flick #flicks #instaflick #instaflicks"
        },
        {
          "SubCategoryName": "Games",
          "tag": "#gaminglife #cod #instagaming #like #gamerlife #instagamer #pcgamer #funny #gamingsetup #k #gameplay #r #nintendoswitch #gamingmemes #anime #fortniteclips #retrogaming #instagram #gamingpc #destiny #photography #battleroyale #warzone #pubgmobile #online #instagood #streaming #youtuber #modernwarfare #love"
        },
        {
          "SubCategoryName": "Comedy",
          "tag": "#comedy #funny #memes #funnymemes #meme #lol #love #humor #fun #dankmemes #tiktok #memesdaily #instagram #follow #funnyvideos #like #lmao #jokes #instagood #viral #dank #dailymemes #laugh #explorepage #trending #edgymemes #comedian #memepage #offensivememes #music"
        },
        {
          "SubCategoryName": "Drama",
          "tag": "#drama #film #love #movie #actor #kdrama #cinema #movies #comedy #koreandrama #romance #netflix #theatre #actress #art #tv #acting #korea #dramakorea #kpop #instagram #thriller #music #s #korean #action #hollywood #instagood #series #films"
        },
        {
          "SubCategoryName": "Sports",
          "tag": "#ball #sportslover #sportstraining #secondbase #athlete #sportsblog #sportsvideos #athletes #sportsperformance #sportslife #sportmotivation #sportlife #pilon #pilongirl #fitness #fitnessgirl #fitnessmotivation #lifestyle #lifeisgood #fitnesslifestyle2"
        },
        {
          "SubCategoryName": "Technology",
          "tag": "#cybersecurity #techie #techno #engineer #ai #marketing #tecnologia #future #startup #robotics #computerscience #artificialintelligence #oneplus #it #d #developer #love #digital #india #s #gaming #python #programmer #iot #photography #internet #automation #covid #google #entrepreneur"
        },
        {
          "SubCategoryName": "Music",
          "tag": "#music #genre #song #songs #melody #hiphop #rnb #pop #love #rap #dubstep #instagood #beat #beats #jam #myjam #party #partymusic #newsong #lovethissong #remix #favoritesong #bestsong #photooftheday #bumpin #repeat #listentothis #goodmusic #instamusic"
        },
        {
          "SubCategoryName": "Shopping",
          "tag": "#shopping #fashion #style #onlineshopping #shop #love #shoppingonline #instagood #outfit #moda #instafashion #ootd #fashionblogger #dress #fashionista #sale #like #shoes #instagram #beauty #fashionstyle #follow #online #beautiful #design #onlineshop #shoponline #clothes #model #stylish"
        }
      ]
    },
    {
      "CategoryName": "Like & Comment",
      "CategoryItem": [
        {
          "SubCategoryName": "Follow",
          "tag": "#follow #like #love #instagood #instagram #photooftheday #followme #photography #likeforlikes #picoftheday #fashion #bhfyp #beautiful #likes #instadaily #me #followforfollowback #smile #instalike #happy #art #style #f #myself #followback #l #followers #likeforfollow #photo #life"
        },
        {
          "SubCategoryName": "Like",
          "tag": "#likes #like #follow #likeforlikes #love #instagood #instagram #followforfollowback #followme #photooftheday #photography #bhfyp #instalike #l #instadaily #likeforfollow #picoftheday #fashion #beautiful #me #followers #smile #likeforlike #myself #followback #f #comment #followforfollow #likesforlikes #art"
        },
        {
          "SubCategoryName": "Comment",
          "tag": "#comment #like #follow #love #likeforlikes #instagram #likes #followforfollowback #instagood #followme #followback #photography #photooftheday #likeforfollow #instadaily #followers #likeforlike #l #f #picoftheday #instalike #fashion #followforfollow #beautiful #me #bhfyp #myself #smile #likesforlikes #share"
        }
      ]
    },
    {
      "CategoryName": "Travel",
      "CategoryItem": [
        {
          "SubCategoryName": "By Train",
          "tag": "#traintravel #train #trains #travel #railway #railways #of #trainspotting #travelphotography #indianrailways #railwaystation #instagram #railfan #railroad #railwayphotography #world #rail #our #photography #trainstation #travelgram #railfans #india #station #worldwide #travelbytrain #trainstagram #photooftheday #europe #trainphotography"
        },
        {
          "SubCategoryName": "By Bus",
          "tag": "#r #instagood #busologos #transit #busphotograph #busdriver #onibusbrasil #busologo #follow #photobus #citaro #busfan #man #busfotografie #busphoto #transportation #buspariwisata #marcopolo #volkswagen #instabusologos #nibus #car #vwt #photo #m #pnv #truck #k #a #busesofinstagram"
        },
        {
          "SubCategoryName": "By Flight",
          "tag": "#flight #aviation #airplane #pilot #avgeek #flying #aircraft #travel #plane #aviationlovers #boeing #fly #airport #aviationphotography #airbus #pilotlife #instaaviation #instagramaviation #aviationdaily #aviationgeek #sky #planespotting #a #instaplane #photography #flightattendant #planes #f #cabincrew #crew"
        },
        {
          "SubCategoryName": "By Car",
          "tag": "#cars #car #ride #drive #driver #sportscar #vehicle #vehicles #street #road #freeway #highway #sportscars #exotic #exoticcar #exoticcars #speed #tire #tires #spoiler #muffler #race #racing #wheel #wheels #rim #rims #engine #horsepower"
        },
        {
          "SubCategoryName": "By Bike",
          "tag": "#touringbike #fahrradtour #bicycletrip #travelphotography #gravelbike #wanderlust #bikepackinglife #bicycletravel #bikelove #cicloviajantes #bikelovers #biker #cyclingphotos #radreise #cycletheworld #ciclismo #travelgram #bikeporn #bikeadventure #travelbike #bicycletouringforever #r #cicloviajeros #bikelifestyle #radreisen #adventurecyclist #bicyclelife #rideyourbike #trip #gravel"
        },
        {
          "SubCategoryName": "By Ship",
          "tag": "#marine #coolmariners #instagood #fanart #sunset #merchantmarine #nature #sailorlife #navy #water #couple #instagram #cruiselife #shipspotter #travelphotography #nautical #vacation #beach #drawing #sky #edits #family #gay #seafarers #navigation #history #marineengineer #humansatsea #otp #photo"
        }
      ]
    },
    {
      "CategoryName": "Festival",
      "CategoryItem": [
        {
          "SubCategoryName": "Diwali",
          "tag": "#diwali #india #festival #happydiwali #love #diwaligifts #diwalidecorations #diwalidecor #instagram #diwalivibes #bhfyp #fashion #instagood #homedecor #mumbai #photography #festiveseason #art #deepavali #indianfestival #navratri #festivevibes #celebration #diya #diwalihampers #diwalicelebration #rangoli #indian #handmade #festive"
        },
        {
          "SubCategoryName": "Eid",
          "tag": "#EidAdha #EidulAdha #EidAlAdha #EidMubarak #HappyEid #Eidi #Happy_Eid #LikesWIthTags #EidSelfie #Islam #Muslim #Muslims #BakraEid #InstaEid #EidDay #EidOutfit #HappyEidMubarak #EidHoliday #EidParty #Family #Joyful #Celebration #Islamic #EidAlFitr  #Ramadan #RamadanMubarak #Fasting #Pray #Prayers #Quran #HolyMonth #Salat #Namaz"
        },
        {
          "SubCategoryName": "Navratri",
          "tag": "#navratri #navratrispecial #garba #india #durgapuja #mumbai #jaimatadi #durga #festival #love #instagram #devi #maadurga #photography #maa #diwali #bhfyp #k #dandiya #navratricollection #garbanight #durgamaa #garbalover #hinduism #indianfestival #instagood #indian #dussehra #garbadance #happynavratri"
        },
        {
          "SubCategoryName": "Holi",
          "tag": "#holi #happyholi #holifestival #india #festival #love #photography #instagram #instagood #colors #colours #festivalofcolors #indianfestival #holihai #holipowder #bhfyp #mumbai #holicelebration #holifest #holiday #holifestivalofcolours #color #happy #festivalofcolours #k #like #fun #diwali #official #holiparty"
        },
        {
          "SubCategoryName": "Christmas",
          "tag": "#christmas #christmastree #christmasdecor #xmas #merrychristmas #christmastime #love #winter #handmade #natale #christmasgifts #santa #christmasdecorations #christmasiscoming #holidays #holiday #gift #navidad #santaclaus #christmaslights #art #instagood #december #noel #gifts #smallbusiness #family #giftideas #photography #snow"
        },
        {
          "SubCategoryName": "Pongal",
          "tag": "#pongal #festival #tamil #tamilnadu #chennai #happypongal #makarsankranti #pongalcelebration #india #love #instagram #trending #bhfyp #pongalopongal #lohri #tamilmemes #pongalfestival #sankranti #southindianfood #pongalwishes #happy #jallikattu #pongalspecial #celebration #venpongal #photography #instagood #pongalfood #bihu #pongalkolam"
        },
        {
          "SubCategoryName": "Janmastami",
          "tag": "#janmashtami #krishna #krishnajanmashtami #lordkrishna #happyjanmashtami #radhakrishna #vrindavan #iskcon #jaishreekrishna #radheradhe #janmashtamispecial #kanha #india #radha #harekrishna #radhekrishna #hindu #mathura #love #shrikrishna #radharani #festival #spiritual #laddugopal #radhakrishn #dahihandi #gokul #srikrishnajanmastami #god #vrindhavan"
        },
        {
          "SubCategoryName": "Onam",
          "tag": "#onam #kerala #onamcelebration #keralagram #onamspecial #happyonam #india #malayali #instagram #keralasaree #keralatourism #mallu #photography #malayalam #kochi #keralafood #keralagodsowncountry #onamsaree #festival #love #saree #onamfestival #instagood #onamvibes #traditional #bhfyp #onlineshopping #keralam #fashion #keralaattraction"
        },
        {
          "SubCategoryName": "Republic Day",
          "tag": "#republicday #india #republicdayindia #happyrepublicday #indian #photography #january #indianarmy #republicdayparade #republicdaycelebration #national #photos #photoshop #jaihind #patriots #love #editingapps #lightroom #picsart #snapseed #manipulation #cbedits #editing #vsco #edits #republic #nsbpictures #republicdayofindia #instagram #editings"
        },
        {
          "SubCategoryName": "Independence Day",
          "tag": "#independenceday #thofjuly #india #july #th #freedom #august #fourthofjuly #usa #love #happy #happyindependenceday #independence #america #fireworks #indian #instagood #instagram #photography #redwhiteandblue #jaihind #patriotic #pakistan #independencedayindia #photooftheday #indianarmy #celebration #summer #bhfyp #follow"
        },
        {
          "SubCategoryName": "Ganesh Chaturthi",
          "tag": "#ganpati #bappa #ganpatibappamorya #mumbai #morya #ganesha #maharashtra #ganesh #ganpatibappa #bappamorya #ganeshchaturthi #india #ganpatifestival #bappamajha #ganeshutsav #official #pune #chintamani #utsav #mumbaiganpati #mangalmurtimorya #ganeshotsav #lordganesha #bappalover #moryamajha #hindu #maza #ig #photography #instagram"
        },
        {
          "SubCategoryName": "Others",
          "tag": "#festivals #festival #music #festivalseason #tomorrowland #love #rave #edm #diwali #india #events #dj #musicfestival #art #techno #livemusic #festivalfashion #housemusic #party #photography #indianfestival #edmlifestyle #mumbai #culture #concerts #edmfamily #celebration #dance #festivallife #navratri"
        }
      ]
    },
    {
      "CategoryName": "Sports",
      "CategoryItem": [
        {
          "SubCategoryName": "Cricket",
          "tag": "#cricket #ipl #viratkohli #rohitsharma #msdhoni #india #t #icc #cricketlovers #cricketfans #love #cricketer #indiancricket #indiancricketteam #dhoni #worldcup #teamindia #rcb #csk #bcci #cricketlover #sports #klrahul #lovecricket #cricketfever #cricketmerijaan #dream #instagram #cricketlife #psl"
        },
        {
          "SubCategoryName": "Hockey",
          "tag": "#hockey #hockeystick #puck #ice #rink #icerink #hockeyplayer #instagood #hockeyplayers #fight #photooftheday #shot #skate #TFLers #hockeygram #stanleycup #score #hockeylife #pucklife #nhl"
        },
        {
          "SubCategoryName": "Skateboarding",
          "tag": "#skateboarding #skating #skater #instaskater #sk8 #sk8er #sk8ing #sk8ordie #photooftheday #board #longboard #longboarding #riding #kickflip #ollie #instagood #wheels #skatephotoaday #skateanddestroy #skateeverydamnday #skatespot #skaterguy #skatergirl #skatepark #skateboard #skatelife"
        },
        {
          "SubCategoryName": "Swimming",
          "tag": "#swimming #swim #water #pool #wet #sport #fit #swimsuit #fast #fun #swimmingpool #swimmer #watersport #watersports #blue #ripple #splash #pool #relaxing #floating #somuchfun #excerise #swimmers"
        },
        {
          "SubCategoryName": "Football",
          "tag": "#football #ball #pass #footballgame #footballseason #footballgames #footballplayer #instagood #pass #jersey #stadium #field #yards #photooftheday #yardline #pads #touchdown #TFLers #catch #quarterback #fit #grass #nfl #superbowl #kickoff #run"
        },
        {
          "SubCategoryName": "Basketball",
          "tag": "#basketball #basket #ball #baller #hoop #balling #sports #sport #court #net #rim #backboard #instagood #game #photooftheday #TFLers #active #pass #throw #shoot #instaballer #instaball #jump #nba #bball"
        },
        {
          "SubCategoryName": "Tennis",
          "tag": "#nadal #basketball #australianopen #atpworldtour #novakdjokovic #adidas #babolat #rafaelnadal #tennisacademy #golf #training #soccer #tennislover #tennisfun #grandslam #wilson #tennispractice #tennisvideo #love #juniortennis #tenniskids #tennisaddict #lovetennis #tennisdrills #tennisball #wilsontennis #athlete #fashion #colombia #moda"
        },
        {
          "SubCategoryName": "Bowling",
          "tag": "#friends #icc #t #viratkohli #bowlingtournament #bowlingislife #bowlinggreen #arcade #love #tenpinbowling #cricketlovers #bowlinggreenky #bowlingisfun #cricketer #bowlingbag #bowlingforsoup #cricketfans #msdhoni #testcricket #sport #worldcup #family #bhfyp #bcci #cricketlife #time #bowlingchamp #games #india #cricketfever"
        },
        {
          "SubCategoryName": "Volleyball",
          "tag": "#volleyball #volley #beachvolleyball #vball #volleyballplayer #vleague #instavolley #voleybol #setter #spike #volleyballislife #spiking #ball #net #court #volleyballs #volleybal"
        },
        {
          "SubCategoryName": "Karate",
          "tag": "#motivation #wkf #karat #mixedmartialarts #wushu #dojo #karategirl #wingchun #brucelee #karatetraining #aikido #grappling #tkd #karateshotokan #kravmaga #karatelove #martialartist #oss #budo #kick #k #fighting #martialartslife #sports #karatekids #beladiri #boxe #mmafighter #shotokankarate #silat"
        },
        {
          "SubCategoryName": "Shooting",
          "tag": "#shooting #photography #model #portrait #photooftheday #photo #fashion #photoshoot #photographer #love #picoftheday #instagood #shoot #portraitphotography #beauty #modeling #instagram #style #guns #girl #shootingphoto #like #makeup #beautiful #nature #art #follow #shootingday #canon #portraits"
        },
        {
          "SubCategoryName": "Others",
          "tag": "#fun #boxing #sportswear #nhl #health #cricket #explorepage #sportsphotography #nflnews #lifestyle #k #nflfootball #india #futbol #art #ballislife #explore #news #mma #photooftheday #usa #f #team #ball #tennis #superbowl #ncaa #nfldraft #collegefootball #style"
        }
      ]
    },
    {
      "CategoryName": "Instagram",
      "CategoryItem": [
        {
          "SubCategoryName": "Insta Trends",
          "tag": "#instagramtags #like #instagram #follow #tags #instagood #ig #instagramer #instagramers #instagramhub #l #love #instagrammers #me #instagrammer #likeforfollow #follower #instagramjapan #selfie #likes #followers #instagramaviation #followme #instadaily #instagramart #shotz #likeforlikes #likeforlike #webstagram #instalike"
        },
        {
          "SubCategoryName": "Insta World",
          "tag": "##instagrammarketing #instagramrussia #instagramturkey #instagramfitness #instagramanet #photography #followforfollow #nofilter #followforfollowback #insta #instagramdogs #likeforme #followback #f #nature #of #photographers #instagramcats #the #instamood #likeforlikealways #likeforfollowers #places #colors #wonderful #tagsforlikes #instagramphotos #capture #landscapephotography #instagramartist"
        },
        {
          "SubCategoryName": "Insta Lifestyle",
          "tag": "#love #instagood #fashion #photooftheday #photography #art #beautiful #nature #picoftheday #happy #follow #travel #cute #style #instadaily #tbt #followme #summer #beauty #fitness #like4like #food #instalike #photo #selfie #friends #music #smile #family #life #fun #girl"
        },
        {
          "SubCategoryName": "Insta Inspiration",
          "tag": "#fitness #worldcup #tagsforlikes #viralpost #nofilter #life #beauty #amazing #instamood #igers #instagram #photo #music #photography #makeup #dog #beach #sunset #model #foodporn #motivation #followforfollow #sky #lifestyle #design #gym #f4f #toofunny #cat #handmade #hair"
        }
      ]
    },
    {
      "CategoryName": "Surprise",
      "CategoryItem": [
        {
          "SubCategoryName": "Birthday",
          "tag": "#happybirthday #birthdaygirl #birthdayparty #birthdaysurpriseforpartner #blissful #birthdayparty #celebration #bash #blast #blowout #ceremony #natalday #birthdayblast #birthdaycelebration #specialday #specialdayinayear #party #mommybirthday #partnerbirthday #wifybirthday"
        },
        {
          "SubCategoryName": "Anniversary",
          "tag": "#happyanniversary #anniversarycelebration #party #surpriseforpartner #firstyeartogetherness #lifetimetogether #spendinglovelyyeartogether #anniversaryparty #happyanniversarylove #loveu #partnerlove #togetherforlifetime #giftforpartner #goldenjublicelebration #officeanniversary #anniversarygift #surpeiseforhubby #surpriseforwify #happiestanniversary"
        },
        {
          "SubCategoryName": "Creative Gift",
          "tag": "#bestgift #lovelygift #giftforever #mygift #giftoftheday #giftoftheyear #giftfromlovelyperson #giftforlovedones #giftforpartner #handmadegift #bestgiftever #mothersdaygift #godsgift #perfectgift #weddinggift #handmadegift #loveletter #decorativegift"
        },
        {
          "SubCategoryName": "Romantic Surprise",
          "tag": "#Nature #bestsurprise #mysurprise #surpriseforpartner #decorativeroom #valentinesurprise #roseforlove #surprisefromhubby #candellightdinner #surprisetrip #datenight #bestsurprisetillnow #babygift #personalisedgift #perfectgift #giftexchange #giftyhamper #giftforgirlfriend #giftbag #giftsforhims"
        }
      ]
    },
    {
      "CategoryName": "Happy",
      "CategoryItem": [
        {
          "SubCategoryName": "Joyful Vibes",
          "tag": "#happymood #happyday #happyforlifetime #happypartner #goodmood #joyfulmood #joufulday #enjoy #feelinggood #cheerful #cheerfulmood #lucky #happythought #fourtunate #good #fairmood #feelingwell #greatfeel"
        },
        {
          "SubCategoryName": "Blissful Moments",
          "tag": "#happiest #happyshe #happiestpeople #joyfulpeople #favourable #contented #delighted #rejoice #bedelighted #behappy #celebrate #cheer #superhappy #extremlyhappy #happywoman #happyboy #satisfied #thankful"
        },
        {
          "SubCategoryName": "Happiness & Cheer",
          "tag": "#happier #blissful #joyful #joyous #glad #pleased #beneficial #bright #promising #heaven #heavenfeeling #hopeful #lucky #happyday #goodmood #goodheart #happyhrat #heartpeople #happylove"
        }
      ]
    },
    {
      "CategoryName": "Love",
      "CategoryItem": [
        {
          "SubCategoryName": "LifePartner Love",
          "tag": "#wifelove #betterhalf #sweetheartlove #soulmate #truelove #spouselove #otherhalf #lover #partnerlove #grilfriendlove #lovelyboyfriend #beloved #helpmeet #companion #loveofone'slife #togetherness #foreverlove #togetherforlifetime #promisedlove #truelover #consert #romanticpartner #romance #feelingsforu"
        },
        {
          "SubCategoryName": "Family Love",
          "tag": "#caringfamily #devotadefamily #boniding #warmfamily #maternalfamily #friendlyfamily #mommydaddylove #parentchildlove #brothersisterbonding #togetherforever #foreverlove #closefamily #happyfamilies #lovinghome #lovingkind #adorefamily #longlastingbond #warweather #homelove #amorouspeople #joinfamilylove #loveforgrandfathergrandmother"
        },
        {
          "SubCategoryName": "Friendship Love",
          "tag": "#friends #friendsforlifetime #neverbrokenbonding #funnyfriends #friendsforlastbreath #longlastingbonding #goodwill #brotherhood #girlsgang #boysgang #fellowship #bondbeyoundeverybond #longlasting #foreverlove #countlesspic #countlessmoment #hostellifefriendslove #schooltimefriends #colleagefriendslove #neverbreakingrelation #friendsforever #bestie #bestfriend #friendshiplove"
        },
        {
          "SubCategoryName": "Self Love",
          "tag": "#selfcare #vanity #pride #ego #pridefulness #selfsatisfaction #selfconceit #selfadmiration #selfasseration #selfishness #pretence #confidence #selfconfidence #selftreat #careforself #loveforself #firstpriority #selfrespect #selfimportant"
        },
        {
          "SubCategoryName": "Others",
          "tag": "#love #trasure #enjoy #respect #regard #revere #fancy #memorialize #esteem #worship #like #relish #adore #idolize #caress #value #admire #prize #delight #apprize"
        }
      ]
    },
    {
      "CategoryName": "Sad",
      "CategoryItem": [
        {
          "SubCategoryName": "Sad",
          "tag": "#worried #aintworriedboutnothin #worriedmom #upsettime #upsettingtimes #sadness #sadnessquote #sadnessquotes #sadnessandsorrow #sad #fitnessaddict #sadstory #sadlove #sadardiri #sadvibe #unhappy # badday #badmood #sadday #sadquotes"
        },
        {
          "SubCategoryName": "Depressed",
          "tag": "#depressed #depressedman #depressedgirl #bust #depression #slump #hollow #unhappy #sad #badlife #unimaginelife #havingbadmood #depressedpeople #hopeless #disappointed #miserable #upset #worried #tensedgirl #havingbadthought #dpressionmood #sorry #heartsick"
        },
        {
          "SubCategoryName": "Hateful",
          "tag": "#hate #hatehim #hateher #hatedfeeling #feelinghate #nasty #cruel #spiteful #evil #catty #despiteful #harsh #unkind #hatedpeople #hatedheart #lonely #feelinghate #notlovable #notgettinglove #hated #hatfullyheart #hatefully #venomous #virulent #hatefulheart"
        },
        {
          "SubCategoryName": "Sorrowfull",
          "tag": "#sorrowfeeling #sadheart #bitter #bitterheart #bitterthought #crying #dark #darkmind #darkthought #weeping #heartbroken #brokenheart #brokenmanytimes #woeful #bleak #regreatful #tearful #badmood #sorrowfulday #aching #doleful"
        }
      ]
    },
    {
      "CategoryName": "Angry",
      "CategoryItem": [
        {
          "SubCategoryName": "Angry Moments",
          "tag": "#angryallthetime #bitter #angrydad #angrydadpodcast #angrymom #momangry #youwontlikemewhenimangry #youwouldntlikemewhenimangry #angrypeople #angrymusicforhappypeople #angrygirl #angryziddigirl #angryman #angryyoungman #angry #angrybirds #angrybird #angrycat #angrychorni #angrymood"
        },
        {
          "SubCategoryName": "Furious Feels",
          "tag": "#aggressive #aggresive #indignant #angered #criticallyendangered #outraged #enraged #furious #irritable #badmood #badbitchmood #madgirl #maddiegirl #angrygirl #angry #angrybirds #angrybird #angrycat #angrychorni #angrymood #angryheart #anger #sorrowful #badmood"
        },
        {
          "SubCategoryName": "Rage & Wrath",
          "tag": "#angriest #enraged #indignant #outragedman #littleanger #furious #angered #wrathful #riled #livid #hoppingmad #foaming #hotunderthecollar #bentoutofshape #cheesedoff #incensed #infuriated #indignant #ballistic #annoyed #apoplectic #mood #badmood #worstfeeling"
        },
        {
          "SubCategoryName": "Frustrated Times",
          "tag": "#angrygirl #angrymom #angrygirl #boyinanger #hoppingmad #foaming #mad #infuriate #sore #suming #choleric #inahuff #shirty #ticked #angryman #girlinanger #angrywife #angryhusband #angrypartner #badanger"
        }
      ]
    },
    {
      "CategoryName": "Routine Words",
      "CategoryItem": [
        {
          "SubCategoryName": "Good Morning",
          "tag": "#goodmorning #morning #day #daytime #sunrise #morn #awake #wakeup #wake #wakingup #ready #sleepy #breakfast #tired #sluggish #bed #snooze #instagood #earlybird #sky #photooftheday #gettingready #goingout #sunshine #instamorning #work #early #fresh #refreshed"
        },
        {
          "SubCategoryName": "Good Afternoon",
          "tag": " #goodafternoon🌞 #goodvibes #familymovieafternoon #familygameafternoon #afternoonfeelgood #good #good_afternoon #goodafternoonpost #goodmorningafternoon #outing😍 #afternoontea #afternoonwalk #afternoonsnack #afternoonpickmeup #afternoontreat #afternoon #breaktime #beautifulview #oceanview #views👀 #viewfrommybalcony #goodsaturdayafternoon #goodlateafternoon #goodgayafternoon  #vibes #goodpic"
        },
        {
          "SubCategoryName": "Good Evening",
          "tag": "#goodeveningworld #eveninggood #eveningvibes #eveningsvibes #eveningbeachvibes #goodevening #goodsundayevening #evening #evenings #eveningwear #eveningvibes🌅 #eveninglights #besttime #eveningteabreak #eveningcoffee☕️ #teaevening #bestevening #eveningwalksarethebest #familyhomeevening #familyevening #eveningouting #eveningoutings💕 #eveningwithfriends #eveningoutwithfriends #eveningview #eveningskyview #eveningrunview #eveningtime #eveningsnackstime #eveningteatime"
        },
        {
          "SubCategoryName": "Good Night",
          "tag": "#goodnight #night #nighttime #sleep #sleeptime #sleepy #sleepyhead #tired #goodday #instagood #instagoodnight #photooftheday #nightynight #lightsout #bed #bedtime #rest #nightowl #dark #moonlight #moon #out #passout #knockout #knockedout"
        },
        {
          "SubCategoryName": "Breakfast",
          "tag": "#breakfastideas #breakfastbowl #breakfastview #morningmeal #morningmeals #firstmeal #meal #taste #refreshments #refreshmenttoy #refreshmenttime #breakfastwithfriends #friendshipbreakfast #breakfast #shegetitfromhermomma #familybreakfast #breakfastwithfamily #breakfastandfamily #breakfastlover #breakfastlove #lovebreakfast #breakfastwithlove #breakfastwithfedefashionlove #morning #morningtime #morningbreakfast #morningcoffeetime #morningteatime #breakfastmorning #morningsbreakfast"
        },
        {
          "SubCategoryName": "Lunch",
          "tag": "#lunchtimesnack #snackylunch #snackpack #lunchlight #lighterlunch #sandwichtime #tiffin #tiffinbox #dominicanlunch #lunch #break #middaymeal #middaymeals #lunchspecial #lunchspecials #lunchtimespecial #lunchboxideas #lunchboxcake #lunchables #lunchboxfriends #familylunch #lunchwithfamily #bestlunch #lunchdatesarethebest #lunchtime #lunchtime🍴 #timeforlunch #timetolunch"
        },
        {
          "SubCategoryName": "Dinner",
          "tag": "#dine #dinertime #godineztime #dinner #dinnerware #dinnertonight #dinnerisready #dinnerrolls #meal #dinnerpic #picnicdinner #picturetimeallthetime #goodmeal #happymeal #mainmeal #mainanhappymeal #dessertfordinner #dessertbeforedinner #dinnertime #dinnertime🍴 #timefordinner #timetodinner #lastmeal #familydinner #dinnerwithfamily #familydinners #dinnerfamily #familystyledinner "
        },
        {
          "SubCategoryName": "Brunch",
          "tag": "#amazingbrunch #amazingbrunchspot #chowtime #brunchbites #brunchbitesroyaloak #brunchbowlsnackandmore #bestplacetogo #timeforme #brunchwithfriends #friendswhobrunch #brunchtime #timeforbrunch #brunchtimeisthebesttime #brunch #goodplace #goodplaces #bestbrunch #bestiebrunch #brunchinwiththebest #lightmeal #lightsummermeal #brunchgoals #brunchideas #brunchbox #brunchboys #refreshments #refreshmenttime"
        },
        {
          "SubCategoryName": "Sleeping",
          "tag": "#peacefullsleep #slumbering #beautifuldream #dreamybeautiful #sleeplover #sleepinglover #sleeptime #sleepytime #timetosleep #sleepingtime #timeforsleep #sleepovertime #dreaming #dreamingup #dozing #resting #restingtime #instasleep #fallingasleep #soundasleep #sleep #sleepingmask #sleepypup #sleepypups #sleeplessinseattle #sleeping #sleepingbeauty #sleepingangel #sleepinglikeababy"
        },
        {
          "SubCategoryName": "Cooking",
          "tag": "#lovetocook #cookwithlove #frying #foodforlifebaking #foodmaking #deliciousfood😋 #cakebaking #bakingwithnutricake #mycooking #grilling #grillingandchilling #amazingcookingskills #bakerslife #baking #bakinglove #bakingclass #bakingfun #bakingclasses #bakingingredients #cookielove #cookbooklove #cookingforlove #homecooking #cook #cooking #cookingvideo #cookwithcomali #cookingislife #cookinghacks"
        },
        {
          "SubCategoryName": "Wake Up",
          "tag": "#dontwanttoleavemybed #view #wakeupandmakeup #wakeupmakeup #wakemeup #sunshine #awake #awakening #awakened #awakenthesoul #awakeningbody #wakeup #wakeupnomakeup #wakeupformakeup #wakingup #wakingpeopleup #wakinguptothis #getup #getbackup #gettingup #gettinup #getonup #bidadariselfie #arise #syariset #ariseandshine #gamissyarisemarang"
        },
        {
          "SubCategoryName": "Shower",
          "tag": "#morningshower #morningshowers #nightshower #rain #steamshower #steamyshower #showerroom #showerbathroom #showerrroom #fresh #mudbath #bathmud #hotbath #hotbubblebath #hot #water #showerstall #showertime #timeforacoldshower #timeshower #bath #shower #showergel #showersteamers #showerdoors"
        },
        {
          "SubCategoryName": "Others",
          "tag": "#mood #instamood #moodytones #moodhoops #mom #momlife #mommydaughter #welcome #welcomehome #welcomebaby #thanks #thanksgiving #thanksdad #thanksgivingfood #thanksbutnothanks #prettywoman #notavailable #love #loveyourself #goodday #todaywasagoodday #have_a_nice_day #sundaytimes #sundaytime #sundayfamilytime #officetime #officefuntime #officebreaktime #lookinggood #lookinggoodfeelinggood"
        }
      ]
    }
  ]
}