[
  {
    "id": 96,
    "category_id": 6,
    "name": "love1",
    "img": "love/love1.png",
    "image_name": "love1.png",
    "created_at": "2023-07-27T08:53:13.000000Z",
    "updated_at": "2023-07-27T08:53:13.000000Z",
    "deleted_at": null
  },
  {
    "id": 97,
    "category_id": 6,
    "name": "love2",
    "img": "love/love2.png",
    "image_name": "love2.png",
    "created_at": "2023-07-27T08:53:22.000000Z",
    "updated_at": "2023-07-27T08:53:22.000000Z",
    "deleted_at": null
  },
  {
    "id": 98,
    "category_id": 6,
    "name": "love3",
    "img": "love/love3.png",
    "image_name": "love3.png",
    "created_at": "2023-07-27T08:53:31.000000Z",
    "updated_at": "2023-07-27T08:53:31.000000Z",
    "deleted_at": null
  },
  {
    "id": 99,
    "category_id": 6,
    "name": "love4",
    "img": "love/love4.png",
    "image_name": "love4.png",
    "created_at": "2023-07-27T08:53:44.000000Z",
    "updated_at": "2023-07-27T08:53:44.000000Z",
    "deleted_at": null
  },
  {
    "id": 100,
    "category_id": 6,
    "name": "love5",
    "img": "love/love5.png",
    "image_name": "love5.png",
    "created_at": "2023-07-27T08:53:53.000000Z",
    "updated_at": "2023-07-27T08:53:53.000000Z",
    "deleted_at": null
  },
  {
    "id": 101,
    "category_id": 6,
    "name": "love6",
    "img": "love/love6.png",
    "image_name": "love6.png",
    "created_at": "2023-07-27T08:54:02.000000Z",
    "updated_at": "2023-07-27T08:54:02.000000Z",
    "deleted_at": null
  },
  {
    "id": 102,
    "category_id": 6,
    "name": "love7",
    "img": "love/love7.png",
    "image_name": "love7.png",
    "created_at": "2023-07-27T08:54:15.000000Z",
    "updated_at": "2023-07-27T08:54:15.000000Z",
    "deleted_at": null
  },
  {
    "id": 103,
    "category_id": 6,
    "name": "love8",
    "img": "love/love8.png",
    "image_name": "love8.png",
    "created_at": "2023-07-27T08:54:26.000000Z",
    "updated_at": "2023-07-27T08:54:26.000000Z",
    "deleted_at": null
  },
  {
    "id": 104,
    "category_id": 6,
    "name": "love9",
    "img": "love/love9.png",
    "image_name": "love9.png",
    "created_at": "2023-07-27T08:54:37.000000Z",
    "updated_at": "2023-07-27T08:54:37.000000Z",
    "deleted_at": null
  },
  {
    "id": 105,
    "category_id": 6,
    "name": "love10",
    "img": "love/love10.png",
    "image_name": "love10.png",
    "created_at": "2023-07-27T08:54:46.000000Z",
    "updated_at": "2023-07-27T08:54:46.000000Z",
    "deleted_at": null
  },
  {
    "id": 106,
    "category_id": 6,
    "name": "love11",
    "img": "love/love11.png",
    "image_name": "love11.png",
    "created_at": "2023-07-27T08:55:10.000000Z",
    "updated_at": "2023-07-27T08:55:10.000000Z",
    "deleted_at": null
  },
  {
    "id": 107,
    "category_id": 6,
    "name": "love12",
    "img": "love/love12.png",
    "image_name": "love12.png",
    "created_at": "2023-07-27T08:55:35.000000Z",
    "updated_at": "2023-07-27T08:55:35.000000Z",
    "deleted_at": null
  },
  {
    "id": 108,
    "category_id": 6,
    "name": "love13",
    "img": "love/love13.png",
    "image_name": "love13.png",
    "created_at": "2023-07-27T08:55:44.000000Z",
    "updated_at": "2023-07-27T08:55:44.000000Z",
    "deleted_at": null
  },
  {
    "id": 109,
    "category_id": 6,
    "name": "love14",
    "img": "love/love14.png",
    "image_name": "love14.png",
    "created_at": "2023-07-27T08:55:54.000000Z",
    "updated_at": "2023-07-27T08:55:54.000000Z",
    "deleted_at": null
  },
  {
    "id": 110,
    "category_id": 6,
    "name": "love15",
    "img": "love/love15.png",
    "image_name": "love15.png",
    "created_at": "2023-07-27T08:56:09.000000Z",
    "updated_at": "2023-07-27T08:56:09.000000Z",
    "deleted_at": null
  },
  {
    "id": 111,
    "category_id": 6,
    "name": "love16",
    "img": "love/love16.png",
    "image_name": "love16.png",
    "created_at": "2023-07-27T08:56:52.000000Z",
    "updated_at": "2023-07-27T08:56:52.000000Z",
    "deleted_at": null
  },
  {
    "id": 112,
    "category_id": 6,
    "name": "love17",
    "img": "love/love17.png",
    "image_name": "love17.png",
    "created_at": "2023-07-27T08:57:07.000000Z",
    "updated_at": "2023-07-27T08:57:07.000000Z",
    "deleted_at": null
  },
  {
    "id": 113,
    "category_id": 6,
    "name": "love18",
    "img": "love/love18.png",
    "image_name": "love18.png",
    "created_at": "2023-07-27T08:57:22.000000Z",
    "updated_at": "2023-07-27T08:57:22.000000Z",
    "deleted_at": null
  },
  {
    "id": 114,
    "category_id": 6,
    "name": "love19",
    "img": "love/love19.png",
    "image_name": "love19.png",
    "created_at": "2023-07-27T08:57:32.000000Z",
    "updated_at": "2023-07-27T08:57:32.000000Z",
    "deleted_at": null
  },
  {
    "id": 115,
    "category_id": 6,
    "name": "love20",
    "img": "love/love20.png",
    "image_name": "love20.png",
    "created_at": "2023-07-27T08:57:42.000000Z",
    "updated_at": "2023-07-27T08:57:42.000000Z",
    "deleted_at": null
  },
  {
    "id": 116,
    "category_id": 6,
    "name": "love21",
    "img": "love/love21.png",
    "image_name": "love21.png",
    "created_at": "2023-07-27T08:58:05.000000Z",
    "updated_at": "2023-07-27T08:58:05.000000Z",
    "deleted_at": null
  }
]