[
  {
    "id": 191,
    "category_id": 10,
    "name": "text1",
    "img": "text/text1.png",
    "image_name": "text1.png",
    "created_at": "2023-07-27T09:15:56.000000Z",
    "updated_at": "2023-07-27T09:15:56.000000Z",
    "deleted_at": null
  },
  {
    "id": 192,
    "category_id": 10,
    "name": "text2",
    "img": "text/text2.png",
    "image_name": "text2.png",
    "created_at": "2023-07-27T09:16:05.000000Z",
    "updated_at": "2023-07-27T09:16:05.000000Z",
    "deleted_at": null
  },
  {
    "id": 193,
    "category_id": 10,
    "name": "text3",
    "img": "text/text3.png",
    "image_name": "text3.png",
    "created_at": "2023-07-27T09:16:15.000000Z",
    "updated_at": "2023-07-27T09:16:15.000000Z",
    "deleted_at": null
  },
  {
    "id": 194,
    "category_id": 10,
    "name": "text4",
    "img": "text/text4.png",
    "image_name": "text4.png",
    "created_at": "2023-07-27T09:16:25.000000Z",
    "updated_at": "2023-07-27T09:16:25.000000Z",
    "deleted_at": null
  },
  {
    "id": 195,
    "category_id": 10,
    "name": "text5",
    "img": "text/text5.png",
    "image_name": "text5.png",
    "created_at": "2023-07-27T09:16:35.000000Z",
    "updated_at": "2023-07-27T09:16:35.000000Z",
    "deleted_at": null
  },
  {
    "id": 196,
    "category_id": 10,
    "name": "text6",
    "img": "text/text6.png",
    "image_name": "text6.png",
    "created_at": "2023-07-27T09:16:44.000000Z",
    "updated_at": "2023-07-27T09:16:44.000000Z",
    "deleted_at": null
  },
  {
    "id": 197,
    "category_id": 10,
    "name": "text7",
    "img": "text/text7.png",
    "image_name": "text7.png",
    "created_at": "2023-07-27T09:16:53.000000Z",
    "updated_at": "2023-07-27T09:16:53.000000Z",
    "deleted_at": null
  },
  {
    "id": 198,
    "category_id": 10,
    "name": "text8",
    "img": "text/text8.png",
    "image_name": "text8.png",
    "created_at": "2023-07-27T09:17:01.000000Z",
    "updated_at": "2023-07-27T09:17:01.000000Z",
    "deleted_at": null
  },
  {
    "id": 199,
    "category_id": 10,
    "name": "text9",
    "img": "text/text9.png",
    "image_name": "text9.png",
    "created_at": "2023-07-27T09:17:09.000000Z",
    "updated_at": "2023-07-27T09:17:09.000000Z",
    "deleted_at": null
  },
  {
    "id": 200,
    "category_id": 10,
    "name": "text10",
    "img": "text/text10.png",
    "image_name": "text10.png",
    "created_at": "2023-07-27T09:17:17.000000Z",
    "updated_at": "2023-07-27T09:17:17.000000Z",
    "deleted_at": null
  },
  {
    "id": 201,
    "category_id": 10,
    "name": "text11",
    "img": "text/text11.png",
    "image_name": "text11.png",
    "created_at": "2023-07-27T09:17:52.000000Z",
    "updated_at": "2023-07-27T09:17:52.000000Z",
    "deleted_at": null
  },
  {
    "id": 202,
    "category_id": 10,
    "name": "text12",
    "img": "text/text12.png",
    "image_name": "text12.png",
    "created_at": "2023-07-27T09:18:01.000000Z",
    "updated_at": "2023-07-27T09:18:01.000000Z",
    "deleted_at": null
  }
]