[
  {
    "id": 117,
    "category_id": 7,
    "name": "nature1",
    "img": "nature/nature1.png",
    "image_name": "nature1.png",
    "created_at": "2023-07-27T08:59:15.000000Z",
    "updated_at": "2023-07-27T08:59:15.000000Z",
    "deleted_at": null
  },
  {
    "id": 118,
    "category_id": 7,
    "name": "nature2",
    "img": "nature/nature2.png",
    "image_name": "nature2.png",
    "created_at": "2023-07-27T08:59:36.000000Z",
    "updated_at": "2023-07-27T08:59:36.000000Z",
    "deleted_at": null
  },
  {
    "id": 119,
    "category_id": 7,
    "name": "nature3",
    "img": "nature/nature3.png",
    "image_name": "nature3.png",
    "created_at": "2023-07-27T08:59:46.000000Z",
    "updated_at": "2023-07-27T08:59:46.000000Z",
    "deleted_at": null
  },
  {
    "id": 120,
    "category_id": 7,
    "name": "nature4",
    "img": "nature/nature4.png",
    "image_name": "nature4.png",
    "created_at": "2023-07-27T08:59:58.000000Z",
    "updated_at": "2023-07-27T08:59:58.000000Z",
    "deleted_at": null
  },
  {
    "id": 121,
    "category_id": 7,
    "name": "nature5",
    "img": "nature/nature5.png",
    "image_name": "nature5.png",
    "created_at": "2023-07-27T09:00:13.000000Z",
    "updated_at": "2023-07-27T09:00:13.000000Z",
    "deleted_at": null
  },
  {
    "id": 122,
    "category_id": 7,
    "name": "nature6",
    "img": "nature/nature6.png",
    "image_name": "nature6.png",
    "created_at": "2023-07-27T09:00:23.000000Z",
    "updated_at": "2023-07-27T09:00:23.000000Z",
    "deleted_at": null
  },
  {
    "id": 123,
    "category_id": 7,
    "name": "nature7",
    "img": "nature/nature7.png",
    "image_name": "nature7.png",
    "created_at": "2023-07-27T09:00:49.000000Z",
    "updated_at": "2023-07-27T09:00:49.000000Z",
    "deleted_at": null
  },
  {
    "id": 124,
    "category_id": 7,
    "name": "nature8",
    "img": "nature/nature8.png",
    "image_name": "nature8.png",
    "created_at": "2023-07-27T09:01:00.000000Z",
    "updated_at": "2023-07-27T09:01:00.000000Z",
    "deleted_at": null
  },
  {
    "id": 125,
    "category_id": 7,
    "name": "nature9",
    "img": "nature/nature9.png",
    "image_name": "nature9.png",
    "created_at": "2023-07-27T09:01:15.000000Z",
    "updated_at": "2023-07-27T09:01:15.000000Z",
    "deleted_at": null
  },
  {
    "id": 126,
    "category_id": 7,
    "name": "nature10",
    "img": "nature/nature10.png",
    "image_name": "nature10.png",
    "created_at": "2023-07-27T09:01:29.000000Z",
    "updated_at": "2023-07-27T09:01:29.000000Z",
    "deleted_at": null
  },
  {
    "id": 127,
    "category_id": 7,
    "name": "nature11",
    "img": "nature/nature11.png",
    "image_name": "nature11.png",
    "created_at": "2023-07-27T09:01:39.000000Z",
    "updated_at": "2023-07-27T09:01:39.000000Z",
    "deleted_at": null
  },
  {
    "id": 128,
    "category_id": 7,
    "name": "nature12",
    "img": "nature/nature12.png",
    "image_name": "nature12.png",
    "created_at": "2023-07-27T09:01:54.000000Z",
    "updated_at": "2023-07-27T09:01:54.000000Z",
    "deleted_at": null
  },
  {
    "id": 129,
    "category_id": 7,
    "name": "nature13",
    "img": "nature/nature13.png",
    "image_name": "nature13.png",
    "created_at": "2023-07-27T09:02:04.000000Z",
    "updated_at": "2023-07-27T09:02:04.000000Z",
    "deleted_at": null
  },
  {
    "id": 130,
    "category_id": 7,
    "name": "nature14",
    "img": "nature/nature14.png",
    "image_name": "nature14.png",
    "created_at": "2023-07-27T09:02:22.000000Z",
    "updated_at": "2023-07-27T09:02:22.000000Z",
    "deleted_at": null
  },
  {
    "id": 131,
    "category_id": 7,
    "name": "nature15",
    "img": "nature/nature15.png",
    "image_name": "nature15.png",
    "created_at": "2023-07-27T09:02:29.000000Z",
    "updated_at": "2023-07-27T09:02:29.000000Z",
    "deleted_at": null
  },
  {
    "id": 132,
    "category_id": 7,
    "name": "nature16",
    "img": "nature/nature16.png",
    "image_name": "nature16.png",
    "created_at": "2023-07-27T09:02:39.000000Z",
    "updated_at": "2023-07-27T09:02:39.000000Z",
    "deleted_at": null
  },
  {
    "id": 133,
    "category_id": 7,
    "name": "nature17",
    "img": "nature/nature17.png",
    "image_name": "nature17.png",
    "created_at": "2023-07-27T09:02:59.000000Z",
    "updated_at": "2023-07-27T09:02:59.000000Z",
    "deleted_at": null
  },
  {
    "id": 134,
    "category_id": 7,
    "name": "nature18",
    "img": "nature/nature18.png",
    "image_name": "nature18.png",
    "created_at": "2023-07-27T09:03:08.000000Z",
    "updated_at": "2023-07-27T09:03:08.000000Z",
    "deleted_at": null
  },
  {
    "id": 135,
    "category_id": 7,
    "name": "nature19",
    "img": "nature/nature19.png",
    "image_name": "nature19.png",
    "created_at": "2023-07-27T09:03:17.000000Z",
    "updated_at": "2023-07-27T09:03:17.000000Z",
    "deleted_at": null
  },
  {
    "id": 136,
    "category_id": 7,
    "name": "nature20",
    "img": "nature/nature20.png",
    "image_name": "nature20.png",
    "created_at": "2023-07-27T09:03:25.000000Z",
    "updated_at": "2023-07-27T09:03:25.000000Z",
    "deleted_at": null
  }
]