[
  {
    "id": 161,
    "category_id": 9,
    "name": "popular1",
    "img": "popular/popular1.png",
    "image_name": "popular1.png",
    "created_at": "2023-07-27T09:09:09.000000Z",
    "updated_at": "2023-07-27T09:09:09.000000Z",
    "deleted_at": null
  },
  {
    "id": 162,
    "category_id": 9,
    "name": "popular2",
    "img": "popular/popular2.png",
    "image_name": "popular2.png",
    "created_at": "2023-07-27T09:09:19.000000Z",
    "updated_at": "2023-07-27T09:09:19.000000Z",
    "deleted_at": null
  },
  {
    "id": 163,
    "category_id": 9,
    "name": "popular3",
    "img": "popular/popular3.png",
    "image_name": "popular3.png",
    "created_at": "2023-07-27T09:09:30.000000Z",
    "updated_at": "2023-07-27T09:09:30.000000Z",
    "deleted_at": null
  },
  {
    "id": 164,
    "category_id": 9,
    "name": "popular4",
    "img": "popular/popular4.png",
    "image_name": "popular4.png",
    "created_at": "2023-07-27T09:10:25.000000Z",
    "updated_at": "2023-07-27T09:10:25.000000Z",
    "deleted_at": null
  },
  {
    "id": 165,
    "category_id": 9,
    "name": "popular5",
    "img": "popular/popular5.png",
    "image_name": "popular5.png",
    "created_at": "2023-07-27T09:10:44.000000Z",
    "updated_at": "2023-07-27T09:10:44.000000Z",
    "deleted_at": null
  },
  {
    "id": 166,
    "category_id": 9,
    "name": "popular6",
    "img": "popular/popular6.png",
    "image_name": "popular6.png",
    "created_at": "2023-07-27T09:11:05.000000Z",
    "updated_at": "2023-07-27T09:11:05.000000Z",
    "deleted_at": null
  },
  {
    "id": 167,
    "category_id": 9,
    "name": "popular7",
    "img": "popular/popular7.png",
    "image_name": "popular7.png",
    "created_at": "2023-07-27T09:11:19.000000Z",
    "updated_at": "2023-07-27T09:11:19.000000Z",
    "deleted_at": null
  },
  {
    "id": 168,
    "category_id": 9,
    "name": "popular8",
    "img": "popular/popular8.png",
    "image_name": "popular8.png",
    "created_at": "2023-07-27T09:11:28.000000Z",
    "updated_at": "2023-07-27T09:11:28.000000Z",
    "deleted_at": null
  },
  {
    "id": 169,
    "category_id": 9,
    "name": "popular9",
    "img": "popular/popular9.png",
    "image_name": "popular9.png",
    "created_at": "2023-07-27T09:11:38.000000Z",
    "updated_at": "2023-07-27T09:11:38.000000Z",
    "deleted_at": null
  },
  {
    "id": 170,
    "category_id": 9,
    "name": "popular10",
    "img": "popular/popular10.png",
    "image_name": "popular10.png",
    "created_at": "2023-07-27T09:11:46.000000Z",
    "updated_at": "2023-07-27T09:11:46.000000Z",
    "deleted_at": null
  },
  {
    "id": 171,
    "category_id": 9,
    "name": "popular11",
    "img": "popular/popular11.png",
    "image_name": "popular11.png",
    "created_at": "2023-07-27T09:11:54.000000Z",
    "updated_at": "2023-07-27T09:11:54.000000Z",
    "deleted_at": null
  },
  {
    "id": 172,
    "category_id": 9,
    "name": "popular12",
    "img": "popular/popular12.png",
    "image_name": "popular12.png",
    "created_at": "2023-07-27T09:12:08.000000Z",
    "updated_at": "2023-07-27T09:12:08.000000Z",
    "deleted_at": null
  },
  {
    "id": 173,
    "category_id": 9,
    "name": "popular13",
    "img": "popular/popular13.png",
    "image_name": "popular13.png",
    "created_at": "2023-07-27T09:12:18.000000Z",
    "updated_at": "2023-07-27T09:12:18.000000Z",
    "deleted_at": null
  },
  {
    "id": 174,
    "category_id": 9,
    "name": "popular14",
    "img": "popular/popular14.png",
    "image_name": "popular14.png",
    "created_at": "2023-07-27T09:12:29.000000Z",
    "updated_at": "2023-07-27T09:12:29.000000Z",
    "deleted_at": null
  },
  {
    "id": 175,
    "category_id": 9,
    "name": "popular15",
    "img": "popular/popular15.png",
    "image_name": "popular15.png",
    "created_at": "2023-07-27T09:12:39.000000Z",
    "updated_at": "2023-07-27T09:12:39.000000Z",
    "deleted_at": null
  },
  {
    "id": 176,
    "category_id": 9,
    "name": "popular16",
    "img": "popular/popular16.png",
    "image_name": "popular16.png",
    "created_at": "2023-07-27T09:12:51.000000Z",
    "updated_at": "2023-07-27T09:12:51.000000Z",
    "deleted_at": null
  },
  {
    "id": 177,
    "category_id": 9,
    "name": "popular17",
    "img": "popular/popular17.png",
    "image_name": "popular17.png",
    "created_at": "2023-07-27T09:12:59.000000Z",
    "updated_at": "2023-07-27T09:12:59.000000Z",
    "deleted_at": null
  },
  {
    "id": 178,
    "category_id": 9,
    "name": "popular18",
    "img": "popular/popular18.png",
    "image_name": "popular18.png",
    "created_at": "2023-07-27T09:13:12.000000Z",
    "updated_at": "2023-07-27T09:13:12.000000Z",
    "deleted_at": null
  },
  {
    "id": 179,
    "category_id": 9,
    "name": "popular19",
    "img": "popular/popular19.png",
    "image_name": "popular19.png",
    "created_at": "2023-07-27T09:13:20.000000Z",
    "updated_at": "2023-07-27T09:13:20.000000Z",
    "deleted_at": null
  },
  {
    "id": 180,
    "category_id": 9,
    "name": "popular20",
    "img": "popular/popular20.png",
    "image_name": "popular20.png",
    "created_at": "2023-07-27T09:13:29.000000Z",
    "updated_at": "2023-07-27T09:13:29.000000Z",
    "deleted_at": null
  },
  {
    "id": 181,
    "category_id": 9,
    "name": "popular21",
    "img": "popular/popular21.png",
    "image_name": "popular21.png",
    "created_at": "2023-07-27T09:13:41.000000Z",
    "updated_at": "2023-07-27T09:13:41.000000Z",
    "deleted_at": null
  },
  {
    "id": 182,
    "category_id": 9,
    "name": "popular22",
    "img": "popular/popular22.png",
    "image_name": "popular22.png",
    "created_at": "2023-07-27T09:13:49.000000Z",
    "updated_at": "2023-07-27T09:13:49.000000Z",
    "deleted_at": null
  },
  {
    "id": 183,
    "category_id": 9,
    "name": "popular23",
    "img": "popular/popular23.png",
    "image_name": "popular23.png",
    "created_at": "2023-07-27T09:14:03.000000Z",
    "updated_at": "2023-07-27T09:14:03.000000Z",
    "deleted_at": null
  },
  {
    "id": 184,
    "category_id": 9,
    "name": "popular24",
    "img": "popular/popular24.png",
    "image_name": "popular24.png",
    "created_at": "2023-07-27T09:14:13.000000Z",
    "updated_at": "2023-07-27T09:14:13.000000Z",
    "deleted_at": null
  },
  {
    "id": 185,
    "category_id": 9,
    "name": "popular25",
    "img": "popular/popular25.png",
    "image_name": "popular25.png",
    "created_at": "2023-07-27T09:14:25.000000Z",
    "updated_at": "2023-07-27T09:14:25.000000Z",
    "deleted_at": null
  },
  {
    "id": 186,
    "category_id": 9,
    "name": "popular26",
    "img": "popular/popular26.png",
    "image_name": "popular26.png",
    "created_at": "2023-07-27T09:14:34.000000Z",
    "updated_at": "2023-07-27T09:14:34.000000Z",
    "deleted_at": null
  },
  {
    "id": 187,
    "category_id": 9,
    "name": "popular27",
    "img": "popular/popular27.png",
    "image_name": "popular27.png",
    "created_at": "2023-07-27T09:14:44.000000Z",
    "updated_at": "2023-07-27T09:14:44.000000Z",
    "deleted_at": null
  },
  {
    "id": 188,
    "category_id": 9,
    "name": "popular28",
    "img": "popular/popular28.png",
    "image_name": "popular28.png",
    "created_at": "2023-07-27T09:14:56.000000Z",
    "updated_at": "2023-07-27T09:14:56.000000Z",
    "deleted_at": null
  },
  {
    "id": 189,
    "category_id": 9,
    "name": "popular27",
    "img": "popular/popular27.png",
    "image_name": "popular27.png",
    "created_at": "2023-07-27T09:15:05.000000Z",
    "updated_at": "2023-07-27T09:15:05.000000Z",
    "deleted_at": null
  },
  {
    "id": 190,
    "category_id": 9,
    "name": "popular30",
    "img": "popular/popular30.png",
    "image_name": "popular30.png",
    "created_at": "2023-07-27T09:15:14.000000Z",
    "updated_at": "2023-07-27T09:15:14.000000Z",
    "deleted_at": null
  }
]
