[
  {
    "id": 137,
    "category_id": 8,
    "name": "pattern1",
    "img": "pattern/pattern1.png",
    "image_name": "pattern1.png",
    "created_at": "2023-07-27T09:04:06.000000Z",
    "updated_at": "2023-07-27T09:04:06.000000Z",
    "deleted_at": null
  },
  {
    "id": 138,
    "category_id": 8,
    "name": "pattern2",
    "img": "pattern/pattern2.png",
    "image_name": "pattern2.png",
    "created_at": "2023-07-27T09:04:15.000000Z",
    "updated_at": "2023-07-27T09:04:15.000000Z",
    "deleted_at": null
  },
  {
    "id": 139,
    "category_id": 8,
    "name": "pattern3",
    "img": "pattern/pattern3.png",
    "image_name": "pattern3.png",
    "created_at": "2023-07-27T09:04:26.000000Z",
    "updated_at": "2023-07-27T09:04:26.000000Z",
    "deleted_at": null
  },
  {
    "id": 140,
    "category_id": 8,
    "name": "pattern4",
    "img": "pattern/pattern4.png",
    "image_name": "pattern4.png",
    "created_at": "2023-07-27T09:04:36.000000Z",
    "updated_at": "2023-07-27T09:04:36.000000Z",
    "deleted_at": null
  },
  {
    "id": 141,
    "category_id": 8,
    "name": "pattern5",
    "img": "pattern/pattern5.png",
    "image_name": "pattern5.png",
    "created_at": "2023-07-27T09:04:43.000000Z",
    "updated_at": "2023-07-27T09:04:43.000000Z",
    "deleted_at": null
  },
  {
    "id": 142,
    "category_id": 8,
    "name": "pattern6",
    "img": "pattern/pattern6.png",
    "image_name": "pattern6.png",
    "created_at": "2023-07-27T09:04:58.000000Z",
    "updated_at": "2023-07-27T09:04:58.000000Z",
    "deleted_at": null
  },
  {
    "id": 143,
    "category_id": 8,
    "name": "pattern7",
    "img": "pattern/pattern7.png",
    "image_name": "pattern7.png",
    "created_at": "2023-07-27T09:05:07.000000Z",
    "updated_at": "2023-07-27T09:05:07.000000Z",
    "deleted_at": null
  },
  {
    "id": 144,
    "category_id": 8,
    "name": "pattern8",
    "img": "pattern/pattern8.png",
    "image_name": "pattern8.png",
    "created_at": "2023-07-27T09:05:18.000000Z",
    "updated_at": "2023-07-27T09:05:18.000000Z",
    "deleted_at": null
  },
  {
    "id": 145,
    "category_id": 8,
    "name": "pattern9",
    "img": "pattern/pattern9.png",
    "image_name": "pattern9.png",
    "created_at": "2023-07-27T09:05:26.000000Z",
    "updated_at": "2023-07-27T09:05:26.000000Z",
    "deleted_at": null
  },
  {
    "id": 146,
    "category_id": 8,
    "name": "pattern10",
    "img": "pattern/pattern10.png",
    "image_name": "pattern10.png",
    "created_at": "2023-07-27T09:05:33.000000Z",
    "updated_at": "2023-07-27T09:05:33.000000Z",
    "deleted_at": null
  },
  {
    "id": 147,
    "category_id": 8,
    "name": "pattern11",
    "img": "pattern/pattern11.png",
    "image_name": "pattern11.png",
    "created_at": "2023-07-27T09:05:42.000000Z",
    "updated_at": "2023-07-27T09:05:42.000000Z",
    "deleted_at": null
  },
  {
    "id": 148,
    "category_id": 8,
    "name": "pattern12",
    "img": "pattern/pattern12.png",
    "image_name": "pattern12.png",
    "created_at": "2023-07-27T09:05:50.000000Z",
    "updated_at": "2023-07-27T09:05:50.000000Z",
    "deleted_at": null
  },
  {
    "id": 149,
    "category_id": 8,
    "name": "pattern13",
    "img": "pattern/pattern13.png",
    "image_name": "pattern13.png",
    "created_at": "2023-07-27T09:06:10.000000Z",
    "updated_at": "2023-07-27T09:06:10.000000Z",
    "deleted_at": null
  },
  {
    "id": 150,
    "category_id": 8,
    "name": "pattern14",
    "img": "pattern/pattern14.png",
    "image_name": "pattern14.png",
    "created_at": "2023-07-27T09:06:39.000000Z",
    "updated_at": "2023-07-27T09:06:39.000000Z",
    "deleted_at": null
  },
  {
    "id": 151,
    "category_id": 8,
    "name": "pattern15",
    "img": "pattern/pattern15.png",
    "image_name": "pattern15.png",
    "created_at": "2023-07-27T09:06:49.000000Z",
    "updated_at": "2023-07-27T09:06:49.000000Z",
    "deleted_at": null
  },
  {
    "id": 152,
    "category_id": 8,
    "name": "pattern16",
    "img": "pattern/pattern16.png",
    "image_name": "pattern16.png",
    "created_at": "2023-07-27T09:06:58.000000Z",
    "updated_at": "2023-07-27T09:06:58.000000Z",
    "deleted_at": null
  },
  {
    "id": 153,
    "category_id": 8,
    "name": "pattern17",
    "img": "pattern/pattern17.png",
    "image_name": "pattern17.png",
    "created_at": "2023-07-27T09:07:11.000000Z",
    "updated_at": "2023-07-27T09:07:11.000000Z",
    "deleted_at": null
  },
  {
    "id": 154,
    "category_id": 8,
    "name": "pattern18",
    "img": "pattern/pattern18.png",
    "image_name": "pattern18.png",
    "created_at": "2023-07-27T09:07:20.000000Z",
    "updated_at": "2023-07-27T09:07:20.000000Z",
    "deleted_at": null
  },
  {
    "id": 155,
    "category_id": 8,
    "name": "pattern19",
    "img": "pattern/pattern19.png",
    "image_name": "pattern19.png",
    "created_at": "2023-07-27T09:07:31.000000Z",
    "updated_at": "2023-07-27T09:07:31.000000Z",
    "deleted_at": null
  },
  {
    "id": 156,
    "category_id": 8,
    "name": "pattern20",
    "img": "pattern/pattern20.png",
    "image_name": "pattern20.png",
    "created_at": "2023-07-27T09:07:41.000000Z",
    "updated_at": "2023-07-27T09:07:41.000000Z",
    "deleted_at": null
  },
  {
    "id": 157,
    "category_id": 8,
    "name": "pattern21",
    "img": "pattern/pattern21.png",
    "image_name": "pattern21.png",
    "created_at": "2023-07-27T09:07:51.000000Z",
    "updated_at": "2023-07-27T09:07:51.000000Z",
    "deleted_at": null
  },
  {
    "id": 158,
    "category_id": 8,
    "name": "pattern22",
    "img": "pattern/pattern22.png",
    "image_name": "pattern22.png",
    "created_at": "2023-07-27T09:08:02.000000Z",
    "updated_at": "2023-07-27T09:08:02.000000Z",
    "deleted_at": null
  },
  {
    "id": 159,
    "category_id": 8,
    "name": "pattern23",
    "img": "pattern/pattern23.png",
    "image_name": "pattern23.png",
    "created_at": "2023-07-27T09:08:09.000000Z",
    "updated_at": "2023-07-27T09:08:09.000000Z",
    "deleted_at": null
  },
  {
    "id": 160,
    "category_id": 8,
    "name": "pattern24",
    "img": "pattern/pattern24.png",
    "image_name": "pattern24.png",
    "created_at": "2023-07-27T09:08:17.000000Z",
    "updated_at": "2023-07-27T09:08:17.000000Z",
    "deleted_at": null
  }
]
