[
  {
    "id": 53,
    "category_id": 4,
    "name": "Flower1",
    "img": "flower/Flower1.png",
    "image_name": "Flower1.png",
    "created_at": "2023-07-27T08:42:39.000000Z",
    "updated_at": "2023-07-27T08:42:39.000000Z",
    "deleted_at": null
  },
  {
    "id": 54,
    "category_id": 4,
    "name": "Flower2",
    "img": "flower/Flower2.png",
    "image_name": "Flower2.png",
    "created_at": "2023-07-27T08:43:04.000000Z",
    "updated_at": "2023-07-27T08:43:04.000000Z",
    "deleted_at": null
  },
  {
    "id": 55,
    "category_id": 4,
    "name": "Flower3",
    "img": "flower/Flower3.png",
    "image_name": "Flower3.png",
    "created_at": "2023-07-27T08:43:14.000000Z",
    "updated_at": "2023-07-27T08:43:14.000000Z",
    "deleted_at": null
  },
  {
    "id": 56,
    "category_id": 4,
    "name": "Flower4",
    "img": "flower/Flower4.png",
    "image_name": "Flower4.png",
    "created_at": "2023-07-27T08:43:24.000000Z",
    "updated_at": "2023-07-27T08:43:24.000000Z",
    "deleted_at": null
  },
  {
    "id": 57,
    "category_id": 4,
    "name": "Flower5",
    "img": "flower/Flower5.png",
    "image_name": "Flower5.png",
    "created_at": "2023-07-27T08:43:42.000000Z",
    "updated_at": "2023-07-27T08:43:42.000000Z",
    "deleted_at": null
  },
  {
    "id": 58,
    "category_id": 4,
    "name": "Flower6",
    "img": "flower/Flower6.png",
    "image_name": "Flower6.png",
    "created_at": "2023-07-27T08:43:52.000000Z",
    "updated_at": "2023-07-27T08:43:52.000000Z",
    "deleted_at": null
  },
  {
    "id": 59,
    "category_id": 4,
    "name": "Flower7",
    "img": "flower/Flower7.png",
    "image_name": "Flower7.png",
    "created_at": "2023-07-27T08:44:02.000000Z",
    "updated_at": "2023-07-27T08:44:02.000000Z",
    "deleted_at": null
  },
  {
    "id": 60,
    "category_id": 4,
    "name": "Flower8",
    "img": "flower/Flower8.png",
    "image_name": "Flower8.png",
    "created_at": "2023-07-27T08:44:17.000000Z",
    "updated_at": "2023-07-27T08:44:17.000000Z",
    "deleted_at": null
  },
  {
    "id": 61,
    "category_id": 4,
    "name": "Flower9",
    "img": "flower/Flower9.png",
    "image_name": "Flower9.png",
    "created_at": "2023-07-27T08:44:29.000000Z",
    "updated_at": "2023-07-27T08:44:29.000000Z",
    "deleted_at": null
  },
  {
    "id": 62,
    "category_id": 4,
    "name": "Flower10",
    "img": "flower/Flower10.png",
    "image_name": "Flower10.png",
    "created_at": "2023-07-27T08:44:36.000000Z",
    "updated_at": "2023-07-27T08:44:36.000000Z",
    "deleted_at": null
  },
  {
    "id": 63,
    "category_id": 4,
    "name": "Flower11",
    "img": "flower/Flower11.png",
    "image_name": "Flower11.png",
    "created_at": "2023-07-27T08:44:59.000000Z",
    "updated_at": "2023-07-27T08:44:59.000000Z",
    "deleted_at": null
  },
  {
    "id": 64,
    "category_id": 4,
    "name": "Flower12",
    "img": "flower/Flower12.png",
    "image_name": "Flower12.png",
    "created_at": "2023-07-27T08:45:10.000000Z",
    "updated_at": "2023-07-27T08:45:10.000000Z",
    "deleted_at": null
  },
  {
    "id": 65,
    "category_id": 4,
    "name": "Flower13",
    "img": "flower/Flower13.png",
    "image_name": "Flower13.png",
    "created_at": "2023-07-27T08:45:21.000000Z",
    "updated_at": "2023-07-27T08:45:21.000000Z",
    "deleted_at": null
  },
  {
    "id": 66,
    "category_id": 4,
    "name": "Flower14",
    "img": "flower/Flower14.png",
    "image_name": "Flower14.png",
    "created_at": "2023-07-27T08:45:31.000000Z",
    "updated_at": "2023-07-27T08:45:31.000000Z",
    "deleted_at": null
  },
  {
    "id": 67,
    "category_id": 4,
    "name": "Flower15",
    "img": "flower/Flower15.png",
    "image_name": "Flower15.png",
    "created_at": "2023-07-27T08:45:40.000000Z",
    "updated_at": "2023-07-27T08:45:40.000000Z",
    "deleted_at": null
  },
  {
    "id": 68,
    "category_id": 4,
    "name": "Flower16",
    "img": "flower/Flower16.png",
    "image_name": "Flower16.png",
    "created_at": "2023-07-27T08:45:57.000000Z",
    "updated_at": "2023-07-27T08:45:57.000000Z",
    "deleted_at": null
  },
  {
    "id": 69,
    "category_id": 4,
    "name": "Flower17",
    "img": "flower/Flower17.png",
    "image_name": "Flower17.png",
    "created_at": "2023-07-27T08:46:11.000000Z",
    "updated_at": "2023-07-27T08:46:11.000000Z",
    "deleted_at": null
  },
  {
    "id": 70,
    "category_id": 4,
    "name": "Flower18",
    "img": "flower/Flower18.png",
    "image_name": "Flower18.png",
    "created_at": "2023-07-27T08:46:49.000000Z",
    "updated_at": "2023-07-27T08:46:49.000000Z",
    "deleted_at": null
  },
  {
    "id": 71,
    "category_id": 4,
    "name": "Flower19",
    "img": "flower/Flower19.png",
    "image_name": "Flower19.png",
    "created_at": "2023-07-27T08:46:59.000000Z",
    "updated_at": "2023-07-27T08:46:59.000000Z",
    "deleted_at": null
  },
  {
    "id": 72,
    "category_id": 4,
    "name": "Flower20",
    "img": "flower/Flower20.png",
    "image_name": "Flower20.png",
    "created_at": "2023-07-27T08:47:09.000000Z",
    "updated_at": "2023-07-27T08:47:09.000000Z",
    "deleted_at": null
  },
  {
    "id": 73,
    "category_id": 4,
    "name": "Flower21",
    "img": "flower/Flower21.png",
    "image_name": "Flower21.png",
    "created_at": "2023-07-27T08:47:19.000000Z",
    "updated_at": "2023-07-27T08:47:19.000000Z",
    "deleted_at": null
  },
  {
    "id": 74,
    "category_id": 4,
    "name": "Flower22",
    "img": "flower/Flower22.png",
    "image_name": "Flower22.png",
    "created_at": "2023-07-27T08:47:29.000000Z",
    "updated_at": "2023-07-27T08:47:29.000000Z",
    "deleted_at": null
  },
  {
    "id": 75,
    "category_id": 4,
    "name": "Flower23",
    "img": "flower/Flower23.png",
    "image_name": "Flower23.png",
    "created_at": "2023-07-27T08:47:42.000000Z",
    "updated_at": "2023-07-27T08:47:42.000000Z",
    "deleted_at": null
  },
  {
    "id": 76,
    "category_id": 4,
    "name": "Flower24",
    "img": "flower/Flower24.png",
    "image_name": "Flower24.png",
    "created_at": "2023-07-27T08:47:52.000000Z",
    "updated_at": "2023-07-27T08:47:52.000000Z",
    "deleted_at": null
  },
  {
    "id": 77,
    "category_id": 4,
    "name": "Flower25",
    "img": "flower/Flower25.png",
    "image_name": "Flower25.png",
    "created_at": "2023-07-27T08:48:02.000000Z",
    "updated_at": "2023-07-27T08:48:02.000000Z",
    "deleted_at": null
  },
  {
    "id": 78,
    "category_id": 4,
    "name": "Flower26",
    "img": "flower/Flower26.png",
    "image_name": "Flower26.png",
    "created_at": "2023-07-27T08:48:11.000000Z",
    "updated_at": "2023-07-27T08:48:11.000000Z",
    "deleted_at": null
  }
]