[
  {
    "id": 19,
    "category_id": 2,
    "name": "Birthday1",
    "img": "birthday/Birthday1.png",
    "image_name": "Birthday1.png",
    "created_at": "2023-07-27T08:34:17.000000Z",
    "updated_at": "2023-07-27T08:34:17.000000Z",
    "deleted_at": null
  },
  {
    "id": 20,
    "category_id": 2,
    "name": "Birthday2",
    "img": "birthday/Birthday2.png",
    "image_name": "Birthday2.png",
    "created_at": "2023-07-27T08:34:33.000000Z",
    "updated_at": "2023-07-27T08:34:33.000000Z",
    "deleted_at": null
  },
  {
    "id": 21,
    "category_id": 2,
    "name": "Birthday3",
    "img": "birthday/Birthday3.png",
    "image_name": "Birthday3.png",
    "created_at": "2023-07-27T08:34:42.000000Z",
    "updated_at": "2023-07-27T08:34:42.000000Z",
    "deleted_at": null
  },
  {
    "id": 22,
    "category_id": 2,
    "name": "Birthday4",
    "img": "birthday/Birthday4.png",
    "image_name": "Birthday4.png",
    "created_at": "2023-07-27T08:34:54.000000Z",
    "updated_at": "2023-07-27T08:34:54.000000Z",
    "deleted_at": null
  },
  {
    "id": 23,
    "category_id": 2,
    "name": "Birthday5",
    "img": "birthday/Birthday5.png",
    "image_name": "Birthday5.png",
    "created_at": "2023-07-27T08:35:09.000000Z",
    "updated_at": "2023-07-27T08:35:09.000000Z",
    "deleted_at": null
  },
  {
    "id": 24,
    "category_id": 2,
    "name": "Birthday6",
    "img": "birthday/Birthday6.png",
    "image_name": "Birthday6.png",
    "created_at": "2023-07-27T08:35:22.000000Z",
    "updated_at": "2023-07-27T08:35:22.000000Z",
    "deleted_at": null
  },
  {
    "id": 25,
    "category_id": 2,
    "name": "Birthday7",
    "img": "birthday/Birthday7.png",
    "image_name": "Birthday7.png",
    "created_at": "2023-07-27T08:35:31.000000Z",
    "updated_at": "2023-07-27T08:35:31.000000Z",
    "deleted_at": null
  },
  {
    "id": 26,
    "category_id": 2,
    "name": "Birthday8",
    "img": "birthday/Birthday8.png",
    "image_name": "Birthday8.png",
    "created_at": "2023-07-27T08:35:43.000000Z",
    "updated_at": "2023-07-27T08:35:43.000000Z",
    "deleted_at": null
  },
  {
    "id": 27,
    "category_id": 2,
    "name": "Birthday9",
    "img": "birthday/Birthday9.png",
    "image_name": "Birthday9.png",
    "created_at": "2023-07-27T08:35:52.000000Z",
    "updated_at": "2023-07-27T08:35:52.000000Z",
    "deleted_at": null
  },
  {
    "id": 28,
    "category_id": 2,
    "name": "Birthday10",
    "img": "birthday/Birthday10.png",
    "image_name": "Birthday10.png",
    "created_at": "2023-07-27T08:36:02.000000Z",
    "updated_at": "2023-07-27T08:36:02.000000Z",
    "deleted_at": null
  },
  {
    "id": 29,
    "category_id": 2,
    "name": "Birthday11",
    "img": "birthday/Birthday11.png",
    "image_name": "Birthday11.png",
    "created_at": "2023-07-27T08:36:11.000000Z",
    "updated_at": "2023-07-27T08:36:11.000000Z",
    "deleted_at": null
  },
  {
    "id": 30,
    "category_id": 2,
    "name": "Birthday12",
    "img": "birthday/Birthday12.png",
    "image_name": "Birthday12.png",
    "created_at": "2023-07-27T08:36:21.000000Z",
    "updated_at": "2023-07-27T08:36:21.000000Z",
    "deleted_at": null
  }
]