[
  {
    "id": 203,
    "category_id": 11,
    "name": "texture1",
    "img": "texture/texture1.png",
    "image_name": "texture1.png",
    "created_at": "2023-07-27T09:18:43.000000Z",
    "updated_at": "2023-07-27T09:18:43.000000Z",
    "deleted_at": null
  },
  {
    "id": 204,
    "category_id": 11,
    "name": "texture2",
    "img": "texture/texture2.png",
    "image_name": "texture2.png",
    "created_at": "2023-07-27T09:18:52.000000Z",
    "updated_at": "2023-07-27T09:18:52.000000Z",
    "deleted_at": null
  },
  {
    "id": 205,
    "category_id": 11,
    "name": "texture3",
    "img": "texture/texture3.png",
    "image_name": "texture3.png",
    "created_at": "2023-07-27T09:19:00.000000Z",
    "updated_at": "2023-07-27T09:19:00.000000Z",
    "deleted_at": null
  },
  {
    "id": 206,
    "category_id": 11,
    "name": "texture4",
    "img": "texture/texture4.png",
    "image_name": "texture4.png",
    "created_at": "2023-07-27T09:19:11.000000Z",
    "updated_at": "2023-07-27T09:19:11.000000Z",
    "deleted_at": null
  },
  {
    "id": 207,
    "category_id": 11,
    "name": "texture5",
    "img": "texture/texture5.png",
    "image_name": "texture5.png",
    "created_at": "2023-07-27T09:19:22.000000Z",
    "updated_at": "2023-07-27T09:19:22.000000Z",
    "deleted_at": null
  },
  {
    "id": 208,
    "category_id": 11,
    "name": "texture6",
    "img": "texture/texture6.png",
    "image_name": "texture6.png",
    "created_at": "2023-07-27T09:19:37.000000Z",
    "updated_at": "2023-07-27T09:19:37.000000Z",
    "deleted_at": null
  },
  {
    "id": 209,
    "category_id": 11,
    "name": "texture7",
    "img": "texture/texture7.png",
    "image_name": "texture7.png",
    "created_at": "2023-07-27T09:19:47.000000Z",
    "updated_at": "2023-07-27T09:19:47.000000Z",
    "deleted_at": null
  },
  {
    "id": 210,
    "category_id": 11,
    "name": "texture8",
    "img": "texture/texture8.png",
    "image_name": "texture8.png",
    "created_at": "2023-07-27T09:19:56.000000Z",
    "updated_at": "2023-07-27T09:19:56.000000Z",
    "deleted_at": null
  },
  {
    "id": 211,
    "category_id": 11,
    "name": "texture9",
    "img": "texture/texture9.png",
    "image_name": "texture9.png",
    "created_at": "2023-07-27T09:20:04.000000Z",
    "updated_at": "2023-07-27T09:20:04.000000Z",
    "deleted_at": null
  },
  {
    "id": 212,
    "category_id": 11,
    "name": "texture10",
    "img": "texture/texture10.png",
    "image_name": "texture10.png",
    "created_at": "2023-07-27T09:20:12.000000Z",
    "updated_at": "2023-07-27T09:20:12.000000Z",
    "deleted_at": null
  },
  {
    "id": 213,
    "category_id": 11,
    "name": "texture11",
    "img": "texture/texture11.png",
    "image_name": "texture11.png",
    "created_at": "2023-07-27T09:20:25.000000Z",
    "updated_at": "2023-07-27T09:20:25.000000Z",
    "deleted_at": null
  },
  {
    "id": 214,
    "category_id": 11,
    "name": "texture12",
    "img": "texture/texture12.png",
    "image_name": "texture12.png",
    "created_at": "2023-07-27T09:20:34.000000Z",
    "updated_at": "2023-07-27T09:20:34.000000Z",
    "deleted_at": null
  },
  {
    "id": 215,
    "category_id": 11,
    "name": "texture13",
    "img": "texture/texture13.png",
    "image_name": "texture13.png",
    "created_at": "2023-07-27T09:20:42.000000Z",
    "updated_at": "2023-07-27T09:20:42.000000Z",
    "deleted_at": null
  },
  {
    "id": 216,
    "category_id": 11,
    "name": "texture14",
    "img": "texture/texture14.png",
    "image_name": "texture14.png",
    "created_at": "2023-07-27T09:20:52.000000Z",
    "updated_at": "2023-07-27T09:20:52.000000Z",
    "deleted_at": null
  },
  {
    "id": 217,
    "category_id": 11,
    "name": "texture15",
    "img": "texture/texture15.png",
    "image_name": "texture15.png",
    "created_at": "2023-07-27T09:21:00.000000Z",
    "updated_at": "2023-07-27T09:21:00.000000Z",
    "deleted_at": null
  },
  {
    "id": 218,
    "category_id": 11,
    "name": "texture16",
    "img": "texture/texture16.png",
    "image_name": "texture16.png",
    "created_at": "2023-07-27T09:21:08.000000Z",
    "updated_at": "2023-07-27T09:21:08.000000Z",
    "deleted_at": null
  },
  {
    "id": 219,
    "category_id": 11,
    "name": "texture17",
    "img": "texture/texture17.png",
    "image_name": "texture17.png",
    "created_at": "2023-07-27T09:21:17.000000Z",
    "updated_at": "2023-07-27T09:21:17.000000Z",
    "deleted_at": null
  },
  {
    "id": 220,
    "category_id": 11,
    "name": "texture18",
    "img": "texture/texture18.png",
    "image_name": "texture18.png",
    "created_at": "2023-07-27T09:21:26.000000Z",
    "updated_at": "2023-07-27T09:21:26.000000Z",
    "deleted_at": null
  },
  {
    "id": 221,
    "category_id": 11,
    "name": "texture19",
    "img": "texture/texture19.png",
    "image_name": "texture19.png",
    "created_at": "2023-07-27T09:21:38.000000Z",
    "updated_at": "2023-07-27T09:21:38.000000Z",
    "deleted_at": null
  },
  {
    "id": 222,
    "category_id": 11,
    "name": "texture20",
    "img": "texture/texture20.png",
    "image_name": "texture20.png",
    "created_at": "2023-07-27T09:21:46.000000Z",
    "updated_at": "2023-07-27T09:21:46.000000Z",
    "deleted_at": null
  }
]