[
  {
    "id": 1,
    "category_id": 1,
    "name": "AnimalPrint1",
    "img": "animal/AnimalPrint1.png",
    "image_name": "AnimalPrint1.png",
    "created_at": "2023-07-27T07:27:37.000000Z",
    "updated_at": "2023-07-27T07:27:37.000000Z",
    "deleted_at": null
  },
  {
    "id": 2,
    "category_id": 1,
    "name": "AnimalPrint2",
    "img": "animal/AnimalPrint2.png",
    "image_name": "AnimalPrint2.png",
    "created_at": "2023-07-27T07:28:16.000000Z",
    "updated_at": "2023-07-27T07:28:16.000000Z",
    "deleted_at": null
  },
  {
    "id": 3,
    "category_id": 1,
    "name": "AnimalPrint3",
    "img": "animal/AnimalPrint3.png",
    "image_name": "AnimalPrint3.png",
    "created_at": "2023-07-27T07:28:33.000000Z",
    "updated_at": "2023-07-27T07:28:33.000000Z",
    "deleted_at": null
  },
  {
    "id": 4,
    "category_id": 1,
    "name": "AnimalPrint4",
    "img": "animal/AnimalPrint4.png",
    "image_name": "AnimalPrint4.png",
    "created_at": "2023-07-27T07:28:45.000000Z",
    "updated_at": "2023-07-27T07:28:45.000000Z",
    "deleted_at": null
  },
  {
    "id": 5,
    "category_id": 1,
    "name": "AnimalPrint5",
    "img": "animal/AnimalPrint5.png",
    "image_name": "AnimalPrint5.png",
    "created_at": "2023-07-27T07:28:57.000000Z",
    "updated_at": "2023-07-27T07:28:57.000000Z",
    "deleted_at": null
  },
  {
    "id": 6,
    "category_id": 1,
    "name": "AnimalPrint6",
    "img": "animal/AnimalPrint6.png",
    "image_name": "AnimalPrint6.png",
    "created_at": "2023-07-27T07:29:08.000000Z",
    "updated_at": "2023-07-27T07:29:08.000000Z",
    "deleted_at": null
  },
  {
    "id": 7,
    "category_id": 1,
    "name": "AnimalPrint7",
    "img": "animal/AnimalPrint7.png",
    "image_name": "AnimalPrint7.png",
    "created_at": "2023-07-27T07:29:22.000000Z",
    "updated_at": "2023-07-27T07:29:22.000000Z",
    "deleted_at": null
  },
  {
    "id": 8,
    "category_id": 1,
    "name": "AnimalPrint8",
    "img": "animal/AnimalPrint8.png",
    "image_name": "AnimalPrint8.png",
    "created_at": "2023-07-27T07:29:35.000000Z",
    "updated_at": "2023-07-27T07:29:35.000000Z",
    "deleted_at": null
  },
  {
    "id": 9,
    "category_id": 1,
    "name": "AnimalPrint9",
    "img": "animal/AnimalPrint9.png",
    "image_name": "AnimalPrint9.png",
    "created_at": "2023-07-27T07:30:26.000000Z",
    "updated_at": "2023-07-27T07:30:26.000000Z",
    "deleted_at": null
  },
  {
    "id": 10,
    "category_id": 1,
    "name": "AnimalPrint10",
    "img": "animal/AnimalPrint10.png",
    "image_name": "AnimalPrint10.png",
    "created_at": "2023-07-27T07:30:39.000000Z",
    "updated_at": "2023-07-27T07:30:39.000000Z",
    "deleted_at": null
  },
  {
    "id": 11,
    "category_id": 1,
    "name": "AnimalPrint11",
    "img": "animal/AnimalPrint11.png",
    "image_name": "AnimalPrint11.png",
    "created_at": "2023-07-27T07:30:56.000000Z",
    "updated_at": "2023-07-27T07:30:56.000000Z",
    "deleted_at": null
  },
  {
    "id": 12,
    "category_id": 1,
    "name": "AnimalPrint12",
    "img": "animal/AnimalPrint12.png",
    "image_name": "AnimalPrint12.png",
    "created_at": "2023-07-27T07:31:21.000000Z",
    "updated_at": "2023-07-27T07:31:21.000000Z",
    "deleted_at": null
  },
  {
    "id": 13,
    "category_id": 1,
    "name": "AnimalPrint13",
    "img": "animal/AnimalPrint13.png",
    "image_name": "AnimalPrint13.png",
    "created_at": "2023-07-27T08:32:12.000000Z",
    "updated_at": "2023-07-27T08:32:12.000000Z",
    "deleted_at": null
  },
  {
    "id": 14,
    "category_id": 1,
    "name": "AnimalPrint14",
    "img": "animal/AnimalPrint14.png",
    "image_name": "AnimalPrint14.png",
    "created_at": "2023-07-27T08:32:32.000000Z",
    "updated_at": "2023-07-27T08:32:32.000000Z",
    "deleted_at": null
  },
  {
    "id": 15,
    "category_id": 1,
    "name": "AnimalPrint15",
    "img": "animal/AnimalPrint15.png",
    "image_name": "AnimalPrint15.png",
    "created_at": "2023-07-27T08:32:44.000000Z",
    "updated_at": "2023-07-27T08:32:44.000000Z",
    "deleted_at": null
  },
  {
    "id": 16,
    "category_id": 1,
    "name": "AnimalPrint16",
    "img": "animal/AnimalPrint16.png",
    "image_name": "AnimalPrint16.png",
    "created_at": "2023-07-27T08:32:59.000000Z",
    "updated_at": "2023-07-27T08:32:59.000000Z",
    "deleted_at": null
  },
  {
    "id": 17,
    "category_id": 1,
    "name": "AnimalPrint17",
    "img": "animal/AnimalPrint17.png",
    "image_name": "AnimalPrint17.png",
    "created_at": "2023-07-27T08:33:13.000000Z",
    "updated_at": "2023-07-27T08:33:13.000000Z",
    "deleted_at": null
  },
  {
    "id": 18,
    "category_id": 1,
    "name": "AnimalPrint18",
    "img": "animal/AnimalPrint18.png",
    "image_name": "AnimalPrint18.png",
    "created_at": "2023-07-27T08:33:23.000000Z",
    "updated_at": "2023-07-27T08:33:23.000000Z",
    "deleted_at": null
  }
]

