[
  {
    "id": 79,
    "category_id": 5,
    "name": "kids1",
    "img": "kids/kids1.png",
    "image_name": "kids1.png",
    "created_at": "2023-07-27T08:49:28.000000Z",
    "updated_at": "2023-07-27T08:49:28.000000Z",
    "deleted_at": null
  },
  {
    "id": 80,
    "category_id": 5,
    "name": "kids2",
    "img": "kids/kids2.png",
    "image_name": "kids2.png",
    "created_at": "2023-07-27T08:49:42.000000Z",
    "updated_at": "2023-07-27T08:49:42.000000Z",
    "deleted_at": null
  },
  {
    "id": 81,
    "category_id": 5,
    "name": "kids3",
    "img": "kids/kids3.png",
    "image_name": "kids3.png",
    "created_at": "2023-07-27T08:49:55.000000Z",
    "updated_at": "2023-07-27T08:49:55.000000Z",
    "deleted_at": null
  },
  {
    "id": 82,
    "category_id": 5,
    "name": "kids4",
    "img": "kids/kids4.png",
    "image_name": "kids4.png",
    "created_at": "2023-07-27T08:50:05.000000Z",
    "updated_at": "2023-07-27T08:50:05.000000Z",
    "deleted_at": null
  },
  {
    "id": 83,
    "category_id": 5,
    "name": "kids5",
    "img": "kids/kids5.png",
    "image_name": "kids5.png",
    "created_at": "2023-07-27T08:50:16.000000Z",
    "updated_at": "2023-07-27T08:50:16.000000Z",
    "deleted_at": null
  },
  {
    "id": 84,
    "category_id": 5,
    "name": "kids6",
    "img": "kids/kids6.png",
    "image_name": "kids6.png",
    "created_at": "2023-07-27T08:50:27.000000Z",
    "updated_at": "2023-07-27T08:50:27.000000Z",
    "deleted_at": null
  },
  {
    "id": 85,
    "category_id": 5,
    "name": "kids7",
    "img": "kids/kids7.png",
    "image_name": "kids7.png",
    "created_at": "2023-07-27T08:50:37.000000Z",
    "updated_at": "2023-07-27T08:50:37.000000Z",
    "deleted_at": null
  },
  {
    "id": 86,
    "category_id": 5,
    "name": "kids8",
    "img": "kids/kids8.png",
    "image_name": "kids8.png",
    "created_at": "2023-07-27T08:50:46.000000Z",
    "updated_at": "2023-07-27T08:50:46.000000Z",
    "deleted_at": null
  },
  {
    "id": 87,
    "category_id": 5,
    "name": "kids9",
    "img": "kids/kids9.png",
    "image_name": "kids9.png",
    "created_at": "2023-07-27T08:50:55.000000Z",
    "updated_at": "2023-07-27T08:50:55.000000Z",
    "deleted_at": null
  },
  {
    "id": 88,
    "category_id": 5,
    "name": "kids10",
    "img": "kids/kids10.png",
    "image_name": "kids10.png",
    "created_at": "2023-07-27T08:51:13.000000Z",
    "updated_at": "2023-07-27T08:51:13.000000Z",
    "deleted_at": null
  },
  {
    "id": 89,
    "category_id": 5,
    "name": "kids11",
    "img": "kids/kids11.png",
    "image_name": "kids11.png",
    "created_at": "2023-07-27T08:51:23.000000Z",
    "updated_at": "2023-07-27T08:51:23.000000Z",
    "deleted_at": null
  },
  {
    "id": 90,
    "category_id": 5,
    "name": "kids12",
    "img": "kids/kids12.png",
    "image_name": "kids12.png",
    "created_at": "2023-07-27T08:51:33.000000Z",
    "updated_at": "2023-07-27T08:51:33.000000Z",
    "deleted_at": null
  },
  {
    "id": 91,
    "category_id": 5,
    "name": "kids13",
    "img": "kids/kids13.png",
    "image_name": "kids13.png",
    "created_at": "2023-07-27T08:51:41.000000Z",
    "updated_at": "2023-07-27T08:51:41.000000Z",
    "deleted_at": null
  },
  {
    "id": 92,
    "category_id": 5,
    "name": "kids14",
    "img": "kids/kids13.png",
    "image_name": "kids13.png",
    "created_at": "2023-07-27T08:51:49.000000Z",
    "updated_at": "2023-07-27T08:52:35.000000Z",
    "deleted_at": null
  },
  {
    "id": 93,
    "category_id": 5,
    "name": "kids15",
    "img": "kids/kids15.png",
    "image_name": "kids15.png",
    "created_at": "2023-07-27T08:51:58.000000Z",
    "updated_at": "2023-07-27T08:51:58.000000Z",
    "deleted_at": null
  },
  {
    "id": 94,
    "category_id": 5,
    "name": "kids16",
    "img": "kids/kids16.png",
    "image_name": "kids16.png",
    "created_at": "2023-07-27T08:52:13.000000Z",
    "updated_at": "2023-07-27T08:52:13.000000Z",
    "deleted_at": null
  },
  {
    "id": 95,
    "category_id": 5,
    "name": "kids17",
    "img": "kids/kids17.png",
    "image_name": "kids17.png",
    "created_at": "2023-07-27T08:52:24.000000Z",
    "updated_at": "2023-07-27T08:52:24.000000Z",
    "deleted_at": null
  }
]