[
  {
    "id": 258,
    "category_id": 14,
    "name": "FrameWadding1",
    "img": "wedding/FrameWadding1.png",
    "image_name": "FrameWadding1.png",
    "created_at": "2023-07-27T10:18:32.000000Z",
    "updated_at": "2023-07-27T10:18:32.000000Z",
    "deleted_at": null
  },
  {
    "id": 259,
    "category_id": 14,
    "name": "FrameWadding2",
    "img": "wedding/FrameWadding2.png",
    "image_name": "FrameWadding2.png",
    "created_at": "2023-07-27T10:18:43.000000Z",
    "updated_at": "2023-07-27T10:18:43.000000Z",
    "deleted_at": null
  },
  {
    "id": 260,
    "category_id": 14,
    "name": "FrameWadding3",
    "img": "wedding/FrameWadding3.png",
    "image_name": "FrameWadding3.png",
    "created_at": "2023-07-27T10:18:52.000000Z",
    "updated_at": "2023-07-27T10:18:52.000000Z",
    "deleted_at": null
  },
  {
    "id": 261,
    "category_id": 14,
    "name": "FrameWadding4",
    "img": "wedding/FrameWadding4.png",
    "image_name": "FrameWadding4.png",
    "created_at": "2023-07-27T10:20:18.000000Z",
    "updated_at": "2023-07-27T10:20:18.000000Z",
    "deleted_at": null
  },
  {
    "id": 262,
    "category_id": 14,
    "name": "FrameWadding5",
    "img": "wedding/FrameWadding5.png",
    "image_name": "FrameWadding5.png",
    "created_at": "2023-07-27T10:20:26.000000Z",
    "updated_at": "2023-07-27T10:20:26.000000Z",
    "deleted_at": null
  },
  {
    "id": 263,
    "category_id": 14,
    "name": "FrameWadding6",
    "img": "wedding/FrameWadding6.png",
    "image_name": "FrameWadding6.png",
    "created_at": "2023-07-27T10:20:37.000000Z",
    "updated_at": "2023-07-27T10:20:37.000000Z",
    "deleted_at": null
  },
  {
    "id": 264,
    "category_id": 14,
    "name": "FrameWadding7",
    "img": "wedding/FrameWadding7.png",
    "image_name": "FrameWadding7.png",
    "created_at": "2023-07-27T10:20:45.000000Z",
    "updated_at": "2023-07-27T10:20:45.000000Z",
    "deleted_at": null
  },
  {
    "id": 265,
    "category_id": 14,
    "name": "FrameWadding8",
    "img": "wedding/FrameWadding8.png",
    "image_name": "FrameWadding8.png",
    "created_at": "2023-07-27T10:20:55.000000Z",
    "updated_at": "2023-07-27T10:20:55.000000Z",
    "deleted_at": null
  },
  {
    "id": 266,
    "category_id": 14,
    "name": "FrameWadding9",
    "img": "wedding/FrameWadding9.png",
    "image_name": "FrameWadding9.png",
    "created_at": "2023-07-27T10:21:02.000000Z",
    "updated_at": "2023-07-27T10:21:02.000000Z",
    "deleted_at": null
  },
  {
    "id": 267,
    "category_id": 14,
    "name": "FrameWadding10",
    "img": "wedding/FrameWadding10.png",
    "image_name": "FrameWadding10.png",
    "created_at": "2023-07-27T10:21:10.000000Z",
    "updated_at": "2023-07-27T10:21:10.000000Z",
    "deleted_at": null
  },
  {
    "id": 268,
    "category_id": 14,
    "name": "FrameWadding11",
    "img": "wedding/FrameWadding11.png",
    "image_name": "FrameWadding11.png",
    "created_at": "2023-07-27T10:21:19.000000Z",
    "updated_at": "2023-07-27T10:21:19.000000Z",
    "deleted_at": null
  },
  {
    "id": 269,
    "category_id": 14,
    "name": "FrameWadding12",
    "img": "wedding/FrameWadding12.png",
    "image_name": "FrameWadding12.png",
    "created_at": "2023-07-27T10:21:28.000000Z",
    "updated_at": "2023-07-27T10:21:28.000000Z",
    "deleted_at": null
  },
  {
    "id": 270,
    "category_id": 14,
    "name": "FrameWadding13",
    "img": "wedding/FrameWadding13.png",
    "image_name": "FrameWadding13.png",
    "created_at": "2023-07-27T10:21:36.000000Z",
    "updated_at": "2023-07-27T10:21:36.000000Z",
    "deleted_at": null
  },
  {
    "id": 271,
    "category_id": 14,
    "name": "FrameWadding14",
    "img": "wedding/FrameWadding14.png",
    "image_name": "FrameWadding14.png",
    "created_at": "2023-07-27T10:21:43.000000Z",
    "updated_at": "2023-07-27T10:21:43.000000Z",
    "deleted_at": null
  },
  {
    "id": 272,
    "category_id": 14,
    "name": "FrameWadding15",
    "img": "wedding/FrameWadding15.png",
    "image_name": "FrameWadding15.png",
    "created_at": "2023-07-27T10:21:51.000000Z",
    "updated_at": "2023-07-27T10:21:51.000000Z",
    "deleted_at": null
  },
  {
    "id": 273,
    "category_id": 14,
    "name": "FrameWadding16",
    "img": "wedding/FrameWadding16.png",
    "image_name": "FrameWadding16.png",
    "created_at": "2023-07-27T10:22:04.000000Z",
    "updated_at": "2023-07-27T10:22:04.000000Z",
    "deleted_at": null
  }
]