{
  "project_info": {
    "project_number": "284292945027",
    "project_id": "shivayapps",
    "storage_bucket": "shivayapps.appspot.com"
  },
  "client": [
    {
      "client_info": {
        "mobilesdk_app_id": "1:284292945027:android:543c3c1a825ec3bef4f7b6",
        "android_client_info": {
          "package_name": "com.bankbalanceinquiry.ministatement.old"
        }
      },
      "oauth_client": [
        {
          "client_id": "284292945027-ncm8hiduklptfl9t95jfn1bafj10lhta.apps.googleusercontent.com",
          "client_type": 1,
          "android_info": {
            "package_name": "com.bankbalanceinquiry.ministatement.old",
            "certificate_hash": "138b3a642964136292282f3d3f16ef2a777e2a13"
          }
        },
        {
          "client_id": "284292945027-18hv82ahd5dbpntuu2og0he899b78cfk.apps.googleusercontent.com",
          "client_type": 3
        }
      ],
      "api_key": [
        {
          "current_key": "AIzaSyAv-y5Jp5P2jABRgm35SkaZS00-S8dTI5k"
        }
      ],
      "services": {
        "appinvite_service": {
          "other_platform_oauth_client": [
            {
              "client_id": "284292945027-18hv82ahd5dbpntuu2og0he899b78cfk.apps.googleusercontent.com",
              "client_type": 3
            }
          ]
        }
      }
    },
    {
      "client_info": {
        "mobilesdk_app_id": "1:284292945027:android:28408213122926e8f4f7b6",
        "android_client_info": {
          "package_name": "com.gallery.photo.image.video"
        }
      },
      "oauth_client": [
        {
          "client_id": "284292945027-itrfoh578addujkd4bbavsmd7ocpvbgb.apps.googleusercontent.com",
          "client_type": 1,
          "android_info": {
            "package_name": "com.gallery.photo.image.video",
            "certificate_hash": "6402d9ce16e3f6b33ecdc7a431c30c0ccdea4fd4"
          }
        },
        {
          "client_id": "284292945027-18hv82ahd5dbpntuu2og0he899b78cfk.apps.googleusercontent.com",
          "client_type": 3
        }
      ],
      "api_key": [
        {
          "current_key": "AIzaSyAv-y5Jp5P2jABRgm35SkaZS00-S8dTI5k"
        }
      ],
      "services": {
        "appinvite_service": {
          "other_platform_oauth_client": [
            {
              "client_id": "284292945027-18hv82ahd5dbpntuu2og0he899b78cfk.apps.googleusercontent.com",
              "client_type": 3
            }
          ]
        }
      }
    }
  ],
  "configuration_version": "1"
}