{
  "v": "5.7.8",
  "fr": 29.9700012207031,
  "ip": 0,
  "op": 60.0000024438501,
  "w": 72,
  "h": 72,
  "nm": "lock",
  "ddd": 0,
  "assets": [],
  "layers": [
    {
      "ddd": 0,
      "ind": 1,
      "ty": 4,
      "nm": "key",
      "parent": 2,
      "sr": 1,
      "ks": {
        "o": {
          "a": 0,
          "k": 100,
          "ix": 11
        },
        "r": {
          "a": 0,
          "k": 0,
          "ix": 10
        },
        "p": {
          "a": 0,
          "k": [
            21.598,
            16.859,
            0
          ],
          "ix": 2,
          "l": 2
        },
        "a": {
          "a": 0,
          "k": [
            6.965,
            10.825,
            0
          ],
          "ix": 1,
          "l": 2
        },
        "s": {
          "a": 0,
          "k": [
            100,
            100,
            100
          ],
          "ix": 6,
          "l": 2
        }
      },
      "ao": 0,
      "shapes": [
        {
          "ty": "gr",
          "it": [
            {
              "ind": 0,
              "ty": "sh",
              "ix": 1,
              "ks": {
                "a": 0,
                "k": {
                  "i": [
                    [
                      0,
                      3.049
                    ],
                    [
                      3.708,
                      0
                    ],
                    [
                      0,
                      -3.709
                    ],
                    [
                      -2.785,
                      -0.819
                    ],
                    [
                      0,
                      0
                    ],
                    [
                      -1.048,
                      0
                    ],
                    [
                      0,
                      1.048
                    ],
                    [
                      0,
                      0
                    ]
                  ],
                  "o": [
                    [
                      0,
                      -3.709
                    ],
                    [
                      -3.709,
                      0
                    ],
                    [
                      0,
                      3.049
                    ],
                    [
                      0,
                      0
                    ],
                    [
                      0,
                      1.048
                    ],
                    [
                      1.047,
                      0
                    ],
                    [
                      0,
                      0
                    ],
                    [
                      2.784,
                      -0.819
                    ]
                  ],
                  "v": [
                    [
                      6.715,
                      -3.859
                    ],
                    [
                      0.001,
                      -10.574
                    ],
                    [
                      -6.715,
                      -3.859
                    ],
                    [
                      -1.896,
                      2.579
                    ],
                    [
                      -1.896,
                      8.678
                    ],
                    [
                      0.001,
                      10.574
                    ],
                    [
                      1.898,
                      8.678
                    ],
                    [
                      1.898,
                      2.579
                    ]
                  ],
                  "c": true
                },
                "ix": 2
              },
              "nm": "Path 1",
              "mn": "ADBE Vector Shape - Group",
              "hd": false
            },
            {
              "ty": "fl",
              "c": {
                "a": 0,
                "k": [
                  0,
                  0.430999995213,
                  0.788000009574,
                  1
                ],
                "ix": 4
              },
              "o": {
                "a": 0,
                "k": 100,
                "ix": 5
              },
              "r": 1,
              "bm": 0,
              "nm": "Fill 1",
              "mn": "ADBE Vector Graphic - Fill",
              "hd": false
            },
            {
              "ty": "tr",
              "p": {
                "a": 0,
                "k": [
                  6.965,
                  10.825
                ],
                "ix": 2
              },
              "a": {
                "a": 0,
                "k": [
                  0,
                  0
                ],
                "ix": 1
              },
              "s": {
                "a": 0,
                "k": [
                  100,
                  100
                ],
                "ix": 3
              },
              "r": {
                "a": 0,
                "k": 0,
                "ix": 6
              },
              "o": {
                "a": 0,
                "k": 100,
                "ix": 7
              },
              "sk": {
                "a": 0,
                "k": 0,
                "ix": 4
              },
              "sa": {
                "a": 0,
                "k": 0,
                "ix": 5
              },
              "nm": "Transform"
            }
          ],
          "nm": "Group 1",
          "np": 2,
          "cix": 2,
          "bm": 0,
          "ix": 1,
          "mn": "ADBE Vector Group",
          "hd": false
        }
      ],
      "ip": 0,
      "op": 60.0000024438501,
      "st": 0,
      "bm": 0
    },
    {
      "ddd": 0,
      "ind": 2,
      "ty": 4,
      "nm": "body",
      "sr": 1,
      "ks": {
        "o": {
          "a": 0,
          "k": 100,
          "ix": 11
        },
        "r": {
          "a": 0,
          "k": 0,
          "ix": 10
        },
        "p": {
          "a": 1,
          "k": [
            {
              "i": {
                "x": 0.833,
                "y": 0.833
              },
              "o": {
                "x": 0.167,
                "y": 0.167
              },
              "t": 18,
              "s": [
                34.44,
                47.962,
                0
              ],
              "to": [
                0,
                -0.25,
                0
              ],
              "ti": [
                0,
                -0.375,
                0
              ]
            },
            {
              "i": {
                "x": 0.833,
                "y": 0.833
              },
              "o": {
                "x": 0.167,
                "y": 0.167
              },
              "t": 25,
              "s": [
                34.44,
                46.462,
                0
              ],
              "to": [
                0,
                0.375,
                0
              ],
              "ti": [
                0,
                -0.25,
                0
              ]
            },
            {
              "i": {
                "x": 0.833,
                "y": 0.833
              },
              "o": {
                "x": 0.167,
                "y": 0.167
              },
              "t": 31,
              "s": [
                34.44,
                50.212,
                0
              ],
              "to": [
                0,
                0.25,
                0
              ],
              "ti": [
                0,
                0.375,
                0
              ]
            },
            {
              "t": 37.0000015070409,
              "s": [
                34.44,
                47.962,
                0
              ]
            }
          ],
          "ix": 2,
          "l": 2
        },
        "a": {
          "a": 0,
          "k": [
            20.298,
            16.37,
            0
          ],
          "ix": 1,
          "l": 2
        },
        "s": {
          "a": 0,
          "k": [
            100,
            100,
            100
          ],
          "ix": 6,
          "l": 2
        }
      },
      "ao": 0,
      "shapes": [
        {
          "ty": "gr",
          "it": [
            {
              "ind": 0,
              "ty": "sh",
              "ix": 1,
              "ks": {
                "a": 0,
                "k": {
                  "i": [
                    [
                      2.955,
                      0
                    ],
                    [
                      0,
                      0
                    ],
                    [
                      0,
                      2.956
                    ],
                    [
                      0,
                      0
                    ],
                    [
                      -3.865,
                      0
                    ],
                    [
                      0,
                      0
                    ],
                    [
                      0,
                      -2.955
                    ],
                    [
                      0,
                      0
                    ]
                  ],
                  "o": [
                    [
                      0,
                      0
                    ],
                    [
                      -2.956,
                      0
                    ],
                    [
                      0,
                      0
                    ],
                    [
                      0,
                      -3.866
                    ],
                    [
                      0,
                      0
                    ],
                    [
                      2.955,
                      0
                    ],
                    [
                      0,
                      0
                    ],
                    [
                      0,
                      2.956
                    ]
                  ],
                  "v": [
                    [
                      14.695,
                      16.12
                    ],
                    [
                      -14.695,
                      16.12
                    ],
                    [
                      -20.048,
                      10.768
                    ],
                    [
                      -20.048,
                      -9.12
                    ],
                    [
                      -13.048,
                      -16.12
                    ],
                    [
                      14.695,
                      -16.12
                    ],
                    [
                      20.048,
                      -10.769
                    ],
                    [
                      20.048,
                      10.768
                    ]
                  ],
                  "c": true
                },
                "ix": 2
              },
              "nm": "Path 1",
              "mn": "ADBE Vector Shape - Group",
              "hd": false
            },
            {
              "ty": "gf",
              "o": {
                "a": 0,
                "k": 100,
                "ix": 10
              },
              "r": 1,
              "bm": 0,
              "g": {
                "p": 3,
                "k": {
                  "a": 0,
                  "k": [
                    0,
                    0.368,
                    0.72,
                    0.982,
                    0.5,
                    0.268,
                    0.676,
                    0.979,
                    1,
                    0.169,
                    0.631,
                    0.976
                  ],
                  "ix": 9
                }
              },
              "s": {
                "a": 0,
                "k": [
                  0.889,
                  -15.895
                ],
                "ix": 5
              },
              "e": {
                "a": 0,
                "k": [
                  -0.107,
                  16.152
                ],
                "ix": 6
              },
              "t": 1,
              "nm": "Gradient Fill 1",
              "mn": "ADBE Vector Graphic - G-Fill",
              "hd": false
            },
            {
              "ty": "tr",
              "p": {
                "a": 0,
                "k": [
                  20.297,
                  16.37
                ],
                "ix": 2
              },
              "a": {
                "a": 0,
                "k": [
                  0,
                  0
                ],
                "ix": 1
              },
              "s": {
                "a": 0,
                "k": [
                  100,
                  100
                ],
                "ix": 3
              },
              "r": {
                "a": 0,
                "k": 0,
                "ix": 6
              },
              "o": {
                "a": 0,
                "k": 100,
                "ix": 7
              },
              "sk": {
                "a": 0,
                "k": 0,
                "ix": 4
              },
              "sa": {
                "a": 0,
                "k": 0,
                "ix": 5
              },
              "nm": "Transform"
            }
          ],
          "nm": "Group 1",
          "np": 2,
          "cix": 2,
          "bm": 0,
          "ix": 1,
          "mn": "ADBE Vector Group",
          "hd": false
        }
      ],
      "ip": 0,
      "op": 60.0000024438501,
      "st": 0,
      "bm": 0
    },
    {
      "ddd": 0,
      "ind": 3,
      "ty": 4,
      "nm": "body shadow",
      "parent": 2,
      "sr": 1,
      "ks": {
        "o": {
          "a": 0,
          "k": 100,
          "ix": 11
        },
        "r": {
          "a": 0,
          "k": 0,
          "ix": 10
        },
        "p": {
          "a": 0,
          "k": [
            21.598,
            17.416,
            0
          ],
          "ix": 2,
          "l": 2
        },
        "a": {
          "a": 0,
          "k": [
            21.598,
            17.416,
            0
          ],
          "ix": 1,
          "l": 2
        },
        "s": {
          "a": 0,
          "k": [
            100,
            100,
            100
          ],
          "ix": 6,
          "l": 2
        }
      },
      "ao": 0,
      "shapes": [
        {
          "ty": "gr",
          "it": [
            {
              "ind": 0,
              "ty": "sh",
              "ix": 1,
              "ks": {
                "a": 0,
                "k": {
                  "i": [
                    [
                      3.866,
                      0
                    ],
                    [
                      0,
                      0
                    ],
                    [
                      0,
                      3.865
                    ],
                    [
                      0,
                      0
                    ],
                    [
                      -3.866,
                      0
                    ],
                    [
                      0,
                      0
                    ],
                    [
                      0,
                      -3.866
                    ],
                    [
                      0,
                      0
                    ]
                  ],
                  "o": [
                    [
                      0,
                      0
                    ],
                    [
                      -3.866,
                      0
                    ],
                    [
                      0,
                      0
                    ],
                    [
                      0,
                      -3.866
                    ],
                    [
                      0,
                      0
                    ],
                    [
                      3.866,
                      0
                    ],
                    [
                      0,
                      0
                    ],
                    [
                      0,
                      3.865
                    ]
                  ],
                  "v": [
                    [
                      14.348,
                      17.166
                    ],
                    [
                      -14.348,
                      17.166
                    ],
                    [
                      -21.348,
                      10.166
                    ],
                    [
                      -21.348,
                      -10.166
                    ],
                    [
                      -14.348,
                      -17.166
                    ],
                    [
                      14.348,
                      -17.166
                    ],
                    [
                      21.348,
                      -10.166
                    ],
                    [
                      21.348,
                      10.166
                    ]
                  ],
                  "c": true
                },
                "ix": 2
              },
              "nm": "Path 1",
              "mn": "ADBE Vector Shape - Group",
              "hd": false
            },
            {
              "ty": "fl",
              "c": {
                "a": 0,
                "k": [
                  0.090000002992,
                  0.528999956916,
                  0.933000033509,
                  1
                ],
                "ix": 4
              },
              "o": {
                "a": 0,
                "k": 100,
                "ix": 5
              },
              "r": 1,
              "bm": 0,
              "nm": "Fill 1",
              "mn": "ADBE Vector Graphic - Fill",
              "hd": false
            },
            {
              "ty": "tr",
              "p": {
                "a": 0,
                "k": [
                  21.597,
                  17.416
                ],
                "ix": 2
              },
              "a": {
                "a": 0,
                "k": [
                  0,
                  0
                ],
                "ix": 1
              },
              "s": {
                "a": 0,
                "k": [
                  100,
                  100
                ],
                "ix": 3
              },
              "r": {
                "a": 0,
                "k": 0,
                "ix": 6
              },
              "o": {
                "a": 0,
                "k": 100,
                "ix": 7
              },
              "sk": {
                "a": 0,
                "k": 0,
                "ix": 4
              },
              "sa": {
                "a": 0,
                "k": 0,
                "ix": 5
              },
              "nm": "Transform"
            }
          ],
          "nm": "Group 1",
          "np": 2,
          "cix": 2,
          "bm": 0,
          "ix": 1,
          "mn": "ADBE Vector Group",
          "hd": false
        }
      ],
      "ip": 0,
      "op": 60.0000024438501,
      "st": 0,
      "bm": 0
    },
    {
      "ddd": 0,
      "ind": 4,
      "ty": 4,
      "nm": "head shadow",
      "parent": 5,
      "sr": 1,
      "ks": {
        "o": {
          "a": 0,
          "k": 100,
          "ix": 11
        },
        "r": {
          "a": 0,
          "k": 0,
          "ix": 10
        },
        "p": {
          "a": 0,
          "k": [
            25.873,
            20.032,
            0
          ],
          "ix": 2,
          "l": 2
        },
        "a": {
          "a": 0,
          "k": [
            3.29,
            1.238,
            0
          ],
          "ix": 1,
          "l": 2
        },
        "s": {
          "a": 0,
          "k": [
            100,
            100,
            100
          ],
          "ix": 6,
          "l": 2
        }
      },
      "ao": 0,
      "shapes": [
        {
          "ty": "gr",
          "it": [
            {
              "ind": 0,
              "ty": "sh",
              "ix": 1,
              "ks": {
                "a": 0,
                "k": {
                  "i": [
                    [
                      0,
                      0
                    ],
                    [
                      0,
                      0
                    ],
                    [
                      -0.672,
                      0
                    ],
                    [
                      0,
                      0
                    ],
                    [
                      0,
                      0.671
                    ],
                    [
                      0,
                      0
                    ]
                  ],
                  "o": [
                    [
                      0,
                      0
                    ],
                    [
                      0,
                      0.671
                    ],
                    [
                      0,
                      0
                    ],
                    [
                      0.672,
                      0
                    ],
                    [
                      0,
                      0
                    ],
                    [
                      0,
                      0
                    ]
                  ],
                  "v": [
                    [
                      -3.04,
                      -0.988
                    ],
                    [
                      -3.04,
                      -0.228
                    ],
                    [
                      -1.824,
                      0.988
                    ],
                    [
                      1.824,
                      0.988
                    ],
                    [
                      3.04,
                      -0.228
                    ],
                    [
                      3.04,
                      -0.988
                    ]
                  ],
                  "c": true
                },
                "ix": 2
              },
              "nm": "Path 1",
              "mn": "ADBE Vector Shape - Group",
              "hd": false
            },
            {
              "ty": "fl",
              "c": {
                "a": 0,
                "k": [
                  0.467790491441,
                  0.743259265376,
                  0.948966471354,
                  1
                ],
                "ix": 4
              },
              "o": {
                "a": 0,
                "k": 100,
                "ix": 5
              },
              "r": 1,
              "bm": 0,
              "nm": "Fill 1",
              "mn": "ADBE Vector Graphic - Fill",
              "hd": false
            },
            {
              "ty": "tr",
              "p": {
                "a": 0,
                "k": [
                  3.29,
                  1.238
                ],
                "ix": 2
              },
              "a": {
                "a": 0,
                "k": [
                  0,
                  0
                ],
                "ix": 1
              },
              "s": {
                "a": 0,
                "k": [
                  100,
                  100
                ],
                "ix": 3
              },
              "r": {
                "a": 0,
                "k": 0,
                "ix": 6
              },
              "o": {
                "a": 0,
                "k": 100,
                "ix": 7
              },
              "sk": {
                "a": 0,
                "k": 0,
                "ix": 4
              },
              "sa": {
                "a": 0,
                "k": 0,
                "ix": 5
              },
              "nm": "Transform"
            }
          ],
          "nm": "Group 1",
          "np": 2,
          "cix": 2,
          "bm": 0,
          "ix": 1,
          "mn": "ADBE Vector Group",
          "hd": false
        }
      ],
      "ip": 0,
      "op": 60.0000024438501,
      "st": 0,
      "bm": 0
    },
    {
      "ddd": 0,
      "ind": 5,
      "ty": 4,
      "nm": "head",
      "sr": 1,
      "ks": {
        "o": {
          "a": 0,
          "k": 100,
          "ix": 11
        },
        "r": {
          "a": 0,
          "k": 0,
          "ix": 10
        },
        "p": {
          "a": 1,
          "k": [
            {
              "i": {
                "x": 0.833,
                "y": 0.833
              },
              "o": {
                "x": 0.167,
                "y": 0.167
              },
              "t": 18,
              "s": [
                35.217,
                18.607,
                0
              ],
              "to": [
                0,
                -0.375,
                0
              ],
              "ti": [
                0,
                -1.896,
                0
              ]
            },
            {
              "i": {
                "x": 0.833,
                "y": 0.833
              },
              "o": {
                "x": 0.167,
                "y": 0.167
              },
              "t": 25,
              "s": [
                35.217,
                16.357,
                0
              ],
              "to": [
                0,
                1.896,
                0
              ],
              "ti": [
                0,
                -1.688,
                0
              ]
            },
            {
              "i": {
                "x": 0.833,
                "y": 0.833
              },
              "o": {
                "x": 0.167,
                "y": 0.167
              },
              "t": 31,
              "s": [
                35.217,
                29.982,
                0
              ],
              "to": [
                0,
                1.688,
                0
              ],
              "ti": [
                0,
                0.583,
                0
              ]
            },
            {
              "t": 37.0000015070409,
              "s": [
                35.217,
                26.482,
                0
              ]
            }
          ],
          "ix": 2,
          "l": 2
        },
        "a": {
          "a": 0,
          "k": [
            14.581,
            14.353,
            0
          ],
          "ix": 1,
          "l": 2
        },
        "s": {
          "a": 0,
          "k": [
            100,
            100,
            100
          ],
          "ix": 6,
          "l": 2
        }
      },
      "ao": 0,
      "shapes": [
        {
          "ty": "gr",
          "it": [
            {
              "ind": 0,
              "ty": "sh",
              "ix": 1,
              "ks": {
                "a": 0,
                "k": {
                  "i": [
                    [
                      0,
                      0
                    ],
                    [
                      0,
                      0
                    ],
                    [
                      0,
                      0
                    ],
                    [
                      -7.426,
                      0.698
                    ],
                    [
                      0,
                      -8.357
                    ],
                    [
                      0,
                      0
                    ],
                    [
                      0.672,
                      0
                    ],
                    [
                      0,
                      0
                    ],
                    [
                      0,
                      0.671
                    ],
                    [
                      0,
                      0
                    ],
                    [
                      4.16,
                      0.533
                    ],
                    [
                      0,
                      -4.906
                    ]
                  ],
                  "o": [
                    [
                      0,
                      0
                    ],
                    [
                      0,
                      0
                    ],
                    [
                      0,
                      -7.458
                    ],
                    [
                      8.52,
                      -0.802
                    ],
                    [
                      0,
                      0
                    ],
                    [
                      0,
                      0.671
                    ],
                    [
                      0,
                      0
                    ],
                    [
                      -0.672,
                      0
                    ],
                    [
                      0,
                      0
                    ],
                    [
                      0,
                      -4.193
                    ],
                    [
                      -5.033,
                      -0.645
                    ],
                    [
                      0,
                      0
                    ]
                  ],
                  "v": [
                    [
                      -8.252,
                      14.103
                    ],
                    [
                      -14.331,
                      14.103
                    ],
                    [
                      -14.331,
                      1.384
                    ],
                    [
                      -1.381,
                      -13.301
                    ],
                    [
                      14.331,
                      0.964
                    ],
                    [
                      14.331,
                      5.451
                    ],
                    [
                      13.116,
                      6.666
                    ],
                    [
                      9.468,
                      6.666
                    ],
                    [
                      8.252,
                      5.451
                    ],
                    [
                      8.252,
                      1.251
                    ],
                    [
                      1.086,
                      -7.218
                    ],
                    [
                      -8.252,
                      0.964
                    ]
                  ],
                  "c": true
                },
                "ix": 2
              },
              "nm": "Path 1",
              "mn": "ADBE Vector Shape - Group",
              "hd": false
            },
            {
              "ty": "fl",
              "c": {
                "a": 0,
                "k": [
                  0.583999992819,
                  0.779999976065,
                  0.976000019148,
                  1
                ],
                "ix": 4
              },
              "o": {
                "a": 0,
                "k": 100,
                "ix": 5
              },
              "r": 1,
              "bm": 0,
              "nm": "Fill 1",
              "mn": "ADBE Vector Graphic - Fill",
              "hd": false
            },
            {
              "ty": "tr",
              "p": {
                "a": 0,
                "k": [
                  14.581,
                  14.353
                ],
                "ix": 2
              },
              "a": {
                "a": 0,
                "k": [
                  0,
                  0
                ],
                "ix": 1
              },
              "s": {
                "a": 0,
                "k": [
                  100,
                  100
                ],
                "ix": 3
              },
              "r": {
                "a": 0,
                "k": 0,
                "ix": 6
              },
              "o": {
                "a": 0,
                "k": 100,
                "ix": 7
              },
              "sk": {
                "a": 0,
                "k": 0,
                "ix": 4
              },
              "sa": {
                "a": 0,
                "k": 0,
                "ix": 5
              },
              "nm": "Transform"
            }
          ],
          "nm": "Group 1",
          "np": 2,
          "cix": 2,
          "bm": 0,
          "ix": 1,
          "mn": "ADBE Vector Group",
          "hd": false
        }
      ],
      "ip": 0,
      "op": 60.0000024438501,
      "st": 0,
      "bm": 0
    }
  ],
  "markers": []
}