{
  "v": "5.8.1",
  "fr": 60,
  "ip": 0,
  "op": 40,
  "w": 105,
  "h": 96,
  "nm": "预合成 2",
  "ddd": 0,
  "assets": [
    {
      "id": "comp_0",
      "nm": "预合成 3",
      "fr": 60,
      "layers": [
        {
          "ddd": 0,
          "ind": 1,
          "ty": 4,
          "nm": "形状图层 9",
          "sr": 1,
          "ks": {
            "o": {
              "a": 0,
              "k": 100,
              "ix": 11
            },
            "r": {
              "a": 0,
              "k": 0,
              "ix": 10
            },
            "p": {
              "a": 0,
              "k": [
                6.067,
                74,
                0
              ],
              "ix": 2,
              "l": 2
            },
            "a": {
              "a": 0,
              "k": [
                5.692,
                -46.058,
                0
              ],
              "ix": 1,
              "l": 2
            },
            "s": {
              "a": 0,
              "k": [
                69.488,
                69.488,
                100
              ],
              "ix": 6,
              "l": 2
            }
          },
          "ao": 0,
          "shapes": [
            {
              "ty": "gr",
              "it": [
                {
                  "ind": 0,
                  "ty": "sh",
                  "ix": 1,
                  "ks": {
                    "a": 0,
                    "k": {
                      "i": [
                        [
                          1.901,
                          0
                        ],
                        [
                          0,
                          -1.901
                        ],
                        [
                          -1.901,
                          0
                        ],
                        [
                          0,
                          1.901
                        ]
                      ],
                      "o": [
                        [
                          -1.901,
                          0
                        ],
                        [
                          0,
                          1.901
                        ],
                        [
                          1.901,
                          0
                        ],
                        [
                          0,
                          -1.901
                        ]
                      ],
                      "v": [
                        [
                          0,
                          -3.442
                        ],
                        [
                          -3.442,
                          0
                        ],
                        [
                          0,
                          3.442
                        ],
                        [
                          3.442,
                          0
                        ]
                      ],
                      "c": true
                    },
                    "ix": 2
                  },
                  "nm": "路径 1",
                  "mn": "ADBE Vector Shape - Group",
                  "hd": false
                },
                {
                  "ty": "fl",
                  "c": {
                    "a": 0,
                    "k": [
                      1,
                      0.760784313725,
                      0,
                      1
                    ],
                    "ix": 4
                  },
                  "o": {
                    "a": 0,
                    "k": 100,
                    "ix": 5
                  },
                  "r": 1,
                  "bm": 0,
                  "nm": "填充 1",
                  "mn": "ADBE Vector Graphic - Fill",
                  "hd": false
                },
                {
                  "ty": "tr",
                  "p": {
                    "a": 0,
                    "k": [
                      5.692,
                      -46.058
                    ],
                    "ix": 2
                  },
                  "a": {
                    "a": 0,
                    "k": [
                      0,
                      0
                    ],
                    "ix": 1
                  },
                  "s": {
                    "a": 0,
                    "k": [
                      119.026,
                      119.026
                    ],
                    "ix": 3
                  },
                  "r": {
                    "a": 0,
                    "k": 0,
                    "ix": 6
                  },
                  "o": {
                    "a": 0,
                    "k": 100,
                    "ix": 7
                  },
                  "sk": {
                    "a": 0,
                    "k": 0,
                    "ix": 4
                  },
                  "sa": {
                    "a": 0,
                    "k": 0,
                    "ix": 5
                  },
                  "nm": "变换"
                }
              ],
              "nm": "矩形 1",
              "np": 3,
              "cix": 2,
              "bm": 0,
              "ix": 1,
              "mn": "ADBE Vector Group",
              "hd": false
            }
          ],
          "ip": 0,
          "op": 300,
          "st": 0,
          "bm": 0
        },
        {
          "ddd": 0,
          "ind": 2,
          "ty": 4,
          "nm": "形状图层 10",
          "sr": 1,
          "ks": {
            "o": {
              "a": 0,
              "k": 100,
              "ix": 11
            },
            "r": {
              "a": 0,
              "k": 0,
              "ix": 10
            },
            "p": {
              "a": 0,
              "k": [
                16.474,
                29.956,
                0
              ],
              "ix": 2,
              "l": 2
            },
            "a": {
              "a": 0,
              "k": [
                5.692,
                -46.058,
                0
              ],
              "ix": 1,
              "l": 2
            },
            "s": {
              "a": 0,
              "k": [
                93.898,
                87.795,
                100
              ],
              "ix": 6,
              "l": 2
            }
          },
          "ao": 0,
          "shapes": [
            {
              "ty": "gr",
              "it": [
                {
                  "ind": 0,
                  "ty": "sh",
                  "ix": 1,
                  "ks": {
                    "a": 0,
                    "k": {
                      "i": [
                        [
                          1.901,
                          0
                        ],
                        [
                          0,
                          -1.901
                        ],
                        [
                          -1.901,
                          0
                        ],
                        [
                          0,
                          1.901
                        ]
                      ],
                      "o": [
                        [
                          -1.901,
                          0
                        ],
                        [
                          0,
                          1.901
                        ],
                        [
                          1.901,
                          0
                        ],
                        [
                          0,
                          -1.901
                        ]
                      ],
                      "v": [
                        [
                          0,
                          -3.442
                        ],
                        [
                          -3.442,
                          0
                        ],
                        [
                          0,
                          3.442
                        ],
                        [
                          3.442,
                          0
                        ]
                      ],
                      "c": true
                    },
                    "ix": 2
                  },
                  "nm": "路径 1",
                  "mn": "ADBE Vector Shape - Group",
                  "hd": false
                },
                {
                  "ty": "fl",
                  "c": {
                    "a": 0,
                    "k": [
                      1,
                      0.760784313725,
                      0,
                      1
                    ],
                    "ix": 4
                  },
                  "o": {
                    "a": 0,
                    "k": 100,
                    "ix": 5
                  },
                  "r": 1,
                  "bm": 0,
                  "nm": "填充 1",
                  "mn": "ADBE Vector Graphic - Fill",
                  "hd": false
                },
                {
                  "ty": "tr",
                  "p": {
                    "a": 0,
                    "k": [
                      5.692,
                      -46.058
                    ],
                    "ix": 2
                  },
                  "a": {
                    "a": 0,
                    "k": [
                      0,
                      0
                    ],
                    "ix": 1
                  },
                  "s": {
                    "a": 0,
                    "k": [
                      119.026,
                      119.026
                    ],
                    "ix": 3
                  },
                  "r": {
                    "a": 0,
                    "k": 0,
                    "ix": 6
                  },
                  "o": {
                    "a": 0,
                    "k": 100,
                    "ix": 7
                  },
                  "sk": {
                    "a": 0,
                    "k": 0,
                    "ix": 4
                  },
                  "sa": {
                    "a": 0,
                    "k": 0,
                    "ix": 5
                  },
                  "nm": "变换"
                }
              ],
              "nm": "矩形 1",
              "np": 3,
              "cix": 2,
              "bm": 0,
              "ix": 1,
              "mn": "ADBE Vector Group",
              "hd": false
            }
          ],
          "ip": 0,
          "op": 300,
          "st": 0,
          "bm": 0
        },
        {
          "ddd": 0,
          "ind": 3,
          "ty": 4,
          "nm": "形状图层 5",
          "sr": 1,
          "ks": {
            "o": {
              "a": 0,
              "k": 100,
              "ix": 11
            },
            "r": {
              "a": 0,
              "k": 0,
              "ix": 10
            },
            "p": {
              "a": 0,
              "k": [
                108.067,
                99.192,
                0
              ],
              "ix": 2,
              "l": 2
            },
            "a": {
              "a": 0,
              "k": [
                5.692,
                -46.058,
                0
              ],
              "ix": 1,
              "l": 2
            },
            "s": {
              "a": 0,
              "k": [
                69.488,
                69.488,
                100
              ],
              "ix": 6,
              "l": 2
            }
          },
          "ao": 0,
          "shapes": [
            {
              "ty": "gr",
              "it": [
                {
                  "ind": 0,
                  "ty": "sh",
                  "ix": 1,
                  "ks": {
                    "a": 0,
                    "k": {
                      "i": [
                        [
                          1.901,
                          0
                        ],
                        [
                          0,
                          -1.901
                        ],
                        [
                          -1.901,
                          0
                        ],
                        [
                          0,
                          1.901
                        ]
                      ],
                      "o": [
                        [
                          -1.901,
                          0
                        ],
                        [
                          0,
                          1.901
                        ],
                        [
                          1.901,
                          0
                        ],
                        [
                          0,
                          -1.901
                        ]
                      ],
                      "v": [
                        [
                          0,
                          -3.442
                        ],
                        [
                          -3.442,
                          0
                        ],
                        [
                          0,
                          3.442
                        ],
                        [
                          3.442,
                          0
                        ]
                      ],
                      "c": true
                    },
                    "ix": 2
                  },
                  "nm": "路径 1",
                  "mn": "ADBE Vector Shape - Group",
                  "hd": false
                },
                {
                  "ty": "fl",
                  "c": {
                    "a": 0,
                    "k": [
                      1,
                      0.760784313725,
                      0,
                      1
                    ],
                    "ix": 4
                  },
                  "o": {
                    "a": 0,
                    "k": 100,
                    "ix": 5
                  },
                  "r": 1,
                  "bm": 0,
                  "nm": "填充 1",
                  "mn": "ADBE Vector Graphic - Fill",
                  "hd": false
                },
                {
                  "ty": "tr",
                  "p": {
                    "a": 0,
                    "k": [
                      5.692,
                      -46.058
                    ],
                    "ix": 2
                  },
                  "a": {
                    "a": 0,
                    "k": [
                      0,
                      0
                    ],
                    "ix": 1
                  },
                  "s": {
                    "a": 0,
                    "k": [
                      119.026,
                      119.026
                    ],
                    "ix": 3
                  },
                  "r": {
                    "a": 0,
                    "k": 0,
                    "ix": 6
                  },
                  "o": {
                    "a": 0,
                    "k": 100,
                    "ix": 7
                  },
                  "sk": {
                    "a": 0,
                    "k": 0,
                    "ix": 4
                  },
                  "sa": {
                    "a": 0,
                    "k": 0,
                    "ix": 5
                  },
                  "nm": "变换"
                }
              ],
              "nm": "矩形 1",
              "np": 3,
              "cix": 2,
              "bm": 0,
              "ix": 1,
              "mn": "ADBE Vector Group",
              "hd": false
            }
          ],
          "ip": 0,
          "op": 300,
          "st": 0,
          "bm": 0
        },
        {
          "ddd": 0,
          "ind": 4,
          "ty": 4,
          "nm": "形状图层 6",
          "sr": 1,
          "ks": {
            "o": {
              "a": 0,
              "k": 100,
              "ix": 11
            },
            "r": {
              "a": 0,
              "k": 0,
              "ix": 10
            },
            "p": {
              "a": 0,
              "k": [
                65.192,
                17.817,
                0
              ],
              "ix": 2,
              "l": 2
            },
            "a": {
              "a": 0,
              "k": [
                5.692,
                -46.058,
                0
              ],
              "ix": 1,
              "l": 2
            },
            "s": {
              "a": 0,
              "k": [
                51.181,
                51.181,
                100
              ],
              "ix": 6,
              "l": 2
            }
          },
          "ao": 0,
          "shapes": [
            {
              "ty": "gr",
              "it": [
                {
                  "ind": 0,
                  "ty": "sh",
                  "ix": 1,
                  "ks": {
                    "a": 0,
                    "k": {
                      "i": [
                        [
                          1.901,
                          0
                        ],
                        [
                          0,
                          -1.901
                        ],
                        [
                          -1.901,
                          0
                        ],
                        [
                          0,
                          1.901
                        ]
                      ],
                      "o": [
                        [
                          -1.901,
                          0
                        ],
                        [
                          0,
                          1.901
                        ],
                        [
                          1.901,
                          0
                        ],
                        [
                          0,
                          -1.901
                        ]
                      ],
                      "v": [
                        [
                          0,
                          -3.442
                        ],
                        [
                          -3.442,
                          0
                        ],
                        [
                          0,
                          3.442
                        ],
                        [
                          3.442,
                          0
                        ]
                      ],
                      "c": true
                    },
                    "ix": 2
                  },
                  "nm": "路径 1",
                  "mn": "ADBE Vector Shape - Group",
                  "hd": false
                },
                {
                  "ty": "fl",
                  "c": {
                    "a": 0,
                    "k": [
                      1,
                      0.760784313725,
                      0,
                      1
                    ],
                    "ix": 4
                  },
                  "o": {
                    "a": 0,
                    "k": 100,
                    "ix": 5
                  },
                  "r": 1,
                  "bm": 0,
                  "nm": "填充 1",
                  "mn": "ADBE Vector Graphic - Fill",
                  "hd": false
                },
                {
                  "ty": "tr",
                  "p": {
                    "a": 0,
                    "k": [
                      5.692,
                      -46.058
                    ],
                    "ix": 2
                  },
                  "a": {
                    "a": 0,
                    "k": [
                      0,
                      0
                    ],
                    "ix": 1
                  },
                  "s": {
                    "a": 0,
                    "k": [
                      119.026,
                      119.026
                    ],
                    "ix": 3
                  },
                  "r": {
                    "a": 0,
                    "k": 0,
                    "ix": 6
                  },
                  "o": {
                    "a": 0,
                    "k": 100,
                    "ix": 7
                  },
                  "sk": {
                    "a": 0,
                    "k": 0,
                    "ix": 4
                  },
                  "sa": {
                    "a": 0,
                    "k": 0,
                    "ix": 5
                  },
                  "nm": "变换"
                }
              ],
              "nm": "矩形 1",
              "np": 3,
              "cix": 2,
              "bm": 0,
              "ix": 1,
              "mn": "ADBE Vector Group",
              "hd": false
            }
          ],
          "ip": 0,
          "op": 300,
          "st": 0,
          "bm": 0
        },
        {
          "ddd": 0,
          "ind": 5,
          "ty": 4,
          "nm": "形状图层 8",
          "sr": 1,
          "ks": {
            "o": {
              "a": 0,
              "k": 100,
              "ix": 11
            },
            "r": {
              "a": 0,
              "k": 0,
              "ix": 10
            },
            "p": {
              "a": 0,
              "k": [
                17.317,
                109.692,
                0
              ],
              "ix": 2,
              "l": 2
            },
            "a": {
              "a": 0,
              "k": [
                5.692,
                -46.058,
                0
              ],
              "ix": 1,
              "l": 2
            },
            "s": {
              "a": 0,
              "k": [
                51.181,
                51.181,
                100
              ],
              "ix": 6,
              "l": 2
            }
          },
          "ao": 0,
          "shapes": [
            {
              "ty": "gr",
              "it": [
                {
                  "ind": 0,
                  "ty": "sh",
                  "ix": 1,
                  "ks": {
                    "a": 0,
                    "k": {
                      "i": [
                        [
                          1.901,
                          0
                        ],
                        [
                          0,
                          -1.901
                        ],
                        [
                          -1.901,
                          0
                        ],
                        [
                          0,
                          1.901
                        ]
                      ],
                      "o": [
                        [
                          -1.901,
                          0
                        ],
                        [
                          0,
                          1.901
                        ],
                        [
                          1.901,
                          0
                        ],
                        [
                          0,
                          -1.901
                        ]
                      ],
                      "v": [
                        [
                          0,
                          -3.442
                        ],
                        [
                          -3.442,
                          0
                        ],
                        [
                          0,
                          3.442
                        ],
                        [
                          3.442,
                          0
                        ]
                      ],
                      "c": true
                    },
                    "ix": 2
                  },
                  "nm": "路径 1",
                  "mn": "ADBE Vector Shape - Group",
                  "hd": false
                },
                {
                  "ty": "fl",
                  "c": {
                    "a": 0,
                    "k": [
                      1,
                      0.760784313725,
                      0,
                      1
                    ],
                    "ix": 4
                  },
                  "o": {
                    "a": 0,
                    "k": 100,
                    "ix": 5
                  },
                  "r": 1,
                  "bm": 0,
                  "nm": "填充 1",
                  "mn": "ADBE Vector Graphic - Fill",
                  "hd": false
                },
                {
                  "ty": "tr",
                  "p": {
                    "a": 0,
                    "k": [
                      5.692,
                      -46.058
                    ],
                    "ix": 2
                  },
                  "a": {
                    "a": 0,
                    "k": [
                      0,
                      0
                    ],
                    "ix": 1
                  },
                  "s": {
                    "a": 0,
                    "k": [
                      119.026,
                      119.026
                    ],
                    "ix": 3
                  },
                  "r": {
                    "a": 0,
                    "k": 0,
                    "ix": 6
                  },
                  "o": {
                    "a": 0,
                    "k": 100,
                    "ix": 7
                  },
                  "sk": {
                    "a": 0,
                    "k": 0,
                    "ix": 4
                  },
                  "sa": {
                    "a": 0,
                    "k": 0,
                    "ix": 5
                  },
                  "nm": "变换"
                }
              ],
              "nm": "矩形 1",
              "np": 3,
              "cix": 2,
              "bm": 0,
              "ix": 1,
              "mn": "ADBE Vector Group",
              "hd": false
            }
          ],
          "ip": 0,
          "op": 300,
          "st": 0,
          "bm": 0
        },
        {
          "ddd": 0,
          "ind": 6,
          "ty": 4,
          "nm": "形状图层 4",
          "sr": 1,
          "ks": {
            "o": {
              "a": 0,
              "k": 100,
              "ix": 11
            },
            "r": {
              "a": 0,
              "k": 0,
              "ix": 10
            },
            "p": {
              "a": 0,
              "k": [
                116.942,
                66.942,
                0
              ],
              "ix": 2,
              "l": 2
            },
            "a": {
              "a": 0,
              "k": [
                5.692,
                -46.058,
                0
              ],
              "ix": 1,
              "l": 2
            },
            "s": {
              "a": 0,
              "k": [
                51.181,
                51.181,
                100
              ],
              "ix": 6,
              "l": 2
            }
          },
          "ao": 0,
          "shapes": [
            {
              "ty": "gr",
              "it": [
                {
                  "ind": 0,
                  "ty": "sh",
                  "ix": 1,
                  "ks": {
                    "a": 0,
                    "k": {
                      "i": [
                        [
                          1.901,
                          0
                        ],
                        [
                          0,
                          -1.901
                        ],
                        [
                          -1.901,
                          0
                        ],
                        [
                          0,
                          1.901
                        ]
                      ],
                      "o": [
                        [
                          -1.901,
                          0
                        ],
                        [
                          0,
                          1.901
                        ],
                        [
                          1.901,
                          0
                        ],
                        [
                          0,
                          -1.901
                        ]
                      ],
                      "v": [
                        [
                          0,
                          -3.442
                        ],
                        [
                          -3.442,
                          0
                        ],
                        [
                          0,
                          3.442
                        ],
                        [
                          3.442,
                          0
                        ]
                      ],
                      "c": true
                    },
                    "ix": 2
                  },
                  "nm": "路径 1",
                  "mn": "ADBE Vector Shape - Group",
                  "hd": false
                },
                {
                  "ty": "fl",
                  "c": {
                    "a": 0,
                    "k": [
                      1,
                      0.760784313725,
                      0,
                      1
                    ],
                    "ix": 4
                  },
                  "o": {
                    "a": 0,
                    "k": 100,
                    "ix": 5
                  },
                  "r": 1,
                  "bm": 0,
                  "nm": "填充 1",
                  "mn": "ADBE Vector Graphic - Fill",
                  "hd": false
                },
                {
                  "ty": "tr",
                  "p": {
                    "a": 0,
                    "k": [
                      5.692,
                      -46.058
                    ],
                    "ix": 2
                  },
                  "a": {
                    "a": 0,
                    "k": [
                      0,
                      0
                    ],
                    "ix": 1
                  },
                  "s": {
                    "a": 0,
                    "k": [
                      119.026,
                      119.026
                    ],
                    "ix": 3
                  },
                  "r": {
                    "a": 0,
                    "k": 0,
                    "ix": 6
                  },
                  "o": {
                    "a": 0,
                    "k": 100,
                    "ix": 7
                  },
                  "sk": {
                    "a": 0,
                    "k": 0,
                    "ix": 4
                  },
                  "sa": {
                    "a": 0,
                    "k": 0,
                    "ix": 5
                  },
                  "nm": "变换"
                }
              ],
              "nm": "矩形 1",
              "np": 3,
              "cix": 2,
              "bm": 0,
              "ix": 1,
              "mn": "ADBE Vector Group",
              "hd": false
            }
          ],
          "ip": 0,
          "op": 300,
          "st": 0,
          "bm": 0
        },
        {
          "ddd": 0,
          "ind": 7,
          "ty": 4,
          "nm": "形状图层 7",
          "sr": 1,
          "ks": {
            "o": {
              "a": 0,
              "k": 100,
              "ix": 11
            },
            "r": {
              "a": 0,
              "k": 0,
              "ix": 10
            },
            "p": {
              "a": 0,
              "k": [
                60.692,
                121.192,
                0
              ],
              "ix": 2,
              "l": 2
            },
            "a": {
              "a": 0,
              "k": [
                5.692,
                -46.058,
                0
              ],
              "ix": 1,
              "l": 2
            },
            "s": {
              "a": 0,
              "k": [
                106.102,
                106.102,
                100
              ],
              "ix": 6,
              "l": 2
            }
          },
          "ao": 0,
          "shapes": [
            {
              "ty": "gr",
              "it": [
                {
                  "ind": 0,
                  "ty": "sh",
                  "ix": 1,
                  "ks": {
                    "a": 0,
                    "k": {
                      "i": [
                        [
                          1.901,
                          0
                        ],
                        [
                          0,
                          -1.901
                        ],
                        [
                          -1.901,
                          0
                        ],
                        [
                          0,
                          1.901
                        ]
                      ],
                      "o": [
                        [
                          -1.901,
                          0
                        ],
                        [
                          0,
                          1.901
                        ],
                        [
                          1.901,
                          0
                        ],
                        [
                          0,
                          -1.901
                        ]
                      ],
                      "v": [
                        [
                          0,
                          -3.442
                        ],
                        [
                          -3.442,
                          0
                        ],
                        [
                          0,
                          3.442
                        ],
                        [
                          3.442,
                          0
                        ]
                      ],
                      "c": true
                    },
                    "ix": 2
                  },
                  "nm": "路径 1",
                  "mn": "ADBE Vector Shape - Group",
                  "hd": false
                },
                {
                  "ty": "fl",
                  "c": {
                    "a": 0,
                    "k": [
                      1,
                      0.760784313725,
                      0,
                      1
                    ],
                    "ix": 4
                  },
                  "o": {
                    "a": 0,
                    "k": 100,
                    "ix": 5
                  },
                  "r": 1,
                  "bm": 0,
                  "nm": "填充 1",
                  "mn": "ADBE Vector Graphic - Fill",
                  "hd": false
                },
                {
                  "ty": "tr",
                  "p": {
                    "a": 0,
                    "k": [
                      5.692,
                      -46.058
                    ],
                    "ix": 2
                  },
                  "a": {
                    "a": 0,
                    "k": [
                      0,
                      0
                    ],
                    "ix": 1
                  },
                  "s": {
                    "a": 0,
                    "k": [
                      119.026,
                      119.026
                    ],
                    "ix": 3
                  },
                  "r": {
                    "a": 0,
                    "k": 0,
                    "ix": 6
                  },
                  "o": {
                    "a": 0,
                    "k": 100,
                    "ix": 7
                  },
                  "sk": {
                    "a": 0,
                    "k": 0,
                    "ix": 4
                  },
                  "sa": {
                    "a": 0,
                    "k": 0,
                    "ix": 5
                  },
                  "nm": "变换"
                }
              ],
              "nm": "矩形 1",
              "np": 3,
              "cix": 2,
              "bm": 0,
              "ix": 1,
              "mn": "ADBE Vector Group",
              "hd": false
            }
          ],
          "ip": 0,
          "op": 300,
          "st": 0,
          "bm": 0
        },
        {
          "ddd": 0,
          "ind": 8,
          "ty": 4,
          "nm": "形状图层 3",
          "sr": 1,
          "ks": {
            "o": {
              "a": 0,
              "k": 100,
              "ix": 11
            },
            "r": {
              "a": 0,
              "k": 0,
              "ix": 10
            },
            "p": {
              "a": 0,
              "k": [
                103.567,
                31.442,
                0
              ],
              "ix": 2,
              "l": 2
            },
            "a": {
              "a": 0,
              "k": [
                5.692,
                -46.058,
                0
              ],
              "ix": 1,
              "l": 2
            },
            "s": {
              "a": 0,
              "k": [
                106.102,
                106.102,
                100
              ],
              "ix": 6,
              "l": 2
            }
          },
          "ao": 0,
          "shapes": [
            {
              "ty": "gr",
              "it": [
                {
                  "ind": 0,
                  "ty": "sh",
                  "ix": 1,
                  "ks": {
                    "a": 0,
                    "k": {
                      "i": [
                        [
                          1.901,
                          0
                        ],
                        [
                          0,
                          -1.901
                        ],
                        [
                          -1.901,
                          0
                        ],
                        [
                          0,
                          1.901
                        ]
                      ],
                      "o": [
                        [
                          -1.901,
                          0
                        ],
                        [
                          0,
                          1.901
                        ],
                        [
                          1.901,
                          0
                        ],
                        [
                          0,
                          -1.901
                        ]
                      ],
                      "v": [
                        [
                          0,
                          -3.442
                        ],
                        [
                          -3.442,
                          0
                        ],
                        [
                          0,
                          3.442
                        ],
                        [
                          3.442,
                          0
                        ]
                      ],
                      "c": true
                    },
                    "ix": 2
                  },
                  "nm": "路径 1",
                  "mn": "ADBE Vector Shape - Group",
                  "hd": false
                },
                {
                  "ty": "fl",
                  "c": {
                    "a": 0,
                    "k": [
                      1,
                      0.760784313725,
                      0,
                      1
                    ],
                    "ix": 4
                  },
                  "o": {
                    "a": 0,
                    "k": 100,
                    "ix": 5
                  },
                  "r": 1,
                  "bm": 0,
                  "nm": "填充 1",
                  "mn": "ADBE Vector Graphic - Fill",
                  "hd": false
                },
                {
                  "ty": "tr",
                  "p": {
                    "a": 0,
                    "k": [
                      5.692,
                      -46.058
                    ],
                    "ix": 2
                  },
                  "a": {
                    "a": 0,
                    "k": [
                      0,
                      0
                    ],
                    "ix": 1
                  },
                  "s": {
                    "a": 0,
                    "k": [
                      119.026,
                      119.026
                    ],
                    "ix": 3
                  },
                  "r": {
                    "a": 0,
                    "k": 0,
                    "ix": 6
                  },
                  "o": {
                    "a": 0,
                    "k": 100,
                    "ix": 7
                  },
                  "sk": {
                    "a": 0,
                    "k": 0,
                    "ix": 4
                  },
                  "sa": {
                    "a": 0,
                    "k": 0,
                    "ix": 5
                  },
                  "nm": "变换"
                }
              ],
              "nm": "矩形 1",
              "np": 3,
              "cix": 2,
              "bm": 0,
              "ix": 1,
              "mn": "ADBE Vector Group",
              "hd": false
            }
          ],
          "ip": 0,
          "op": 300,
          "st": 0,
          "bm": 0
        }
      ]
    }
  ],
  "layers": [
    {
      "ddd": 0,
      "ind": 1,
      "ty": 4,
      "nm": "Fill 8",
      "sr": 1,
      "ks": {
        "o": {
          "a": 0,
          "k": 100,
          "ix": 11
        },
        "r": {
          "a": 0,
          "k": 0,
          "ix": 10
        },
        "p": {
          "a": 0,
          "k": [
            51,
            49.085,
            0
          ],
          "ix": 2,
          "l": 2
        },
        "a": {
          "a": 0,
          "k": [
            0,
            0.003,
            0
          ],
          "ix": 1,
          "l": 2
        },
        "s": {
          "a": 1,
          "k": [
            {
              "i": {
                "x": [
                  0.833,
                  0.833,
                  0.833
                ],
                "y": [
                  0.833,
                  0.833,
                  0.833
                ]
              },
              "o": {
                "x": [
                  0.167,
                  0.167,
                  0.167
                ],
                "y": [
                  0.167,
                  0.167,
                  0.167
                ]
              },
              "t": 0,
              "s": [
                0,
                0,
                100
              ]
            },
            {
              "i": {
                "x": [
                  0.833,
                  0.833,
                  0.833
                ],
                "y": [
                  0.833,
                  0.833,
                  0.833
                ]
              },
              "o": {
                "x": [
                  0.167,
                  0.167,
                  0.167
                ],
                "y": [
                  0.167,
                  0.167,
                  0.167
                ]
              },
              "t": 5,
              "s": [
                40,
                40,
                100
              ]
            },
            {
              "i": {
                "x": [
                  0.833,
                  0.833,
                  0.833
                ],
                "y": [
                  0.833,
                  0.833,
                  0.833
                ]
              },
              "o": {
                "x": [
                  0.167,
                  0.167,
                  0.167
                ],
                "y": [
                  0.167,
                  0.167,
                  0.167
                ]
              },
              "t": 15,
              "s": [
                140,
                140,
                100
              ]
            },
            {
              "i": {
                "x": [
                  0.833,
                  0.833,
                  0.833
                ],
                "y": [
                  0.833,
                  0.833,
                  0.833
                ]
              },
              "o": {
                "x": [
                  0.167,
                  0.167,
                  0.167
                ],
                "y": [
                  0.167,
                  0.167,
                  0.167
                ]
              },
              "t": 23,
              "s": [
                84,
                84,
                100
              ]
            },
            {
              "t": 26,
              "s": [
                100,
                100,
                100
              ]
            }
          ],
          "ix": 6,
          "l": 2
        }
      },
      "ao": 0,
      "shapes": [
        {
          "ty": "gr",
          "it": [
            {
              "ind": 0,
              "ty": "sh",
              "ix": 1,
              "ks": {
                "a": 0,
                "k": {
                  "i": [
                    [
                      5.552,
                      -2.349
                    ],
                    [
                      0.105,
                      -2.678
                    ],
                    [
                      -1.607,
                      -5.947
                    ],
                    [
                      -1.332,
                      0.6
                    ],
                    [
                      -2.409,
                      0.13
                    ],
                    [
                      -1.999,
                      -0.73
                    ],
                    [
                      -0.338,
                      1.74
                    ],
                    [
                      0.657,
                      8.653
                    ],
                    [
                      0.544,
                      -0.011
                    ]
                  ],
                  "o": [
                    [
                      -2.469,
                      1.045
                    ],
                    [
                      -0.24,
                      6.156
                    ],
                    [
                      0.381,
                      1.41
                    ],
                    [
                      2.2,
                      -0.991
                    ],
                    [
                      2.125,
                      -0.115
                    ],
                    [
                      1.665,
                      0.608
                    ],
                    [
                      1.653,
                      -8.519
                    ],
                    [
                      -0.041,
                      -0.542
                    ],
                    [
                      -6.027,
                      0.126
                    ]
                  ],
                  "v": [
                    [
                      -9.753,
                      -13.414
                    ],
                    [
                      -11.264,
                      -5.516
                    ],
                    [
                      -10.783,
                      12.959
                    ],
                    [
                      -6.456,
                      12.273
                    ],
                    [
                      -0.412,
                      8.289
                    ],
                    [
                      5.014,
                      11.654
                    ],
                    [
                      10.302,
                      12.204
                    ],
                    [
                      9.959,
                      -13.826
                    ],
                    [
                      8.328,
                      -13.806
                    ]
                  ],
                  "c": true
                },
                "ix": 2
              },
              "nm": "路径 1",
              "mn": "ADBE Vector Shape - Group",
              "hd": false
            },
            {
              "ty": "fl",
              "c": {
                "a": 0,
                "k": [
                  1,
                  0.760784313725,
                  0,
                  1
                ],
                "ix": 4
              },
              "o": {
                "a": 0,
                "k": 100,
                "ix": 5
              },
              "r": 1,
              "bm": 0,
              "nm": "填充 1",
              "mn": "ADBE Vector Graphic - Fill",
              "hd": false
            },
            {
              "ty": "tr",
              "p": {
                "a": 0,
                "k": [
                  0,
                  0
                ],
                "ix": 2
              },
              "a": {
                "a": 0,
                "k": [
                  0,
                  0
                ],
                "ix": 1
              },
              "s": {
                "a": 0,
                "k": [
                  100,
                  100
                ],
                "ix": 3
              },
              "r": {
                "a": 0,
                "k": 0,
                "ix": 6
              },
              "o": {
                "a": 0,
                "k": 100,
                "ix": 7
              },
              "sk": {
                "a": 0,
                "k": 0,
                "ix": 4
              },
              "sa": {
                "a": 0,
                "k": 0,
                "ix": 5
              },
              "nm": "变换"
            }
          ],
          "nm": "形状 3",
          "np": 3,
          "cix": 2,
          "bm": 0,
          "ix": 1,
          "mn": "ADBE Vector Group",
          "hd": false
        },
        {
          "ty": "gr",
          "it": [
            {
              "ty": "fl",
              "c": {
                "a": 0,
                "k": [
                  1,
                  0.760784313725,
                  0,
                  1
                ],
                "ix": 4
              },
              "o": {
                "a": 0,
                "k": 100,
                "ix": 5
              },
              "r": 1,
              "bm": 0,
              "nm": "填充 1",
              "mn": "ADBE Vector Graphic - Fill",
              "hd": false
            },
            {
              "ty": "tr",
              "p": {
                "a": 0,
                "k": [
                  0,
                  0
                ],
                "ix": 2
              },
              "a": {
                "a": 0,
                "k": [
                  0,
                  0
                ],
                "ix": 1
              },
              "s": {
                "a": 0,
                "k": [
                  100,
                  100
                ],
                "ix": 3
              },
              "r": {
                "a": 0,
                "k": 0,
                "ix": 6
              },
              "o": {
                "a": 0,
                "k": 100,
                "ix": 7
              },
              "sk": {
                "a": 0,
                "k": 0,
                "ix": 4
              },
              "sa": {
                "a": 0,
                "k": 0,
                "ix": 5
              },
              "nm": "变换"
            }
          ],
          "nm": "形状 2",
          "np": 2,
          "cix": 2,
          "bm": 0,
          "ix": 2,
          "mn": "ADBE Vector Group",
          "hd": false
        },
        {
          "ty": "gr",
          "it": [
            {
              "ty": "fl",
              "c": {
                "a": 0,
                "k": [
                  1,
                  0.760784313725,
                  0,
                  1
                ],
                "ix": 4
              },
              "o": {
                "a": 0,
                "k": 100,
                "ix": 5
              },
              "r": 1,
              "bm": 0,
              "nm": "填充 1",
              "mn": "ADBE Vector Graphic - Fill",
              "hd": false
            },
            {
              "ty": "tr",
              "p": {
                "a": 0,
                "k": [
                  0,
                  0
                ],
                "ix": 2
              },
              "a": {
                "a": 0,
                "k": [
                  0,
                  0
                ],
                "ix": 1
              },
              "s": {
                "a": 0,
                "k": [
                  100,
                  100
                ],
                "ix": 3
              },
              "r": {
                "a": 0,
                "k": 0,
                "ix": 6
              },
              "o": {
                "a": 0,
                "k": 100,
                "ix": 7
              },
              "sk": {
                "a": 0,
                "k": 0,
                "ix": 4
              },
              "sa": {
                "a": 0,
                "k": 0,
                "ix": 5
              },
              "nm": "变换"
            }
          ],
          "nm": "形状 1",
          "np": 2,
          "cix": 2,
          "bm": 0,
          "ix": 3,
          "mn": "ADBE Vector Group",
          "hd": false
        },
        {
          "ty": "gr",
          "it": [
            {
              "ind": 0,
              "ty": "sh",
              "ix": 1,
              "ks": {
                "a": 0,
                "k": {
                  "i": [
                    [
                      0,
                      0
                    ],
                    [
                      0,
                      -1.25
                    ],
                    [
                      0,
                      0
                    ],
                    [
                      0.81,
                      0
                    ],
                    [
                      0.22,
                      0.13
                    ],
                    [
                      0,
                      0
                    ],
                    [
                      0.14,
                      -0.06
                    ],
                    [
                      0,
                      0
                    ],
                    [
                      0.41,
                      0.7
                    ],
                    [
                      0,
                      0.26
                    ],
                    [
                      0,
                      0
                    ],
                    [
                      -1.1,
                      0
                    ]
                  ],
                  "o": [
                    [
                      1.09,
                      0
                    ],
                    [
                      0,
                      0
                    ],
                    [
                      0,
                      0.81
                    ],
                    [
                      -0.27,
                      0
                    ],
                    [
                      0,
                      0
                    ],
                    [
                      -0.14,
                      -0.06
                    ],
                    [
                      0,
                      0
                    ],
                    [
                      -0.7,
                      0.42
                    ],
                    [
                      -0.14,
                      -0.23
                    ],
                    [
                      0,
                      0
                    ],
                    [
                      0,
                      -1.25
                    ],
                    [
                      0,
                      0
                    ]
                  ],
                  "v": [
                    [
                      4.51,
                      -7.998
                    ],
                    [
                      6.5,
                      -5.738
                    ],
                    [
                      6.5,
                      6.532
                    ],
                    [
                      5.03,
                      8.002
                    ],
                    [
                      4.28,
                      7.792
                    ],
                    [
                      0.21,
                      5.372
                    ],
                    [
                      -0.21,
                      5.372
                    ],
                    [
                      -4.28,
                      7.792
                    ],
                    [
                      -6.29,
                      7.282
                    ],
                    [
                      -6.5,
                      6.532
                    ],
                    [
                      -6.5,
                      -5.738
                    ],
                    [
                      -4.51,
                      -7.998
                    ]
                  ],
                  "c": true
                },
                "ix": 2
              },
              "nm": "路径 1",
              "mn": "ADBE Vector Shape - Group",
              "hd": false
            },
            {
              "ind": 1,
              "ty": "sh",
              "ix": 2,
              "ks": {
                "a": 0,
                "k": {
                  "i": [
                    [
                      0,
                      0
                    ],
                    [
                      0,
                      0
                    ],
                    [
                      0.03,
                      -0.24
                    ],
                    [
                      0,
                      0
                    ],
                    [
                      0,
                      0
                    ],
                    [
                      0,
                      0
                    ],
                    [
                      0,
                      0
                    ],
                    [
                      -0.54,
                      -0.19
                    ],
                    [
                      0,
                      0
                    ],
                    [
                      0,
                      0
                    ],
                    [
                      0,
                      0
                    ],
                    [
                      0,
                      0
                    ],
                    [
                      0.08,
                      0.04
                    ]
                  ],
                  "o": [
                    [
                      0,
                      0
                    ],
                    [
                      -0.06,
                      0
                    ],
                    [
                      0,
                      0
                    ],
                    [
                      0,
                      0
                    ],
                    [
                      0,
                      0
                    ],
                    [
                      0,
                      0
                    ],
                    [
                      0.53,
                      -0.23
                    ],
                    [
                      0,
                      0
                    ],
                    [
                      0,
                      0
                    ],
                    [
                      0,
                      0
                    ],
                    [
                      0,
                      0
                    ],
                    [
                      0,
                      -0.27
                    ],
                    [
                      0,
                      0
                    ]
                  ],
                  "v": [
                    [
                      4.505,
                      -6.233
                    ],
                    [
                      -4.505,
                      -6.233
                    ],
                    [
                      -4.725,
                      -5.853
                    ],
                    [
                      -4.735,
                      -5.743
                    ],
                    [
                      -4.735,
                      6.007
                    ],
                    [
                      -1.105,
                      3.857
                    ],
                    [
                      -0.925,
                      3.757
                    ],
                    [
                      0.745,
                      3.687
                    ],
                    [
                      0.925,
                      3.757
                    ],
                    [
                      1.105,
                      3.857
                    ],
                    [
                      4.735,
                      6.007
                    ],
                    [
                      4.735,
                      -5.743
                    ],
                    [
                      4.535,
                      -6.223
                    ]
                  ],
                  "c": true
                },
                "ix": 2
              },
              "nm": "路径 2",
              "mn": "ADBE Vector Shape - Group",
              "hd": false
            },
            {
              "ty": "mm",
              "mm": 1,
              "nm": "合并路径 1",
              "mn": "ADBE Vector Filter - Merge",
              "hd": false
            },
            {
              "ty": "fl",
              "c": {
                "a": 0,
                "k": [
                  1,
                  0.760784327984,
                  0,
                  1
                ],
                "ix": 4
              },
              "o": {
                "a": 0,
                "k": 100,
                "ix": 5
              },
              "r": 1,
              "bm": 0,
              "nm": "填充 1",
              "mn": "ADBE Vector Graphic - Fill",
              "hd": false
            },
            {
              "ty": "tr",
              "p": {
                "a": 0,
                "k": [
                  0,
                  0
                ],
                "ix": 2
              },
              "a": {
                "a": 0,
                "k": [
                  0,
                  0
                ],
                "ix": 1
              },
              "s": {
                "a": 0,
                "k": [
                  200,
                  200
                ],
                "ix": 3
              },
              "r": {
                "a": 0,
                "k": 0,
                "ix": 6
              },
              "o": {
                "a": 0,
                "k": 100,
                "ix": 7
              },
              "sk": {
                "a": 0,
                "k": 0,
                "ix": 4
              },
              "sa": {
                "a": 0,
                "k": 0,
                "ix": 5
              },
              "nm": "变换"
            }
          ],
          "nm": "Fill 5",
          "np": 4,
          "cix": 2,
          "bm": 0,
          "ix": 4,
          "mn": "ADBE Vector Group",
          "hd": false
        }
      ],
      "ip": 0,
      "op": 300,
      "st": 0,
      "bm": 0
    },
    {
      "ddd": 0,
      "ind": 2,
      "ty": 4,
      "nm": "Fill 7",
      "sr": 1,
      "ks": {
        "o": {
          "a": 1,
          "k": [
            {
              "i": {
                "x": [
                  0.833
                ],
                "y": [
                  0.833
                ]
              },
              "o": {
                "x": [
                  0.167
                ],
                "y": [
                  0.167
                ]
              },
              "t": 2,
              "s": [
                100
              ]
            },
            {
              "t": 4,
              "s": [
                0
              ]
            }
          ],
          "ix": 11
        },
        "r": {
          "a": 0,
          "k": 0,
          "ix": 10
        },
        "p": {
          "a": 0,
          "k": [
            51,
            49.085,
            0
          ],
          "ix": 2,
          "l": 2
        },
        "a": {
          "a": 0,
          "k": [
            0,
            0.003,
            0
          ],
          "ix": 1,
          "l": 2
        },
        "s": {
          "a": 1,
          "k": [
            {
              "i": {
                "x": [
                  0.833,
                  0.833,
                  0.833
                ],
                "y": [
                  0.833,
                  0.833,
                  0.833
                ]
              },
              "o": {
                "x": [
                  0.167,
                  0.167,
                  0.167
                ],
                "y": [
                  0.167,
                  0.167,
                  0.167
                ]
              },
              "t": 0,
              "s": [
                100,
                100,
                100
              ]
            },
            {
              "i": {
                "x": [
                  0.833,
                  0.833,
                  0.833
                ],
                "y": [
                  0.833,
                  0.833,
                  0.833
                ]
              },
              "o": {
                "x": [
                  0.167,
                  0.167,
                  0.167
                ],
                "y": [
                  0.167,
                  0.167,
                  0.167
                ]
              },
              "t": 2,
              "s": [
                130,
                130,
                100
              ]
            },
            {
              "i": {
                "x": [
                  0.833,
                  0.833,
                  0.833
                ],
                "y": [
                  0.833,
                  0.833,
                  0.833
                ]
              },
              "o": {
                "x": [
                  0.167,
                  0.167,
                  0.167
                ],
                "y": [
                  0.167,
                  0.167,
                  0.167
                ]
              },
              "t": 6,
              "s": [
                140,
                140,
                100
              ]
            },
            {
              "t": 8,
              "s": [
                120,
                120,
                100
              ]
            }
          ],
          "ix": 6,
          "l": 2
        }
      },
      "ao": 0,
      "shapes": [
        {
          "ty": "gr",
          "it": [
            {
              "ind": 0,
              "ty": "sh",
              "ix": 1,
              "ks": {
                "a": 0,
                "k": {
                  "i": [
                    [
                      0,
                      0
                    ],
                    [
                      0,
                      -1.25
                    ],
                    [
                      0,
                      0
                    ],
                    [
                      0.81,
                      0
                    ],
                    [
                      0.22,
                      0.13
                    ],
                    [
                      0,
                      0
                    ],
                    [
                      0.14,
                      -0.06
                    ],
                    [
                      0,
                      0
                    ],
                    [
                      0.41,
                      0.7
                    ],
                    [
                      0,
                      0.26
                    ],
                    [
                      0,
                      0
                    ],
                    [
                      -1.1,
                      0
                    ]
                  ],
                  "o": [
                    [
                      1.09,
                      0
                    ],
                    [
                      0,
                      0
                    ],
                    [
                      0,
                      0.81
                    ],
                    [
                      -0.27,
                      0
                    ],
                    [
                      0,
                      0
                    ],
                    [
                      -0.14,
                      -0.06
                    ],
                    [
                      0,
                      0
                    ],
                    [
                      -0.7,
                      0.42
                    ],
                    [
                      -0.14,
                      -0.23
                    ],
                    [
                      0,
                      0
                    ],
                    [
                      0,
                      -1.25
                    ],
                    [
                      0,
                      0
                    ]
                  ],
                  "v": [
                    [
                      4.51,
                      -7.998
                    ],
                    [
                      6.5,
                      -5.738
                    ],
                    [
                      6.5,
                      6.532
                    ],
                    [
                      5.03,
                      8.002
                    ],
                    [
                      4.28,
                      7.792
                    ],
                    [
                      0.21,
                      5.372
                    ],
                    [
                      -0.21,
                      5.372
                    ],
                    [
                      -4.28,
                      7.792
                    ],
                    [
                      -6.29,
                      7.282
                    ],
                    [
                      -6.5,
                      6.532
                    ],
                    [
                      -6.5,
                      -5.738
                    ],
                    [
                      -4.51,
                      -7.998
                    ]
                  ],
                  "c": true
                },
                "ix": 2
              },
              "nm": "路径 1",
              "mn": "ADBE Vector Shape - Group",
              "hd": false
            },
            {
              "ind": 1,
              "ty": "sh",
              "ix": 2,
              "ks": {
                "a": 0,
                "k": {
                  "i": [
                    [
                      0,
                      0
                    ],
                    [
                      0,
                      0
                    ],
                    [
                      0.03,
                      -0.24
                    ],
                    [
                      0,
                      0
                    ],
                    [
                      0,
                      0
                    ],
                    [
                      0,
                      0
                    ],
                    [
                      0,
                      0
                    ],
                    [
                      -0.54,
                      -0.19
                    ],
                    [
                      0,
                      0
                    ],
                    [
                      0,
                      0
                    ],
                    [
                      0,
                      0
                    ],
                    [
                      0,
                      0
                    ],
                    [
                      0.08,
                      0.04
                    ]
                  ],
                  "o": [
                    [
                      0,
                      0
                    ],
                    [
                      -0.06,
                      0
                    ],
                    [
                      0,
                      0
                    ],
                    [
                      0,
                      0
                    ],
                    [
                      0,
                      0
                    ],
                    [
                      0,
                      0
                    ],
                    [
                      0.53,
                      -0.23
                    ],
                    [
                      0,
                      0
                    ],
                    [
                      0,
                      0
                    ],
                    [
                      0,
                      0
                    ],
                    [
                      0,
                      0
                    ],
                    [
                      0,
                      -0.27
                    ],
                    [
                      0,
                      0
                    ]
                  ],
                  "v": [
                    [
                      4.505,
                      -6.233
                    ],
                    [
                      -4.505,
                      -6.233
                    ],
                    [
                      -4.725,
                      -5.853
                    ],
                    [
                      -4.735,
                      -5.743
                    ],
                    [
                      -4.735,
                      6.007
                    ],
                    [
                      -1.105,
                      3.857
                    ],
                    [
                      -0.925,
                      3.757
                    ],
                    [
                      0.745,
                      3.687
                    ],
                    [
                      0.925,
                      3.757
                    ],
                    [
                      1.105,
                      3.857
                    ],
                    [
                      4.735,
                      6.007
                    ],
                    [
                      4.735,
                      -5.743
                    ],
                    [
                      4.535,
                      -6.223
                    ]
                  ],
                  "c": true
                },
                "ix": 2
              },
              "nm": "路径 2",
              "mn": "ADBE Vector Shape - Group",
              "hd": false
            },
            {
              "ty": "mm",
              "mm": 1,
              "nm": "合并路径 1",
              "mn": "ADBE Vector Filter - Merge",
              "hd": false
            },
            {
              "ty": "fl",
              "c": {
                "a": 0,
                "k": [
                  0.537254929543,
                  0.564705908298,
                  0.611764729023,
                  1
                ],
                "ix": 4
              },
              "o": {
                "a": 0,
                "k": 100,
                "ix": 5
              },
              "r": 1,
              "bm": 0,
              "nm": "填充 1",
              "mn": "ADBE Vector Graphic - Fill",
              "hd": false
            },
            {
              "ty": "tr",
              "p": {
                "a": 0,
                "k": [
                  0,
                  0
                ],
                "ix": 2
              },
              "a": {
                "a": 0,
                "k": [
                  0,
                  0
                ],
                "ix": 1
              },
              "s": {
                "a": 0,
                "k": [
                  200,
                  200
                ],
                "ix": 3
              },
              "r": {
                "a": 0,
                "k": 0,
                "ix": 6
              },
              "o": {
                "a": 0,
                "k": 100,
                "ix": 7
              },
              "sk": {
                "a": 0,
                "k": 0,
                "ix": 4
              },
              "sa": {
                "a": 0,
                "k": 0,
                "ix": 5
              },
              "nm": "变换"
            }
          ],
          "nm": "Fill 5",
          "np": 4,
          "cix": 2,
          "bm": 0,
          "ix": 1,
          "mn": "ADBE Vector Group",
          "hd": false
        }
      ],
      "ip": 0,
      "op": 300,
      "st": 0,
      "bm": 0
    },
    {
      "ddd": 0,
      "ind": 3,
      "ty": 0,
      "nm": "预合成 3",
      "refId": "comp_0",
      "sr": 1,
      "ks": {
        "o": {
          "a": 1,
          "k": [
            {
              "i": {
                "x": [
                  0.833
                ],
                "y": [
                  0.833
                ]
              },
              "o": {
                "x": [
                  0.167
                ],
                "y": [
                  0.167
                ]
              },
              "t": 0,
              "s": [
                0
              ]
            },
            {
              "i": {
                "x": [
                  0.833
                ],
                "y": [
                  0.833
                ]
              },
              "o": {
                "x": [
                  0.167
                ],
                "y": [
                  0.167
                ]
              },
              "t": 15,
              "s": [
                40
              ]
            },
            {
              "i": {
                "x": [
                  0.833
                ],
                "y": [
                  0.833
                ]
              },
              "o": {
                "x": [
                  0.167
                ],
                "y": [
                  0.167
                ]
              },
              "t": 25,
              "s": [
                40
              ]
            },
            {
              "t": 28,
              "s": [
                0
              ]
            }
          ],
          "ix": 11
        },
        "r": {
          "a": 0,
          "k": 0,
          "ix": 10
        },
        "p": {
          "a": 0,
          "k": [
            53.5,
            44,
            0
          ],
          "ix": 2,
          "l": 2
        },
        "a": {
          "a": 0,
          "k": [
            62,
            66.5,
            0
          ],
          "ix": 1,
          "l": 2
        },
        "s": {
          "a": 1,
          "k": [
            {
              "i": {
                "x": [
                  0.833,
                  0.833,
                  0.833
                ],
                "y": [
                  0.833,
                  0.833,
                  0.833
                ]
              },
              "o": {
                "x": [
                  0.167,
                  0.167,
                  0.167
                ],
                "y": [
                  0.167,
                  0.167,
                  0.167
                ]
              },
              "t": 16,
              "s": [
                24,
                24,
                100
              ]
            },
            {
              "i": {
                "x": [
                  0.833,
                  0.833,
                  0.833
                ],
                "y": [
                  0.833,
                  0.833,
                  0.833
                ]
              },
              "o": {
                "x": [
                  0.167,
                  0.167,
                  0.167
                ],
                "y": [
                  0.167,
                  0.167,
                  0.167
                ]
              },
              "t": 25,
              "s": [
                80,
                80,
                100
              ]
            },
            {
              "t": 28,
              "s": [
                86,
                86,
                100
              ]
            }
          ],
          "ix": 6,
          "l": 2
        }
      },
      "ao": 0,
      "w": 124,
      "h": 133,
      "ip": 0,
      "op": 300,
      "st": 0,
      "bm": 0
    },
    {
      "ddd": 0,
      "ind": 4,
      "ty": 4,
      "nm": "circle",
      "sr": 1,
      "ks": {
        "o": {
          "a": 1,
          "k": [
            {
              "i": {
                "x": [
                  0.833
                ],
                "y": [
                  0.833
                ]
              },
              "o": {
                "x": [
                  0.167
                ],
                "y": [
                  0.167
                ]
              },
              "t": 5,
              "s": [
                20
              ]
            },
            {
              "i": {
                "x": [
                  0.833
                ],
                "y": [
                  0.833
                ]
              },
              "o": {
                "x": [
                  0.167
                ],
                "y": [
                  0.167
                ]
              },
              "t": 22,
              "s": [
                20
              ]
            },
            {
              "t": 25,
              "s": [
                0
              ]
            }
          ],
          "ix": 11
        },
        "r": {
          "a": 0,
          "k": 0,
          "ix": 10
        },
        "p": {
          "a": 0,
          "k": [
            51.875,
            47.911,
            0
          ],
          "ix": 2,
          "l": 2
        },
        "a": {
          "a": 0,
          "k": [
            -37.5,
            -5,
            0
          ],
          "ix": 1,
          "l": 2
        },
        "s": {
          "a": 1,
          "k": [
            {
              "i": {
                "x": [
                  0.833,
                  0.833,
                  0.833
                ],
                "y": [
                  0.833,
                  0.833,
                  0.833
                ]
              },
              "o": {
                "x": [
                  0.167,
                  0.167,
                  0.167
                ],
                "y": [
                  0.167,
                  0.167,
                  0.167
                ]
              },
              "t": 0,
              "s": [
                0,
                0,
                100
              ]
            },
            {
              "i": {
                "x": [
                  0.833,
                  0.833,
                  0.833
                ],
                "y": [
                  0.833,
                  0.833,
                  0.833
                ]
              },
              "o": {
                "x": [
                  0.167,
                  0.167,
                  0.167
                ],
                "y": [
                  0.167,
                  0.167,
                  0.167
                ]
              },
              "t": 5,
              "s": [
                100,
                100,
                100
              ]
            },
            {
              "i": {
                "x": [
                  0.833,
                  0.833,
                  0.833
                ],
                "y": [
                  0.833,
                  0.833,
                  0.833
                ]
              },
              "o": {
                "x": [
                  0.167,
                  0.167,
                  0.167
                ],
                "y": [
                  0.167,
                  0.167,
                  0.167
                ]
              },
              "t": 10,
              "s": [
                380,
                380,
                100
              ]
            },
            {
              "i": {
                "x": [
                  0.833,
                  0.833,
                  0.833
                ],
                "y": [
                  0.833,
                  0.833,
                  0.833
                ]
              },
              "o": {
                "x": [
                  0.167,
                  0.167,
                  0.167
                ],
                "y": [
                  0.167,
                  0.167,
                  0.167
                ]
              },
              "t": 17,
              "s": [
                355,
                355,
                100
              ]
            },
            {
              "t": 25,
              "s": [
                470,
                470,
                100
              ]
            }
          ],
          "ix": 6,
          "l": 2
        }
      },
      "ao": 0,
      "shapes": [
        {
          "ty": "gr",
          "it": [
            {
              "ind": 0,
              "ty": "sh",
              "ix": 1,
              "ks": {
                "a": 0,
                "k": {
                  "i": [
                    [
                      5.445,
                      0
                    ],
                    [
                      0,
                      -5.445
                    ],
                    [
                      -5.445,
                      0
                    ],
                    [
                      0,
                      5.445
                    ]
                  ],
                  "o": [
                    [
                      -5.445,
                      0
                    ],
                    [
                      0,
                      5.445
                    ],
                    [
                      5.445,
                      0
                    ],
                    [
                      0,
                      -5.445
                    ]
                  ],
                  "v": [
                    [
                      0,
                      -9.859
                    ],
                    [
                      -9.859,
                      0
                    ],
                    [
                      0,
                      9.859
                    ],
                    [
                      9.859,
                      0
                    ]
                  ],
                  "c": true
                },
                "ix": 2
              },
              "nm": "路径 1",
              "mn": "ADBE Vector Shape - Group",
              "hd": false
            },
            {
              "ty": "fl",
              "c": {
                "a": 0,
                "k": [
                  1,
                  0.760784313725,
                  0,
                  1
                ],
                "ix": 4
              },
              "o": {
                "a": 0,
                "k": 100,
                "ix": 5
              },
              "r": 1,
              "bm": 0,
              "nm": "填充 1",
              "mn": "ADBE Vector Graphic - Fill",
              "hd": false
            },
            {
              "ty": "tr",
              "p": {
                "a": 0,
                "k": [
                  -37.5,
                  -5
                ],
                "ix": 2
              },
              "a": {
                "a": 0,
                "k": [
                  0,
                  0
                ],
                "ix": 1
              },
              "s": {
                "a": 0,
                "k": [
                  100,
                  100
                ],
                "ix": 3
              },
              "r": {
                "a": 0,
                "k": 0,
                "ix": 6
              },
              "o": {
                "a": 0,
                "k": 100,
                "ix": 7
              },
              "sk": {
                "a": 0,
                "k": 0,
                "ix": 4
              },
              "sa": {
                "a": 0,
                "k": 0,
                "ix": 5
              },
              "nm": "变换"
            }
          ],
          "nm": "矩形 1",
          "np": 3,
          "cix": 2,
          "bm": 0,
          "ix": 1,
          "mn": "ADBE Vector Group",
          "hd": false
        }
      ],
      "ip": 0,
      "op": 300,
      "st": 0,
      "bm": 0
    }
  ],
  "markers": []
}