{
  "iMagic": {
    "3D Men": {
      "positive_prompt": "3D toy-like plastic render of a person, same facial features and skin tone as the original image, stylized smooth plastic texture, cute and shiny vinyl finish, high gloss surface, simplified but recognizable face, realistic toy lighting, clean sculpted edges, soft shadows, character figure style, collectible figure design, front-facing portrait",
      "negative_prompt": "cartoon, 2D, painting, sketch, blurry, photorealistic, distorted face, rough texture, pale skin, abstract, low detail, exaggerated expression, horror, scary, extra face",
      "Sampling_steps": 40,
      "type": "image",
      "CFG_scale": 6,
      "Seed": 0,
      "Model": "protovisionXLHighFidelity3D_releaseV660Bakedvae",
      "Denoising_strength": 0.33,
      "Time_taken": 3,
      "ratio": " 3f/4f",
      "input_url": "https://visionary1.fra1.cdn.digitaloceanspaces.com/iMagicCartoonEffects/3dMenInput.jpg",
      "output_url": "https://visionary1.fra1.cdn.digitaloceanspaces.com/iMagicCartoonEffects/3dMenOutput.jpg",
      "sampler_index": "DPM++ 2M",
      "cat_name_localised": {
        "en": "3D Men",
        "hi": "3डी पुरुष",
        "pt": "Homens 3D",
        "es": "Hombres 3D",
        "th": "ผู้ชาย 3D",
        "ar": "رجال ثلاثي الأبعاد",
        "zh": "3D男性",
        "de": "3D-Männer",
        "in": "Pria 3D",
        "ja": "3D男性",
        "ko": "3D 남성",
        "vi": "Đàn ông 3D",
        "fr": "Hommes 3D",
        "it": "Uomini 3D",
        "zh-rTW": "3D男性",
        "ru": "3D мужчины",
        "fil": "3D na Lalaki",
        "iw": "גברים בתלת מימד",
        "da": "3D-mænd",
        "sv": "3D-män",
        "fi": "3D-miehet",
        "sk": "3D muži",
        "nl": "3D Mannen",
        "no": "3D-menn",
        "pl": "Mężczyźni 3D",
        "ur": "3D مرد",
        "bn": "3D পুরুষ",
        "ms": "Lelaki 3D",
        "tr": "3D Erkekler",
        "fa": "مردان سه‌بعدی"
      }
    },
    "3D Women": {
      "positive_prompt": "3D toy-like plastic render of a person, same facial features and skin tone as the original image, stylized smooth plastic texture, cute and shiny vinyl finish, high gloss surface, simplified but recognizable face, realistic toy lighting, clean sculpted edges, soft shadows, character figure style, collectible figure design, front-facing portrait",
      "negative_prompt": "cartoon, 2D, painting, sketch, blurry, photorealistic, distorted face, rough texture, pale skin, abstract, low detail, exaggerated expression, horror, scary, extra face",
      "Sampling_steps": 40,
      "type": "image",
      "CFG_scale": 6,
      "Seed": 0,
      "Model": "protovisionXLHighFidelity3D_releaseV660Bakedvae",
      "Denoising_strength": 0.33,
      "Time_taken": 3,
      "ratio": " 3f/4f",
      "input_url": "https://visionary1.fra1.cdn.digitaloceanspaces.com/iMagicCartoonEffects/3dWomenInput.jpeg",
      "output_url": "https://visionary1.fra1.cdn.digitaloceanspaces.com/iMagicCartoonEffects/3dWomenOutput.jpg",
      "sampler_index": "DPM++ 2M",
      "cat_name_localised": {
        "en": "3D Women",
        "hi": "3डी महिला",
        "pt": "Mulheres 3D",
        "es": "Mujeres 3D",
        "th": "ผู้หญิง 3D",
        "ar": "نساء ثلاثية الأبعاد",
        "zh": "3D女性",
        "de": "3D-Frauen",
        "in": "Wanita 3D",
        "ja": "3D女性",
        "ko": "3D 여성",
        "vi": "Phụ nữ 3D",
        "fr": "Femmes 3D",
        "it": "Donne 3D",
        "zh-rTW": "3D女性",
        "ru": "3D Женщины",
        "fil": "3D Babae",
        "iw": "נשים בתלת מימד",
        "da": "3D Kvinder",
        "sv": "3D Kvinnor",
        "fi": "3D Naiset",
        "sk": "3D Ženy",
        "nl": "3D Vrouwen",
        "no": "3D Kvinner",
        "pl": "Kobiety 3D",
        "ur": "3ڈی خواتین",
        "bn": "3D নারী",
        "ms": "Wanita 3D",
        "tr": "3D Kadınlar",
        "fa": "زنان سه‌بعدی"
      }
    },
    "Fortnite Men": {
      "positive_prompt": "Fortnite-style 3D character portrait, same facial features and skin tone as the original image, stylized semi-realistic rendering, clean facial geometry, smooth skin, bold color palette, sharp stylized textures, expressive eyes, high detail armor or costume design, cinematic lighting, glossy shaders, game character modeling, Epic Games-style, front view",
      "negative_prompt": "cartoon, 2D, low quality, distorted face, overly realistic, pale skin, horror, extra limbs, abstract, sketch, blurry, photorealistic, exaggerated features",
      "Sampling_steps": 40,
      "type": "image",
      "CFG_scale": 6,
      "Seed": 0,
      "Model": "protovisionXLHighFidelity3D_releaseV660Bakedvae",
      "Denoising_strength": 0.31,
      "Time_taken": 3,
      "ratio": " 3f/4f",
      "input_url": "https://visionary1.fra1.cdn.digitaloceanspaces.com/iMagicCartoonEffects/fortniteMenInput.jpeg",
      "output_url": "https://visionary1.fra1.cdn.digitaloceanspaces.com/iMagicCartoonEffects/forniteMenOutput.jpg",
      "sampler_index": "DPM++ 2M",
      "cat_name_localised": {
        "en": "Fortnite Men",
        "hi": "फोर्टनाइट पुरुष",
        "pt": "Homens do Fortnite",
        "es": "Hombres de Fortnite",
        "th": "ผู้ชายใน Fortnite",
        "ar": "رجال فورتنايت",
        "zh": "堡垒之夜男性角色",
        "de": "Fortnite-Männer",
        "in": "Pria Fortnite",
        "ja": "フォートナイト男性",
        "ko": "포트나이트 남성",
        "vi": "Nam Fortnite",
        "fr": "Hommes de Fortnite",
        "it": "Uomini di Fortnite",
        "zh-rTW": "堡壘之夜男性角色",
        "ru": "Мужчины Fortnite",
        "fil": "Mga Lalaki sa Fortnite",
        "iw": "גברים בפורטנייט",
        "da": "Fortnite Mænd",
        "sv": "Fortnite-män",
        "fi": "Fortnite-miehet",
        "sk": "Fortnite muži",
        "nl": "Fortnite Mannen",
        "no": "Fortnite Menn",
        "pl": "Mężczyźni Fortnite",
        "ur": "فورٹ نائٹ مرد",
        "bn": "ফোর্টনাইট পুরুষ",
        "ms": "Lelaki Fortnite",
        "tr": "Fortnite Erkekler",
        "fa": "مردان فورتنایت"
      }
    },
    "Fortnite Women": {
      "positive_prompt": "Fortnite-style 3D character portrait, same facial features and skin tone as the original image, stylized semi-realistic rendering, clean facial geometry, smooth skin, bold color palette, sharp stylized textures, expressive eyes, high detail armor or costume design, cinematic lighting, glossy shaders, game character modeling, Epic Games-style, front view",
      "negative_prompt": "cartoon, 2D, low quality, distorted face, overly realistic, pale skin, horror, extra limbs, abstract, sketch, blurry, photorealistic, exaggerated features",
      "Sampling_steps": 40,
      "type": "image",
      "CFG_scale": 6,
      "Seed": 0,
      "Model": "protovisionXLHighFidelity3D_releaseV660Bakedvae",
      "Denoising_strength": 0.31,
      "Time_taken": 3,
      "ratio": " 3f/4f",
      "input_url": "https://visionary1.fra1.cdn.digitaloceanspaces.com/iMagicCartoonEffects/forniteWomanInput.jpeg",
      "output_url": "https://visionary1.fra1.cdn.digitaloceanspaces.com/iMagicCartoonEffects/fortniteWomenOutput.jpg",
      "sampler_index": "DPM++ 2M",
      "cat_name_localised": {
        "en": "Fortnite Women",
        "hi": "फोर्टनाइट महिलाएं",
        "pt": "Mulheres do Fortnite",
        "es": "Mujeres de Fortnite",
        "th": "ผู้หญิงใน Fortnite",
        "ar": "نساء فورتنايت",
        "zh": "堡垒之夜女性角色",
        "de": "Fortnite-Frauen",
        "in": "Wanita Fortnite",
        "ja": "フォートナイト女性",
        "ko": "포트나이트 여성",
        "vi": "Phụ nữ Fortnite",
        "fr": "Femmes de Fortnite",
        "it": "Donne di Fortnite",
        "zh-rTW": "堡壘之夜女性角色",
        "ru": "Женщины Fortnite",
        "fil": "Mga Babaeng Fortnite",
        "iw": "נשים בפורטנייט",
        "da": "Fortnite Kvinder",
        "sv": "Fortnite-kvinnor",
        "fi": "Fortnite-naiset",
        "sk": "Fortnite ženy",
        "nl": "Fortnite Vrouwen",
        "no": "Fortnite Kvinner",
        "pl": "Kobiety Fortnite",
        "ur": "فورٹ نائٹ خواتین",
        "bn": "ফোর্টনাইট নারী",
        "ms": "Wanita Fortnite",
        "tr": "Fortnite Kadınlar",
        "fa": "زنان فورتنایت"
      }
    },
    "GTA Men": {
      "positive_prompt": "GTA-style portrait of a person, same face and skin tone as original image, realistic facial structure, highly detailed facial features, smooth skin, bold comic-style outlines, clean lighting, semi-realistic rendering, vibrant colors, urban GTA character art style, 3D look, inspired by Rockstar Games poster artwork, symmetrical face, sharp eyes, confident expression",
      "negative_prompt": "cartoon, anime, exaggerated, abstract, distorted face, extra face, unrealistic, washed out, pale skin, blurry, low detail, smudged, painting, sketch",
      "Sampling_steps": 40,
      "type": "image",
      "CFG_scale": 5.5,
      "Seed": 0,
      "Model": "protovisionXLHighFidelity3D_releaseV660Bakedvae",
      "Denoising_strength": 0.3,
      "Time_taken": 3,
      "ratio": " 3f/4f",
      "input_url": "https://visionary1.fra1.cdn.digitaloceanspaces.com/iMagicCartoonEffects/gtaMenInput.jpeg",
      "output_url": "https://visionary1.fra1.cdn.digitaloceanspaces.com/iMagicCartoonEffects/gtaMenOutput.jpg",
      "sampler_index": "DPM++ 2M",
      "cat_name_localised": {
        "en": "GTA Men",
        "hi": "GTA पुरुष",
        "pt": "Homens do GTA",
        "es": "Hombres de GTA",
        "th": "ผู้ชายใน GTA",
        "ar": "رجال GTA",
        "zh": "GTA男性角色",
        "de": "GTA-Männer",
        "in": "Pria GTA",
        "ja": "GTA男性",
        "ko": "GTA 남성",
        "vi": "Nam GTA",
        "fr": "Hommes de GTA",
        "it": "Uomini di GTA",
        "zh-rTW": "GTA男性角色",
        "ru": "Мужчины GTA",
        "fil": "Mga Lalaki sa GTA",
        "iw": "גברים ב-GTA",
        "da": "GTA Mænd",
        "sv": "GTA-män",
        "fi": "GTA-miehet",
        "sk": "GTA muži",
        "nl": "GTA Mannen",
        "no": "GTA Menn",
        "pl": "Mężczyźni GTA",
        "ur": "جی ٹی اے مرد",
        "bn": "জিটিএ পুরুষ",
        "ms": "Lelaki GTA",
        "tr": "GTA Erkekler",
        "fa": "مردان GTA"
      }
    },
    "GTA Women": {
      "positive_prompt": "GTA-style portrait of a person, same face and skin tone as original image, realistic facial structure, highly detailed facial features, smooth skin, bold comic-style outlines, clean lighting, semi-realistic rendering, vibrant colors, urban GTA character art style, 3D look, inspired by Rockstar Games poster artwork, symmetrical face, sharp eyes, confident expression",
      "negative_prompt": "cartoon, anime, exaggerated, abstract, distorted face, extra face, unrealistic, washed out, pale skin, blurry, low detail, smudged, painting, sketch",
      "Sampling_steps": 40,
      "type": "image",
      "CFG_scale": 5.5,
      "Seed": 0,
      "Model": "protovisionXLHighFidelity3D_releaseV660Bakedvae",
      "Denoising_strength": 0.3,
      "Time_taken": 3,
      "ratio": " 3f/4f",
      "input_url": "https://visionary1.fra1.cdn.digitaloceanspaces.com/iMagicCartoonEffects/gtaWomenInput.png",
      "output_url": "https://visionary1.fra1.cdn.digitaloceanspaces.com/iMagicCartoonEffects/gtaWomenOutput.jpg",
      "sampler_index": "DPM++ 2M",
      "cat_name_localised": {
        "en": "GTA Women",
        "hi": "GTA महिलाएं",
        "pt": "Mulheres do GTA",
        "es": "Mujeres de GTA",
        "th": "ผู้หญิงใน GTA",
        "ar": "نساء GTA",
        "zh": "GTA女性角色",
        "de": "GTA-Frauen",
        "in": "Wanita GTA",
        "ja": "GTA女性",
        "ko": "GTA 여성",
        "vi": "Nữ GTA",
        "fr": "Femmes de GTA",
        "it": "Donne di GTA",
        "zh-rTW": "GTA女性角色",
        "ru": "Женщины GTA",
        "fil": "Mga Babae sa GTA",
        "iw": "נשים ב-GTA",
        "da": "GTA Kvinder",
        "sv": "GTA-kvinnor",
        "fi": "GTA-naiset",
        "sk": "GTA ženy",
        "nl": "GTA Vrouwen",
        "no": "GTA Kvinner",
        "pl": "Kobiety GTA",
        "ur": "جی ٹی اے خواتین",
        "bn": "জিটিএ নারী",
        "ms": "Wanita GTA",
        "tr": "GTA Kadınlar",
        "fa": "زنان GTA"
      }
    },
    "Pixar Men": {
      "positive_prompt": "professional 3D design of a cartoon character, pixar art style",
      "negative_prompt": "worst quality, low quality, normal quality, lowres, low detail, bad anatomy, bad proportions, blurry, grayscale, oversaturated, undersaturated, text, watermark, signature, error, logo, distorted face, ugly eyes:1.4",
      "Sampling_steps": 20,
      "type": "image",
      "CFG_scale": 8,
      "Seed": 1253476649,
      "Model": "protovisionXLHighFidelity3D_releaseV660Bakedvae",
      "Denoising_strength": 0.51,
      "Time_taken": 2.4,
      "ratio": " 3f/4f",
      "input_url": "https://visionary1.fra1.cdn.digitaloceanspaces.com/iMagicCartoonEffects/pixarMenInput.jpeg",
      "output_url": "https://visionary1.fra1.cdn.digitaloceanspaces.com/iMagicCartoonEffects/pixarMenOutput.jpg",
      "sampler_index": "DPM++ 2M",
      "cat_name_localised": {
        "en": "Pixar Men",
        "hi": "पिक्सार पुरुष",
        "pt": "Homens da Pixar",
        "es": "Hombres Pixar",
        "th": "ผู้ชายพิกซาร์",
        "ar": "رجال بيكسار",
        "zh": "皮克斯男性角色",
        "de": "Pixar-Männer",
        "in": "Pria Pixar",
        "ja": "ピクサーの男性",
        "ko": "픽사 남성",
        "vi": "Nam Pixar",
        "fr": "Hommes Pixar",
        "it": "Uomini Pixar",
        "zh-rTW": "皮克斯男性角色",
        "ru": "Мужчины Pixar",
        "fil": "Mga Lalaki sa Pixar",
        "iw": "גברים של פיקסאר",
        "da": "Pixar Mænd",
        "sv": "Pixar-män",
        "fi": "Pixar-miehet",
        "sk": "Pixar muži",
        "nl": "Pixar Mannen",
        "no": "Pixar Menn",
        "pl": "Mężczyźni Pixar",
        "ur": "پکسر مرد",
        "bn": "পিক্সার পুরুষ",
        "ms": "Lelaki Pixar",
        "tr": "Pixar Erkekleri",
        "fa": "مردان پیکسار"
      }
    },
    "Pixar Women": {
      "positive_prompt": "professional 3D design of a cartoon character, pixar art style person",
      "negative_prompt": "worst quality, low quality, normal quality, lowres, low detail, bad anatomy, bad proportions, blurry, grayscale, oversaturated, undersaturated, text, watermark, signature, error, logo, distorted face, ugly eyes:1.4",
      "Sampling_steps": 20,
      "type": "image",
      "CFG_scale": 8,
      "Seed": 1253476649,
      "Model": "protovisionXLHighFidelity3D_releaseV660Bakedvae",
      "Denoising_strength": 0.51,
      "Time_taken": 2.4,
      "ratio": " 3f/4f",
      "input_url": "https://visionary1.fra1.cdn.digitaloceanspaces.com/iMagicCartoonEffects/pixarWomanInput.jpeg",
      "output_url": "https://visionary1.fra1.cdn.digitaloceanspaces.com/iMagicCartoonEffects/pixarWomenOutput.jpg",
      "sampler_index": "DPM++ 2M",
      "cat_name_localised": {
        "en": "Pixar Women",
        "hi": "पिक्सार महिलाएं",
        "pt": "Mulheres da Pixar",
        "es": "Mujeres Pixar",
        "th": "ผู้หญิงพิกซาร์",
        "ar": "نساء بيكسار",
        "zh": "皮克斯女性角色",
        "de": "Pixar-Frauen",
        "in": "Wanita Pixar",
        "ja": "ピクサーの女性",
        "ko": "픽사 여성",
        "vi": "Nữ Pixar",
        "fr": "Femmes Pixar",
        "it": "Donne Pixar",
        "zh-rTW": "皮克斯女性角色",
        "ru": "Женщины Pixar",
        "fil": "Mga Babae sa Pixar",
        "iw": "נשים של פיקסאר",
        "da": "Pixar Kvinder",
        "sv": "Pixar-kvinnor",
        "fi": "Pixar-naiset",
        "sk": "Pixar ženy",
        "nl": "Pixar Vrouwen",
        "no": "Pixar Kvinner",
        "pl": "Kobiety Pixar",
        "ur": "پکسر خواتین",
        "bn": "পিক্সার নারী",
        "ms": "Wanita Pixar",
        "tr": "Pixar Kadınları",
        "fa": "زنان پیکسار"
      }
    },
    "Realtoon Men": {
      "positive_prompt": "3d cartoon style portrait, disney pixar style, detailed face, expressive eyes, colorful lighting, Samaritan 3D cartoon style",
      "negative_prompt": "blurry, deformed, ugly, distorted face, low resolution, extra limbs, bad proportions, watermark",
      "Sampling_steps": 40,
      "type": "image",
      "CFG_scale": 4,
      "Seed": 0,
      "Model": "protovisionXLHighFidelity3D_releaseV660Bakedvae",
      "Denoising_strength": 0.5,
      "Time_taken": 3,
      "ratio": " 3f/4f",
      "input_url": "https://visionary1.fra1.cdn.digitaloceanspaces.com/iMagicCartoonEffects/realtoonMenInput.jpeg",
      "output_url": "https://visionary1.fra1.cdn.digitaloceanspaces.com/iMagicCartoonEffects/realtoonMenOutput.jpg",
      "sampler_index": "DPM++ 2M",
      "cat_name_localised": {
        "en": "Realtoon Men",
        "hi": "रियलटून पुरुष",
        "pt": "Homens Realtoon",
        "es": "Hombres Realtoon",
        "th": "ผู้ชายเรียลตูน",
        "ar": "رجال ريلتون",
        "zh": "真实卡通男性",
        "de": "Realtoon Männer",
        "in": "Pria Realtoon",
        "ja": "リアルトゥーン男性",
        "ko": "리얼툰 남성",
        "vi": "Nam Realtoon",
        "fr": "Hommes Realtoon",
        "it": "Uomini Realtoon",
        "zh-rTW": "真實卡通男性",
        "ru": "Мужчины Realtoon",
        "fil": "Mga Lalaki ng Realtoon",
        "iw": "גברים ריאלטון",
        "da": "Realtoon Mænd",
        "sv": "Realtoon Män",
        "fi": "Realtoon-miehet",
        "sk": "Realtoon muži",
        "nl": "Realtoon Mannen",
        "no": "Realtoon Menn",
        "pl": "Mężczyźni Realtoon",
        "ur": "ریئل ٹون مرد",
        "bn": "রিয়েলটুন পুরুষ",
        "ms": "Lelaki Realtoon",
        "tr": "Realtoon Erkekleri",
        "fa": "مردان رئالتون"
      }
    },
    "Realtoon Women": {
      "positive_prompt": "3d cartoon style portrait, disney pixar style, detailed face, expressive eyes, colorful lighting, Samaritan 3D cartoon style",
      "negative_prompt": "blurry, deformed, ugly, distorted face, low resolution, extra limbs, bad proportions, watermark",
      "Sampling_steps": 40,
      "type": "image",
      "CFG_scale": 4,
      "Seed": 0,
      "Model": "protovisionXLHighFidelity3D_releaseV660Bakedvae",
      "Denoising_strength": 0.5,
      "Time_taken": 3,
      "ratio": " 3f/4f",
      "input_url": "https://visionary1.fra1.cdn.digitaloceanspaces.com/iMagicCartoonEffects/realtoonWomenInput.jpeg",
      "output_url": "https://visionary1.fra1.cdn.digitaloceanspaces.com/iMagicCartoonEffects/realtoonWomenOutput.jpg",
      "sampler_index": "DPM++ 2M",
      "name": {
        "en": "Realtoon Women",
        "hi": "रियलटून महिलाएं",
        "pt": "Mulheres Realtoon",
        "es": "Mujeres Realtoon",
        "th": "ผู้หญิงเรียลตูน",
        "ar": "نساء ريلتون",
        "zh": "真实卡通女性",
        "de": "Realtoon Frauen",
        "in": "Wanita Realtoon",
        "ja": "リアルトゥーン女性",
        "ko": "리얼툰 여성",
        "vi": "Nữ Realtoon",
        "fr": "Femmes Realtoon",
        "it": "Donne Realtoon",
        "zh-rTW": "真實卡通女性",
        "ru": "Женщины Realtoon",
        "fil": "Mga Babae ng Realtoon",
        "iw": "נשים ריאלטון",
        "da": "Realtoon Kvinder",
        "sv": "Realtoon Kvinnor",
        "fi": "Realtoon-naiset",
        "sk": "Realtoon ženy",
        "nl": "Realtoon Vrouwen",
        "no": "Realtoon Kvinner",
        "pl": "Kobiety Realtoon",
        "ur": "ریئل ٹون خواتین",
        "bn": "রিয়েলটুন নারী",
        "ms": "Wanita Realtoon",
        "tr": "Realtoon Kadınları",
        "fa": "زنان رئالتون"
      }
    }
  }
}
