[
  {
    "quote": "The only way to do great work is to love what you do.",
    "author": "Steve Jobs"
  },
  {
    "quote": "Success is not final, failure is not fatal: It is the courage to continue that counts.",
    "author": "Winston Churchill"
  },
  {
    "quote": "Innovation distinguishes between a leader and a follower.",
    "author": "Steve Jobs"
  },
  {
    "quote": "The best way to predict the future is to create it.",
    "author": "Peter Drucker"
  },
  {
    "quote": "The only thing worse than starting something and failing... is not starting something.",
    "author": "Seth Godin"
  },
  {
    "quote": "Your most unhappy customers are your greatest source of learning.",
    "author": "Bill Gates"
  },
  {
    "quote": "The way to get started is to quit talking and begin doing.",
    "author": "Walt Disney"
  },
  {
    "quote": "Opportunities don't happen. You create them.",
    "author": "Chris Grosser"
  },
  {
    "quote": "The secret of business is to know something that nobody else knows.",
    "author": "Aristotle Onassis"
  },
  {
    "quote": "The future belongs to those who believe in the beauty of their dreams.",
    "author": "Eleanor Roosevelt"
  },
  {
    "quote": "Leadership is the capacity to translate vision into reality.",
    "author": "Warren Bennis"
  },
  {
    "quote": "The biggest risk is not taking any risk. In a world that's changing really quickly, the only strategy that is guaranteed to fail is not taking risks.",
    "author": "Mark Zuckerberg"
  },
  {
    "quote": "Success usually comes to those who are too busy to be looking for it.",
    "author": "Henry David Thoreau"
  },
  {
    "quote": "The only limit to our realization of tomorrow will be our doubts of today.",
    "author": "Franklin D. Roosevelt"
  },
  {
    "quote": "If you are not willing to risk the usual, you will have to settle for the ordinary.",
    "author": "Jim Rohn"
  },
  {
    "quote": "The best revenge is massive success.",
    "author": "Frank Sinatra"
  },
  {
    "quote": "The most dangerous poison is the feeling of achievement. The antidote is to every evening think what can be done better tomorrow.",
    "author": "Ingvar Kamprad"
  },
  {
    "quote": "The only thing worse than being blind is having sight but no vision.",
    "author": "Helen Keller"
  },
  {
    "quote": "Don't be afraid to give up the good to go for the great.",
    "author": "John D. Rockefeller"
  },
  {
    "quote": "Success is walking from failure to failure with no loss of enthusiasm.",
    "author": "Winston Churchill"
  },
  {
    "quote": "I find that the harder I work, the more luck I seem to have.",
    "author": "Thomas Jefferson"
  },
  {
    "quote": "Chase the vision, not the money; the money will end up following you.",
    "author": "Tony Hsieh"
  },
  {
    "quote": "The way to get started is to quit talking and start doing.",
    "author": "Walt Disney"
  },
  {
    "quote": "You don't have to be great to start, but you have to start to be great.",
    "author": "Zig Ziglar"
  },
  {
    "quote": "Your time is limited, don't waste it living someone else's life.",
    "author": "Steve Jobs"
  },
  {
    "quote": "The only place where success comes before work is in the dictionary.",
    "author": "Vidal Sassoon"
  },
  {
    "quote": "You miss 100% of the shots you don't take.",
    "author": "Wayne Gretzky"
  },
  {
    "quote": "The only thing standing between you and your goal is the story you keep telling yourself as to why you can't achieve it.",
    "author": "Jordan Belfort"
  },
  {
    "quote": "The best revenge is massive success.",
    "author": "Frank Sinatra"
  },
  {
    "quote": "The greatest glory in living lies not in never falling, but in rising every time we fall.",
    "author": "Nelson Mandela"
  },
  {
    "quote": "I don't believe in taking right decisions. I take decisions and then make them right.",
    "author": "Ratan Tata"
  },
  {
    "quote": "If you don't build your dream, someone else will hire you to help them build theirs.",
    "author": "Dhirubhai Ambani"
  },
  {
    "quote": "Success is achieved twice. Once in the mind and the second time in the real world.",
    "author": "Azim Premji"
  },
  {
    "quote": "Leadership is hard to define and good leadership even harder. But if you can get people to follow you to the ends of the earth, you are a great leader.",
    "author": "Indra Nooyi"
  },
  {
    "quote": "We believe that globalization has its benefits. But it must create jobs. It must create wealth. It must be fair and inclusive.",
    "author": "Mukesh Ambani"
  },
  {
    "quote": "Progress is often equal to the difference between mind and mindset.",
    "author": "Narayana Murthy"
  },
  {
    "quote": "You cannot believe in God until you believe in yourself",
    "author": "Swami Vivekananda"
  },
  {
    "quote": "In a conflict between the heart and the brain, follow your heart.",
    "author": "Swami Vivekananda"
  },
  {
    "quote": "Give me blood and I shall give you freedom.",
    "author": "Subhas Chandra Bose"
  },
  {
    "quote": "Revolution is an inalienable right of mankind. Freedom is an imperishable birthright of all.",
    "author": "Bhagat Singh"
  },
  {
    "quote": "You can't cross the sea merely by standing and staring at the water.",
    "author": "Rabindranath Tagore"
  },
  {
    "quote": "Faith is of no avail in absence of strength. Faith and strength, both are essential to accomplish any great work.",
    "author": "Sardar Vallabhbhai Patel"
  },
  {
    "quote": "Jai Jawan, Jai Kisan(Hail the soldier, Hail the farmer)",
    "author": "Lal Bahadur Shastri"
  },
  {
    "quote": "You can change friends but not neighbors.",
    "author": "Atal Bihari Vajpayee"
  },
  {
    "quote": "Peace begins with a smile.",
    "author": "Mother Teresa"
  },
  {
    "quote": "Dream, dream, dream. Dreams transform into thoughts, and thoughts result in action.",
    "author": "Dr. APJ Abdul Kalam"
  },
  {
    "quote": "I shall not surrender my Jhansi!",
    "author": "Rani Lakshmibai"
  },
  {
    "quote": "If yet your blood does not rage, then it is water that flows in your veins.",
    "author": "Chandrashekhar Azad"
  },
  {
    "quote": "Do not be ashamed of your birth; it is a gift of God.",
    "author": "Chhatrapati Shivaji"
  },
  {
    "quote": "Even if there were a sword in the hands of everyone, it is willpower that establishes a government.",
    "author": "Chhatrapati Shivaji"
  },
  {
    "quote": "One must always be careful of books and what is inside them, for words have the power to change us.",
    "author": "Chhatrapati Shivaji"
  }
]
