{
  "project_info": {
    "project_number": "464466464463",
    "project_id": "galleryappa",
    "storage_bucket": "galleryappa.appspot.com"
  },
  "client": [
    {
      "client_info": {
        "mobilesdk_app_id": "1:464466464463:android:28408213122926e8f4f7b6",
        "android_client_info": {
          "package_name": "com.photo.image.video.photogallery"
        }
      },
      "oauth_client": [
        {
          "client_id": "464466464463-itsfoh578addsfkd4bsdfgsd7sdfsbgb.apps.googleusercontent.com",
          "client_type": 1,
          "android_info": {
            "package_name": "com.photo.image.video.photogallery",
            "certificate_hash": "6402d9ce16e3f6b33ecdc7a431c30c0ccdea4fd4"
          }
        },
        {
          "client_id": "464466464463-itsfoh578addsfkd4bsdfgsd7sdfsbgb.apps.googleusercontent.com",
          "client_type": 3
        }
      ],
      "api_key": [
        {
          "current_key": "AIzaSyCSicUIz6zYPS7_20QKMgYcRC8O3JbSVhQ"
        }
      ],
      "services": {
        "appinvite_service": {
          "other_platform_oauth_client": [
            {
              "client_id": "464466464463-itsfoh578addsfkd4bsdfgsd7sdfsbgb.apps.googleusercontent.com",
              "client_type": 3
            }
          ]
        }
      }
    }
  ],
  "configuration_version": "1"
}