{
  "v": "5.5.6",
  "fr": 30,
  "ip": 0,
  "op": 120,
  "w": 1242,
  "h": 1600,
  "nm": "Comp 1",
  "ddd": 0,
  "assets": [
    {
      "id": "image_0",
      "w": 292,
      "h": 465,
      "u": "images/",
      "p": "img_0.png",
      "e": 0
    },
    {
      "id": "image_1",
      "w": 720,
      "h": 1440,
      "u": "images/",
      "p": "img_1.png",
      "e": 0
    },
    {
      "id": "image_2",
      "w": 743,
      "h": 1475,
      "u": "images/",
      "p": "img_2.png",
      "e": 0
    },
    {
      "id": "comp_0",
      "layers": [
        {
          "ddd": 0,
          "ind": 1,
          "ty": 5,
          "nm": "Enable",
          "sr": 1,
          "ks": {
            "o": {
              "a": 0,
              "k": 100,
              "ix": 11
            },
            "r": {
              "a": 0,
              "k": 0,
              "ix": 10
            },
            "p": {
              "a": 0,
              "k": [
                591.643,
                1103.207,
                0
              ],
              "ix": 2
            },
            "a": {
              "a": 0,
              "k": [
                0,
                0,
                0
              ],
              "ix": 1
            },
            "s": {
              "a": 0,
              "k": [
                65.016,
                65.016,
                100
              ],
              "ix": 6
            }
          },
          "ao": 0,
          "t": {
            "d": {
              "k": [
                {
                  "s": {
                    "s": 36,
                    "f": "Helvetica",
                    "t": "Enable",
                    "j": 0,
                    "tr": 0,
                    "lh": 43.2,
                    "ls": 0,
                    "fc": [
                      1,
                      1,
                      1
                    ]
                  },
                  "t": 0
                }
              ]
            },
            "p": {},
            "m": {
              "g": 1,
              "a": {
                "a": 0,
                "k": [
                  0,
                  0
                ],
                "ix": 2
              }
            },
            "a": []
          },
          "ip": 0,
          "op": 210,
          "st": 0,
          "bm": 0
        },
        {
          "ddd": 0,
          "ind": 2,
          "ty": 4,
          "nm": "Shape Layer 3",
          "sr": 1,
          "ks": {
            "o": {
              "a": 0,
              "k": 100,
              "ix": 11
            },
            "r": {
              "a": 0,
              "k": 0,
              "ix": 10
            },
            "p": {
              "a": 0,
              "k": [
                624.482,
                678.793,
                0
              ],
              "ix": 2
            },
            "a": {
              "a": 0,
              "k": [
                0,
                0,
                0
              ],
              "ix": 1
            },
            "s": {
              "a": 0,
              "k": [
                100,
                100,
                100
              ],
              "ix": 6
            }
          },
          "ao": 0,
          "shapes": [
            {
              "ty": "gr",
              "it": [
                {
                  "ty": "rc",
                  "d": 1,
                  "s": {
                    "a": 0,
                    "k": [
                      578.143,
                      82.533
                    ],
                    "ix": 2
                  },
                  "p": {
                    "a": 0,
                    "k": [
                      0,
                      0
                    ],
                    "ix": 3
                  },
                  "r": {
                    "a": 0,
                    "k": 555,
                    "ix": 4
                  },
                  "nm": "Rectangle Path 1",
                  "mn": "ADBE Vector Shape - Rect",
                  "hd": false
                },
                {
                  "ty": "gf",
                  "o": {
                    "a": 0,
                    "k": 100,
                    "ix": 10
                  },
                  "r": 1,
                  "bm": 0,
                  "g": {
                    "p": 3,
                    "k": {
                      "a": 0,
                      "k": [
                        0,
                        0.2,
                        0.165,
                        0.592,
                        0.5,
                        0.131,
                        0.159,
                        0.51,
                        1,
                        0.063,
                        0.153,
                        0.427
                      ],
                      "ix": 9
                    }
                  },
                  "s": {
                    "a": 0,
                    "k": [
                      0.036,
                      -41.149
                    ],
                    "ix": 5
                  },
                  "e": {
                    "a": 0,
                    "k": [
                      0.073,
                      41.295
                    ],
                    "ix": 6
                  },
                  "t": 1,
                  "nm": "Gradient Fill 1",
                  "mn": "ADBE Vector Graphic - G-Fill",
                  "hd": false
                },
                {
                  "ty": "tr",
                  "p": {
                    "a": 0,
                    "k": [
                      4.052,
                      416.208
                    ],
                    "ix": 2
                  },
                  "a": {
                    "a": 0,
                    "k": [
                      0,
                      0
                    ],
                    "ix": 1
                  },
                  "s": {
                    "a": 0,
                    "k": [
                      100.294,
                      100
                    ],
                    "ix": 3
                  },
                  "r": {
                    "a": 0,
                    "k": 0,
                    "ix": 6
                  },
                  "o": {
                    "a": 0,
                    "k": 100,
                    "ix": 7
                  },
                  "sk": {
                    "a": 0,
                    "k": 0,
                    "ix": 4
                  },
                  "sa": {
                    "a": 0,
                    "k": 0,
                    "ix": 5
                  },
                  "nm": "Transform"
                }
              ],
              "nm": "Rectangle 1",
              "np": 3,
              "cix": 2,
              "bm": 0,
              "ix": 1,
              "mn": "ADBE Vector Group",
              "hd": false
            }
          ],
          "ip": 0,
          "op": 210,
          "st": 0,
          "bm": 0
        }
      ]
    }
  ],
  "fonts": {
    "list": [
      {
        "fName": "Helvetica",
        "fFamily": "Helvetica",
        "fStyle": "Regular",
        "ascent": 71.8994140625
      }
    ]
  },
  "layers": [
    {
      "ddd": 0,
      "ind": 1,
      "ty": 2,
      "nm": "hand.png",
      "cl": "png",
      "refId": "image_0",
      "sr": 1,
      "ks": {
        "o": {
          "a": 1,
          "k": [
            {
              "i": {
                "x": [
                  0.833
                ],
                "y": [
                  0.833
                ]
              },
              "o": {
                "x": [
                  0.167
                ],
                "y": [
                  0.167
                ]
              },
              "t": 87,
              "s": [
                100
              ]
            },
            {
              "t": 120,
              "s": [
                0
              ]
            }
          ],
          "ix": 11
        },
        "r": {
          "a": 0,
          "k": 0,
          "ix": 10
        },
        "p": {
          "a": 1,
          "k": [
            {
              "i": {
                "x": 0.833,
                "y": 0.833
              },
              "o": {
                "x": 0.167,
                "y": 0.167
              },
              "t": 0,
              "s": [
                1322,
                1664.5,
                0
              ],
              "to": [
                -106,
                -55.333,
                0
              ],
              "ti": [
                106,
                55.333,
                0
              ]
            },
            {
              "i": {
                "x": 0.833,
                "y": 0.833
              },
              "o": {
                "x": 0.167,
                "y": 0.167
              },
              "t": 30,
              "s": [
                686,
                1332.5,
                0
              ],
              "to": [
                0,
                0,
                0
              ],
              "ti": [
                0,
                0,
                0
              ]
            },
            {
              "i": {
                "x": 0.833,
                "y": 0.833
              },
              "o": {
                "x": 0.167,
                "y": 0.167
              },
              "t": 55,
              "s": [
                686,
                1332.5,
                0
              ],
              "to": [
                41.667,
                -72,
                0
              ],
              "ti": [
                -41.667,
                72,
                0
              ]
            },
            {
              "i": {
                "x": 0.833,
                "y": 0.833
              },
              "o": {
                "x": 0.167,
                "y": 0.167
              },
              "t": 75,
              "s": [
                936,
                900.5,
                0
              ],
              "to": [
                0,
                0,
                0
              ],
              "ti": [
                0,
                0,
                0
              ]
            },
            {
              "i": {
                "x": 0.833,
                "y": 0.833
              },
              "o": {
                "x": 0.167,
                "y": 0.167
              },
              "t": 87,
              "s": [
                936,
                900.5,
                0
              ],
              "to": [
                64.667,
                128,
                0
              ],
              "ti": [
                -64.667,
                -128,
                0
              ]
            },
            {
              "t": 120,
              "s": [
                1324,
                1668.5,
                0
              ]
            }
          ],
          "ix": 2
        },
        "a": {
          "a": 0,
          "k": [
            146,
            232.5,
            0
          ],
          "ix": 1
        },
        "s": {
          "a": 1,
          "k": [
            {
              "i": {
                "x": [
                  0.833,
                  0.833,
                  0.833
                ],
                "y": [
                  0.833,
                  0.833,
                  0.833
                ]
              },
              "o": {
                "x": [
                  0.167,
                  0.167,
                  0.167
                ],
                "y": [
                  0.167,
                  0.167,
                  0.167
                ]
              },
              "t": 35,
              "s": [
                109.462,
                109.462,
                100
              ]
            },
            {
              "i": {
                "x": [
                  0.833,
                  0.833,
                  0.833
                ],
                "y": [
                  0.833,
                  0.833,
                  0.833
                ]
              },
              "o": {
                "x": [
                  0.167,
                  0.167,
                  0.167
                ],
                "y": [
                  0.167,
                  0.167,
                  0.167
                ]
              },
              "t": 39,
              "s": [
                100,
                100,
                100
              ]
            },
            {
              "i": {
                "x": [
                  0.833,
                  0.833,
                  0.833
                ],
                "y": [
                  0.833,
                  0.833,
                  0.833
                ]
              },
              "o": {
                "x": [
                  0.167,
                  0.167,
                  0.167
                ],
                "y": [
                  0.167,
                  0.167,
                  0.167
                ]
              },
              "t": 43,
              "s": [
                109.5,
                109.5,
                100
              ]
            },
            {
              "i": {
                "x": [
                  0.833,
                  0.833,
                  0.833
                ],
                "y": [
                  0.833,
                  0.833,
                  0.833
                ]
              },
              "o": {
                "x": [
                  0.167,
                  0.167,
                  0.167
                ],
                "y": [
                  0.167,
                  0.167,
                  0.167
                ]
              },
              "t": 79,
              "s": [
                109.462,
                109.462,
                100
              ]
            },
            {
              "i": {
                "x": [
                  0.833,
                  0.833,
                  0.833
                ],
                "y": [
                  0.833,
                  0.833,
                  0.833
                ]
              },
              "o": {
                "x": [
                  0.167,
                  0.167,
                  0.167
                ],
                "y": [
                  0.167,
                  0.167,
                  0.167
                ]
              },
              "t": 83,
              "s": [
                100,
                100,
                100
              ]
            },
            {
              "t": 87,
              "s": [
                109.5,
                109.5,
                100
              ]
            }
          ],
          "ix": 6
        }
      },
      "ao": 0,
      "ip": 0,
      "op": 210,
      "st": 0,
      "bm": 0
    },
    {
      "ddd": 0,
      "ind": 2,
      "ty": 4,
      "nm": "Shape Layer 2",
      "sr": 1,
      "ks": {
        "o": {
          "a": 0,
          "k": 100,
          "ix": 11
        },
        "r": {
          "a": 0,
          "k": 0,
          "ix": 10
        },
        "p": {
          "a": 1,
          "k": [
            {
              "i": {
                "x": 0.833,
                "y": 0.833
              },
              "o": {
                "x": 0.167,
                "y": 0.167
              },
              "t": 85,
              "s": [
                621,
                800,
                0
              ],
              "to": [
                5.375,
                0,
                0
              ],
              "ti": [
                -5.375,
                0,
                0
              ]
            },
            {
              "t": 87,
              "s": [
                653.25,
                800,
                0
              ]
            }
          ],
          "ix": 2
        },
        "a": {
          "a": 0,
          "k": [
            0,
            0,
            0
          ],
          "ix": 1
        },
        "s": {
          "a": 0,
          "k": [
            100,
            100,
            100
          ],
          "ix": 6
        }
      },
      "ao": 0,
      "shapes": [
        {
          "ty": "gr",
          "it": [
            {
              "d": 1,
              "ty": "el",
              "s": {
                "a": 0,
                "k": [
                  37.905,
                  37.905
                ],
                "ix": 2
              },
              "p": {
                "a": 0,
                "k": [
                  0,
                  0
                ],
                "ix": 3
              },
              "nm": "Ellipse Path 1",
              "mn": "ADBE Vector Shape - Ellipse",
              "hd": false
            },
            {
              "ty": "st",
              "c": {
                "a": 0,
                "k": [
                  0.698038976333,
                  0.690195958755,
                  0.698038976333,
                  1
                ],
                "ix": 3
              },
              "o": {
                "a": 0,
                "k": 100,
                "ix": 4
              },
              "w": {
                "a": 0,
                "k": 0,
                "ix": 5
              },
              "lc": 1,
              "lj": 1,
              "ml": 4,
              "bm": 0,
              "nm": "Stroke 1",
              "mn": "ADBE Vector Graphic - Stroke",
              "hd": false
            },
            {
              "ty": "fl",
              "c": {
                "a": 0,
                "k": [
                  1,
                  1,
                  1,
                  1
                ],
                "ix": 4
              },
              "o": {
                "a": 0,
                "k": 100,
                "ix": 5
              },
              "r": 1,
              "bm": 0,
              "nm": "Fill 1",
              "mn": "ADBE Vector Graphic - Fill",
              "hd": false
            },
            {
              "ty": "tr",
              "p": {
                "a": 0,
                "k": [
                  251.482,
                  -137.607
                ],
                "ix": 2
              },
              "a": {
                "a": 0,
                "k": [
                  0,
                  0
                ],
                "ix": 1
              },
              "s": {
                "a": 0,
                "k": [
                  100,
                  100
                ],
                "ix": 3
              },
              "r": {
                "a": 0,
                "k": 0,
                "ix": 6
              },
              "o": {
                "a": 0,
                "k": 100,
                "ix": 7
              },
              "sk": {
                "a": 0,
                "k": 0,
                "ix": 4
              },
              "sa": {
                "a": 0,
                "k": 0,
                "ix": 5
              },
              "nm": "Transform"
            }
          ],
          "nm": "Ellipse 1",
          "np": 3,
          "cix": 2,
          "bm": 0,
          "ix": 1,
          "mn": "ADBE Vector Group",
          "hd": false
        }
      ],
      "ip": 43,
      "op": 210,
      "st": 0,
      "bm": 0
    },
    {
      "ddd": 0,
      "ind": 3,
      "ty": 4,
      "nm": "Shape Layer 1",
      "sr": 1,
      "ks": {
        "o": {
          "a": 0,
          "k": 100,
          "ix": 11
        },
        "r": {
          "a": 0,
          "k": 0,
          "ix": 10
        },
        "p": {
          "a": 0,
          "k": [
            621,
            800,
            0
          ],
          "ix": 2
        },
        "a": {
          "a": 0,
          "k": [
            0,
            0,
            0
          ],
          "ix": 1
        },
        "s": {
          "a": 0,
          "k": [
            100,
            100,
            100
          ],
          "ix": 6
        }
      },
      "ao": 0,
      "shapes": [
        {
          "ty": "gr",
          "it": [
            {
              "ty": "rc",
              "d": 1,
              "s": {
                "a": 0,
                "k": [
                  77.734,
                  47.812
                ],
                "ix": 2
              },
              "p": {
                "a": 0,
                "k": [
                  0,
                  0
                ],
                "ix": 3
              },
              "r": {
                "a": 0,
                "k": 381,
                "ix": 4
              },
              "nm": "Rectangle Path 1",
              "mn": "ADBE Vector Shape - Rect",
              "hd": false
            },
            {
              "ty": "st",
              "c": {
                "a": 0,
                "k": [
                  0.698038976333,
                  0.690195958755,
                  0.698038976333,
                  1
                ],
                "ix": 3
              },
              "o": {
                "a": 0,
                "k": 100,
                "ix": 4
              },
              "w": {
                "a": 0,
                "k": 0,
                "ix": 5
              },
              "lc": 1,
              "lj": 1,
              "ml": 4,
              "bm": 0,
              "nm": "Stroke 1",
              "mn": "ADBE Vector Graphic - Stroke",
              "hd": false
            },
            {
              "ty": "fl",
              "c": {
                "a": 1,
                "k": [
                  {
                    "i": {
                      "x": [
                        0.833
                      ],
                      "y": [
                        0.833
                      ]
                    },
                    "o": {
                      "x": [
                        0.167
                      ],
                      "y": [
                        0.167
                      ]
                    },
                    "t": 85,
                    "s": [
                      0.75625,
                      0.75625,
                      0.75625,
                      1
                    ]
                  },
                  {
                    "t": 90,
                    "s": [
                      0,
                      0.686274528503,
                      0.92549020052,
                      1
                    ]
                  }
                ],
                "ix": 4
              },
              "o": {
                "a": 0,
                "k": 100,
                "ix": 5
              },
              "r": 1,
              "bm": 0,
              "nm": "Fill 1",
              "mn": "ADBE Vector Graphic - Fill",
              "hd": false
            },
            {
              "ty": "tr",
              "p": {
                "a": 0,
                "k": [
                  267.598,
                  -137.688
                ],
                "ix": 2
              },
              "a": {
                "a": 0,
                "k": [
                  0,
                  0
                ],
                "ix": 1
              },
              "s": {
                "a": 0,
                "k": [
                  100,
                  100
                ],
                "ix": 3
              },
              "r": {
                "a": 0,
                "k": 0,
                "ix": 6
              },
              "o": {
                "a": 0,
                "k": 100,
                "ix": 7
              },
              "sk": {
                "a": 0,
                "k": 0,
                "ix": 4
              },
              "sa": {
                "a": 0,
                "k": 0,
                "ix": 5
              },
              "nm": "Transform"
            }
          ],
          "nm": "Rectangle 1",
          "np": 3,
          "cix": 2,
          "bm": 0,
          "ix": 1,
          "mn": "ADBE Vector Group",
          "hd": false
        }
      ],
      "ip": 43,
      "op": 210,
      "st": 0,
      "bm": 0
    },
    {
      "ddd": 0,
      "ind": 4,
      "ty": 2,
      "nm": "device-2020-01-24-160957.png",
      "cl": "png",
      "refId": "image_1",
      "sr": 1,
      "ks": {
        "o": {
          "a": 1,
          "k": [
            {
              "i": {
                "x": [
                  0.833
                ],
                "y": [
                  0.833
                ]
              },
              "o": {
                "x": [
                  0.167
                ],
                "y": [
                  0.167
                ]
              },
              "t": 39,
              "s": [
                0
              ]
            },
            {
              "t": 43,
              "s": [
                100
              ]
            }
          ],
          "ix": 11
        },
        "r": {
          "a": 0,
          "k": 0,
          "ix": 10
        },
        "p": {
          "a": 0,
          "k": [
            625,
            694.438,
            0
          ],
          "ix": 2
        },
        "a": {
          "a": 0,
          "k": [
            360,
            720,
            0
          ],
          "ix": 1
        },
        "s": {
          "a": 1,
          "k": [
            {
              "i": {
                "x": [
                  0.833,
                  0.833,
                  0.833
                ],
                "y": [
                  0.833,
                  0.833,
                  0.833
                ]
              },
              "o": {
                "x": [
                  0.167,
                  0.167,
                  0.167
                ],
                "y": [
                  0.167,
                  0.167,
                  0.167
                ]
              },
              "t": 39,
              "s": [
                50,
                50,
                100
              ]
            },
            {
              "t": 43,
              "s": [
                96.719,
                96.719,
                100
              ]
            }
          ],
          "ix": 6
        }
      },
      "ao": 0,
      "hasMask": true,
      "masksProperties": [
        {
          "inv": false,
          "mode": "a",
          "pt": {
            "a": 0,
            "k": {
              "i": [
                [
                  11.046,
                  0
                ],
                [
                  0,
                  0
                ],
                [
                  0,
                  -11.046
                ],
                [
                  0,
                  0
                ],
                [
                  -11.046,
                  0
                ],
                [
                  0,
                  0
                ],
                [
                  0,
                  11.046
                ],
                [
                  0,
                  0
                ]
              ],
              "o": [
                [
                  0,
                  0
                ],
                [
                  -11.046,
                  0
                ],
                [
                  0,
                  0
                ],
                [
                  0,
                  11.046
                ],
                [
                  0,
                  0
                ],
                [
                  11.046,
                  0
                ],
                [
                  0,
                  0
                ],
                [
                  0,
                  -11.046
                ]
              ],
              "v": [
                [
                  700,
                  0
                ],
                [
                  20,
                  0
                ],
                [
                  0,
                  20
                ],
                [
                  0,
                  1420
                ],
                [
                  20,
                  1440
                ],
                [
                  700,
                  1440
                ],
                [
                  720,
                  1420
                ],
                [
                  720,
                  20
                ]
              ],
              "c": true
            },
            "ix": 1
          },
          "o": {
            "a": 0,
            "k": 100,
            "ix": 3
          },
          "x": {
            "a": 0,
            "k": 0,
            "ix": 4
          },
          "nm": "Mask 1"
        }
      ],
      "ip": 39,
      "op": 207,
      "st": -3,
      "bm": 0
    },
    {
      "ddd": 0,
      "ind": 5,
      "ty": 0,
      "nm": "Pre-comp 2",
      "refId": "comp_0",
      "sr": 1,
      "ks": {
        "o": {
          "a": 0,
          "k": 100,
          "ix": 11
        },
        "r": {
          "a": 0,
          "k": 0,
          "ix": 10
        },
        "p": {
          "a": 0,
          "k": [
            621,
            800,
            0
          ],
          "ix": 2
        },
        "a": {
          "a": 0,
          "k": [
            621,
            800,
            0
          ],
          "ix": 1
        },
        "s": {
          "a": 1,
          "k": [
            {
              "i": {
                "x": [
                  0.833,
                  0.833,
                  0.833
                ],
                "y": [
                  0.833,
                  0.833,
                  0.833
                ]
              },
              "o": {
                "x": [
                  0.167,
                  0.167,
                  0.167
                ],
                "y": [
                  0.167,
                  0.167,
                  0.167
                ]
              },
              "t": 35,
              "s": [
                100,
                100,
                100
              ]
            },
            {
              "i": {
                "x": [
                  0.833,
                  0.833,
                  0.833
                ],
                "y": [
                  0.833,
                  0.833,
                  0.833
                ]
              },
              "o": {
                "x": [
                  0.167,
                  0.167,
                  0.167
                ],
                "y": [
                  0.167,
                  0.167,
                  0.167
                ]
              },
              "t": 39,
              "s": [
                95,
                95,
                100
              ]
            },
            {
              "t": 43,
              "s": [
                100,
                100,
                100
              ]
            }
          ],
          "ix": 6
        }
      },
      "ao": 0,
      "w": 1242,
      "h": 1600,
      "ip": 0,
      "op": 210,
      "st": 0,
      "bm": 0
    },
    {
      "ddd": 0,
      "ind": 6,
      "ty": 2,
      "nm": "mobile.png",
      "cl": "png",
      "refId": "image_2",
      "sr": 1,
      "ks": {
        "o": {
          "a": 0,
          "k": 100,
          "ix": 11
        },
        "r": {
          "a": 0,
          "k": 0,
          "ix": 10
        },
        "p": {
          "a": 0,
          "k": [
            624,
            737.5,
            0
          ],
          "ix": 2
        },
        "a": {
          "a": 0,
          "k": [
            371.5,
            737.5,
            0
          ],
          "ix": 1
        },
        "s": {
          "a": 0,
          "k": [
            100,
            100,
            100
          ],
          "ix": 6
        }
      },
      "ao": 0,
      "ip": 0,
      "op": 210,
      "st": 0,
      "bm": 0
    }
  ],
  "markers": [],
  "chars": [
    {
      "ch": "E",
      "size": 36,
      "style": "Regular",
      "w": 66.7,
      "data": {
        "shapes": [
          {
            "ty": "gr",
            "it": [
              {
                "ind": 0,
                "ty": "sh",
                "ix": 1,
                "ks": {
                  "a": 0,
                  "k": {
                    "i": [
                      [
                        0,
                        0
                      ],
                      [
                        0,
                        0
                      ],
                      [
                        0,
                        0
                      ],
                      [
                        0,
                        0
                      ],
                      [
                        0,
                        0
                      ],
                      [
                        0,
                        0
                      ],
                      [
                        0,
                        0
                      ],
                      [
                        0,
                        0
                      ],
                      [
                        0,
                        0
                      ],
                      [
                        0,
                        0
                      ],
                      [
                        0,
                        0
                      ],
                      [
                        0,
                        0
                      ]
                    ],
                    "o": [
                      [
                        0,
                        0
                      ],
                      [
                        0,
                        0
                      ],
                      [
                        0,
                        0
                      ],
                      [
                        0,
                        0
                      ],
                      [
                        0,
                        0
                      ],
                      [
                        0,
                        0
                      ],
                      [
                        0,
                        0
                      ],
                      [
                        0,
                        0
                      ],
                      [
                        0,
                        0
                      ],
                      [
                        0,
                        0
                      ],
                      [
                        0,
                        0
                      ],
                      [
                        0,
                        0
                      ]
                    ],
                    "v": [
                      [
                        8.545,
                        0
                      ],
                      [
                        61.328,
                        0
                      ],
                      [
                        61.328,
                        -8.545
                      ],
                      [
                        18.018,
                        -8.545
                      ],
                      [
                        18.018,
                        -32.861
                      ],
                      [
                        57.373,
                        -32.861
                      ],
                      [
                        57.373,
                        -41.162
                      ],
                      [
                        18.018,
                        -41.162
                      ],
                      [
                        18.018,
                        -62.939
                      ],
                      [
                        60.596,
                        -62.939
                      ],
                      [
                        60.596,
                        -71.729
                      ],
                      [
                        8.545,
                        -71.729
                      ]
                    ],
                    "c": true
                  },
                  "ix": 2
                },
                "nm": "E",
                "mn": "ADBE Vector Shape - Group",
                "hd": false
              }
            ],
            "nm": "E",
            "np": 3,
            "cix": 2,
            "bm": 0,
            "ix": 1,
            "mn": "ADBE Vector Group",
            "hd": false
          }
        ]
      },
      "fFamily": "Helvetica"
    },
    {
      "ch": "n",
      "size": 36,
      "style": "Regular",
      "w": 55.62,
      "data": {
        "shapes": [
          {
            "ty": "gr",
            "it": [
              {
                "ind": 0,
                "ty": "sh",
                "ix": 1,
                "ks": {
                  "a": 0,
                  "k": {
                    "i": [
                      [
                        0,
                        0
                      ],
                      [
                        0,
                        0
                      ],
                      [
                        0,
                        0
                      ],
                      [
                        -0.439,
                        1.839
                      ],
                      [
                        -1.465,
                        1.726
                      ],
                      [
                        -2.409,
                        0.716
                      ],
                      [
                        -2.084,
                        0
                      ],
                      [
                        -1.562,
                        -3.255
                      ],
                      [
                        0,
                        -3.19
                      ],
                      [
                        0,
                        0
                      ],
                      [
                        0,
                        0
                      ],
                      [
                        0,
                        0
                      ],
                      [
                        1.432,
                        2.832
                      ],
                      [
                        7.422,
                        0
                      ],
                      [
                        2.766,
                        -1.334
                      ],
                      [
                        2.473,
                        -3.059
                      ],
                      [
                        0,
                        0
                      ],
                      [
                        0,
                        0
                      ]
                    ],
                    "o": [
                      [
                        0,
                        0
                      ],
                      [
                        0,
                        0
                      ],
                      [
                        0,
                        -3.418
                      ],
                      [
                        0.439,
                        -1.839
                      ],
                      [
                        1.823,
                        -2.148
                      ],
                      [
                        1.334,
                        -0.423
                      ],
                      [
                        4.102,
                        0
                      ],
                      [
                        0.944,
                        1.953
                      ],
                      [
                        0,
                        0
                      ],
                      [
                        0,
                        0
                      ],
                      [
                        0,
                        0
                      ],
                      [
                        0,
                        -5.273
                      ],
                      [
                        -2.605,
                        -5.176
                      ],
                      [
                        -3.386,
                        0
                      ],
                      [
                        -2.767,
                        1.335
                      ],
                      [
                        0,
                        0
                      ],
                      [
                        0,
                        0
                      ],
                      [
                        0,
                        0
                      ]
                    ],
                    "v": [
                      [
                        6.445,
                        0
                      ],
                      [
                        15.234,
                        0
                      ],
                      [
                        15.234,
                        -27.393
                      ],
                      [
                        15.894,
                        -35.278
                      ],
                      [
                        18.75,
                        -40.625
                      ],
                      [
                        25.098,
                        -44.922
                      ],
                      [
                        30.225,
                        -45.557
                      ],
                      [
                        38.721,
                        -40.674
                      ],
                      [
                        40.137,
                        -32.959
                      ],
                      [
                        40.137,
                        0
                      ],
                      [
                        49.072,
                        0
                      ],
                      [
                        49.072,
                        -33.545
                      ],
                      [
                        46.924,
                        -45.703
                      ],
                      [
                        31.885,
                        -53.467
                      ],
                      [
                        22.656,
                        -51.465
                      ],
                      [
                        14.795,
                        -44.873
                      ],
                      [
                        14.795,
                        -52.295
                      ],
                      [
                        6.445,
                        -52.295
                      ]
                    ],
                    "c": true
                  },
                  "ix": 2
                },
                "nm": "n",
                "mn": "ADBE Vector Shape - Group",
                "hd": false
              }
            ],
            "nm": "n",
            "np": 3,
            "cix": 2,
            "bm": 0,
            "ix": 1,
            "mn": "ADBE Vector Group",
            "hd": false
          }
        ]
      },
      "fFamily": "Helvetica"
    },
    {
      "ch": "a",
      "size": 36,
      "style": "Regular",
      "w": 55.62,
      "data": {
        "shapes": [
          {
            "ty": "gr",
            "it": [
              {
                "ind": 0,
                "ty": "sh",
                "ix": 1,
                "ks": {
                  "a": 0,
                  "k": {
                    "i": [
                      [
                        0,
                        2.533
                      ],
                      [
                        -2.718,
                        1.527
                      ],
                      [
                        -3.184,
                        0.423
                      ],
                      [
                        0,
                        0
                      ],
                      [
                        -1.689,
                        0.458
                      ],
                      [
                        -1.073,
                        0.686
                      ],
                      [
                        0,
                        0
                      ],
                      [
                        4.883,
                        -2.373
                      ],
                      [
                        3.092,
                        0
                      ],
                      [
                        1.855,
                        1.462
                      ]
                    ],
                    "o": [
                      [
                        0,
                        -3.345
                      ],
                      [
                        1.604,
                        -0.909
                      ],
                      [
                        0,
                        0
                      ],
                      [
                        1.624,
                        -0.195
                      ],
                      [
                        1.689,
                        -0.457
                      ],
                      [
                        0,
                        0
                      ],
                      [
                        0,
                        5.396
                      ],
                      [
                        -2.898,
                        1.43
                      ],
                      [
                        -2.539,
                        0
                      ],
                      [
                        -1.855,
                        -1.462
                      ]
                    ],
                    "v": [
                      [
                        13.184,
                        -13.897
                      ],
                      [
                        17.261,
                        -21.204
                      ],
                      [
                        24.443,
                        -23.203
                      ],
                      [
                        29.755,
                        -23.885
                      ],
                      [
                        34.725,
                        -24.863
                      ],
                      [
                        38.867,
                        -26.578
                      ],
                      [
                        38.867,
                        -19.509
                      ],
                      [
                        31.543,
                        -7.858
                      ],
                      [
                        22.559,
                        -5.713
                      ],
                      [
                        15.967,
                        -7.905
                      ]
                    ],
                    "c": true
                  },
                  "ix": 2
                },
                "nm": "a",
                "mn": "ADBE Vector Shape - Group",
                "hd": false
              },
              {
                "ind": 1,
                "ty": "sh",
                "ix": 2,
                "ks": {
                  "a": 0,
                  "k": {
                    "i": [
                      [
                        0,
                        0
                      ],
                      [
                        3.027,
                        -2.666
                      ],
                      [
                        0,
                        -4.844
                      ],
                      [
                        -3.076,
                        -2.942
                      ],
                      [
                        -4.851,
                        0
                      ],
                      [
                        -3.353,
                        1.724
                      ],
                      [
                        -1.791,
                        2.344
                      ],
                      [
                        -0.716,
                        -1.139
                      ],
                      [
                        -3.027,
                        0
                      ],
                      [
                        -0.716,
                        0.098
                      ],
                      [
                        -1.367,
                        0.391
                      ],
                      [
                        0,
                        0
                      ],
                      [
                        0.488,
                        -0.049
                      ],
                      [
                        0.391,
                        0
                      ],
                      [
                        0.374,
                        0.552
                      ],
                      [
                        0,
                        0.912
                      ],
                      [
                        0,
                        0
                      ],
                      [
                        3.804,
                        2.344
                      ],
                      [
                        6.145,
                        0
                      ],
                      [
                        4.015,
                        -2.53
                      ],
                      [
                        0.163,
                        -6.464
                      ],
                      [
                        0,
                        0
                      ],
                      [
                        -1.072,
                        1.375
                      ],
                      [
                        -4.581,
                        0
                      ],
                      [
                        -2.128,
                        -1.356
                      ],
                      [
                        0,
                        -3.006
                      ],
                      [
                        0.39,
                        -0.784
                      ],
                      [
                        2.018,
                        -0.259
                      ]
                    ],
                    "o": [
                      [
                        -4.916,
                        0.618
                      ],
                      [
                        -3.027,
                        2.666
                      ],
                      [
                        0,
                        4.422
                      ],
                      [
                        3.076,
                        2.942
                      ],
                      [
                        4.036,
                        0
                      ],
                      [
                        3.352,
                        -1.725
                      ],
                      [
                        0.293,
                        2.083
                      ],
                      [
                        1.367,
                        2.148
                      ],
                      [
                        1.237,
                        0
                      ],
                      [
                        0.716,
                        -0.098
                      ],
                      [
                        0,
                        0
                      ],
                      [
                        -0.554,
                        0.098
                      ],
                      [
                        -0.488,
                        0.049
                      ],
                      [
                        -1.205,
                        0
                      ],
                      [
                        -0.375,
                        -0.552
                      ],
                      [
                        0,
                        0
                      ],
                      [
                        0,
                        -4.948
                      ],
                      [
                        -3.837,
                        -2.344
                      ],
                      [
                        -5.299,
                        0
                      ],
                      [
                        -4.015,
                        2.53
                      ],
                      [
                        0,
                        0
                      ],
                      [
                        0.325,
                        -2.715
                      ],
                      [
                        1.917,
                        -2.486
                      ],
                      [
                        3.963,
                        0
                      ],
                      [
                        2.128,
                        1.357
                      ],
                      [
                        0,
                        1.471
                      ],
                      [
                        -0.684,
                        1.43
                      ],
                      [
                        0,
                        0
                      ]
                    ],
                    "v": [
                      [
                        20.459,
                        -29.893
                      ],
                      [
                        8.545,
                        -24.966
                      ],
                      [
                        4.004,
                        -13.702
                      ],
                      [
                        8.618,
                        -2.656
                      ],
                      [
                        20.508,
                        1.758
                      ],
                      [
                        31.592,
                        -0.829
                      ],
                      [
                        39.307,
                        -6.932
                      ],
                      [
                        40.82,
                        -2.099
                      ],
                      [
                        47.412,
                        1.123
                      ],
                      [
                        50.342,
                        0.977
                      ],
                      [
                        53.467,
                        0.244
                      ],
                      [
                        53.467,
                        -6.249
                      ],
                      [
                        51.904,
                        -6.03
                      ],
                      [
                        50.586,
                        -5.957
                      ],
                      [
                        48.218,
                        -6.786
                      ],
                      [
                        47.656,
                        -8.982
                      ],
                      [
                        47.656,
                        -39.111
                      ],
                      [
                        41.95,
                        -50.049
                      ],
                      [
                        26.978,
                        -53.564
                      ],
                      [
                        13.005,
                        -49.77
                      ],
                      [
                        6.738,
                        -36.279
                      ],
                      [
                        14.941,
                        -36.279
                      ],
                      [
                        17.036,
                        -42.413
                      ],
                      [
                        26.783,
                        -46.143
                      ],
                      [
                        35.919,
                        -44.109
                      ],
                      [
                        39.111,
                        -37.565
                      ],
                      [
                        38.526,
                        -34.183
                      ],
                      [
                        34.473,
                        -31.648
                      ]
                    ],
                    "c": true
                  },
                  "ix": 2
                },
                "nm": "a",
                "mn": "ADBE Vector Shape - Group",
                "hd": false
              }
            ],
            "nm": "a",
            "np": 5,
            "cix": 2,
            "bm": 0,
            "ix": 1,
            "mn": "ADBE Vector Group",
            "hd": false
          }
        ]
      },
      "fFamily": "Helvetica"
    },
    {
      "ch": "b",
      "size": 36,
      "style": "Regular",
      "w": 55.62,
      "data": {
        "shapes": [
          {
            "ty": "gr",
            "it": [
              {
                "ind": 0,
                "ty": "sh",
                "ix": 1,
                "ks": {
                  "a": 0,
                  "k": {
                    "i": [
                      [
                        0,
                        0
                      ],
                      [
                        0,
                        0
                      ],
                      [
                        0,
                        0
                      ],
                      [
                        -1.634,
                        -1.139
                      ],
                      [
                        -3.987,
                        0
                      ],
                      [
                        -4.019,
                        5.469
                      ],
                      [
                        0,
                        8.269
                      ],
                      [
                        4.068,
                        4.476
                      ],
                      [
                        6.535,
                        0
                      ],
                      [
                        2.679,
                        -1.318
                      ],
                      [
                        1.928,
                        -2.506
                      ],
                      [
                        0,
                        0
                      ],
                      [
                        0,
                        0
                      ]
                    ],
                    "o": [
                      [
                        0,
                        0
                      ],
                      [
                        0,
                        0
                      ],
                      [
                        1.862,
                        2.507
                      ],
                      [
                        2.745,
                        1.92
                      ],
                      [
                        7.124,
                        0
                      ],
                      [
                        4.019,
                        -5.469
                      ],
                      [
                        0,
                        -8.723
                      ],
                      [
                        -4.069,
                        -4.475
                      ],
                      [
                        -3.137,
                        0
                      ],
                      [
                        -2.679,
                        1.318
                      ],
                      [
                        0,
                        0
                      ],
                      [
                        0,
                        0
                      ],
                      [
                        0,
                        0
                      ]
                    ],
                    "v": [
                      [
                        5.713,
                        0
                      ],
                      [
                        13.818,
                        0
                      ],
                      [
                        13.818,
                        -6.689
                      ],
                      [
                        19.063,
                        -1.221
                      ],
                      [
                        29.16,
                        1.66
                      ],
                      [
                        45.875,
                        -6.543
                      ],
                      [
                        51.904,
                        -27.148
                      ],
                      [
                        45.802,
                        -46.948
                      ],
                      [
                        29.895,
                        -53.662
                      ],
                      [
                        21.169,
                        -51.685
                      ],
                      [
                        14.258,
                        -45.947
                      ],
                      [
                        14.258,
                        -71.973
                      ],
                      [
                        5.713,
                        -71.973
                      ]
                    ],
                    "c": true
                  },
                  "ix": 2
                },
                "nm": "b",
                "mn": "ADBE Vector Shape - Group",
                "hd": false
              },
              {
                "ind": 1,
                "ty": "sh",
                "ix": 2,
                "ks": {
                  "a": 0,
                  "k": {
                    "i": [
                      [
                        4.768,
                        0
                      ],
                      [
                        2.319,
                        5.762
                      ],
                      [
                        0,
                        4.916
                      ],
                      [
                        -3.021,
                        2.962
                      ],
                      [
                        -4.018,
                        0
                      ],
                      [
                        -2.368,
                        -3.613
                      ],
                      [
                        0,
                        -5.501
                      ],
                      [
                        2.368,
                        -3.776
                      ]
                    ],
                    "o": [
                      [
                        -6.337,
                        0
                      ],
                      [
                        -1.241,
                        -3.059
                      ],
                      [
                        0,
                        -6.803
                      ],
                      [
                        3.021,
                        -2.962
                      ],
                      [
                        4.605,
                        0
                      ],
                      [
                        2.368,
                        3.613
                      ],
                      [
                        0,
                        6.185
                      ],
                      [
                        -2.368,
                        3.777
                      ]
                    ],
                    "v": [
                      [
                        28.614,
                        -6.104
                      ],
                      [
                        15.631,
                        -14.746
                      ],
                      [
                        13.77,
                        -26.709
                      ],
                      [
                        18.301,
                        -41.357
                      ],
                      [
                        28.859,
                        -45.801
                      ],
                      [
                        39.319,
                        -40.381
                      ],
                      [
                        42.871,
                        -26.709
                      ],
                      [
                        39.319,
                        -11.768
                      ]
                    ],
                    "c": true
                  },
                  "ix": 2
                },
                "nm": "b",
                "mn": "ADBE Vector Shape - Group",
                "hd": false
              }
            ],
            "nm": "b",
            "np": 5,
            "cix": 2,
            "bm": 0,
            "ix": 1,
            "mn": "ADBE Vector Group",
            "hd": false
          }
        ]
      },
      "fFamily": "Helvetica"
    },
    {
      "ch": "l",
      "size": 36,
      "style": "Regular",
      "w": 22.22,
      "data": {
        "shapes": [
          {
            "ty": "gr",
            "it": [
              {
                "ind": 0,
                "ty": "sh",
                "ix": 1,
                "ks": {
                  "a": 0,
                  "k": {
                    "i": [
                      [
                        0,
                        0
                      ],
                      [
                        0,
                        0
                      ],
                      [
                        0,
                        0
                      ],
                      [
                        0,
                        0
                      ]
                    ],
                    "o": [
                      [
                        0,
                        0
                      ],
                      [
                        0,
                        0
                      ],
                      [
                        0,
                        0
                      ],
                      [
                        0,
                        0
                      ]
                    ],
                    "v": [
                      [
                        6.689,
                        0
                      ],
                      [
                        15.479,
                        0
                      ],
                      [
                        15.479,
                        -71.729
                      ],
                      [
                        6.689,
                        -71.729
                      ]
                    ],
                    "c": true
                  },
                  "ix": 2
                },
                "nm": "l",
                "mn": "ADBE Vector Shape - Group",
                "hd": false
              }
            ],
            "nm": "l",
            "np": 3,
            "cix": 2,
            "bm": 0,
            "ix": 1,
            "mn": "ADBE Vector Group",
            "hd": false
          }
        ]
      },
      "fFamily": "Helvetica"
    },
    {
      "ch": "e",
      "size": 36,
      "style": "Regular",
      "w": 55.62,
      "data": {
        "shapes": [
          {
            "ty": "gr",
            "it": [
              {
                "ind": 0,
                "ty": "sh",
                "ix": 1,
                "ks": {
                  "a": 0,
                  "k": {
                    "i": [
                      [
                        3.688,
                        0
                      ],
                      [
                        4.529,
                        -5.241
                      ],
                      [
                        0,
                        -8.398
                      ],
                      [
                        -4.497,
                        -4.736
                      ],
                      [
                        -6.47,
                        0
                      ],
                      [
                        -2.1,
                        0.52
                      ],
                      [
                        -2.65,
                        2.605
                      ],
                      [
                        -1.286,
                        2.361
                      ],
                      [
                        -0.228,
                        1.921
                      ],
                      [
                        0,
                        0
                      ],
                      [
                        1.518,
                        -1.765
                      ],
                      [
                        4.554,
                        0
                      ],
                      [
                        2.325,
                        3.215
                      ],
                      [
                        0.162,
                        5.321
                      ],
                      [
                        0,
                        0
                      ],
                      [
                        0.517,
                        2.409
                      ],
                      [
                        1.747,
                        2.637
                      ],
                      [
                        3.461,
                        1.742
                      ]
                    ],
                    "o": [
                      [
                        -7.312,
                        0
                      ],
                      [
                        -4.53,
                        5.241
                      ],
                      [
                        0,
                        8.529
                      ],
                      [
                        4.497,
                        4.736
                      ],
                      [
                        2.649,
                        0
                      ],
                      [
                        3.909,
                        -0.912
                      ],
                      [
                        1.582,
                        -1.497
                      ],
                      [
                        1.286,
                        -2.36
                      ],
                      [
                        0,
                        0
                      ],
                      [
                        -0.633,
                        2.322
                      ],
                      [
                        -2.713,
                        3.041
                      ],
                      [
                        -4.877,
                        0
                      ],
                      [
                        -2.325,
                        -3.215
                      ],
                      [
                        0,
                        0
                      ],
                      [
                        0,
                        -5.273
                      ],
                      [
                        -0.583,
                        -3.516
                      ],
                      [
                        -1.812,
                        -2.766
                      ],
                      [
                        -3.462,
                        -1.741
                      ]
                    ],
                    "v": [
                      [
                        28.022,
                        -53.467
                      ],
                      [
                        10.261,
                        -45.605
                      ],
                      [
                        3.467,
                        -25.146
                      ],
                      [
                        10.211,
                        -5.249
                      ],
                      [
                        26.661,
                        1.855
                      ],
                      [
                        33.784,
                        1.074
                      ],
                      [
                        43.622,
                        -4.199
                      ],
                      [
                        47.925,
                        -9.985
                      ],
                      [
                        50.195,
                        -16.406
                      ],
                      [
                        41.553,
                        -16.406
                      ],
                      [
                        38.326,
                        -10.275
                      ],
                      [
                        27.425,
                        -5.713
                      ],
                      [
                        16.621,
                        -10.535
                      ],
                      [
                        12.891,
                        -23.34
                      ],
                      [
                        50.928,
                        -23.34
                      ],
                      [
                        50.151,
                        -34.863
                      ],
                      [
                        46.657,
                        -44.092
                      ],
                      [
                        38.747,
                        -50.854
                      ]
                    ],
                    "c": true
                  },
                  "ix": 2
                },
                "nm": "e",
                "mn": "ADBE Vector Shape - Group",
                "hd": false
              },
              {
                "ind": 1,
                "ty": "sh",
                "ix": 2,
                "ks": {
                  "a": 0,
                  "k": {
                    "i": [
                      [
                        0,
                        0
                      ],
                      [
                        -2.711,
                        2.914
                      ],
                      [
                        -4.002,
                        0
                      ],
                      [
                        -2.389,
                        -4.231
                      ],
                      [
                        -0.356,
                        -3.809
                      ]
                    ],
                    "o": [
                      [
                        0.161,
                        -4.492
                      ],
                      [
                        2.711,
                        -2.913
                      ],
                      [
                        5.584,
                        0
                      ],
                      [
                        1.291,
                        2.279
                      ],
                      [
                        0,
                        0
                      ]
                    ],
                    "v": [
                      [
                        13.086,
                        -30.322
                      ],
                      [
                        17.395,
                        -41.431
                      ],
                      [
                        27.466,
                        -45.801
                      ],
                      [
                        39.425,
                        -39.453
                      ],
                      [
                        41.895,
                        -30.322
                      ]
                    ],
                    "c": true
                  },
                  "ix": 2
                },
                "nm": "e",
                "mn": "ADBE Vector Shape - Group",
                "hd": false
              }
            ],
            "nm": "e",
            "np": 5,
            "cix": 2,
            "bm": 0,
            "ix": 1,
            "mn": "ADBE Vector Group",
            "hd": false
          }
        ]
      },
      "fFamily": "Helvetica"
    }
  ]
}