{"v":"5.5.6","fr":30,"ip":0,"op":180,"w":1242,"h":1600,"nm":"Comp 2","ddd":0,"assets":[{"id":"image_0","w":292,"h":465,"u":"image/","p":"img_0.png","e":0},{"id":"image_1","w":720,"h":1440,"u":"image/","p":"img_1.png","e":0},{"id":"image_2","w":743,"h":1475,"u":"image/","p":"img_2.png","e":0},{"id":"comp_0","layers":[{"ddd":0,"ind":1,"ty":5,"nm":"Done","sr":1,"ks":{"o":{"a":0,"k":100,"ix":11},"r":{"a":0,"k":0,"ix":10},"p":{"a":0,"k":[592.403,1224.707,0],"ix":2},"a":{"a":0,"k":[0,0,0],"ix":1},"s":{"a":0,"k":[65.016,65.016,100],"ix":6}},"ao":0,"t":{"d":{"k":[{"s":{"s":36,"f":"Helvetica","t":"Done","j":0,"tr":0,"lh":43.2,"ls":0,"fc":[1,1,1]},"t":0}]},"p":{},"m":{"g":1,"a":{"a":0,"k":[0,0],"ix":2}},"a":[]},"ip":0,"op":210,"st":0,"bm":0},{"ddd":0,"ind":2,"ty":4,"nm":"Shape Layer 6","sr":1,"ks":{"o":{"a":0,"k":100,"ix":11},"r":{"a":0,"k":0,"ix":10},"p":{"a":0,"k":[616.722,800.293,0],"ix":2},"a":{"a":0,"k":[0,0,0],"ix":1},"s":{"a":0,"k":[100,100,100],"ix":6}},"ao":0,"shapes":[{"ty":"gr","it":[{"ty":"rc","d":1,"s":{"a":0,"k":[578.143,82.533],"ix":2},"p":{"a":0,"k":[0,0],"ix":3},"r":{"a":0,"k":555,"ix":4},"nm":"Rectangle Path 1","mn":"ADBE Vector Shape - Rect","hd":false},{"ty":"gf","o":{"a":0,"k":100,"ix":10},"r":1,"bm":0,"g":{"p":3,"k":{"a":0,"k":[0,0.2,0.165,0.592,0.5,0.131,0.159,0.51,1,0.063,0.153,0.427],"ix":9}},"s":{"a":0,"k":[0.036,-41.149],"ix":5},"e":{"a":0,"k":[0.073,41.295],"ix":6},"t":1,"nm":"Gradient Fill 1","mn":"ADBE Vector Graphic - G-Fill","hd":false},{"ty":"tr","p":{"a":0,"k":[4.052,416.208],"ix":2},"a":{"a":0,"k":[0,0],"ix":1},"s":{"a":0,"k":[100.294,100],"ix":3},"r":{"a":0,"k":0,"ix":6},"o":{"a":0,"k":100,"ix":7},"sk":{"a":0,"k":0,"ix":4},"sa":{"a":0,"k":0,"ix":5},"nm":"Transform"}],"nm":"Rectangle 1","np":3,"cix":2,"bm":0,"ix":1,"mn":"ADBE Vector Group","hd":false}],"ip":0,"op":210,"st":0,"bm":0}]},{"id":"comp_1","layers":[{"ddd":0,"ind":1,"ty":5,"nm":"Choose Keyboard","sr":1,"ks":{"o":{"a":0,"k":100,"ix":11},"r":{"a":0,"k":0,"ix":10},"p":{"a":0,"k":[531.88,1103.207,0],"ix":2},"a":{"a":0,"k":[0,0,0],"ix":1},"s":{"a":0,"k":[65.016,65.016,100],"ix":6}},"ao":0,"t":{"d":{"k":[{"s":{"s":36,"f":"Helvetica","t":"Choose Keyboard","j":0,"tr":0,"lh":43.2,"ls":0,"fc":[1,1,1]},"t":0}]},"p":{},"m":{"g":1,"a":{"a":0,"k":[0,0],"ix":2}},"a":[]},"ip":0,"op":210,"st":0,"bm":0},{"ddd":0,"ind":2,"ty":4,"nm":"Shape Layer 1","sr":1,"ks":{"o":{"a":0,"k":100,"ix":11},"r":{"a":0,"k":0,"ix":10},"p":{"a":0,"k":[621.245,678.793,0],"ix":2},"a":{"a":0,"k":[0,0,0],"ix":1},"s":{"a":0,"k":[100,100,100],"ix":6}},"ao":0,"shapes":[{"ty":"gr","it":[{"ty":"rc","d":1,"s":{"a":0,"k":[578.143,82.533],"ix":2},"p":{"a":0,"k":[0,0],"ix":3},"r":{"a":0,"k":555,"ix":4},"nm":"Rectangle Path 1","mn":"ADBE Vector Shape - Rect","hd":false},{"ty":"gf","o":{"a":0,"k":100,"ix":10},"r":1,"bm":0,"g":{"p":3,"k":{"a":0,"k":[0,0.2,0.165,0.592,0.5,0.131,0.159,0.51,1,0.063,0.153,0.427],"ix":9}},"s":{"a":0,"k":[0.036,-41.149],"ix":5},"e":{"a":0,"k":[0.073,41.295],"ix":6},"t":1,"nm":"Gradient Fill 1","mn":"ADBE Vector Graphic - G-Fill","hd":false},{"ty":"tr","p":{"a":0,"k":[4.052,416.208],"ix":2},"a":{"a":0,"k":[0,0],"ix":1},"s":{"a":0,"k":[100.294,100],"ix":3},"r":{"a":0,"k":0,"ix":6},"o":{"a":0,"k":100,"ix":7},"sk":{"a":0,"k":0,"ix":4},"sa":{"a":0,"k":0,"ix":5},"nm":"Transform"}],"nm":"Rectangle 1","np":3,"cix":2,"bm":0,"ix":1,"mn":"ADBE Vector Group","hd":false}],"ip":0,"op":210,"st":0,"bm":0}]}],"fonts":{"list":[{"fName":"Helvetica","fFamily":"Helvetica","fStyle":"Regular","ascent":71.8994140625}]},"layers":[{"ddd":0,"ind":1,"ty":2,"nm":"hand.png","cl":"png","refId":"image_0","sr":1,"ks":{"o":{"a":1,"k":[{"i":{"x":[0.833],"y":[0.833]},"o":{"x":[0.167],"y":[0.167]},"t":152,"s":[100]},{"i":{"x":[0.833],"y":[0.833]},"o":{"x":[0.167],"y":[0.167]},"t":164,"s":[100]},{"t":180,"s":[100]}],"ix":11},"r":{"a":0,"k":0,"ix":10},"p":{"a":1,"k":[{"i":{"x":0.833,"y":0.833},"o":{"x":0.167,"y":0.167},"t":0,"s":[1322,1664.5,0],"to":[-106,-55.333,0],"ti":[106,55.333,0]},{"i":{"x":0.833,"y":0.833},"o":{"x":0.167,"y":0.167},"t":30,"s":[686,1332.5,0],"to":[0,0,0],"ti":[0,0,0]},{"i":{"x":0.833,"y":0.833},"o":{"x":0.167,"y":0.167},"t":55,"s":[686,1332.5,0],"to":[45.5,-74.417,0],"ti":[-45.5,74.417,0]},{"i":{"x":0.833,"y":0.833},"o":{"x":0.167,"y":0.167},"t":75,"s":[959,886,0],"to":[0,0,0],"ti":[0,0,0]},{"i":{"x":0.833,"y":0.833},"o":{"x":0.167,"y":0.167},"t":87,"s":[959,886,0],"to":[-92.917,152.417,0],"ti":[46.167,-85.417,0]},{"i":{"x":0.833,"y":0.833},"o":{"x":0.167,"y":0.167},"t":120,"s":[682,1398.5,0],"to":[0,0,0],"ti":[0,0,0]},{"i":{"x":0.833,"y":0.833},"o":{"x":0.167,"y":0.167},"t":132,"s":[682,1398.5,0],"to":[0.333,11.333,0],"ti":[-0.333,-11.333,0]},{"i":{"x":0.833,"y":0.833},"o":{"x":0.167,"y":0.167},"t":144,"s":[684,1466.5,0],"to":[0,0,0],"ti":[0,0,0]},{"i":{"x":0.833,"y":0.833},"o":{"x":0.167,"y":0.167},"t":152,"s":[684,1466.5,0],"to":[106.333,33,0],"ti":[-106.333,-33,0]},{"t":180,"s":[1322,1664.5,0]}],"ix":2},"a":{"a":0,"k":[146,232.5,0],"ix":1},"s":{"a":1,"k":[{"i":{"x":[0.833,0.833,0.833],"y":[0.833,0.833,0.833]},"o":{"x":[0.167,0.167,0.167],"y":[0.167,0.167,0.167]},"t":35,"s":[109.462,109.462,100]},{"i":{"x":[0.833,0.833,0.833],"y":[0.833,0.833,0.833]},"o":{"x":[0.167,0.167,0.167],"y":[0.167,0.167,0.167]},"t":39,"s":[100,100,100]},{"i":{"x":[0.833,0.833,0.833],"y":[0.833,0.833,0.833]},"o":{"x":[0.167,0.167,0.167],"y":[0.167,0.167,0.167]},"t":43,"s":[109.5,109.5,100]},{"i":{"x":[0.833,0.833,0.833],"y":[0.833,0.833,0.833]},"o":{"x":[0.167,0.167,0.167],"y":[0.167,0.167,0.167]},"t":79,"s":[109.462,109.462,100]},{"i":{"x":[0.833,0.833,0.833],"y":[0.833,0.833,0.833]},"o":{"x":[0.167,0.167,0.167],"y":[0.167,0.167,0.167]},"t":83,"s":[100,100,100]},{"i":{"x":[0.833,0.833,0.833],"y":[0.833,0.833,0.833]},"o":{"x":[0.167,0.167,0.167],"y":[0.167,0.167,0.167]},"t":87,"s":[109.5,109.5,100]},{"i":{"x":[0.833,0.833,0.833],"y":[0.833,0.833,0.833]},"o":{"x":[0.167,0.167,0.167],"y":[0.167,0.167,0.167]},"t":120,"s":[109.462,109.462,100]},{"i":{"x":[0.833,0.833,0.833],"y":[0.833,0.833,0.833]},"o":{"x":[0.167,0.167,0.167],"y":[0.167,0.167,0.167]},"t":124,"s":[100,100,100]},{"i":{"x":[0.833,0.833,0.833],"y":[0.833,0.833,0.833]},"o":{"x":[0.167,0.167,0.167],"y":[0.167,0.167,0.167]},"t":128,"s":[109.5,109.5,100]},{"i":{"x":[0.833,0.833,0.833],"y":[0.833,0.833,0.833]},"o":{"x":[0.167,0.167,0.167],"y":[0.167,0.167,0.167]},"t":144,"s":[109.462,109.462,100]},{"i":{"x":[0.833,0.833,0.833],"y":[0.833,0.833,0.833]},"o":{"x":[0.167,0.167,0.167],"y":[0.167,0.167,0.167]},"t":148,"s":[100,100,100]},{"t":152,"s":[109.5,109.5,100]}],"ix":6}},"ao":0,"ip":0,"op":210,"st":0,"bm":0},{"ddd":0,"ind":2,"ty":4,"nm":"Shape Layer 5","sr":1,"ks":{"o":{"a":0,"k":10,"ix":11},"r":{"a":0,"k":0,"ix":10},"p":{"a":0,"k":[621,800,0],"ix":2},"a":{"a":0,"k":[0,0,0],"ix":1},"s":{"a":0,"k":[100,100,100],"ix":6}},"ao":0,"shapes":[{"ty":"gr","it":[{"ty":"rc","d":1,"s":{"a":0,"k":[600.004,68.986],"ix":2},"p":{"a":0,"k":[0,0],"ix":3},"r":{"a":0,"k":0,"ix":4},"nm":"Rectangle Path 1","mn":"ADBE Vector Shape - Rect","hd":false},{"ty":"fl","c":{"a":0,"k":[0,0.686274509804,0.925490196078,1],"ix":4},"o":{"a":0,"k":100,"ix":5},"r":1,"bm":0,"nm":"Fill 1","mn":"ADBE Vector Graphic - Fill","hd":false},{"ty":"tr","p":{"a":0,"k":[-0.498,361.993],"ix":2},"a":{"a":0,"k":[0,0],"ix":1},"s":{"a":0,"k":[100,100],"ix":3},"r":{"a":0,"k":0,"ix":6},"o":{"a":0,"k":100,"ix":7},"sk":{"a":0,"k":0,"ix":4},"sa":{"a":0,"k":0,"ix":5},"nm":"Transform"}],"nm":"Rectangle 1","np":3,"cix":2,"bm":0,"ix":1,"mn":"ADBE Vector Group","hd":false}],"ip":124,"op":128,"st":0,"bm":0},{"ddd":0,"ind":3,"ty":4,"nm":"Shape Layer 4","sr":1,"ks":{"o":{"a":0,"k":100,"ix":11},"r":{"a":0,"k":0,"ix":10},"p":{"a":0,"k":[896.125,525.437,0],"ix":2},"a":{"a":0,"k":[274.69,34.043,0],"ix":1},"s":{"a":0,"k":[50.865,50.865,100],"ix":6}},"ao":0,"shapes":[{"ty":"gr","it":[{"d":1,"ty":"el","s":{"a":0,"k":[44.595,44.595],"ix":2},"p":{"a":0,"k":[0,0],"ix":3},"nm":"Ellipse Path 1","mn":"ADBE Vector Shape - Ellipse","hd":false},{"ty":"fl","c":{"a":0,"k":[0.929411764706,0.929411764706,0.929411764706,1],"ix":4},"o":{"a":0,"k":100,"ix":5},"r":1,"bm":0,"nm":"Fill 1","mn":"ADBE Vector Graphic - Fill","hd":false},{"ty":"tr","p":{"a":0,"k":[275.644,34.011],"ix":2},"a":{"a":0,"k":[0,0],"ix":1},"s":{"a":0,"k":[92.863,92.863],"ix":3},"r":{"a":0,"k":0,"ix":6},"o":{"a":0,"k":100,"ix":7},"sk":{"a":0,"k":0,"ix":4},"sa":{"a":0,"k":0,"ix":5},"nm":"Transform"}],"nm":"Ellipse 1","np":3,"cix":2,"bm":0,"ix":1,"mn":"ADBE Vector Group","hd":false}],"ip":85,"op":210,"st":0,"bm":0},{"ddd":0,"ind":4,"ty":4,"nm":"Shape Layer 3","sr":1,"ks":{"o":{"a":0,"k":100,"ix":11},"r":{"a":0,"k":0,"ix":10},"p":{"a":0,"k":[897.154,526.126,0],"ix":2},"a":{"a":0,"k":[276.076,34.473,0],"ix":1},"s":{"a":0,"k":[98.401,98.401,100],"ix":6}},"ao":0,"shapes":[{"ty":"gr","it":[{"d":1,"ty":"el","s":{"a":0,"k":[44.595,44.595],"ix":2},"p":{"a":0,"k":[0,0],"ix":3},"nm":"Ellipse Path 1","mn":"ADBE Vector Shape - Ellipse","hd":false},{"ty":"st","c":{"a":0,"k":[0.862745098039,0.862745098039,0.862745098039,1],"ix":3},"o":{"a":0,"k":100,"ix":4},"w":{"a":0,"k":3,"ix":5},"lc":1,"lj":1,"ml":4,"bm":0,"nm":"Stroke 1","mn":"ADBE Vector Graphic - Stroke","hd":false},{"ty":"tr","p":{"a":0,"k":[275.644,34.011],"ix":2},"a":{"a":0,"k":[0,0],"ix":1},"s":{"a":0,"k":[92.863,92.863],"ix":3},"r":{"a":0,"k":0,"ix":6},"o":{"a":0,"k":100,"ix":7},"sk":{"a":0,"k":0,"ix":4},"sa":{"a":0,"k":0,"ix":5},"nm":"Transform"}],"nm":"Ellipse 1","np":3,"cix":2,"bm":0,"ix":1,"mn":"ADBE Vector Group","hd":false}],"ip":85,"op":210,"st":0,"bm":0},{"ddd":0,"ind":5,"ty":4,"nm":"Shape Layer 2","sr":1,"ks":{"o":{"a":0,"k":100,"ix":11},"r":{"a":0,"k":0,"ix":10},"p":{"a":0,"k":[896.375,650.25,0],"ix":2},"a":{"a":0,"k":[274.69,34.043,0],"ix":1},"s":{"a":0,"k":[42.594,42.594,100],"ix":6}},"ao":0,"shapes":[{"ty":"gr","it":[{"d":1,"ty":"el","s":{"a":0,"k":[44.595,44.595],"ix":2},"p":{"a":0,"k":[0,0],"ix":3},"nm":"Ellipse Path 1","mn":"ADBE Vector Shape - Ellipse","hd":false},{"ty":"fl","c":{"a":0,"k":[0,0.686274509804,0.925490196078,1],"ix":4},"o":{"a":0,"k":100,"ix":5},"r":1,"bm":0,"nm":"Fill 1","mn":"ADBE Vector Graphic - Fill","hd":false},{"ty":"tr","p":{"a":0,"k":[275.644,34.011],"ix":2},"a":{"a":0,"k":[0,0],"ix":1},"s":{"a":0,"k":[92.863,92.863],"ix":3},"r":{"a":0,"k":0,"ix":6},"o":{"a":0,"k":100,"ix":7},"sk":{"a":0,"k":0,"ix":4},"sa":{"a":0,"k":0,"ix":5},"nm":"Transform"}],"nm":"Ellipse 1","np":3,"cix":2,"bm":0,"ix":1,"mn":"ADBE Vector Group","hd":false}],"ip":85,"op":128,"st":0,"bm":0},{"ddd":0,"ind":6,"ty":4,"nm":"Shape Layer 1","sr":1,"ks":{"o":{"a":0,"k":100,"ix":11},"r":{"a":0,"k":0,"ix":10},"p":{"a":0,"k":[621,617,0],"ix":2},"a":{"a":0,"k":[0,0,0],"ix":1},"s":{"a":0,"k":[100,100,100],"ix":6}},"ao":0,"shapes":[{"ty":"gr","it":[{"d":1,"ty":"el","s":{"a":0,"k":[44.595,44.595],"ix":2},"p":{"a":0,"k":[0,0],"ix":3},"nm":"Ellipse Path 1","mn":"ADBE Vector Shape - Ellipse","hd":false},{"ty":"st","c":{"a":0,"k":[0,0.686274509804,0.925490196078,1],"ix":3},"o":{"a":0,"k":100,"ix":4},"w":{"a":0,"k":2,"ix":5},"lc":1,"lj":1,"ml":4,"bm":0,"nm":"Stroke 1","mn":"ADBE Vector Graphic - Stroke","hd":false},{"ty":"tr","p":{"a":0,"k":[275.644,34.011],"ix":2},"a":{"a":0,"k":[0,0],"ix":1},"s":{"a":0,"k":[92.863,92.863],"ix":3},"r":{"a":0,"k":0,"ix":6},"o":{"a":0,"k":100,"ix":7},"sk":{"a":0,"k":0,"ix":4},"sa":{"a":0,"k":0,"ix":5},"nm":"Transform"}],"nm":"Ellipse 1","np":3,"cix":2,"bm":0,"ix":1,"mn":"ADBE Vector Group","hd":false}],"ip":85,"op":128,"st":0,"bm":0},{"ddd":0,"ind":7,"ty":2,"nm":"device-2020-01-24-160857.png","cl":"png","refId":"image_1","sr":1,"ks":{"o":{"a":1,"k":[{"i":{"x":[0.833],"y":[0.833]},"o":{"x":[0.167],"y":[0.167]},"t":39,"s":[0]},{"i":{"x":[0.833],"y":[0.833]},"o":{"x":[0.167],"y":[0.167]},"t":43,"s":[100]},{"i":{"x":[0.833],"y":[0.833]},"o":{"x":[0.167],"y":[0.167]},"t":128,"s":[100]},{"t":132,"s":[0]}],"ix":11},"r":{"a":0,"k":0,"ix":10},"p":{"a":0,"k":[621,695,0],"ix":2},"a":{"a":0,"k":[360,720,0],"ix":1},"s":{"a":1,"k":[{"i":{"x":[0.833,0.833,0.833],"y":[0.833,0.833,0.833]},"o":{"x":[0.167,0.167,0.167],"y":[0.167,0.167,0.167]},"t":39,"s":[50,50,100]},{"i":{"x":[0.833,0.833,0.833],"y":[0.833,0.833,0.833]},"o":{"x":[0.167,0.167,0.167],"y":[0.167,0.167,0.167]},"t":43,"s":[96.719,96.719,100]},{"i":{"x":[0.833,0.833,0.833],"y":[0.833,0.833,0.833]},"o":{"x":[0.167,0.167,0.167],"y":[0.167,0.167,0.167]},"t":128,"s":[96.719,96.719,100]},{"t":132,"s":[50,50,100]}],"ix":6}},"ao":0,"ip":39,"op":133,"st":0,"bm":0},{"ddd":0,"ind":8,"ty":0,"nm":"Pre-comp 3","refId":"comp_0","sr":1,"ks":{"o":{"a":0,"k":100,"ix":11},"r":{"a":0,"k":0,"ix":10},"p":{"a":0,"k":[619,1218,0],"ix":2},"a":{"a":0,"k":[619,1218,0],"ix":1},"s":{"a":1,"k":[{"i":{"x":[0.833,0.833,0.833],"y":[0.833,0.833,0.833]},"o":{"x":[0.167,0.167,0.167],"y":[0.167,0.167,0.167]},"t":144,"s":[100,100,100]},{"i":{"x":[0.833,0.833,0.833],"y":[0.833,0.833,0.833]},"o":{"x":[0.167,0.167,0.167],"y":[0.167,0.167,0.167]},"t":148,"s":[95,95,100]},{"t":152,"s":[100,100,100]}],"ix":6}},"ao":0,"w":1242,"h":1600,"ip":128,"op":210,"st":0,"bm":0},{"ddd":0,"ind":9,"ty":0,"nm":"button","refId":"comp_1","sr":1,"ks":{"o":{"a":0,"k":100,"ix":11},"r":{"a":0,"k":0,"ix":10},"p":{"a":0,"k":[621,1101,0],"ix":2},"a":{"a":0,"k":[621,1097,0],"ix":1},"s":{"a":1,"k":[{"i":{"x":[0.833,0.833,0.833],"y":[0.833,0.833,0.833]},"o":{"x":[0.167,0.167,0.167],"y":[0.167,0.167,0.167]},"t":35,"s":[100,100,100]},{"i":{"x":[0.833,0.833,0.833],"y":[0.833,0.833,0.833]},"o":{"x":[0.167,0.167,0.167],"y":[0.167,0.167,0.167]},"t":39,"s":[95,95,100]},{"t":43,"s":[100,100,100]}],"ix":6}},"ao":0,"w":1242,"h":1600,"ip":0,"op":181,"st":0,"bm":0},{"ddd":0,"ind":10,"ty":2,"nm":"mobile.png","cl":"png","refId":"image_2","sr":1,"ks":{"o":{"a":0,"k":100,"ix":11},"r":{"a":0,"k":0,"ix":10},"p":{"a":0,"k":[621,737.5,0],"ix":2},"a":{"a":0,"k":[371.5,737.5,0],"ix":1},"s":{"a":0,"k":[100,100,100],"ix":6}},"ao":0,"ip":0,"op":210,"st":0,"bm":0}],"markers":[],"chars":[{"ch":"C","size":36,"style":"Regular","w":72.22,"data":{"shapes":[{"ty":"gr","it":[{"ind":0,"ty":"sh","ix":1,"ks":{"a":0,"k":{"i":[[8.976,0],[5.984,-7.361],[0,-10.586],[-7.368,-6.677],[-8.237,0],[-5.631,6.152],[-0.837,7.552],[0,0],[1.95,-2.897],[7.035,0],[3.853,5.229],[0,8.406],[-4.268,4.968],[-6.937,0],[-3.149,-2.702],[-1.055,-4.622],[0,0],[4.955,4.785]],"o":[[-10.521,0],[-5.534,6.776],[0,13.942],[5.598,5.049],[9.557,0],[4.697,-5.11],[0,0],[-0.96,4.72],[-3.677,5.502],[-7.642,0],[-3.854,-5.229],[0,-10.262],[4.268,-4.968],[5.69,0],[3.149,2.702],[0,0],[-0.547,-6.087],[-4.955,-4.785]],"v":[[37.453,-73.682],[12.695,-62.64],[4.395,-36.597],[15.447,-5.669],[36.201,1.904],[58.984,-7.324],[67.285,-26.318],[57.812,-26.318],[53.448,-14.893],[37.379,-6.641],[20.135,-14.484],[14.355,-34.936],[20.757,-57.782],[37.564,-65.234],[50.823,-61.182],[57.129,-50.195],[66.602,-50.195],[58.349,-66.504]],"c":true},"ix":2},"nm":"C","mn":"ADBE Vector Shape - Group","hd":false}],"nm":"C","np":3,"cix":2,"bm":0,"ix":1,"mn":"ADBE Vector Group","hd":false}]},"fFamily":"Helvetica"},{"ch":"h","size":36,"style":"Regular","w":55.62,"data":{"shapes":[{"ty":"gr","it":[{"ind":0,"ty":"sh","ix":1,"ks":{"a":0,"k":{"i":[[0,0],[0,0],[0,0],[-2.962,2.507],[-3.646,0],[-1.595,-2.864],[0,-3.841],[0,0],[0,0],[0,0],[1.465,2.898],[7.584,0],[2.832,-1.855],[2.083,-2.637],[0,0],[0,0]],"o":[[0,0],[0,0],[0,-6.966],[2.962,-2.506],[4.395,0],[0.977,1.791],[0,0],[0,0],[0,0],[0,-5.143],[-2.702,-5.305],[-4.232,0],[-1.66,1.074],[0,0],[0,0],[0,0]],"v":[[6.445,0],[15.234,0],[15.234,-27.734],[19.678,-41.943],[29.59,-45.703],[38.574,-41.406],[40.039,-32.959],[40.039,0],[49.072,0],[49.072,-33.545],[46.875,-45.605],[31.445,-53.564],[20.85,-50.781],[15.234,-45.215],[15.234,-71.973],[6.445,-71.973]],"c":true},"ix":2},"nm":"h","mn":"ADBE Vector Shape - Group","hd":false}],"nm":"h","np":3,"cix":2,"bm":0,"ix":1,"mn":"ADBE Vector Group","hd":false}]},"fFamily":"Helvetica"},{"ch":"o","size":36,"style":"Regular","w":55.62,"data":{"shapes":[{"ty":"gr","it":[{"ind":0,"ty":"sh","ix":1,"ks":{"a":0,"k":{"i":[[5.761,0],[2.414,3.706],[0,5.56],[-2.414,4.097],[-5.312,0],[-2.446,-4.812],[0,-4.877],[2.141,-4.405]],"o":[[-5.247,0],[-2.414,-3.706],[0,-5.787],[2.414,-4.097],[5.987,0],[1.545,3.056],[0,5.397],[-2.141,4.405]],"v":[[27.026,-5.713],[15.535,-11.272],[11.914,-25.172],[15.535,-39.997],[27.122,-46.143],[39.772,-38.924],[42.09,-27.025],[38.879,-12.321]],"c":true},"ix":2},"nm":"o","mn":"ADBE Vector Shape - Group","hd":false},{"ind":1,"ty":"sh","ix":2,"ks":{"a":0,"k":{"i":[[6.691,0],[4.428,-5.203],[0,-8.781],[-4.202,-4.862],[-7.144,0],[-4.073,5.496],[0,8.424],[4.622,4.488]],"o":[[-7.467,0],[-4.428,5.204],[0,8.196],[4.202,4.862],[8.566,0],[4.073,-5.496],[0,-8.716],[-4.623,-4.488]],"v":[[27.366,-53.809],[9.523,-46.003],[2.881,-25.025],[9.184,-5.437],[26.202,1.855],[45.16,-6.389],[51.27,-27.27],[44.336,-47.076]],"c":true},"ix":2},"nm":"o","mn":"ADBE Vector Shape - Group","hd":false}],"nm":"o","np":5,"cix":2,"bm":0,"ix":1,"mn":"ADBE Vector Group","hd":false}]},"fFamily":"Helvetica"},{"ch":"s","size":36,"style":"Regular","w":50,"data":{"shapes":[{"ty":"gr","it":[{"ind":0,"ty":"sh","ix":1,"ks":{"a":0,"k":{"i":[[0,0],[-3.279,-3.532],[-7.877,0],[-3.576,3.385],[0,4.655],[3.418,2.246],[6.434,1.53],[0,0],[1.326,0.811],[0,2.271],[-1.749,1.265],[-3.399,0],[-2.066,-2.298],[-0.167,-1.974],[0,0],[2.21,2.93],[7.983,0],[3.612,-3.059],[0,-4.948],[-3.838,-2.376],[-4.532,-1.106],[0,0],[-1.291,-0.716],[0,-2.246],[2.525,-1.416],[3.322,0],[2.259,2.832],[0.266,2.93]],"o":[[0.23,5.209],[3.279,3.532],[7.317,0],[3.576,-3.385],[0,-4.817],[-2.19,-1.432],[0,0],[-2.587,-0.618],[-2.299,-1.363],[0,-2.075],[1.749,-1.265],[5.098,0],[1.266,1.619],[0,0],[0.065,-3.385],[-3.529,-4.622],[-6.104,0],[-3.613,3.06],[0,4.199],[2.15,1.367],[0,0],[3.804,0.945],[2.018,1.172],[0,2.962],[-2.525,1.416],[-5.582,0],[-1.23,-1.562],[0,0]],"v":[[3.223,-16.406],[8.488,-3.296],[25.221,2.002],[41.56,-3.076],[46.924,-15.137],[41.797,-25.732],[28.862,-30.176],[22.942,-31.592],[17.072,-33.736],[13.623,-39.185],[16.247,-44.196],[23.969,-46.094],[34.716,-42.646],[36.865,-37.256],[45.166,-37.256],[41.948,-46.729],[24.679,-53.662],[10.106,-49.072],[4.688,-37.061],[10.444,-27.197],[20.467,-23.486],[27.563,-21.729],[35.205,-19.238],[38.232,-14.111],[34.444,-7.544],[25.674,-5.42],[13.912,-9.668],[11.67,-16.406]],"c":true},"ix":2},"nm":"s","mn":"ADBE Vector Shape - Group","hd":false}],"nm":"s","np":3,"cix":2,"bm":0,"ix":1,"mn":"ADBE Vector Group","hd":false}]},"fFamily":"Helvetica"},{"ch":"e","size":36,"style":"Regular","w":55.62,"data":{"shapes":[{"ty":"gr","it":[{"ind":0,"ty":"sh","ix":1,"ks":{"a":0,"k":{"i":[[3.688,0],[4.529,-5.241],[0,-8.398],[-4.497,-4.736],[-6.47,0],[-2.1,0.52],[-2.65,2.605],[-1.286,2.361],[-0.228,1.921],[0,0],[1.518,-1.765],[4.554,0],[2.325,3.215],[0.162,5.321],[0,0],[0.517,2.409],[1.747,2.637],[3.461,1.742]],"o":[[-7.312,0],[-4.53,5.241],[0,8.529],[4.497,4.736],[2.649,0],[3.909,-0.912],[1.582,-1.497],[1.286,-2.36],[0,0],[-0.633,2.322],[-2.713,3.041],[-4.877,0],[-2.325,-3.215],[0,0],[0,-5.273],[-0.583,-3.516],[-1.812,-2.766],[-3.462,-1.741]],"v":[[28.022,-53.467],[10.261,-45.605],[3.467,-25.146],[10.211,-5.249],[26.661,1.855],[33.784,1.074],[43.622,-4.199],[47.925,-9.985],[50.195,-16.406],[41.553,-16.406],[38.326,-10.275],[27.425,-5.713],[16.621,-10.535],[12.891,-23.34],[50.928,-23.34],[50.151,-34.863],[46.657,-44.092],[38.747,-50.854]],"c":true},"ix":2},"nm":"e","mn":"ADBE Vector Shape - Group","hd":false},{"ind":1,"ty":"sh","ix":2,"ks":{"a":0,"k":{"i":[[0,0],[-2.711,2.914],[-4.002,0],[-2.389,-4.231],[-0.356,-3.809]],"o":[[0.161,-4.492],[2.711,-2.913],[5.584,0],[1.291,2.279],[0,0]],"v":[[13.086,-30.322],[17.395,-41.431],[27.466,-45.801],[39.425,-39.453],[41.895,-30.322]],"c":true},"ix":2},"nm":"e","mn":"ADBE Vector Shape - Group","hd":false}],"nm":"e","np":5,"cix":2,"bm":0,"ix":1,"mn":"ADBE Vector Group","hd":false}]},"fFamily":"Helvetica"},{"ch":" ","size":36,"style":"Regular","w":27.78,"data":{},"fFamily":"Helvetica"},{"ch":"K","size":36,"style":"Regular","w":66.7,"data":{"shapes":[{"ty":"gr","it":[{"ind":0,"ty":"sh","ix":1,"ks":{"a":0,"k":{"i":[[0,0],[0,0],[0,0],[0,0],[0,0],[0,0],[0,0],[0,0],[0,0],[0,0],[0,0],[0,0]],"o":[[0,0],[0,0],[0,0],[0,0],[0,0],[0,0],[0,0],[0,0],[0,0],[0,0],[0,0],[0,0]],"v":[[7.617,0],[17.09,0],[17.09,-25],[28.78,-36.044],[54.478,0],[67.194,0],[35.912,-42.78],[66.559,-71.729],[52.975,-71.729],[17.09,-36.62],[17.09,-71.729],[7.617,-71.729]],"c":true},"ix":2},"nm":"K","mn":"ADBE Vector Shape - Group","hd":false}],"nm":"K","np":3,"cix":2,"bm":0,"ix":1,"mn":"ADBE Vector Group","hd":false}]},"fFamily":"Helvetica"},{"ch":"y","size":36,"style":"Regular","w":50,"data":{"shapes":[{"ty":"gr","it":[{"ind":0,"ty":"sh","ix":1,"ks":{"a":0,"k":{"i":[[0,0],[0,0],[0,0],[0,0],[1.007,-2.405],[0.162,-0.26],[0.764,-0.536],[1.624,0],[0.682,0.098],[1.527,0.423],[0,0],[-0.667,-0.098],[-1.236,0],[-2.081,2.927],[-5.074,13.336],[-3.191,8.989],[-1.237,3.355],[0,0]],"o":[[0,0],[0,0],[0,0],[-0.455,1.169],[-1.007,2.403],[-0.52,0.78],[-0.764,0.536],[-0.52,0],[-0.682,-0.098],[0,0],[0.975,0.26],[0.667,0.098],[5.074,0],[2.081,-2.928],[2.148,-5.666],[4.264,-11.952],[0,0],[0,0]],"v":[[25.024,-9.698],[11.011,-52.295],[1.05,-52.295],[20.386,1.538],[18.192,6.898],[16.438,10.894],[14.511,12.868],[10.929,13.672],[9.125,13.525],[5.811,12.744],[5.811,20.752],[8.274,21.289],[11.128,21.436],[21.861,17.044],[32.593,-7.352],[40.601,-29.335],[48.853,-52.295],[39.136,-52.295]],"c":true},"ix":2},"nm":"y","mn":"ADBE Vector Shape - Group","hd":false}],"nm":"y","np":3,"cix":2,"bm":0,"ix":1,"mn":"ADBE Vector Group","hd":false}]},"fFamily":"Helvetica"},{"ch":"b","size":36,"style":"Regular","w":55.62,"data":{"shapes":[{"ty":"gr","it":[{"ind":0,"ty":"sh","ix":1,"ks":{"a":0,"k":{"i":[[0,0],[0,0],[0,0],[-1.634,-1.139],[-3.987,0],[-4.019,5.469],[0,8.269],[4.068,4.476],[6.535,0],[2.679,-1.318],[1.928,-2.506],[0,0],[0,0]],"o":[[0,0],[0,0],[1.862,2.507],[2.745,1.92],[7.124,0],[4.019,-5.469],[0,-8.723],[-4.069,-4.475],[-3.137,0],[-2.679,1.318],[0,0],[0,0],[0,0]],"v":[[5.713,0],[13.818,0],[13.818,-6.689],[19.063,-1.221],[29.16,1.66],[45.875,-6.543],[51.904,-27.148],[45.802,-46.948],[29.895,-53.662],[21.169,-51.685],[14.258,-45.947],[14.258,-71.973],[5.713,-71.973]],"c":true},"ix":2},"nm":"b","mn":"ADBE Vector Shape - Group","hd":false},{"ind":1,"ty":"sh","ix":2,"ks":{"a":0,"k":{"i":[[4.768,0],[2.319,5.762],[0,4.916],[-3.021,2.962],[-4.018,0],[-2.368,-3.613],[0,-5.501],[2.368,-3.776]],"o":[[-6.337,0],[-1.241,-3.059],[0,-6.803],[3.021,-2.962],[4.605,0],[2.368,3.613],[0,6.185],[-2.368,3.777]],"v":[[28.614,-6.104],[15.631,-14.746],[13.77,-26.709],[18.301,-41.357],[28.859,-45.801],[39.319,-40.381],[42.871,-26.709],[39.319,-11.768]],"c":true},"ix":2},"nm":"b","mn":"ADBE Vector Shape - Group","hd":false}],"nm":"b","np":5,"cix":2,"bm":0,"ix":1,"mn":"ADBE Vector Group","hd":false}]},"fFamily":"Helvetica"},{"ch":"a","size":36,"style":"Regular","w":55.62,"data":{"shapes":[{"ty":"gr","it":[{"ind":0,"ty":"sh","ix":1,"ks":{"a":0,"k":{"i":[[0,2.533],[-2.718,1.527],[-3.184,0.423],[0,0],[-1.689,0.458],[-1.073,0.686],[0,0],[4.883,-2.373],[3.092,0],[1.855,1.462]],"o":[[0,-3.345],[1.604,-0.909],[0,0],[1.624,-0.195],[1.689,-0.457],[0,0],[0,5.396],[-2.898,1.43],[-2.539,0],[-1.855,-1.462]],"v":[[13.184,-13.897],[17.261,-21.204],[24.443,-23.203],[29.755,-23.885],[34.725,-24.863],[38.867,-26.578],[38.867,-19.509],[31.543,-7.858],[22.559,-5.713],[15.967,-7.905]],"c":true},"ix":2},"nm":"a","mn":"ADBE Vector Shape - Group","hd":false},{"ind":1,"ty":"sh","ix":2,"ks":{"a":0,"k":{"i":[[0,0],[3.027,-2.666],[0,-4.844],[-3.076,-2.942],[-4.851,0],[-3.353,1.724],[-1.791,2.344],[-0.716,-1.139],[-3.027,0],[-0.716,0.098],[-1.367,0.391],[0,0],[0.488,-0.049],[0.391,0],[0.374,0.552],[0,0.912],[0,0],[3.804,2.344],[6.145,0],[4.015,-2.53],[0.163,-6.464],[0,0],[-1.072,1.375],[-4.581,0],[-2.128,-1.356],[0,-3.006],[0.39,-0.784],[2.018,-0.259]],"o":[[-4.916,0.618],[-3.027,2.666],[0,4.422],[3.076,2.942],[4.036,0],[3.352,-1.725],[0.293,2.083],[1.367,2.148],[1.237,0],[0.716,-0.098],[0,0],[-0.554,0.098],[-0.488,0.049],[-1.205,0],[-0.375,-0.552],[0,0],[0,-4.948],[-3.837,-2.344],[-5.299,0],[-4.015,2.53],[0,0],[0.325,-2.715],[1.917,-2.486],[3.963,0],[2.128,1.357],[0,1.471],[-0.684,1.43],[0,0]],"v":[[20.459,-29.893],[8.545,-24.966],[4.004,-13.702],[8.618,-2.656],[20.508,1.758],[31.592,-0.829],[39.307,-6.932],[40.82,-2.099],[47.412,1.123],[50.342,0.977],[53.467,0.244],[53.467,-6.249],[51.904,-6.03],[50.586,-5.957],[48.218,-6.786],[47.656,-8.982],[47.656,-39.111],[41.95,-50.049],[26.978,-53.564],[13.005,-49.77],[6.738,-36.279],[14.941,-36.279],[17.036,-42.413],[26.783,-46.143],[35.919,-44.109],[39.111,-37.565],[38.526,-34.183],[34.473,-31.648]],"c":true},"ix":2},"nm":"a","mn":"ADBE Vector Shape - Group","hd":false}],"nm":"a","np":5,"cix":2,"bm":0,"ix":1,"mn":"ADBE Vector Group","hd":false}]},"fFamily":"Helvetica"},{"ch":"r","size":36,"style":"Regular","w":33.3,"data":{"shapes":[{"ty":"gr","it":[{"ind":0,"ty":"sh","ix":1,"ks":{"a":0,"k":{"i":[[0,0],[0,0],[0,0],[-2.377,2.849],[-4.427,0],[-0.439,-0.032],[-0.521,-0.098],[0,0],[0.391,0.033],[0.163,0],[2.669,-2.522],[0.684,-1.758],[0,0],[0,0]],"o":[[0,0],[0,0],[0,-3.711],[2.376,-2.848],[0.52,0],[0.439,0.033],[0,0],[-0.945,-0.098],[-0.391,-0.032],[-3.484,0],[-2.67,2.523],[0,0],[0,0],[0,0]],"v":[[6.689,0],[15.479,0],[15.479,-30.078],[19.043,-39.917],[29.248,-44.189],[30.688,-44.141],[32.129,-43.945],[32.129,-53.223],[30.127,-53.418],[29.297,-53.467],[20.068,-49.683],[15.039,-43.262],[15.039,-52.295],[6.689,-52.295]],"c":true},"ix":2},"nm":"r","mn":"ADBE Vector Shape - Group","hd":false}],"nm":"r","np":3,"cix":2,"bm":0,"ix":1,"mn":"ADBE Vector Group","hd":false}]},"fFamily":"Helvetica"},{"ch":"d","size":36,"style":"Regular","w":55.62,"data":{"shapes":[{"ty":"gr","it":[{"ind":0,"ty":"sh","ix":1,"ks":{"a":0,"k":{"i":[[0,5.599],[-2.737,3.386],[-4.405,0],[-2.689,-3.174],[0,-6.608],[2.607,-3.499],[4.048,0],[2.364,3.777]],"o":[[0,-6.575],[2.737,-3.385],[3.951,0],[2.688,3.174],[0,6.543],[-2.608,3.5],[-5.215,0],[-2.364,-3.776]],"v":[[12.012,-25.537],[16.116,-40.479],[26.829,-45.557],[36.788,-40.796],[40.82,-26.123],[36.909,-11.06],[26.926,-5.811],[15.558,-11.475]],"c":true},"ix":2},"nm":"d","mn":"ADBE Vector Shape - Group","hd":false},{"ind":1,"ty":"sh","ix":2,"ks":{"a":0,"k":{"i":[[3.989,0],[3.875,-5.582],[0,-7.617],[-4.248,-4.899],[-5.804,0],[-2.789,1.432],[-2.043,3.223],[0,0],[0,0],[0,0],[0,0],[0,0],[1.556,0.977]],"o":[[-7.199,0],[-3.875,5.583],[0,8.138],[4.248,4.9],[3.6,0],[2.789,-1.432],[0,0],[0,0],[0,0],[0,0],[0,0],[-1.978,-2.441],[-2.692,-1.692]],"v":[[25.157,-53.223],[8.546,-44.849],[2.734,-25.049],[9.106,-5.493],[24.185,1.855],[33.768,-0.293],[41.016,-7.275],[41.016,0],[48.926,0],[48.926,-71.973],[40.479,-71.973],[40.479,-45.557],[35.177,-50.684]],"c":true},"ix":2},"nm":"d","mn":"ADBE Vector Shape - Group","hd":false}],"nm":"d","np":5,"cix":2,"bm":0,"ix":1,"mn":"ADBE Vector Group","hd":false}]},"fFamily":"Helvetica"},{"ch":"D","size":36,"style":"Regular","w":72.22,"data":{"shapes":[{"ty":"gr","it":[{"ind":0,"ty":"sh","ix":1,"ks":{"a":0,"k":{"i":[[0,0],[0,0],[0,0],[-3.454,-4.915],[0,-8.887],[0.478,-2.702],[1.878,-2.897],[3.692,-1.27],[3.214,0]],"o":[[0,0],[0,0],[7.671,0],[3.453,4.916],[0,2.312],[-0.828,4.525],[-2.356,3.613],[-2.069,0.684],[0,0]],"v":[[17.871,-8.301],[17.871,-63.379],[34.725,-63.379],[51.411,-56.006],[56.592,-35.303],[55.875,-27.783],[51.817,-16.65],[42.746,-9.326],[34.821,-8.301]],"c":true},"ix":2},"nm":"D","mn":"ADBE Vector Shape - Group","hd":false},{"ind":1,"ty":"sh","ix":2,"ks":{"a":0,"k":{"i":[[0,0],[0,0],[-4.979,10.873],[0,7.617],[4.786,6.316],[9.734,0],[0,0]],"o":[[0,0],[12.142,0],[2.827,-6.152],[0,-9.863],[-5.365,-6.998],[0,0],[0,0]],"v":[[8.057,0],[36.63,0],[62.312,-16.309],[66.553,-36.963],[59.373,-61.23],[36.726,-71.729],[8.057,-71.729]],"c":true},"ix":2},"nm":"D","mn":"ADBE Vector Shape - Group","hd":false}],"nm":"D","np":5,"cix":2,"bm":0,"ix":1,"mn":"ADBE Vector Group","hd":false}]},"fFamily":"Helvetica"},{"ch":"n","size":36,"style":"Regular","w":55.62,"data":{"shapes":[{"ty":"gr","it":[{"ind":0,"ty":"sh","ix":1,"ks":{"a":0,"k":{"i":[[0,0],[0,0],[0,0],[-0.439,1.839],[-1.465,1.726],[-2.409,0.716],[-2.084,0],[-1.562,-3.255],[0,-3.19],[0,0],[0,0],[0,0],[1.432,2.832],[7.422,0],[2.766,-1.334],[2.473,-3.059],[0,0],[0,0]],"o":[[0,0],[0,0],[0,-3.418],[0.439,-1.839],[1.823,-2.148],[1.334,-0.423],[4.102,0],[0.944,1.953],[0,0],[0,0],[0,0],[0,-5.273],[-2.605,-5.176],[-3.386,0],[-2.767,1.335],[0,0],[0,0],[0,0]],"v":[[6.445,0],[15.234,0],[15.234,-27.393],[15.894,-35.278],[18.75,-40.625],[25.098,-44.922],[30.225,-45.557],[38.721,-40.674],[40.137,-32.959],[40.137,0],[49.072,0],[49.072,-33.545],[46.924,-45.703],[31.885,-53.467],[22.656,-51.465],[14.795,-44.873],[14.795,-52.295],[6.445,-52.295]],"c":true},"ix":2},"nm":"n","mn":"ADBE Vector Shape - Group","hd":false}],"nm":"n","np":3,"cix":2,"bm":0,"ix":1,"mn":"ADBE Vector Group","hd":false}]},"fFamily":"Helvetica"}]}