{
  "project_info": {
    "project_number": "719304790734",
    "project_id": "photoeffect",
    "storage_bucket": "photoeffect.appspot.com"
  },
  "client": [
    {
      "client_info": {
        "mobilesdk_app_id": "1:473147034804:android:kjntkj3wtrkj;bwekjrt7c",
        "android_client_info": {
          "package_name": "com.photo.effect.motion.editor"
        }
      },
      "oauth_client": [],
      "api_key": [
        {
          "current_key": "34634nhb3434-4kj3kj4-kndjnvgdUVFVbeYJwk"
        }
      ],
      "services": {
        "appinvite_service": {
          "other_platform_oauth_client": []
        }
      }
    }
  ],
  "configuration_version": "1"
}