{"nm":"Comp 1","ddd":0,"h":340,"w":340,"meta":{"g":"@lottiefiles/toolkit-js 0.26.1"},"layers":[{"ty":0,"nm":"trash 7","sr":1,"st":0,"op":720.000029326201,"ip":0,"hd":false,"ddd":0,"bm":0,"hasMask":false,"ao":0,"ks":{"a":{"a":0,"k":[170,170,0],"ix":1},"s":{"a":0,"k":[100,100,100],"ix":6},"sk":{"a":0,"k":0},"p":{"a":0,"k":[170,170,0],"ix":2},"r":{"a":0,"k":0,"ix":10},"sa":{"a":0,"k":0},"o":{"a":0,"k":100,"ix":11}},"ef":[],"w":340,"h":340,"refId":"comp_0","ind":1}],"v":"5.5.10","fr":59.9400024414063,"op":359.00001462237,"ip":0,"assets":[{"nm":"","id":"comp_0","layers":[{"ty":4,"nm":"Shape Layer 6","sr":1,"st":0,"op":720.000029326201,"ip":0,"hd":true,"ddd":0,"bm":0,"hasMask":false,"ao":0,"ks":{"a":{"a":0,"k":[0.375,19.75,0],"ix":1},"s":{"a":0,"k":[100,100,100],"ix":6},"sk":{"a":0,"k":0},"p":{"a":0,"k":[170.375,196,0],"ix":2},"r":{"a":0,"k":0,"ix":10},"sa":{"a":0,"k":0},"o":{"a":0,"k":100,"ix":11}},"ef":[],"shapes":[{"ty":"gr","bm":0,"hd":false,"mn":"ADBE Vector Group","nm":"Shape 1","ix":1,"cix":2,"np":3,"it":[{"ty":"sh","bm":0,"hd":false,"mn":"ADBE Vector Shape - Group","nm":"Path 1","ix":1,"d":1,"ks":{"a":0,"k":{"c":false,"i":[[0,0],[0,0],[0,0]],"o":[[0,0],[0,0],[0,0]],"v":[[-18.25,17],[-4.75,31.5],[19,8]]},"ix":2}},{"ty":"st","bm":0,"hd":false,"mn":"ADBE Vector Graphic - Stroke","nm":"Stroke 1","lc":2,"lj":1,"ml":4,"o":{"a":0,"k":100,"ix":4},"w":{"a":0,"k":10,"ix":5},"c":{"a":0,"k":[1,1,1],"ix":3}},{"ty":"tr","a":{"a":0,"k":[0,0],"ix":1},"s":{"a":0,"k":[100,100],"ix":3},"sk":{"a":0,"k":0,"ix":4},"p":{"a":0,"k":[0,0],"ix":2},"r":{"a":0,"k":0,"ix":6},"sa":{"a":0,"k":0,"ix":5},"o":{"a":0,"k":100,"ix":7}}]},{"ty":"tm","bm":0,"hd":false,"mn":"ADBE Vector Filter - Trim","nm":"Trim Paths 1","ix":2,"e":{"a":1,"k":[{"o":{"x":0.167,"y":0.167},"i":{"x":0.833,"y":0.833},"s":[0],"t":239},{"s":[100],"t":259.000010549286}],"ix":2},"o":{"a":0,"k":0,"ix":3},"s":{"a":0,"k":0,"ix":1},"m":1}],"ind":1},{"ty":4,"nm":"Shape Layer 5","sr":1,"st":0,"op":720.000029326201,"ip":0,"hd":true,"ddd":0,"bm":0,"hasMask":false,"ao":0,"ks":{"a":{"a":0,"k":[-7.875,28.375,0],"ix":1},"s":{"a":0,"k":[100,100,100],"ix":6},"sk":{"a":0,"k":0},"p":{"a":0,"k":[170,195.25,0],"ix":2},"r":{"a":0,"k":0,"ix":10},"sa":{"a":0,"k":0},"o":{"a":1,"k":[{"o":{"x":0.167,"y":0.167},"i":{"x":0.833,"y":0.833},"s":[0],"t":170},{"s":[100],"t":176.000007168627}],"ix":11}},"ef":[],"shapes":[{"ty":"gr","bm":0,"hd":false,"mn":"ADBE Vector Group","nm":"Ellipse 1","ix":1,"cix":2,"np":3,"it":[{"ty":"el","bm":0,"hd":false,"mn":"ADBE Vector Shape - Ellipse","nm":"Ellipse Path 1","d":1,"p":{"a":0,"k":[0,0],"ix":3},"s":{"a":1,"k":[{"o":{"x":0.333,"y":0},"i":{"x":0.667,"y":1},"s":[51.45,51.45],"t":222},{"s":[73.45,73.45],"t":235.000009571746}],"ix":2}},{"ty":"st","bm":0,"hd":false,"mn":"ADBE Vector Graphic - Stroke","nm":"Stroke 1","lc":2,"lj":1,"ml":4,"o":{"a":0,"k":100,"ix":4},"w":{"a":0,"k":10,"ix":5},"c":{"a":0,"k":[1,1,1],"ix":3}},{"ty":"tr","a":{"a":0,"k":[0,0],"ix":1},"s":{"a":0,"k":[100,100],"ix":3},"sk":{"a":0,"k":0,"ix":4},"p":{"a":0,"k":[-7.875,28.375],"ix":2},"r":{"a":0,"k":0,"ix":6},"sa":{"a":0,"k":0,"ix":5},"o":{"a":0,"k":100,"ix":7}}]},{"ty":"tm","bm":0,"hd":false,"mn":"ADBE Vector Filter - Trim","nm":"Trim Paths 1","ix":2,"e":{"a":0,"k":0.1,"ix":2},"o":{"a":0,"k":85.1,"ix":3},"s":{"a":1,"k":[{"o":{"x":0.83,"y":0},"i":{"x":0.833,"y":0.833},"s":[0],"t":185},{"s":[100],"t":216.00000879786}],"ix":1},"m":1}],"ind":2},{"ty":3,"nm":"Null 1","sr":1,"st":0,"op":720.000029326201,"ip":0,"hd":false,"ddd":0,"bm":0,"hasMask":false,"ao":0,"ks":{"a":{"a":0,"k":[50,100,0],"ix":1},"s":{"a":1,"k":[{"o":{"x":0,"y":0},"i":{"x":0.262,"y":1},"s":[100,100,100],"t":140},{"o":{"x":0.558,"y":0},"i":{"x":0.317,"y":1},"s":[100,93,100],"t":146.473},{"s":[100,100,100],"t":152.000006191087}],"ix":6},"sk":{"a":0,"k":0},"p":{"a":0,"k":[220,270,0],"ix":2},"r":{"a":0,"k":0,"ix":10},"sa":{"a":0,"k":0},"o":{"a":0,"k":0,"ix":11}},"ef":[],"ind":3},{"ty":4,"nm":"Слой 5 Outlines","sr":1,"st":0,"op":720.000029326201,"ip":0,"hd":true,"ddd":0,"bm":0,"hasMask":false,"ao":0,"ks":{"a":{"a":0,"k":[63.142,28.474,0],"ix":1},"s":{"a":0,"k":[100,100,100],"ix":6},"sk":{"a":0,"k":0},"p":{"a":1,"k":[{"o":{"x":0.204,"y":0},"i":{"x":0.667,"y":1},"s":[0.138,-56.776,0],"t":25,"ti":[0,9.5,0],"to":[0,-9.5,0]},{"o":{"x":0.333,"y":0.333},"i":{"x":0.667,"y":0.667},"s":[0.138,-113.776,0],"t":49,"ti":[0,0,0],"to":[0,0,0]},{"o":{"x":1,"y":0},"i":{"x":0.839,"y":1},"s":[0.138,-113.776,0],"t":120,"ti":[0,-9.5,0],"to":[0,9.5,0]},{"s":[0.138,-56.776,0],"t":143.000005824509}],"ix":2},"r":{"a":0,"k":0,"ix":10},"sa":{"a":0,"k":0},"o":{"a":1,"k":[{"o":{"x":0.075,"y":0},"i":{"x":0.667,"y":1},"s":[100],"t":25},{"o":{"x":0.333,"y":0},"i":{"x":0.833,"y":1},"s":[0],"t":49},{"o":{"x":1,"y":0},"i":{"x":0.839,"y":1},"s":[0],"t":120},{"s":[100],"t":151.000006150356}],"ix":11}},"ef":[],"shapes":[{"ty":"gr","bm":0,"hd":false,"mn":"ADBE Vector Group","nm":"Group 1","ix":1,"cix":2,"np":2,"it":[{"ty":"sh","bm":0,"hd":false,"mn":"ADBE Vector Shape - Group","nm":"Path 1","ix":1,"d":1,"ks":{"a":0,"k":{"c":true,"i":[[12.926,0],[0,0],[0,0],[0,0],[0,2.751],[0,0]],"o":[[0,0],[0,0],[0,0],[2.751,0],[0,0],[0,-12.926]],"v":[[8.004,-19.109],[-31.446,-19.109],[-31.446,19.109],[26.466,19.109],[31.446,14.128],[31.446,4.333]]},"ix":2}},{"ty":"fl","bm":0,"hd":false,"mn":"ADBE Vector Graphic - Fill","nm":"Fill 1","c":{"a":0,"k":[0.7333,0.8627,1],"ix":4},"r":1,"o":{"a":0,"k":100,"ix":5}},{"ty":"tr","a":{"a":0,"k":[0,0],"ix":1},"s":{"a":0,"k":[100,100],"ix":3},"sk":{"a":0,"k":0,"ix":4},"p":{"a":0,"k":[94.588,37.59],"ix":2},"r":{"a":0,"k":0,"ix":6},"sa":{"a":0,"k":0,"ix":5},"o":{"a":0,"k":100,"ix":7}}]},{"ty":"gr","bm":0,"hd":false,"mn":"ADBE Vector Group","nm":"Group 2","ix":2,"cix":2,"np":2,"it":[{"ty":"sh","bm":0,"hd":false,"mn":"ADBE Vector Shape - Group","nm":"Path 1","ix":1,"d":1,"ks":{"a":0,"k":{"c":true,"i":[[12.926,0],[0,0],[0,-12.926],[0,0],[-2.751,0],[0,0],[0,2.751],[0,0]],"o":[[0,0],[-12.926,0],[0,0],[0,2.751],[0,0],[2.751,0],[0,0],[0,-12.926]],"v":[[39.45,-19.109],[-39.45,-19.109],[-62.892,4.333],[-62.892,14.128],[-57.911,19.109],[57.912,19.109],[62.892,14.128],[62.892,4.333]]},"ix":2}},{"ty":"fl","bm":0,"hd":false,"mn":"ADBE Vector Graphic - Fill","nm":"Fill 1","c":{"a":0,"k":[0.8784,0.9569,1],"ix":4},"r":1,"o":{"a":0,"k":100,"ix":5}},{"ty":"tr","a":{"a":0,"k":[0,0],"ix":1},"s":{"a":0,"k":[100,100],"ix":3},"sk":{"a":0,"k":0,"ix":4},"p":{"a":0,"k":[63.142,37.59],"ix":2},"r":{"a":0,"k":0,"ix":6},"sa":{"a":0,"k":0,"ix":5},"o":{"a":0,"k":100,"ix":7}}]},{"ty":"gr","bm":0,"hd":false,"mn":"ADBE Vector Group","nm":"Group 3","ix":3,"cix":2,"np":6,"it":[{"ty":"sh","bm":0,"hd":false,"mn":"ADBE Vector Shape - Group","nm":"Path 1","ix":1,"d":1,"ks":{"a":0,"k":{"c":true,"i":[[0,0],[0,0],[0,0],[2.64,0],[0,0],[0,-2.639]],"o":[[0,0],[0,0],[0,-2.639],[0,0],[-2.639,0],[0,0]],"v":[[-13.883,4.135],[13.882,4.135],[13.882,0.649],[9.096,-4.136],[-9.097,-4.136],[-13.883,0.649]]},"ix":2}},{"ty":"sh","bm":0,"hd":false,"mn":"ADBE Vector Shape - Group","nm":"Path 2","ix":2,"d":1,"ks":{"a":0,"k":{"c":true,"i":[[2.751,0],[0,0],[0,2.751],[0,0],[-8.132,0],[0,0],[0,-8.131],[0,0]],"o":[[0,0],[-2.751,0],[0,0],[0,-8.131],[0,0],[8.133,0],[0,0],[0,2.751]],"v":[[18.863,14.096],[-18.863,14.096],[-23.843,9.115],[-23.843,0.649],[-9.097,-14.097],[9.096,-14.097],[23.843,0.649],[23.843,9.115]]},"ix":2}},{"ty":"fl","bm":0,"hd":false,"mn":"ADBE Vector Graphic - Fill","nm":"Fill 1","c":{"a":0,"k":[0.0118,0.5176,1],"ix":4},"r":1,"o":{"a":0,"k":100,"ix":5}},{"ty":"tr","a":{"a":0,"k":[0,0],"ix":1},"s":{"a":0,"k":[100,100],"ix":3},"sk":{"a":0,"k":0,"ix":4},"p":{"a":0,"k":[63.143,14.347],"ix":2},"r":{"a":0,"k":0,"ix":6},"sa":{"a":0,"k":0,"ix":5},"o":{"a":0,"k":100,"ix":7}}]}],"ind":4,"parent":3},{"ty":4,"nm":"Слой 4 Outlines","sr":1,"st":0,"op":720.000029326201,"ip":0,"hd":false,"ddd":0,"bm":0,"hasMask":false,"ao":0,"ks":{"a":{"a":0,"k":[8.596,8.597,0],"ix":1},"s":{"a":1,"k":[{"o":{"x":0.333,"y":0},"i":{"x":0.667,"y":1},"s":[100,100,100],"t":9},{"o":{"x":0.333,"y":0},"i":{"x":0.667,"y":1},"s":[30,30,100],"t":48.843},{"o":{"x":0.333,"y":0},"i":{"x":0.667,"y":1},"s":[100,100,100],"t":84.25},{"o":{"x":0.333,"y":0},"i":{"x":0.667,"y":1},"s":[30,30,100],"t":126.783},{"o":{"x":0.333,"y":0},"i":{"x":0.667,"y":1},"s":[100,100,100],"t":162.193},{"o":{"x":0.333,"y":0},"i":{"x":0.667,"y":1},"s":[30,30,100],"t":205.305},{"o":{"x":0.333,"y":0},"i":{"x":0.667,"y":1},"s":[100,100,100],"t":240.71},{"o":{"x":0.333,"y":0},"i":{"x":0.667,"y":1},"s":[30,30,100],"t":280.558},{"o":{"x":0.333,"y":0},"i":{"x":0.667,"y":1},"s":[100,100,100],"t":315.96},{"o":{"x":0.333,"y":0},"i":{"x":0.667,"y":1},"s":[30,30,100],"t":359.075},{"s":[100,100,100],"t":394.485016067703}],"ix":6},"sk":{"a":0,"k":0},"p":{"a":0,"k":[93.5,97.5,0],"ix":2},"r":{"a":0,"k":0,"ix":10},"sa":{"a":0,"k":0},"o":{"a":0,"k":100,"ix":11}},"ef":[],"shapes":[{"ty":"gr","bm":0,"hd":false,"mn":"ADBE Vector Group","nm":"Group 1","ix":1,"cix":2,"np":2,"it":[{"ty":"sh","bm":0,"hd":false,"mn":"ADBE Vector Shape - Group","nm":"Path 1","ix":1,"d":1,"ks":{"a":0,"k":{"c":true,"i":[[0,0],[-0.31,-0.898],[0,0],[-0.872,-0.301],[0,0],[0.898,-0.311],[0,0],[0.301,-0.872],[0,0],[0.31,0.899],[0,0],[0.871,0.3],[0,0],[-0.898,0.31],[0,0],[-0.301,0.871]],"o":[[0.31,-0.898],[0,0],[0.301,0.871],[0,0],[0.898,0.31],[0,0],[-0.872,0.3],[0,0],[-0.31,0.899],[0,0],[-0.301,-0.872],[0,0],[-0.898,-0.311],[0,0],[0.871,-0.301],[0,0]],"v":[[-0.945,-5.699],[0.945,-5.699],[1.689,-3.546],[3.546,-1.689],[5.699,-0.946],[5.699,0.946],[3.546,1.689],[1.689,3.546],[0.945,5.698],[-0.945,5.698],[-1.689,3.546],[-3.546,1.689],[-5.699,0.946],[-5.699,-0.946],[-3.546,-1.689],[-1.689,-3.546]]},"ix":2}},{"ty":"st","bm":0,"hd":false,"mn":"ADBE Vector Graphic - Stroke","nm":"Stroke 1","lc":1,"lj":1,"ml":4,"o":{"a":0,"k":100,"ix":4},"w":{"a":0,"k":2,"ix":5},"c":{"a":0,"k":[0.0118,0.5176,1],"ix":3}},{"ty":"tr","a":{"a":0,"k":[0,0],"ix":1},"s":{"a":0,"k":[100,100],"ix":3},"sk":{"a":0,"k":0,"ix":4},"p":{"a":0,"k":[8.596,8.597],"ix":2},"r":{"a":0,"k":0,"ix":6},"sa":{"a":0,"k":0,"ix":5},"o":{"a":0,"k":100,"ix":7}}]}],"ind":5},{"ty":4,"nm":"Слой 3 Outlines","sr":1,"st":0,"op":720.000029326201,"ip":0,"hd":false,"ddd":0,"bm":0,"hasMask":false,"ao":0,"ks":{"a":{"a":0,"k":[5.606,5.605,0],"ix":1},"s":{"a":1,"k":[{"o":{"x":0.333,"y":0},"i":{"x":0.667,"y":1},"s":[100,100,100],"t":30.515},{"o":{"x":0.333,"y":0},"i":{"x":0.667,"y":1},"s":[30,30,100],"t":70.358},{"o":{"x":0.333,"y":0},"i":{"x":0.667,"y":1},"s":[100,100,100],"t":105.765},{"o":{"x":0.333,"y":0},"i":{"x":0.667,"y":1},"s":[30,30,100],"t":148.298},{"o":{"x":0.333,"y":0},"i":{"x":0.667,"y":1},"s":[100,100,100],"t":183.708},{"o":{"x":0.333,"y":0},"i":{"x":0.667,"y":1},"s":[30,30,100],"t":226.82},{"o":{"x":0.333,"y":0},"i":{"x":0.667,"y":1},"s":[100,100,100],"t":262.225},{"o":{"x":0.333,"y":0},"i":{"x":0.667,"y":1},"s":[30,30,100],"t":302.073},{"o":{"x":0.333,"y":0},"i":{"x":0.667,"y":1},"s":[100,100,100],"t":337.475},{"o":{"x":0.333,"y":0},"i":{"x":0.667,"y":1},"s":[30,30,100],"t":380.59},{"s":[100,100,100],"t":416.000016944027}],"ix":6},"sk":{"a":0,"k":0},"p":{"a":0,"k":[97.499,160.5,0],"ix":2},"r":{"a":0,"k":0,"ix":10},"sa":{"a":0,"k":0},"o":{"a":0,"k":100,"ix":11}},"ef":[],"shapes":[{"ty":"gr","bm":0,"hd":false,"mn":"ADBE Vector Group","nm":"Group 1","ix":1,"cix":2,"np":2,"it":[{"ty":"sh","bm":0,"hd":false,"mn":"ADBE Vector Shape - Group","nm":"Path 1","ix":1,"d":1,"ks":{"a":0,"k":{"c":true,"i":[[0,0],[-0.202,-0.585],[0,0],[-0.568,-0.196],[0,0],[0.585,-0.203],[0,0],[0.196,-0.568],[0,0],[0.203,0.585],[0,0],[0.568,0.197],[0,0],[-0.586,0.202],[0,0],[-0.197,0.568]],"o":[[0.203,-0.585],[0,0],[0.196,0.568],[0,0],[0.585,0.202],[0,0],[-0.568,0.197],[0,0],[-0.202,0.585],[0,0],[-0.197,-0.568],[0,0],[-0.586,-0.203],[0,0],[0.568,-0.196],[0,0]],"v":[[-0.616,-3.717],[0.617,-3.717],[1.102,-2.313],[2.313,-1.102],[3.717,-0.617],[3.717,0.617],[2.313,1.1],[1.102,2.311],[0.617,3.717],[-0.616,3.717],[-1.1,2.311],[-2.311,1.1],[-3.716,0.617],[-3.716,-0.617],[-2.311,-1.102],[-1.1,-2.313]]},"ix":2}},{"ty":"st","bm":0,"hd":false,"mn":"ADBE Vector Graphic - Stroke","nm":"Stroke 1","lc":1,"lj":1,"ml":4,"o":{"a":0,"k":100,"ix":4},"w":{"a":0,"k":1.304,"ix":5},"c":{"a":0,"k":[0.0118,0.5176,1],"ix":3}},{"ty":"tr","a":{"a":0,"k":[0,0],"ix":1},"s":{"a":0,"k":[100,100],"ix":3},"sk":{"a":0,"k":0,"ix":4},"p":{"a":0,"k":[5.606,5.605],"ix":2},"r":{"a":0,"k":0,"ix":6},"sa":{"a":0,"k":0,"ix":5},"o":{"a":0,"k":100,"ix":7}}]}],"ind":6},{"ty":4,"nm":"Слой 2 Outlines","sr":1,"st":0,"op":720.000029326201,"ip":0,"hd":false,"ddd":0,"bm":0,"hasMask":false,"ao":0,"ks":{"a":{"a":0,"k":[9.344,9.344,0],"ix":1},"s":{"a":1,"k":[{"o":{"x":0.167,"y":0.167},"i":{"x":0.667,"y":1},"s":[100,100,100],"t":-7.87},{"o":{"x":0.333,"y":0},"i":{"x":0.667,"y":1},"s":[30,30,100],"t":26.34},{"o":{"x":0.333,"y":0},"i":{"x":0.667,"y":1},"s":[100,100,100],"t":61.748},{"o":{"x":0.333,"y":0},"i":{"x":0.667,"y":1},"s":[30,30,100],"t":104.28},{"o":{"x":0.333,"y":0},"i":{"x":0.667,"y":1},"s":[100,100,100],"t":139.693},{"o":{"x":0.333,"y":0},"i":{"x":0.667,"y":1},"s":[30,30,100],"t":182.803},{"o":{"x":0.333,"y":0},"i":{"x":0.667,"y":1},"s":[100,100,100],"t":218.21},{"o":{"x":0.333,"y":0},"i":{"x":0.667,"y":1},"s":[30,30,100],"t":258.055},{"o":{"x":0.333,"y":0},"i":{"x":0.667,"y":1},"s":[100,100,100],"t":293.458},{"o":{"x":0.333,"y":0},"i":{"x":0.667,"y":1},"s":[30,30,100],"t":336.573},{"s":[100,100,100],"t":371.982515151158}],"ix":6},"sk":{"a":0,"k":0},"p":{"a":0,"k":[245.5,125.5,0],"ix":2},"r":{"a":0,"k":0,"ix":10},"sa":{"a":0,"k":0},"o":{"a":0,"k":100,"ix":11}},"ef":[],"shapes":[{"ty":"gr","bm":0,"hd":false,"mn":"ADBE Vector Group","nm":"Group 1","ix":1,"cix":2,"np":2,"it":[{"ty":"sh","bm":0,"hd":false,"mn":"ADBE Vector Shape - Group","nm":"Path 1","ix":1,"d":1,"ks":{"a":0,"k":{"c":true,"i":[[0,0],[-0.337,-0.976],[0,0],[-0.946,-0.327],[0,0],[0.975,-0.337],[0,0],[0.327,-0.946],[0,0],[0.337,0.976],[0,0],[0.946,0.327],[0,0],[-0.976,0.336],[0,0],[-0.327,0.947]],"o":[[0.337,-0.976],[0,0],[0.327,0.947],[0,0],[0.975,0.336],[0,0],[-0.946,0.327],[0,0],[-0.337,0.976],[0,0],[-0.327,-0.946],[0,0],[-0.976,-0.337],[0,0],[0.946,-0.327],[0,0]],"v":[[-1.027,-6.194],[1.028,-6.194],[1.835,-3.854],[3.854,-1.836],[6.195,-1.027],[6.195,1.027],[3.854,1.835],[1.835,3.853],[1.028,6.194],[-1.027,6.194],[-1.835,3.853],[-3.853,1.835],[-6.194,1.027],[-6.194,-1.027],[-3.853,-1.836],[-1.835,-3.854]]},"ix":2}},{"ty":"st","bm":0,"hd":false,"mn":"ADBE Vector Graphic - Stroke","nm":"Stroke 1","lc":1,"lj":1,"ml":4,"o":{"a":0,"k":100,"ix":4},"w":{"a":0,"k":2.174,"ix":5},"c":{"a":0,"k":[0.0118,0.5176,1],"ix":3}},{"ty":"tr","a":{"a":0,"k":[0,0],"ix":1},"s":{"a":0,"k":[100,100],"ix":3},"sk":{"a":0,"k":0,"ix":4},"p":{"a":0,"k":[9.344,9.344],"ix":2},"r":{"a":0,"k":0,"ix":6},"sa":{"a":0,"k":0,"ix":5},"o":{"a":0,"k":100,"ix":7}}]}],"ind":7},{"ty":4,"nm":"Слой 1 Outlines","sr":1,"st":0,"op":720.000029326201,"ip":0,"hd":true,"ddd":0,"bm":0,"hasMask":false,"ao":0,"ks":{"a":{"a":0,"k":[56.193,123.762,0],"ix":1},"s":{"a":0,"k":[100,100,100],"ix":6},"sk":{"a":0,"k":0},"p":{"a":0,"k":[0.138,85,0],"ix":2},"r":{"a":0,"k":0,"ix":10},"sa":{"a":0,"k":0},"o":{"a":0,"k":100,"ix":11}},"ef":[],"shapes":[{"ty":"gr","bm":0,"hd":false,"mn":"ADBE Vector Group","nm":"Group 1","ix":1,"cix":2,"np":2,"it":[{"ty":"sh","bm":0,"hd":false,"mn":"ADBE Vector Shape - Group","nm":"Path 1","ix":1,"d":1,"ks":{"a":1,"k":[{"o":{"x":0.333,"y":0},"i":{"x":0.44,"y":1},"s":[{"c":true,"i":[[2.751,0],[0,2.75],[0,0],[-2.75,0],[0,-2.751],[0,0]],"o":[[-2.75,0],[0,0],[0,-2.751],[2.751,0],[0,0],[0,2.75]],"v":[[0.001,34.396],[-4.98,29.417],[-4.98,-29.415],[0.001,-34.396],[4.98,-29.415],[4.98,29.417]]}],"t":168},{"s":[{"c":true,"i":[[2.751,0],[0,2.75],[0,0],[-2.75,0],[0,-2.751],[0,0]],"o":[[-2.75,0],[0,0],[0,-2.751],[2.751,0],[0,0],[0,2.75]],"v":[[-0.037,5.146],[-5.018,0.167],[-5.034,-0.165],[-0.053,-5.146],[4.926,-0.165],[4.942,0.167]]}],"t":181.000007372281}],"ix":2}},{"ty":"fl","bm":0,"hd":false,"mn":"ADBE Vector Graphic - Fill","nm":"Fill 1","c":{"a":0,"k":[1,1,1],"ix":4},"r":1,"o":{"a":0,"k":100,"ix":5}},{"ty":"tr","a":{"a":0,"k":[0,0],"ix":1},"s":{"a":0,"k":[100,100],"ix":3},"sk":{"a":0,"k":0,"ix":4},"p":{"a":0,"k":[81.674,62.006],"ix":2},"r":{"a":0,"k":0,"ix":6},"sa":{"a":0,"k":0,"ix":5},"o":{"a":1,"k":[{"o":{"x":0.167,"y":0.167},"i":{"x":0.833,"y":0.833},"s":[100],"t":180},{"s":[0],"t":186.000007575935}],"ix":7}}]},{"ty":"gr","bm":0,"hd":false,"mn":"ADBE Vector Group","nm":"Group 6","ix":2,"cix":2,"np":2,"it":[{"ty":"gr","bm":0,"hd":false,"mn":"ADBE Vector Group","nm":"Group 2","ix":1,"cix":2,"np":2,"it":[{"ty":"sh","bm":0,"hd":false,"mn":"ADBE Vector Shape - Group","nm":"Path 1","ix":1,"d":1,"ks":{"a":0,"k":{"c":true,"i":[[0,2.751],[0,0],[2.751,0],[0,0]],"o":[[0,0],[0,-2.751],[0,0],[2.751,0]],"v":[[2.49,29.417],[2.49,-29.415],[-2.49,-34.396],[-2.49,34.396]]},"ix":2}},{"ty":"fl","bm":0,"hd":false,"mn":"ADBE Vector Graphic - Fill","nm":"Fill 1","c":{"a":0,"k":[1,1,1],"ix":4},"r":1,"o":{"a":0,"k":100,"ix":5}},{"ty":"tr","a":{"a":0,"k":[0,0],"ix":1},"s":{"a":0,"k":[100,100],"ix":3},"sk":{"a":0,"k":0,"ix":4},"p":{"a":0,"k":[58.684,62.005],"ix":2},"r":{"a":0,"k":0,"ix":6},"sa":{"a":0,"k":0,"ix":5},"o":{"a":0,"k":100,"ix":7}}]},{"ty":"gr","bm":0,"hd":false,"mn":"ADBE Vector Group","nm":"Group 3","ix":2,"cix":2,"np":2,"it":[{"ty":"sh","bm":0,"hd":false,"mn":"ADBE Vector Shape - Group","nm":"Path 1","ix":1,"d":1,"ks":{"a":0,"k":{"c":true,"i":[[2.751,0],[0,2.75],[0,0],[-2.75,0],[0,-2.751],[0,0]],"o":[[-2.75,0],[0,0],[0,-2.751],[2.751,0],[0,0],[0,2.75]],"v":[[0,34.396],[-4.98,29.417],[-4.98,-29.415],[0,-34.396],[4.98,-29.415],[4.98,29.417]]},"ix":2}},{"ty":"fl","bm":0,"hd":false,"mn":"ADBE Vector Graphic - Fill","nm":"Fill 1","c":{"a":0,"k":[1,1,1],"ix":4},"r":1,"o":{"a":0,"k":100,"ix":5}},{"ty":"tr","a":{"a":0,"k":[0,0],"ix":1},"s":{"a":0,"k":[100,100],"ix":3},"sk":{"a":0,"k":0,"ix":4},"p":{"a":0,"k":[56.193,62.006],"ix":2},"r":{"a":0,"k":0,"ix":6},"sa":{"a":0,"k":0,"ix":5},"o":{"a":0,"k":100,"ix":7}}]},{"ty":"tr","a":{"a":0,"k":[56.193,62.006],"ix":1},"s":{"a":1,"k":[{"o":{"x":0.333,"y":0},"i":{"x":0.44,"y":1},"s":[100,100],"t":157},{"s":[100,5],"t":167.000006802049}],"ix":3},"sk":{"a":0,"k":0,"ix":4},"p":{"a":0,"k":[56.193,62.006],"ix":2},"r":{"a":0,"k":0,"ix":6},"sa":{"a":0,"k":0,"ix":5},"o":{"a":1,"k":[{"o":{"x":0.333,"y":0},"i":{"x":0.44,"y":1},"s":[100],"t":157},{"s":[0],"t":167.000006802049}],"ix":7}}]},{"ty":"gr","bm":0,"hd":false,"mn":"ADBE Vector Group","nm":"Group 4","ix":3,"cix":2,"np":2,"it":[{"ty":"sh","bm":0,"hd":false,"mn":"ADBE Vector Shape - Group","nm":"Path 1","ix":1,"d":1,"ks":{"a":0,"k":{"c":true,"i":[[2.75,0],[0,2.75],[0,0],[-2.751,0],[0,-2.751],[0,0]],"o":[[-2.751,0],[0,0],[0,-2.751],[2.75,0],[0,0],[0,2.75]],"v":[[0,34.396],[-4.98,29.417],[-4.98,-29.415],[0,-34.396],[4.98,-29.415],[4.98,29.417]]},"ix":2}},{"ty":"fl","bm":0,"hd":false,"mn":"ADBE Vector Graphic - Fill","nm":"Fill 1","c":{"a":0,"k":[1,1,1],"ix":4},"r":1,"o":{"a":0,"k":100,"ix":5}},{"ty":"tr","a":{"a":0,"k":[0,0],"ix":1},"s":{"a":1,"k":[{"o":{"x":0.333,"y":0},"i":{"x":0.44,"y":1},"s":[100,100],"t":150},{"s":[100,5],"t":160.000006516934}],"ix":3},"sk":{"a":0,"k":0,"ix":4},"p":{"a":0,"k":[30.712,62.006],"ix":2},"r":{"a":0,"k":0,"ix":6},"sa":{"a":0,"k":0,"ix":5},"o":{"a":1,"k":[{"o":{"x":0.333,"y":0},"i":{"x":0.44,"y":1},"s":[100],"t":150},{"s":[0],"t":160.000006516934}],"ix":7}}]},{"ty":"gr","bm":0,"hd":false,"mn":"ADBE Vector Group","nm":"Group 5","ix":4,"cix":2,"np":4,"it":[{"ty":"sh","bm":0,"hd":false,"mn":"ADBE Vector Shape - Group","nm":"Path 1","ix":1,"d":1,"ks":{"a":0,"k":{"c":true,"i":[[2.751,0],[0,0],[0,-2.751],[0,0],[-8.128,0],[0,0],[0,8.129],[0,0]],"o":[[0,0],[-2.751,0],[0,0],[0,8.129],[0,0],[8.129,0],[0,0],[0,-2.751]],"v":[[50.964,-61.756],[-50.964,-61.756],[-55.943,-56.776],[-55.943,47.013],[-41.202,61.756],[41.202,61.756],[55.943,47.013],[55.943,-56.776]]},"ix":2}},{"ty":"fl","bm":0,"hd":false,"mn":"ADBE Vector Graphic - Fill","nm":"Fill 1","c":{"a":0,"k":[0.0118,0.5176,1],"ix":4},"r":1,"o":{"a":0,"k":100,"ix":5}},{"ty":"tr","a":{"a":0,"k":[0,0],"ix":1},"s":{"a":0,"k":[100,100],"ix":3},"sk":{"a":0,"k":0,"ix":4},"p":{"a":0,"k":[56.193,62.006],"ix":2},"r":{"a":0,"k":0,"ix":6},"sa":{"a":0,"k":0,"ix":5},"o":{"a":0,"k":100,"ix":7}}]}],"ind":8,"parent":3},{"ty":4,"nm":"Shape Layer 4","sr":1,"st":0,"op":720.000029326201,"ip":0,"hd":true,"ddd":0,"bm":0,"hasMask":false,"ao":0,"ks":{"a":{"a":0,"k":[0,0,0],"ix":1},"s":{"a":0,"k":[100,100,100],"ix":6},"sk":{"a":0,"k":0},"p":{"a":0,"k":[170,170,0],"ix":2},"r":{"a":0,"k":-10,"ix":10},"sa":{"a":0,"k":0},"o":{"a":1,"k":[{"o":{"x":0.167,"y":0.167},"i":{"x":0.833,"y":0.833},"s":[0],"t":101.693},{"s":[100],"t":118.025004807257}],"ix":11}},"ef":[],"shapes":[{"ty":"gr","bm":0,"hd":false,"mn":"ADBE Vector Group","nm":"Shape 1","ix":1,"cix":2,"np":4,"it":[{"ty":"sh","bm":0,"hd":false,"mn":"ADBE Vector Shape - Group","nm":"Path 1","ix":1,"d":1,"ks":{"a":0,"k":{"c":false,"i":[[0,0],[-18.527,-24.988]],"o":[[0,0],[9.858,13.295]],"v":[[59.303,-67.593],[28.675,-9.524]]},"ix":2}},{"ty":"tm","bm":0,"hd":false,"mn":"ADBE Vector Filter - Trim","nm":"Trim Paths 1","ix":2,"e":{"a":1,"k":[{"o":{"x":0.267,"y":0},"i":{"x":0.504,"y":1},"s":[0.1],"t":97.795},{"s":[99.9],"t":138.000005620855}],"ix":2},"o":{"a":0,"k":0,"ix":3},"s":{"a":1,"k":[{"o":{"x":0.267,"y":0},"i":{"x":0.504,"y":1},"s":[0],"t":102.82},{"s":[100],"t":143.025005825528}],"ix":1},"m":1},{"ty":"st","bm":0,"hd":false,"mn":"ADBE Vector Graphic - Stroke","nm":"Stroke 1","lc":2,"lj":1,"ml":4,"o":{"a":0,"k":100,"ix":4},"w":{"a":0,"k":8,"ix":5},"c":{"a":0,"k":[0.0118,0.5176,1],"ix":3}},{"ty":"tr","a":{"a":0,"k":[0,0],"ix":1},"s":{"a":0,"k":[100,100],"ix":3},"sk":{"a":0,"k":0,"ix":4},"p":{"a":0,"k":[0,0],"ix":2},"r":{"a":0,"k":0,"ix":6},"sa":{"a":0,"k":0,"ix":5},"o":{"a":0,"k":100,"ix":7}}]}],"ind":9},{"ty":4,"nm":"Shape Layer 3","sr":1,"st":0,"op":720.000029326201,"ip":0,"hd":true,"ddd":0,"bm":0,"hasMask":false,"ao":0,"ks":{"a":{"a":0,"k":[0,0,0],"ix":1},"s":{"a":0,"k":[100,100,100],"ix":6},"sk":{"a":0,"k":0},"p":{"a":0,"k":[170,170,0],"ix":2},"r":{"a":0,"k":-38,"ix":10},"sa":{"a":0,"k":0},"o":{"a":1,"k":[{"o":{"x":0.167,"y":0.167},"i":{"x":0.833,"y":0.833},"s":[0],"t":90.693},{"s":[100],"t":107.025004359218}],"ix":11}},"ef":[],"shapes":[{"ty":"gr","bm":0,"hd":false,"mn":"ADBE Vector Group","nm":"Shape 1","ix":1,"cix":2,"np":4,"it":[{"ty":"sh","bm":0,"hd":false,"mn":"ADBE Vector Shape - Group","nm":"Path 1","ix":1,"d":1,"ks":{"a":0,"k":{"c":false,"i":[[0,0],[23.173,-15.551]],"o":[[0,0],[-13.743,9.223]],"v":[[39.984,-67.445],[9.311,-17.762]]},"ix":2}},{"ty":"tm","bm":0,"hd":false,"mn":"ADBE Vector Filter - Trim","nm":"Trim Paths 1","ix":2,"e":{"a":1,"k":[{"o":{"x":0.267,"y":0},"i":{"x":0.504,"y":1},"s":[0.1],"t":86.795},{"s":[99.9],"t":127.000005172816}],"ix":2},"o":{"a":0,"k":0,"ix":3},"s":{"a":1,"k":[{"o":{"x":0.267,"y":0},"i":{"x":0.504,"y":1},"s":[0],"t":91.82},{"s":[100],"t":132.025005377488}],"ix":1},"m":1},{"ty":"st","bm":0,"hd":false,"mn":"ADBE Vector Graphic - Stroke","nm":"Stroke 1","lc":2,"lj":1,"ml":4,"o":{"a":0,"k":100,"ix":4},"w":{"a":0,"k":8,"ix":5},"c":{"a":0,"k":[0.0118,0.5176,1],"ix":3}},{"ty":"tr","a":{"a":0,"k":[0,0],"ix":1},"s":{"a":0,"k":[100,100],"ix":3},"sk":{"a":0,"k":0,"ix":4},"p":{"a":0,"k":[0,0],"ix":2},"r":{"a":0,"k":0,"ix":6},"sa":{"a":0,"k":0,"ix":5},"o":{"a":0,"k":100,"ix":7}}]}],"ind":10},{"ty":4,"nm":"Shape Layer 2","sr":1,"st":0,"op":720.000029326201,"ip":0,"hd":true,"ddd":0,"bm":0,"hasMask":false,"ao":0,"ks":{"a":{"a":0,"k":[0,0,0],"ix":1},"s":{"a":0,"k":[100,100,100],"ix":6},"sk":{"a":0,"k":0},"p":{"a":0,"k":[185,170,0],"ix":2},"r":{"a":0,"k":-70,"ix":10},"sa":{"a":0,"k":0},"o":{"a":1,"k":[{"o":{"x":0.167,"y":0.167},"i":{"x":0.833,"y":0.833},"s":[0],"t":73},{"s":[100],"t":86.0000035028518}],"ix":11}},"ef":[],"shapes":[{"ty":"gr","bm":0,"hd":false,"mn":"ADBE Vector Group","nm":"Shape 1","ix":1,"cix":2,"np":4,"it":[{"ty":"sh","bm":0,"hd":false,"mn":"ADBE Vector Shape - Group","nm":"Path 1","ix":1,"d":1,"ks":{"a":0,"k":{"c":false,"i":[[0,0],[-8.75,-26.5]],"o":[[0,0],[3.088,9.352]],"v":[[52.5,-75.75],[12.5,-22.25]]},"ix":2}},{"ty":"tm","bm":0,"hd":false,"mn":"ADBE Vector Filter - Trim","nm":"Trim Paths 1","ix":2,"e":{"a":1,"k":[{"o":{"x":0.267,"y":0},"i":{"x":0.504,"y":1},"s":[0.1],"t":76},{"s":[99.9],"t":108.00000439893}],"ix":2},"o":{"a":0,"k":0,"ix":3},"s":{"a":1,"k":[{"o":{"x":0.267,"y":0},"i":{"x":0.504,"y":1},"s":[0],"t":80},{"s":[100],"t":112.000004561854}],"ix":1},"m":1},{"ty":"st","bm":0,"hd":false,"mn":"ADBE Vector Graphic - Stroke","nm":"Stroke 1","lc":2,"lj":1,"ml":4,"o":{"a":0,"k":100,"ix":4},"w":{"a":0,"k":8,"ix":5},"c":{"a":0,"k":[0.0118,0.5176,1],"ix":3}},{"ty":"tr","a":{"a":0,"k":[0,0],"ix":1},"s":{"a":0,"k":[100,100],"ix":3},"sk":{"a":0,"k":0,"ix":4},"p":{"a":0,"k":[0,0],"ix":2},"r":{"a":0,"k":0,"ix":6},"sa":{"a":0,"k":0,"ix":5},"o":{"a":0,"k":100,"ix":7}}]}],"ind":11},{"ty":4,"nm":"Shape Layer 1","sr":1,"st":0,"op":720.000029326201,"ip":0,"hd":true,"ddd":0,"bm":0,"hasMask":false,"ao":0,"ks":{"a":{"a":0,"k":[0,0,0],"ix":1},"s":{"a":0,"k":[100,100,100],"ix":6},"sk":{"a":0,"k":0},"p":{"a":0,"k":[170,170,0],"ix":2},"r":{"a":0,"k":0,"ix":10},"sa":{"a":0,"k":0},"o":{"a":1,"k":[{"o":{"x":0.167,"y":0.167},"i":{"x":0.833,"y":0.833},"s":[0],"t":64},{"s":[100],"t":77.0000031362743}],"ix":11}},"ef":[],"shapes":[{"ty":"gr","bm":0,"hd":false,"mn":"ADBE Vector Group","nm":"Shape 1","ix":1,"cix":2,"np":4,"it":[{"ty":"sh","bm":0,"hd":false,"mn":"ADBE Vector Shape - Group","nm":"Path 1","ix":1,"d":1,"ks":{"a":0,"k":{"c":false,"i":[[0,0],[-8.75,-26.5]],"o":[[0,0],[3.088,9.352]],"v":[[52.5,-75.75],[12.5,-22.25]]},"ix":2}},{"ty":"tm","bm":0,"hd":false,"mn":"ADBE Vector Filter - Trim","nm":"Trim Paths 1","ix":2,"e":{"a":1,"k":[{"o":{"x":0.267,"y":0},"i":{"x":0.504,"y":1},"s":[0.1],"t":67},{"s":[99.9],"t":99.0000040323527}],"ix":2},"o":{"a":0,"k":0,"ix":3},"s":{"a":1,"k":[{"o":{"x":0.267,"y":0},"i":{"x":0.504,"y":1},"s":[0],"t":71},{"s":[100],"t":103.000004195276}],"ix":1},"m":1},{"ty":"st","bm":0,"hd":false,"mn":"ADBE Vector Graphic - Stroke","nm":"Stroke 1","lc":2,"lj":1,"ml":4,"o":{"a":0,"k":100,"ix":4},"w":{"a":0,"k":8,"ix":5},"c":{"a":0,"k":[0.0118,0.5176,1],"ix":3}},{"ty":"tr","a":{"a":0,"k":[0,0],"ix":1},"s":{"a":0,"k":[100,100],"ix":3},"sk":{"a":0,"k":0,"ix":4},"p":{"a":0,"k":[0,0],"ix":2},"r":{"a":0,"k":0,"ix":6},"sa":{"a":0,"k":0,"ix":5},"o":{"a":0,"k":100,"ix":7}}]}],"ind":12}]}]}