{"v":"5.5.6","fr":30,"ip":0,"op":32,"w":1090,"h":200,"nm":"Comp 1","ddd":0,"assets":[{"id":"image_0","w":27,"h":54,"u":"images/","p":"img_0.png","e":0},{"id":"image_1","w":334,"h":43,"u":"images/","p":"img_1.png","e":0},{"id":"image_2","w":1068,"h":150,"u":"images/","p":"img_2.png","e":0}],"layers":[{"ddd":0,"ind":1,"ty":2,"nm":"right-arrow (2).png","cl":"png","refId":"image_0","sr":1,"ks":{"o":{"a":1,"k":[{"i":{"x":[0.833],"y":[0.833]},"o":{"x":[0.167],"y":[0.167]},"t":0,"s":[26]},{"i":{"x":[0.833],"y":[0.833]},"o":{"x":[0.167],"y":[0.167]},"t":7,"s":[71]},{"t":16,"s":[26]}],"ix":11},"r":{"a":0,"k":0,"ix":10},"p":{"a":1,"k":[{"i":{"x":0.833,"y":0.833},"o":{"x":0.167,"y":0.167},"t":0,"s":[864.39,101.64,0],"to":[1.059,0,0],"ti":[0,0,0]},{"i":{"x":0.833,"y":0.833},"o":{"x":0.167,"y":0.167},"t":7,"s":[870.745,101.64,0],"to":[0,0,0],"ti":[1.059,0,0]},{"t":16,"s":[864.39,101.64,0]}],"ix":2},"a":{"a":0,"k":[13.5,27,0],"ix":1},"s":{"a":0,"k":[46.74,46.74,100],"ix":6}},"ao":0,"ip":0,"op":35,"st":0,"bm":0},{"ddd":0,"ind":2,"ty":2,"nm":"right-arrow (2).png","cl":"png","refId":"image_0","sr":1,"ks":{"o":{"a":1,"k":[{"i":{"x":[0.833],"y":[0.833]},"o":{"x":[0.167],"y":[0.167]},"t":7,"s":[71]},{"i":{"x":[0.833],"y":[0.833]},"o":{"x":[0.167],"y":[0.167]},"t":16,"s":[100]},{"t":22,"s":[71]}],"ix":11},"r":{"a":0,"k":0,"ix":10},"p":{"a":1,"k":[{"i":{"x":0.833,"y":0.833},"o":{"x":0.167,"y":0.167},"t":7,"s":[886.53,101.64,0],"to":[1.093,0,0],"ti":[0,0,0]},{"i":{"x":0.833,"y":0.833},"o":{"x":0.167,"y":0.167},"t":16,"s":[893.09,101.64,0],"to":[0,0,0],"ti":[1.093,0,0]},{"t":22,"s":[886.53,101.64,0]}],"ix":2},"a":{"a":0,"k":[13.5,27,0],"ix":1},"s":{"a":0,"k":[67.24,67.24,100],"ix":6}},"ao":0,"ip":0,"op":264,"st":0,"bm":0},{"ddd":0,"ind":3,"ty":2,"nm":"right-arrow (2).png","cl":"png","refId":"image_0","sr":1,"ks":{"o":{"a":0,"k":100,"ix":11},"r":{"a":0,"k":0,"ix":10},"p":{"a":1,"k":[{"i":{"x":0.833,"y":0.833},"o":{"x":0.167,"y":0.167},"t":16,"s":[913.385,101.64,0],"to":[2.46,0,0],"ti":[0,0,0]},{"i":{"x":0.833,"y":0.833},"o":{"x":0.167,"y":0.167},"t":22,"s":[928.145,101.64,0],"to":[0,0,0],"ti":[2.46,0,0]},{"t":32,"s":[913.385,101.64,0]}],"ix":2},"a":{"a":0,"k":[13.5,27,0],"ix":1},"s":{"a":0,"k":[82,82,100],"ix":6}},"ao":0,"ip":0,"op":264,"st":0,"bm":0},{"ddd":0,"ind":4,"ty":2,"nm":"Let’s Start.png","cl":"png","refId":"image_1","sr":1,"ks":{"o":{"a":0,"k":100,"ix":11},"r":{"a":0,"k":0,"ix":10},"p":{"a":0,"k":[545,100,0],"ix":2},"a":{"a":0,"k":[167,21.5,0],"ix":1},"s":{"a":1,"k":[{"i":{"x":[0.833,0.833,0.833],"y":[0.833,0.833,0.833]},"o":{"x":[0.167,0.167,0.167],"y":[0.167,0.167,0.167]},"t":0,"s":[82,82,100]},{"i":{"x":[0.833,0.833,0.833],"y":[0.833,0.833,0.833]},"o":{"x":[0.167,0.167,0.167],"y":[0.167,0.167,0.167]},"t":16,"s":[88.56,88.56,100]},{"t":32,"s":[82,82,100]}],"ix":6}},"ao":0,"ip":0,"op":249,"st":0,"bm":0},{"ddd":0,"ind":5,"ty":4,"nm":"Shape Layer 1","sr":1,"ks":{"o":{"a":0,"k":100,"ix":11},"r":{"a":0,"k":0,"ix":10},"p":{"a":0,"k":[545,100,0],"ix":2},"a":{"a":0,"k":[0,0,0],"ix":1},"s":{"a":1,"k":[{"i":{"x":[0.833,0.833,0.833],"y":[0.833,0.833,0.833]},"o":{"x":[0.167,0.167,0.167],"y":[0.167,0.167,0.167]},"t":0,"s":[92,92,100]},{"i":{"x":[0.833,0.833,0.833],"y":[0.833,0.833,0.833]},"o":{"x":[0.167,0.167,0.167],"y":[0.167,0.167,0.167]},"t":15,"s":[97,97,100]},{"t":32,"s":[92,92,100]}],"ix":6}},"ao":0,"shapes":[{"ty":"gr","it":[{"ty":"rc","d":1,"s":{"a":0,"k":[1068.48,151.617],"ix":2},"p":{"a":0,"k":[0,0],"ix":3},"r":{"a":0,"k":40,"ix":4},"nm":"Rectangle Path 1","mn":"ADBE Vector Shape - Rect","hd":false},{"ty":"gf","o":{"a":0,"k":100,"ix":10},"r":1,"bm":0,"g":{"p":3,"k":{"a":1,"k":[{"i":{"x":0.833,"y":0.833},"o":{"x":0.167,"y":0.167},"t":0,"s":[0,0.982,0.221,0.272,0.819,0.982,0.269,0.318,1,0.981,0.318,0.363]},{"i":{"x":0.833,"y":0.833},"o":{"x":0.167,"y":0.167},"t":15,"s":[0,1,0.31,0.357,0.819,0.994,0.268,0.318,1,0.988,0.226,0.278]},{"t":32,"s":[0,0.982,0.221,0.272,0.819,0.982,0.269,0.318,1,0.981,0.318,0.363]}],"ix":9}},"s":{"a":0,"k":[0,0],"ix":5},"e":{"a":0,"k":[100,0],"ix":6},"t":1,"nm":"Gradient Fill 1","mn":"ADBE Vector Graphic - G-Fill","hd":false},{"ty":"tr","p":{"a":0,"k":[-2.717,-0.629],"ix":2},"a":{"a":0,"k":[0,0],"ix":1},"s":{"a":0,"k":[100,100],"ix":3},"r":{"a":0,"k":0,"ix":6},"o":{"a":0,"k":100,"ix":7},"sk":{"a":0,"k":0,"ix":4},"sa":{"a":0,"k":0,"ix":5},"nm":"Transform"}],"nm":"Rectangle 1","np":3,"cix":2,"bm":0,"ix":1,"mn":"ADBE Vector Group","hd":false},{"ty":"gr","it":[{"ty":"gf","o":{"a":0,"k":100,"ix":10},"r":1,"bm":0,"g":{"p":3,"k":{"a":0,"k":[0,0.982,0.221,0.272,0.819,0.982,0.269,0.318,1,0.981,0.318,0.363],"ix":9}},"s":{"a":0,"k":[0,0],"ix":5},"e":{"a":0,"k":[100,0],"ix":6},"t":1,"nm":"Gradient Fill 1","mn":"ADBE Vector Graphic - G-Fill","hd":false},{"ty":"tr","p":{"a":0,"k":[0,0],"ix":2},"a":{"a":0,"k":[0,0],"ix":1},"s":{"a":0,"k":[100,100],"ix":3},"r":{"a":0,"k":0,"ix":6},"o":{"a":0,"k":100,"ix":7},"sk":{"a":0,"k":0,"ix":4},"sa":{"a":0,"k":0,"ix":5},"nm":"Transform"}],"nm":"Group 1","np":1,"cix":2,"bm":0,"ix":2,"mn":"ADBE Vector Group","hd":false}],"ip":0,"op":255,"st":0,"bm":0},{"ddd":0,"ind":6,"ty":2,"nm":"A.png","cl":"png","refId":"image_2","sr":1,"ks":{"o":{"a":0,"k":100,"ix":11},"r":{"a":0,"k":0,"ix":10},"p":{"a":0,"k":[545,100,0],"ix":2},"a":{"a":0,"k":[534,75,0],"ix":1},"s":{"a":0,"k":[82,82,100],"ix":6}},"ao":0,"ip":0,"op":249,"st":0,"bm":0}],"markers":[]}