{"v":"5.6.10","fr":30,"ip":0,"op":151,"w":1242,"h":2208,"nm":"5 sec","ddd":0,"assets":[{"id":"video_0","w":499,"h":436,"u":"images/","p":"vid_0.gif","e":0},{"id":"comp_0","layers":[{"ddd":0,"ind":1,"ty":9,"nm":"Layer-193.gif","cl":"gif","refId":"video_0","sr":1,"ks":{"o":{"a":0,"k":100,"ix":11},"r":{"a":0,"k":0,"ix":10},"p":{"a":0,"k":[249.5,218,0],"ix":2},"a":{"a":0,"k":[249.5,218,0],"ix":1},"s":{"a":0,"k":[100,100,100],"ix":6}},"ao":0,"ip":0,"op":252.0025200252,"st":0,"bm":0}]}],"fonts":{"list":[{"fName":"Poppins-Bold","fFamily":"Poppins","fStyle":"Bold","ascent":73.9990234375}]},"layers":[{"ddd":0,"ind":1,"ty":0,"nm":"Layer-193.gif Comp 1","cl":"gif","refId":"comp_0","sr":1,"ks":{"o":{"a":0,"k":100,"ix":11},"r":{"a":0,"k":0,"ix":10},"p":{"a":1,"k":[{"i":{"x":0.833,"y":0.833},"o":{"x":0.167,"y":0.167},"t":0,"s":[-99,1776,0],"to":[240,0,0],"ti":[-240,0,0]},{"t":150,"s":[1341,1776,0]}],"ix":2},"a":{"a":0,"k":[249.5,218,0],"ix":1},"s":{"a":0,"k":[100,100,100],"ix":6}},"ao":0,"tm":{"a":1,"k":[{"i":{"x":[0.833],"y":[0.833]},"o":{"x":[0.167],"y":[0.167]},"t":-37,"s":[0]},{"t":152,"s":[8.4]}],"ix":2},"w":499,"h":436,"ip":0,"op":151,"st":-37,"bm":0},{"ddd":0,"ind":2,"ty":5,"nm":"Let’s GO","sr":1,"ks":{"o":{"a":0,"k":100,"ix":11},"r":{"a":0,"k":0,"ix":10},"p":{"a":0,"k":[619.9,1776,0],"ix":2},"a":{"a":0,"k":[1.5,-36,0],"ix":1},"s":{"a":0,"k":[100,100,100],"ix":6}},"ao":0,"t":{"d":{"k":[{"s":{"s":100,"f":"Poppins-Bold","t":"Let’s PLAY","j":2,"tr":30,"lh":120,"ls":0,"fc":[0.101,0.081,0.08]},"t":0}]},"p":{},"m":{"g":1,"a":{"a":0,"k":[0,0],"ix":2}},"a":[{"nm":"Animator 1","s":{"t":0,"xe":{"a":0,"k":0,"ix":7},"ne":{"a":0,"k":0,"ix":8},"a":{"a":0,"k":100,"ix":4},"b":2,"rn":0,"sh":1,"s":{"a":1,"k":[{"i":{"x":[0.833],"y":[0.833]},"o":{"x":[0.167],"y":[0.167]},"t":50,"s":[0]},{"t":101,"s":[100]}],"ix":1},"r":1},"a":{"o":{"a":0,"k":0,"ix":9}}}]},"ip":0,"op":600,"st":0,"bm":0},{"ddd":0,"ind":3,"ty":4,"nm":"Shape Layer 1","sr":1,"ks":{"o":{"a":0,"k":100,"ix":11},"r":{"a":0,"k":0,"ix":10},"p":{"a":0,"k":[617.94,1968.56,0],"ix":2},"a":{"a":0,"k":[-3,-172,0],"ix":1},"s":{"a":0,"k":[102,102,100],"ix":6}},"ao":0,"shapes":[{"ty":"gr","it":[{"ind":0,"ty":"sh","ix":1,"ks":{"a":0,"k":{"i":[[0,0],[0,0]],"o":[[0,0],[0,0]],"v":[[-621,-172],[615,-172]],"c":false},"ix":2},"nm":"Path 1","mn":"ADBE Vector Shape - Group","hd":false},{"ty":"st","c":{"a":0,"k":[0,0,0,1],"ix":3},"o":{"a":0,"k":100,"ix":4},"w":{"a":0,"k":8,"ix":5},"lc":1,"lj":1,"ml":4,"bm":0,"nm":"Stroke 1","mn":"ADBE Vector Graphic - Stroke","hd":false},{"ty":"tr","p":{"a":0,"k":[0,0],"ix":2},"a":{"a":0,"k":[0,0],"ix":1},"s":{"a":0,"k":[100,100],"ix":3},"r":{"a":0,"k":0,"ix":6},"o":{"a":0,"k":100,"ix":7},"sk":{"a":0,"k":0,"ix":4},"sa":{"a":0,"k":0,"ix":5},"nm":"Transform"}],"nm":"Shape 1","np":3,"cix":2,"bm":0,"ix":1,"mn":"ADBE Vector Group","hd":false}],"ip":0,"op":151,"st":0,"bm":0}],"markers":[],"chars":[{"ch":"L","size":100,"style":"Bold","w":47.8,"data":{"shapes":[{"ty":"gr","it":[{"ind":0,"ty":"sh","ix":1,"ks":{"a":0,"k":{"i":[[0,0],[0,0],[0,0],[0,0],[0,0],[0,0]],"o":[[0,0],[0,0],[0,0],[0,0],[0,0],[0,0]],"v":[[23,-70.7],[5.9,-70.7],[5.9,0],[45.8,0],[45.8,-13.1],[23,-13.1]],"c":true},"ix":2},"nm":"L","mn":"ADBE Vector Shape - Group","hd":false}],"nm":"L","np":3,"cix":2,"bm":0,"ix":1,"mn":"ADBE Vector Group","hd":false}]},"fFamily":"Poppins"},{"ch":"e","size":100,"style":"Bold","w":61.9,"data":{"shapes":[{"ty":"gr","it":[{"ind":0,"ty":"sh","ix":1,"ks":{"a":0,"k":{"i":[[0,1.4],[2.3,4.1],[4.2,2.267],[5.533,0],[4.266,-2.3],[2.366,-4.3],[0,-5.866],[-2.4,-4.333],[-4.234,-2.3],[-5.467,0],[-3.8,1.767],[-2.467,3.1],[-0.734,3.934],[0,0],[1.666,-1.266],[2.533,0],[1.933,1.834],[0.2,4.2],[0,0]],"o":[[0,-5.333],[-2.3,-4.1],[-4.2,-2.266],[-5.467,0],[-4.267,2.3],[-2.367,4.3],[0,5.8],[2.4,4.334],[4.233,2.3],[4.666,0],[3.8,-1.766],[2.466,-3.1],[0,0],[-0.534,2],[-1.667,1.267],[-3,0],[-1.934,-1.833],[0,0],[0.333,-1.666]],"v":[[58.9,-29.4],[55.45,-43.55],[45.7,-53.1],[31.1,-56.5],[16.5,-53.05],[6.55,-43.15],[3,-27.9],[6.6,-12.7],[16.55,-2.75],[31.1,0.7],[43.8,-1.95],[53.2,-9.25],[58,-19.8],[39.9,-19.8],[36.6,-14.9],[30.3,-13],[22.9,-15.75],[19.7,-24.8],[58.4,-24.8]],"c":true},"ix":2},"nm":"e","mn":"ADBE Vector Shape - Group","hd":false},{"ind":1,"ty":"sh","ix":2,"ks":{"a":0,"k":{"i":[[0.066,-3.666],[0,0],[-2.067,1.867],[-3.134,0],[-2.034,-1.833]],"o":[[0,0],[0.266,-3.6],[2.066,-1.866],[3,0],[2.033,1.834]],"v":[[41.6,-32],[19.8,-32],[23.3,-40.2],[31.1,-43],[38.65,-40.25]],"c":true},"ix":2},"nm":"e","mn":"ADBE Vector Shape - Group","hd":false}],"nm":"e","np":5,"cix":2,"bm":0,"ix":1,"mn":"ADBE Vector Group","hd":false}]},"fFamily":"Poppins"},{"ch":"t","size":100,"style":"Bold","w":41.2,"data":{"shapes":[{"ty":"gr","it":[{"ind":0,"ty":"sh","ix":1,"ks":{"a":0,"k":{"i":[[0,0],[0.9,0.867],[0,2.2],[0,0],[0,0],[0,0],[0,0],[0,0],[0,0],[0,0],[0,0],[0,0],[0,0],[0,0],[-3.634,-3.233],[-6.534,0],[0,0],[0,0]],"o":[[-2.134,0],[-0.9,-0.866],[0,0],[0,0],[0,0],[0,0],[0,0],[0,0],[0,0],[0,0],[0,0],[0,0],[0,0],[0,7.467],[3.633,3.234],[0,0],[0,0],[0,0]],"v":[[32.1,-14.7],[27.55,-16],[26.2,-20.6],[26.2,-41.4],[37.4,-41.4],[37.4,-55.8],[26.2,-55.8],[26.2,-69.5],[9.1,-69.5],[9.1,-55.8],[1.6,-55.8],[1.6,-41.4],[9.1,-41.4],[9.1,-20.9],[14.55,-4.85],[29.8,0],[37.5,0],[37.5,-14.7]],"c":true},"ix":2},"nm":"t","mn":"ADBE Vector Shape - Group","hd":false}],"nm":"t","np":3,"cix":2,"bm":0,"ix":1,"mn":"ADBE Vector Group","hd":false}]},"fFamily":"Poppins"},{"ch":"’","size":100,"style":"Bold","w":24.1,"data":{"shapes":[{"ty":"gr","it":[{"ind":0,"ty":"sh","ix":1,"ks":{"a":0,"k":{"i":[[1.266,3.8],[0,0],[0,0],[0,0],[0,0],[3.466,0],[0,0],[-2.367,2.767],[0,4.6]],"o":[[0,0],[0,0],[0,0],[0,0],[0,4.467],[0,0],[4.533,0],[2.366,-2.766],[0,-4.066]],"v":[[17.7,-84.2],[4.6,-84.2],[4.6,-71.9],[10.9,-71.9],[10.9,-70.3],[5.7,-63.6],[5.7,-57.2],[16.05,-61.35],[19.6,-72.4]],"c":true},"ix":2},"nm":"’","mn":"ADBE Vector Shape - Group","hd":false}],"nm":"’","np":3,"cix":2,"bm":0,"ix":1,"mn":"ADBE Vector Group","hd":false}]},"fFamily":"Poppins"},{"ch":"s","size":100,"style":"Bold","w":55.5,"data":{"shapes":[{"ty":"gr","it":[{"ind":0,"ty":"sh","ix":1,"ks":{"a":0,"k":{"i":[[7.066,0],[3.8,-3.1],[0,-5],[-1.934,-2.233],[-2.667,-1],[-4.134,-0.866],[-1.834,-0.833],[0,-1.933],[1,-0.9],[1.933,0],[1.766,1.267],[0.266,2.4],[0,0],[-4.534,-3.333],[-7.534,0],[-3.267,1.4],[-1.734,2.467],[0,3.2],[2,2.334],[2.733,1.034],[4.266,1],[1.833,0.867],[0,1.734],[-1,0.834],[-1.934,0],[-1.634,-1.3],[-0.467,-2.266],[0,0],[4.233,3.534]],"o":[[-6.934,0],[-3.8,3.1],[0,3.867],[1.933,2.234],[2.666,1],[4.133,0.934],[1.833,0.834],[0,1.467],[-1,0.9],[-2.8,0],[-1.767,-1.266],[0,0],[1,6.2],[4.533,3.334],[4.466,0],[3.266,-1.4],[1.733,-2.466],[0,-3.933],[-2,-2.333],[-2.734,-1.033],[-3.934,-0.866],[-1.834,-0.866],[0,-1.533],[1,-0.833],[2.466,0],[1.633,1.3],[0,0],[-1.067,-5.8],[-4.234,-3.533]],"v":[[26.2,-56.5],[10.1,-51.85],[4.4,-39.7],[7.3,-30.55],[14.2,-25.7],[24.4,-22.9],[33.35,-20.25],[36.1,-16.1],[34.6,-12.55],[30.2,-11.2],[23.35,-13.1],[20.3,-18.6],[3.8,-18.6],[12.1,-4.3],[30.2,0.7],[41.8,-1.4],[49.3,-7.2],[51.9,-15.7],[48.9,-25.1],[41.8,-30.15],[31.3,-33.2],[22.65,-35.8],[19.9,-39.7],[21.4,-43.25],[25.8,-44.5],[31.95,-42.55],[35.1,-37.2],[51.1,-37.2],[43.15,-51.2]],"c":true},"ix":2},"nm":"s","mn":"ADBE Vector Shape - Group","hd":false}],"nm":"s","np":3,"cix":2,"bm":0,"ix":1,"mn":"ADBE Vector Group","hd":false}]},"fFamily":"Poppins"},{"ch":" ","size":100,"style":"Bold","w":20,"data":{},"fFamily":"Poppins"},{"ch":"P","size":100,"style":"Bold","w":61.9,"data":{"shapes":[{"ty":"gr","it":[{"ind":0,"ty":"sh","ix":1,"ks":{"a":0,"k":{"i":[[0,0],[-3.867,1.967],[-1.967,3.434],[0,4.4],[4.4,4.167],[8.4,0],[0,0],[0,0],[0,0],[0,0]],"o":[[5.533,0],[3.866,-1.966],[1.966,-3.433],[0,-7.066],[-4.4,-4.166],[0,0],[0,0],[0,0],[0,0],[0,0]],"v":[[33.6,-24.8],[47.7,-27.75],[56.45,-35.85],[59.4,-47.6],[52.8,-64.45],[33.6,-70.7],[5.9,-70.7],[5.9,0],[23,0],[23,-24.8]],"c":true},"ix":2},"nm":"P","mn":"ADBE Vector Shape - Group","hd":false},{"ind":1,"ty":"sh","ix":2,"ks":{"a":0,"k":{"i":[[6.866,0],[0,0],[0,0],[0,0],[0,-6.2]],"o":[[0,0],[0,0],[0,0],[6.866,0],[0,6.067]],"v":[[31.7,-38.5],[23,-38.5],[23,-56.9],[31.7,-56.9],[42,-47.6]],"c":true},"ix":2},"nm":"P","mn":"ADBE Vector Shape - Group","hd":false}],"nm":"P","np":5,"cix":2,"bm":0,"ix":1,"mn":"ADBE Vector Group","hd":false}]},"fFamily":"Poppins"},{"ch":"A","size":100,"style":"Bold","w":73,"data":{"shapes":[{"ty":"gr","it":[{"ind":0,"ty":"sh","ix":1,"ks":{"a":0,"k":{"i":[[0,0],[0,0],[0,0],[0,0],[0,0],[0,0],[0,0],[0,0]],"o":[[0,0],[0,0],[0,0],[0,0],[0,0],[0,0],[0,0],[0,0]],"v":[[54.1,0],[72.3,0],[46.4,-70.2],[26.7,-70.2],[0.8,0],[18.8,0],[23.2,-12.9],[49.7,-12.9]],"c":true},"ix":2},"nm":"A","mn":"ADBE Vector Shape - Group","hd":false},{"ind":1,"ty":"sh","ix":2,"ks":{"a":0,"k":{"i":[[0,0],[0,0],[0,0]],"o":[[0,0],[0,0],[0,0]],"v":[[27.6,-25.9],[36.5,-51.9],[45.3,-25.9]],"c":true},"ix":2},"nm":"A","mn":"ADBE Vector Shape - Group","hd":false}],"nm":"A","np":5,"cix":2,"bm":0,"ix":1,"mn":"ADBE Vector Group","hd":false}]},"fFamily":"Poppins"},{"ch":"Y","size":100,"style":"Bold","w":67.7,"data":{"shapes":[{"ty":"gr","it":[{"ind":0,"ty":"sh","ix":1,"ks":{"a":0,"k":{"i":[[0,0],[0,0],[0,0],[0,0],[0,0],[0,0],[0,0],[0,0],[0,0]],"o":[[0,0],[0,0],[0,0],[0,0],[0,0],[0,0],[0,0],[0,0],[0,0]],"v":[[47.6,-70.7],[34,-41.9],[20.4,-70.7],[0.8,-70.7],[25.3,-23.5],[25.3,0],[42.5,0],[42.5,-23.5],[67,-70.7]],"c":true},"ix":2},"nm":"Y","mn":"ADBE Vector Shape - Group","hd":false}],"nm":"Y","np":3,"cix":2,"bm":0,"ix":1,"mn":"ADBE Vector Group","hd":false}]},"fFamily":"Poppins"}]}