{"v":"5.7.3","fr":30,"ip":0,"op":450,"w":1242,"h":2208,"nm":"Stamp Json","ddd":0,"assets":[{"id":"image_0","w":552,"h":1000,"u":"images/","p":"img_0.png","e":0},{"id":"image_1","w":1108,"h":500,"u":"images/","p":"img_1.png","e":0},{"id":"image_2","w":940,"h":1262,"u":"images/","p":"img_2.jpg","e":0},{"id":"image_3","w":1242,"h":2208,"u":"images/","p":"img_3.jpg","e":0},{"id":"image_4","w":1242,"h":2208,"u":"images/","p":"img_4.jpg","e":0},{"id":"image_5","w":1075,"h":453,"u":"images/","p":"img_5.jpg","e":0},{"id":"image_6","w":1077,"h":462,"u":"images/","p":"img_6.jpg","e":0},{"id":"image_7","w":1242,"h":2208,"u":"images/","p":"img_7.jpg","e":0},{"id":"image_8","w":1242,"h":480,"u":"images/","p":"img_8.jpg","e":0},{"id":"image_9","w":1242,"h":2208,"u":"images/","p":"img_9.jpg","e":0},{"id":"comp_0","layers":[{"ddd":0,"ind":1,"ty":2,"nm":"img_0.png","cl":"png","refId":"image_0","sr":1,"ks":{"o":{"a":1,"k":[{"i":{"x":[0.833],"y":[0.833]},"o":{"x":[0.167],"y":[0.167]},"t":27,"s":[100]},{"i":{"x":[0.833],"y":[0.833]},"o":{"x":[0.167],"y":[0.167]},"t":30,"s":[0]},{"i":{"x":[0.833],"y":[0.833]},"o":{"x":[0.167],"y":[0.167]},"t":39,"s":[0]},{"i":{"x":[0.833],"y":[0.833]},"o":{"x":[0.167],"y":[0.167]},"t":42,"s":[100]},{"i":{"x":[0.833],"y":[0.833]},"o":{"x":[0.167],"y":[0.167]},"t":101,"s":[100]},{"i":{"x":[0.833],"y":[0.833]},"o":{"x":[0.167],"y":[0.167]},"t":106,"s":[0]},{"i":{"x":[0.833],"y":[0.833]},"o":{"x":[0.167],"y":[0.167]},"t":112,"s":[0]},{"i":{"x":[0.833],"y":[0.833]},"o":{"x":[0.167],"y":[0.167]},"t":115,"s":[100]},{"i":{"x":[0.833],"y":[0.833]},"o":{"x":[0.167],"y":[0.167]},"t":321,"s":[100]},{"t":326,"s":[0]}],"ix":11},"r":{"a":0,"k":0,"ix":10},"p":{"a":1,"k":[{"i":{"x":0.833,"y":0.833},"o":{"x":0.167,"y":0.167},"t":0,"s":[845,2660,0],"to":[-98.667,-121.333,0],"ti":[98.667,121.333,0]},{"i":{"x":0.833,"y":0.833},"o":{"x":0.167,"y":0.167},"t":8,"s":[253,1932,0],"to":[0,0,0],"ti":[0,0,0]},{"i":{"x":0.833,"y":0.833},"o":{"x":0.167,"y":0.167},"t":36,"s":[253,1932,0],"to":[124.667,34.667,0],"ti":[-1.411,-5.559,0]},{"i":{"x":0.833,"y":0.833},"o":{"x":0.167,"y":0.167},"t":39,"s":[929,2104,0],"to":[0.368,1.451,0],"ti":[0,146,0]},{"i":{"x":0.833,"y":0.833},"o":{"x":0.167,"y":0.167},"t":44,"s":[929,1228,0],"to":[0,0,0],"ti":[0,0,0]},{"i":{"x":0.833,"y":0.833},"o":{"x":0.167,"y":0.167},"t":56,"s":[929,1228,0],"to":[0,0,0],"ti":[0,0,0]},{"i":{"x":0.833,"y":0.833},"o":{"x":0.167,"y":0.167},"t":65,"s":[161,780,0],"to":[0,0,0],"ti":[0,0,0]},{"i":{"x":0.833,"y":0.833},"o":{"x":0.167,"y":0.167},"t":80,"s":[161,780,0],"to":[0,0,0],"ti":[-172.667,68.667,0]},{"i":{"x":0.833,"y":0.833},"o":{"x":0.167,"y":0.167},"t":86,"s":[1197,368,0],"to":[0,0,0],"ti":[0,0,0]},{"i":{"x":0.833,"y":0.833},"o":{"x":0.167,"y":0.167},"t":112,"s":[1197,368,0],"to":[-96,176.667,0],"ti":[96,-176.667,0]},{"i":{"x":0.833,"y":0.833},"o":{"x":0.167,"y":0.167},"t":118,"s":[621,1428,0],"to":[0,0,0],"ti":[0,0,0]},{"i":{"x":0.833,"y":0.833},"o":{"x":0.167,"y":0.167},"t":142,"s":[621,1428,0],"to":[0,164,0],"ti":[0,-164,0]},{"i":{"x":0.833,"y":0.833},"o":{"x":0.167,"y":0.167},"t":155,"s":[621,2412,0],"to":[0,0,0],"ti":[0,0,0]},{"i":{"x":0.833,"y":0.833},"o":{"x":0.167,"y":0.167},"t":173,"s":[621,2412,0],"to":[0,-130.667,0],"ti":[0,130.667,0]},{"i":{"x":0.833,"y":0.833},"o":{"x":0.167,"y":0.167},"t":185,"s":[621,1628,0],"to":[0,0,0],"ti":[0,0,0]},{"i":{"x":0.833,"y":0.833},"o":{"x":0.167,"y":0.167},"t":202,"s":[621,1628,0],"to":[17.333,129.667,0],"ti":[-17.333,-129.667,0]},{"i":{"x":0.833,"y":0.833},"o":{"x":0.167,"y":0.167},"t":208,"s":[725,2406,0],"to":[0,0,0],"ti":[0,0,0]},{"i":{"x":0.833,"y":0.833},"o":{"x":0.167,"y":0.167},"t":213,"s":[725,2406,0],"to":[80.167,0,0],"ti":[-2.95,7.27,0]},{"i":{"x":0.833,"y":0.833},"o":{"x":0.167,"y":0.167},"t":227,"s":[1206,2406,0],"to":[2.95,-7.27,0],"ti":[-2.95,7.27,0]},{"i":{"x":0.833,"y":0.833},"o":{"x":0.167,"y":0.167},"t":240,"s":[1206,2406,0],"to":[2.95,-7.27,0],"ti":[87.5,104.167,0]},{"i":{"x":0.833,"y":0.833},"o":{"x":0.167,"y":0.167},"t":249,"s":[681,1781,0],"to":[0,0,0],"ti":[0,0,0]},{"i":{"x":0.833,"y":0.833},"o":{"x":0.167,"y":0.167},"t":266,"s":[681,1781,0],"to":[-46.596,-66.42,0],"ti":[46.596,66.42,0]},{"i":{"x":0.833,"y":0.833},"o":{"x":0.167,"y":0.167},"t":275,"s":[401.426,1382.481,0],"to":[0,0,0],"ti":[0,0,0]},{"i":{"x":0.833,"y":0.833},"o":{"x":0.167,"y":0.167},"t":296,"s":[401.426,1382.481,0],"to":[36.596,92,0],"ti":[-36.596,-92,0]},{"t":305,"s":[621,1934.481,0]}],"ix":2},"a":{"a":0,"k":[276,500,0],"ix":1},"s":{"a":1,"k":[{"i":{"x":[0.833,0.833,0.833],"y":[0.833,0.833,0.833]},"o":{"x":[0.167,0.167,0.167],"y":[0.167,0.167,0.167]},"t":8,"s":[68.8,68.8,100]},{"i":{"x":[0.833,0.833,0.833],"y":[0.833,0.833,0.833]},"o":{"x":[0.167,0.167,0.167],"y":[0.167,0.167,0.167]},"t":11,"s":[68.8,68.8,100]},{"i":{"x":[0.833,0.833,0.833],"y":[0.833,0.833,0.833]},"o":{"x":[0.167,0.167,0.167],"y":[0.167,0.167,0.167]},"t":16.571,"s":[58.8,58.8,100]},{"i":{"x":[0.833,0.833,0.833],"y":[0.833,0.833,0.833]},"o":{"x":[0.167,0.167,0.167],"y":[0.167,0.167,0.167]},"t":23,"s":[68.8,68.8,100]},{"i":{"x":[0.833,0.833,0.833],"y":[0.833,0.833,0.833]},"o":{"x":[0.167,0.167,0.167],"y":[0.167,0.167,0.167]},"t":45,"s":[68.8,68.8,100]},{"i":{"x":[0.833,0.833,0.833],"y":[0.833,0.833,0.833]},"o":{"x":[0.167,0.167,0.167],"y":[0.167,0.167,0.167]},"t":49.643,"s":[58.8,58.8,100]},{"i":{"x":[0.833,0.833,0.833],"y":[0.833,0.833,0.833]},"o":{"x":[0.167,0.167,0.167],"y":[0.167,0.167,0.167]},"t":55,"s":[68.8,68.8,100]},{"i":{"x":[0.833,0.833,0.833],"y":[0.833,0.833,0.833]},"o":{"x":[0.167,0.167,0.167],"y":[0.167,0.167,0.167]},"t":67,"s":[68.8,68.8,100]},{"i":{"x":[0.833,0.833,0.833],"y":[0.833,0.833,0.833]},"o":{"x":[0.167,0.167,0.167],"y":[0.167,0.167,0.167]},"t":73,"s":[58.8,58.8,100]},{"i":{"x":[0.833,0.833,0.833],"y":[0.833,0.833,0.833]},"o":{"x":[0.167,0.167,0.167],"y":[0.167,0.167,0.167]},"t":78,"s":[68.8,68.8,100]},{"i":{"x":[0.833,0.833,0.833],"y":[0.833,0.833,0.833]},"o":{"x":[0.167,0.167,0.167],"y":[0.167,0.167,0.167]},"t":86,"s":[68.8,68.8,100]},{"i":{"x":[0.833,0.833,0.833],"y":[0.833,0.833,0.833]},"o":{"x":[0.167,0.167,0.167],"y":[0.167,0.167,0.167]},"t":91.571,"s":[58.8,58.8,100]},{"i":{"x":[0.833,0.833,0.833],"y":[0.833,0.833,0.833]},"o":{"x":[0.167,0.167,0.167],"y":[0.167,0.167,0.167]},"t":98,"s":[68.8,68.8,100]},{"i":{"x":[0.833,0.833,0.833],"y":[0.833,0.833,0.833]},"o":{"x":[0.167,0.167,0.167],"y":[0.167,0.167,0.167]},"t":120,"s":[68.8,68.8,100]},{"i":{"x":[0.833,0.833,0.833],"y":[0.833,0.833,0.833]},"o":{"x":[0.167,0.167,0.167],"y":[0.167,0.167,0.167]},"t":125.571,"s":[58.8,58.8,100]},{"i":{"x":[0.833,0.833,0.833],"y":[0.833,0.833,0.833]},"o":{"x":[0.167,0.167,0.167],"y":[0.167,0.167,0.167]},"t":132,"s":[68.8,68.8,100]},{"i":{"x":[0.833,0.833,0.833],"y":[0.833,0.833,0.833]},"o":{"x":[0.167,0.167,0.167],"y":[0.167,0.167,0.167]},"t":155,"s":[68.8,68.8,100]},{"i":{"x":[0.833,0.833,0.833],"y":[0.833,0.833,0.833]},"o":{"x":[0.167,0.167,0.167],"y":[0.167,0.167,0.167]},"t":160.571,"s":[58.8,58.8,100]},{"i":{"x":[0.833,0.833,0.833],"y":[0.833,0.833,0.833]},"o":{"x":[0.167,0.167,0.167],"y":[0.167,0.167,0.167]},"t":167,"s":[68.8,68.8,100]},{"i":{"x":[0.833,0.833,0.833],"y":[0.833,0.833,0.833]},"o":{"x":[0.167,0.167,0.167],"y":[0.167,0.167,0.167]},"t":185,"s":[68.8,68.8,100]},{"i":{"x":[0.833,0.833,0.833],"y":[0.833,0.833,0.833]},"o":{"x":[0.167,0.167,0.167],"y":[0.167,0.167,0.167]},"t":190.571,"s":[58.8,58.8,100]},{"i":{"x":[0.833,0.833,0.833],"y":[0.833,0.833,0.833]},"o":{"x":[0.167,0.167,0.167],"y":[0.167,0.167,0.167]},"t":197,"s":[68.8,68.8,100]},{"i":{"x":[0.833,0.833,0.833],"y":[0.833,0.833,0.833]},"o":{"x":[0.167,0.167,0.167],"y":[0.167,0.167,0.167]},"t":249,"s":[68.8,68.8,100]},{"i":{"x":[0.833,0.833,0.833],"y":[0.833,0.833,0.833]},"o":{"x":[0.167,0.167,0.167],"y":[0.167,0.167,0.167]},"t":254.571,"s":[58.8,58.8,100]},{"i":{"x":[0.833,0.833,0.833],"y":[0.833,0.833,0.833]},"o":{"x":[0.167,0.167,0.167],"y":[0.167,0.167,0.167]},"t":261,"s":[68.8,68.8,100]},{"i":{"x":[0.833,0.833,0.833],"y":[0.833,0.833,0.833]},"o":{"x":[0.167,0.167,0.167],"y":[0.167,0.167,0.167]},"t":275,"s":[68.8,68.8,100]},{"i":{"x":[0.833,0.833,0.833],"y":[0.833,0.833,0.833]},"o":{"x":[0.167,0.167,0.167],"y":[0.167,0.167,0.167]},"t":280.571,"s":[58.8,58.8,100]},{"i":{"x":[0.833,0.833,0.833],"y":[0.833,0.833,0.833]},"o":{"x":[0.167,0.167,0.167],"y":[0.167,0.167,0.167]},"t":287,"s":[68.8,68.8,100]},{"i":{"x":[0.833,0.833,0.833],"y":[0.833,0.833,0.833]},"o":{"x":[0.167,0.167,0.167],"y":[0.167,0.167,0.167]},"t":305,"s":[68.8,68.8,100]},{"i":{"x":[0.833,0.833,0.833],"y":[0.833,0.833,0.833]},"o":{"x":[0.167,0.167,0.167],"y":[0.167,0.167,0.167]},"t":310.571,"s":[58.8,58.8,100]},{"t":317,"s":[68.8,68.8,100]}],"ix":6}},"ao":0,"ip":0,"op":330,"st":0,"bm":0},{"ddd":0,"ind":2,"ty":4,"nm":"Shape Layer 2","sr":1,"ks":{"o":{"a":0,"k":100,"ix":11},"r":{"a":0,"k":0,"ix":10},"p":{"a":1,"k":[{"i":{"x":0.833,"y":0.833},"o":{"x":0.167,"y":0.167},"t":213,"s":[689.862,2098.183,0],"to":[80.083,0,0],"ti":[-80.083,0,0]},{"t":227,"s":[1170.362,2098.183,0]}],"ix":2},"a":{"a":0,"k":[-499.888,-627.817,0],"ix":1},"s":{"a":0,"k":[159.275,159.275,100],"ix":6}},"ao":0,"shapes":[{"ty":"gr","it":[{"d":1,"ty":"el","s":{"a":0,"k":[37.959,37.959],"ix":2},"p":{"a":0,"k":[0,0],"ix":3},"nm":"Ellipse Path 1","mn":"ADBE Vector Shape - Ellipse","hd":false},{"ty":"fl","c":{"a":0,"k":[0.023529413635,0.513725490196,0.941176530427,1],"ix":4},"o":{"a":0,"k":100,"ix":5},"r":1,"bm":0,"nm":"Fill 1","mn":"ADBE Vector Graphic - Fill","hd":false},{"ty":"tr","p":{"a":0,"k":[-499.888,-627.817],"ix":2},"a":{"a":0,"k":[0,0],"ix":1},"s":{"a":0,"k":[100,100],"ix":3},"r":{"a":0,"k":0,"ix":6},"o":{"a":0,"k":100,"ix":7},"sk":{"a":0,"k":0,"ix":4},"sa":{"a":0,"k":0,"ix":5},"nm":"Transform"}],"nm":"Ellipse 1","np":3,"cix":2,"bm":0,"ix":1,"mn":"ADBE Vector Group","hd":false}],"ip":197,"op":238,"st":197,"bm":0},{"ddd":0,"ind":3,"ty":4,"nm":"Shape Layer 4","sr":1,"ks":{"o":{"a":0,"k":100,"ix":11},"r":{"a":0,"k":0,"ix":10},"p":{"a":0,"k":[605.98,2098.486,0],"ix":2},"a":{"a":0,"k":[-0.27,85.736,0],"ix":1},"s":{"a":0,"k":[112.156,145.314,100],"ix":6}},"ao":0,"hasMask":true,"masksProperties":[{"inv":false,"mode":"a","pt":{"a":1,"k":[{"i":{"x":0.833,"y":0.833},"o":{"x":0.167,"y":0.167},"t":213,"s":[{"i":[[0,0],[0,0],[0,0],[0,0]],"o":[[0,0],[0,0],[0,0],[0,0]],"v":[[-515.855,79],[-515.855,92.473],[77.378,92.098],[77.378,78.625]],"c":true}]},{"t":227,"s":[{"i":[[0,0],[0,0],[0,0],[0,0]],"o":[[0,0],[0,0],[0,0],[0,0]],"v":[[-515.855,79],[-515.855,92.473],[514.319,92.098],[514.319,78.625]],"c":true}]}],"ix":1},"o":{"a":0,"k":100,"ix":3},"x":{"a":0,"k":0,"ix":4},"nm":"Mask 1"}],"shapes":[{"ty":"gr","it":[{"ty":"rc","d":1,"s":{"a":0,"k":[1031.461,13.473],"ix":2},"p":{"a":0,"k":[0,0],"ix":3},"r":{"a":0,"k":257,"ix":4},"nm":"Rectangle Path 1","mn":"ADBE Vector Shape - Rect","hd":false},{"ty":"fl","c":{"a":0,"k":[0.023529413635,0.513725490196,0.941176530427,1],"ix":4},"o":{"a":0,"k":100,"ix":5},"r":1,"bm":0,"nm":"Fill 1","mn":"ADBE Vector Graphic - Fill","hd":false},{"ty":"tr","p":{"a":0,"k":[-0.27,85.736],"ix":2},"a":{"a":0,"k":[0,0],"ix":1},"s":{"a":0,"k":[99.972,100],"ix":3},"r":{"a":0,"k":0,"ix":6},"o":{"a":0,"k":100,"ix":7},"sk":{"a":0,"k":0,"ix":4},"sa":{"a":0,"k":0,"ix":5},"nm":"Transform"}],"nm":"Rectangle 1","np":3,"cix":2,"bm":0,"ix":1,"mn":"ADBE Vector Group","hd":false}],"ip":197,"op":238,"st":197,"bm":0},{"ddd":0,"ind":4,"ty":4,"nm":"Shape Layer 3","sr":1,"ks":{"o":{"a":0,"k":100,"ix":11},"r":{"a":0,"k":0,"ix":10},"p":{"a":0,"k":[605.98,2098.486,0],"ix":2},"a":{"a":0,"k":[-0.27,85.736,0],"ix":1},"s":{"a":0,"k":[112.156,145.314,100],"ix":6}},"ao":0,"shapes":[{"ty":"gr","it":[{"ty":"rc","d":1,"s":{"a":0,"k":[1031.461,13.473],"ix":2},"p":{"a":0,"k":[0,0],"ix":3},"r":{"a":0,"k":257,"ix":4},"nm":"Rectangle Path 1","mn":"ADBE Vector Shape - Rect","hd":false},{"ty":"fl","c":{"a":0,"k":[0.850980451995,0.850980451995,0.850980451995,1],"ix":4},"o":{"a":0,"k":100,"ix":5},"r":1,"bm":0,"nm":"Fill 1","mn":"ADBE Vector Graphic - Fill","hd":false},{"ty":"tr","p":{"a":0,"k":[-0.27,85.736],"ix":2},"a":{"a":0,"k":[0,0],"ix":1},"s":{"a":0,"k":[100,100],"ix":3},"r":{"a":0,"k":0,"ix":6},"o":{"a":0,"k":100,"ix":7},"sk":{"a":0,"k":0,"ix":4},"sa":{"a":0,"k":0,"ix":5},"nm":"Transform"}],"nm":"Rectangle 1","np":3,"cix":2,"bm":0,"ix":1,"mn":"ADBE Vector Group","hd":false}],"ip":197,"op":238,"st":197,"bm":0},{"ddd":0,"ind":5,"ty":2,"nm":"6.png","cl":"png","refId":"image_1","sr":1,"ks":{"o":{"a":0,"k":100,"ix":11},"r":{"a":0,"k":0,"ix":10},"p":{"a":0,"k":[621,1922,0],"ix":2},"a":{"a":0,"k":[554,250,0],"ix":1},"s":{"a":0,"k":[111.913,111.913,100],"ix":6}},"ao":0,"ip":197,"op":238,"st":197,"bm":0},{"ddd":0,"ind":6,"ty":1,"nm":"Black Solid 1","sr":1,"ks":{"o":{"a":0,"k":80,"ix":11},"r":{"a":0,"k":0,"ix":10},"p":{"a":0,"k":[621,1104,0],"ix":2},"a":{"a":0,"k":[621,1104,0],"ix":1},"s":{"a":0,"k":[100,100,100],"ix":6}},"ao":0,"sw":1242,"sh":2208,"sc":"#000000","ip":197,"op":238,"st":197,"bm":0},{"ddd":0,"ind":7,"ty":4,"nm":"Shape Layer 7","sr":1,"ks":{"o":{"a":0,"k":100,"ix":11},"r":{"a":0,"k":0,"ix":10},"p":{"a":0,"k":[367.612,1090.433,0],"ix":2},"a":{"a":0,"k":[-499.888,-627.817,0],"ix":1},"s":{"a":0,"k":[326.56,326.56,100],"ix":6}},"ao":0,"shapes":[{"ty":"gr","it":[{"d":1,"ty":"el","s":{"a":0,"k":[37.959,37.959],"ix":2},"p":{"a":0,"k":[0,0],"ix":3},"nm":"Ellipse Path 1","mn":"ADBE Vector Shape - Ellipse","hd":false},{"ty":"fl","c":{"a":0,"k":[1,0.921568687289,0.231372563979,1],"ix":4},"o":{"a":0,"k":100,"ix":5},"r":1,"bm":0,"nm":"Fill 1","mn":"ADBE Vector Graphic - Fill","hd":false},{"ty":"tr","p":{"a":0,"k":[-499.888,-627.817],"ix":2},"a":{"a":0,"k":[0,0],"ix":1},"s":{"a":0,"k":[100,100],"ix":3},"r":{"a":0,"k":0,"ix":6},"o":{"a":0,"k":100,"ix":7},"sk":{"a":0,"k":0,"ix":4},"sa":{"a":0,"k":0,"ix":5},"nm":"Transform"}],"nm":"Ellipse 1","np":3,"cix":2,"bm":0,"ix":1,"mn":"ADBE Vector Group","hd":false}],"ip":285,"op":298,"st":285,"bm":0},{"ddd":0,"ind":8,"ty":2,"nm":"8.jpg","cl":"jpg","refId":"image_2","sr":1,"ks":{"o":{"a":0,"k":100,"ix":11},"r":{"a":0,"k":0,"ix":10},"p":{"a":0,"k":[621,1104,0],"ix":2},"a":{"a":0,"k":[470,631,0],"ix":1},"s":{"a":0,"k":[100,100,100],"ix":6}},"ao":0,"ip":260,"op":298,"st":260,"bm":0},{"ddd":0,"ind":9,"ty":1,"nm":"Black Solid 1","sr":1,"ks":{"o":{"a":0,"k":80,"ix":11},"r":{"a":0,"k":0,"ix":10},"p":{"a":0,"k":[621,1104,0],"ix":2},"a":{"a":0,"k":[621,1104,0],"ix":1},"s":{"a":0,"k":[100,100,100],"ix":6}},"ao":0,"sw":1242,"sh":2208,"sc":"#000000","ip":260,"op":298,"st":260,"bm":0},{"ddd":0,"ind":10,"ty":5,"nm":"(100%)","sr":1,"ks":{"o":{"a":0,"k":100,"ix":11},"r":{"a":0,"k":0,"ix":10},"p":{"a":0,"k":[521.304,1343.8,0],"ix":2},"a":{"a":0,"k":[-159.696,-24.7,0],"ix":1},"s":{"a":0,"k":[37.424,37.424,100],"ix":6}},"ao":0,"t":{"d":{"k":[{"s":{"s":100,"f":"PTSans-Regular","t":"(100%)","j":1,"tr":0,"lh":120,"ls":0,"fc":[0.69,0.69,0.69]},"t":0}]},"p":{},"m":{"g":1,"a":{"a":0,"k":[0,0],"ix":2}},"a":[]},"ip":238,"op":318,"st":0,"bm":0},{"ddd":0,"ind":11,"ty":4,"nm":"Shape Layer 5","sr":1,"ks":{"o":{"a":0,"k":100,"ix":11},"r":{"a":0,"k":0,"ix":10},"p":{"a":0,"k":[621,1104,0],"ix":2},"a":{"a":0,"k":[0,0,0],"ix":1},"s":{"a":0,"k":[100,100,100],"ix":6}},"ao":0,"shapes":[{"ty":"gr","it":[{"ty":"rc","d":1,"s":{"a":0,"k":[124.227,56.902],"ix":2},"p":{"a":0,"k":[0,0],"ix":3},"r":{"a":0,"k":0,"ix":4},"nm":"Rectangle Path 1","mn":"ADBE Vector Shape - Rect","hd":false},{"ty":"fl","c":{"a":0,"k":[1,1,1,1],"ix":4},"o":{"a":0,"k":100,"ix":5},"r":1,"bm":0,"nm":"Fill 1","mn":"ADBE Vector Graphic - Fill","hd":false},{"ty":"tr","p":{"a":0,"k":[-92.387,238.951],"ix":2},"a":{"a":0,"k":[0,0],"ix":1},"s":{"a":0,"k":[100,100],"ix":3},"r":{"a":0,"k":0,"ix":6},"o":{"a":0,"k":100,"ix":7},"sk":{"a":0,"k":0,"ix":4},"sa":{"a":0,"k":0,"ix":5},"nm":"Transform"}],"nm":"Rectangle 1","np":3,"cix":2,"bm":0,"ix":1,"mn":"ADBE Vector Group","hd":false}],"ip":238,"op":318,"st":238,"bm":0},{"ddd":0,"ind":12,"ty":2,"nm":"4.jpeg","cl":"jpeg","refId":"image_3","sr":1,"ks":{"o":{"a":0,"k":100,"ix":11},"r":{"a":0,"k":0,"ix":10},"p":{"a":0,"k":[621,1104,0],"ix":2},"a":{"a":0,"k":[621,1104,0],"ix":1},"s":{"a":0,"k":[100,100,100],"ix":6}},"ao":0,"ip":133,"op":168,"st":133,"bm":0},{"ddd":0,"ind":13,"ty":4,"nm":"Shape Layer 1","sr":1,"ks":{"o":{"a":0,"k":100,"ix":11},"r":{"a":0,"k":0,"ix":10},"p":{"a":0,"k":[121.112,475.933,0],"ix":2},"a":{"a":0,"k":[-499.888,-627.817,0],"ix":1},"s":{"a":0,"k":[100,100,100],"ix":6}},"ao":0,"shapes":[{"ty":"gr","it":[{"d":1,"ty":"el","s":{"a":0,"k":[37.959,37.959],"ix":2},"p":{"a":0,"k":[0,0],"ix":3},"nm":"Ellipse Path 1","mn":"ADBE Vector Shape - Ellipse","hd":false},{"ty":"fl","c":{"a":0,"k":[0.192156877705,0.396078461292,0.949019667682,1],"ix":4},"o":{"a":0,"k":100,"ix":5},"r":1,"bm":0,"nm":"Fill 1","mn":"ADBE Vector Graphic - Fill","hd":false},{"ty":"tr","p":{"a":0,"k":[-499.888,-627.817],"ix":2},"a":{"a":0,"k":[0,0],"ix":1},"s":{"a":0,"k":[100,100],"ix":3},"r":{"a":0,"k":0,"ix":6},"o":{"a":0,"k":100,"ix":7},"sk":{"a":0,"k":0,"ix":4},"sa":{"a":0,"k":0,"ix":5},"nm":"Transform"}],"nm":"Ellipse 1","np":3,"cix":2,"bm":0,"ix":1,"mn":"ADBE Vector Group","hd":false}],"ip":71,"op":93,"st":71,"bm":0},{"ddd":0,"ind":14,"ty":2,"nm":"3.jpg","cl":"jpg","refId":"image_4","sr":1,"ks":{"o":{"a":0,"k":100,"ix":11},"r":{"a":0,"k":0,"ix":10},"p":{"a":0,"k":[621,1104,0],"ix":2},"a":{"a":0,"k":[621,1104,0],"ix":1},"s":{"a":0,"k":[100,100,100],"ix":6}},"ao":0,"ip":59,"op":93,"st":59,"bm":0},{"ddd":0,"ind":15,"ty":2,"nm":"10.png","cl":"png","refId":"image_5","sr":1,"ks":{"o":{"a":0,"k":100,"ix":11},"r":{"a":0,"k":0,"ix":10},"p":{"a":0,"k":[620,539,0],"ix":2},"a":{"a":0,"k":[537.5,226.5,0],"ix":1},"s":{"a":0,"k":[100,100,100],"ix":6}},"ao":0,"ip":298,"op":318,"st":0,"bm":0},{"ddd":0,"ind":16,"ty":4,"nm":"Shape Layer 8","sr":1,"ks":{"o":{"a":0,"k":100,"ix":11},"r":{"a":0,"k":0,"ix":10},"p":{"a":0,"k":[1086.75,1486.973,0],"ix":2},"a":{"a":0,"k":[-499.888,-627.817,0],"ix":1},"s":{"a":0,"k":[132.93,132.93,100],"ix":6}},"ao":0,"shapes":[{"ty":"gr","it":[{"d":1,"ty":"el","s":{"a":0,"k":[37.959,37.959],"ix":2},"p":{"a":0,"k":[0,0],"ix":3},"nm":"Ellipse Path 1","mn":"ADBE Vector Shape - Ellipse","hd":false},{"ty":"st","c":{"a":0,"k":[0,0,0,1],"ix":3},"o":{"a":0,"k":100,"ix":4},"w":{"a":0,"k":2,"ix":5},"lc":1,"lj":1,"ml":4,"bm":0,"nm":"Stroke 1","mn":"ADBE Vector Graphic - Stroke","hd":false},{"ty":"fl","c":{"a":0,"k":[0.905882352941,0.917647058824,0.196078431373,1],"ix":4},"o":{"a":0,"k":100,"ix":5},"r":1,"bm":0,"nm":"Fill 1","mn":"ADBE Vector Graphic - Fill","hd":false},{"ty":"tr","p":{"a":0,"k":[-499.888,-627.817],"ix":2},"a":{"a":0,"k":[0,0],"ix":1},"s":{"a":0,"k":[100,100],"ix":3},"r":{"a":0,"k":0,"ix":6},"o":{"a":0,"k":100,"ix":7},"sk":{"a":0,"k":0,"ix":4},"sa":{"a":0,"k":0,"ix":5},"nm":"Transform"}],"nm":"Ellipse 1","np":3,"cix":2,"bm":0,"ix":1,"mn":"ADBE Vector Group","hd":false}],"ip":298,"op":318,"st":30,"bm":0},{"ddd":0,"ind":17,"ty":4,"nm":"Shape Layer 9","sr":1,"ks":{"o":{"a":1,"k":[{"i":{"x":[0.833],"y":[0.833]},"o":{"x":[0.167],"y":[0.167]},"t":213,"s":[50]},{"t":227,"s":[0]}],"ix":11},"r":{"a":0,"k":0,"ix":10},"p":{"a":0,"k":[628.023,528.562,0],"ix":2},"a":{"a":0,"k":[7.023,-575.438,0],"ix":1},"s":{"a":0,"k":[100,100,100],"ix":6}},"ao":0,"shapes":[{"ty":"gr","it":[{"ty":"rc","d":1,"s":{"a":0,"k":[1072.047,497.125],"ix":2},"p":{"a":0,"k":[0,0],"ix":3},"r":{"a":0,"k":0,"ix":4},"nm":"Rectangle Path 1","mn":"ADBE Vector Shape - Rect","hd":false},{"ty":"st","c":{"a":0,"k":[0,0,0,1],"ix":3},"o":{"a":0,"k":100,"ix":4},"w":{"a":0,"k":0,"ix":5},"lc":1,"lj":1,"ml":4,"bm":0,"nm":"Stroke 1","mn":"ADBE Vector Graphic - Stroke","hd":false},{"ty":"fl","c":{"a":0,"k":[0.764705942191,0.796078491211,0.819607902976,1],"ix":4},"o":{"a":0,"k":100,"ix":5},"r":1,"bm":0,"nm":"Fill 1","mn":"ADBE Vector Graphic - Fill","hd":false},{"ty":"tr","p":{"a":0,"k":[7.023,-575.438],"ix":2},"a":{"a":0,"k":[0,0],"ix":1},"s":{"a":0,"k":[100,100],"ix":3},"r":{"a":0,"k":0,"ix":6},"o":{"a":0,"k":100,"ix":7},"sk":{"a":0,"k":0,"ix":4},"sa":{"a":0,"k":0,"ix":5},"nm":"Transform"}],"nm":"Rectangle 1","np":3,"cix":2,"bm":0,"ix":1,"mn":"ADBE Vector Group","hd":false}],"ip":30,"op":318,"st":30,"bm":0},{"ddd":0,"ind":18,"ty":4,"nm":"Shape Layer 6","sr":1,"ks":{"o":{"a":0,"k":100,"ix":11},"r":{"a":0,"k":0,"ix":10},"p":{"a":0,"k":[1086.75,1486.973,0],"ix":2},"a":{"a":0,"k":[-499.888,-627.817,0],"ix":1},"s":{"a":0,"k":[132.93,132.93,100],"ix":6}},"ao":0,"shapes":[{"ty":"gr","it":[{"d":1,"ty":"el","s":{"a":0,"k":[37.959,37.959],"ix":2},"p":{"a":0,"k":[0,0],"ix":3},"nm":"Ellipse Path 1","mn":"ADBE Vector Shape - Ellipse","hd":false},{"ty":"st","c":{"a":0,"k":[0,0,0,1],"ix":3},"o":{"a":0,"k":100,"ix":4},"w":{"a":0,"k":2,"ix":5},"lc":1,"lj":1,"ml":4,"bm":0,"nm":"Stroke 1","mn":"ADBE Vector Graphic - Stroke","hd":false},{"ty":"fl","c":{"a":0,"k":[1,1,1,1],"ix":4},"o":{"a":0,"k":100,"ix":5},"r":1,"bm":0,"nm":"Fill 1","mn":"ADBE Vector Graphic - Fill","hd":false},{"ty":"tr","p":{"a":0,"k":[-499.888,-627.817],"ix":2},"a":{"a":0,"k":[0,0],"ix":1},"s":{"a":0,"k":[100,100],"ix":3},"r":{"a":0,"k":0,"ix":6},"o":{"a":0,"k":100,"ix":7},"sk":{"a":0,"k":0,"ix":4},"sa":{"a":0,"k":0,"ix":5},"nm":"Transform"}],"nm":"Ellipse 1","np":3,"cix":2,"bm":0,"ix":1,"mn":"ADBE Vector Group","hd":false}],"ip":30,"op":318,"st":30,"bm":0},{"ddd":0,"ind":19,"ty":2,"nm":"11.png","cl":"png","refId":"image_6","sr":1,"ks":{"o":{"a":0,"k":100,"ix":11},"r":{"a":0,"k":0,"ix":10},"p":{"a":0,"k":[624,536,0],"ix":2},"a":{"a":0,"k":[538.5,231,0],"ix":1},"s":{"a":0,"k":[100,100,100],"ix":6}},"ao":0,"ip":172,"op":318,"st":30,"bm":0},{"ddd":0,"ind":20,"ty":2,"nm":"2.jpg","cl":"jpg","refId":"image_7","sr":1,"ks":{"o":{"a":0,"k":100,"ix":11},"r":{"a":0,"k":0,"ix":10},"p":{"a":0,"k":[621,1104,0],"ix":2},"a":{"a":0,"k":[621,1104,0],"ix":1},"s":{"a":0,"k":[100,100,100],"ix":6}},"ao":0,"ip":30,"op":318,"st":30,"bm":0},{"ddd":0,"ind":21,"ty":2,"nm":"9.jpg","cl":"jpg","refId":"image_8","sr":1,"ks":{"o":{"a":0,"k":100,"ix":11},"r":{"a":0,"k":0,"ix":10},"p":{"a":0,"k":[621,1712,0],"ix":2},"a":{"a":0,"k":[621,240,0],"ix":1},"s":{"a":0,"k":[100,100,100],"ix":6}},"ao":0,"ip":318,"op":330,"st":0,"bm":0},{"ddd":0,"ind":22,"ty":2,"nm":"1.jpeg","cl":"jpeg","refId":"image_9","sr":1,"ks":{"o":{"a":0,"k":100,"ix":11},"r":{"a":0,"k":0,"ix":10},"p":{"a":0,"k":[621,1104,0],"ix":2},"a":{"a":0,"k":[621,1104,0],"ix":1},"s":{"a":0,"k":[100,100,100],"ix":6}},"ao":0,"ip":0,"op":330,"st":0,"bm":0}]}],"fonts":{"list":[{"fName":"PTSans-Regular","fFamily":"PT Sans","fStyle":"Regular","ascent":69.9996948242188}]},"layers":[{"ddd":0,"ind":1,"ty":0,"nm":"Stamp","refId":"comp_0","sr":1.36363636363636,"ks":{"o":{"a":0,"k":100,"ix":11},"r":{"a":0,"k":0,"ix":10},"p":{"a":0,"k":[621,1104,0],"ix":2},"a":{"a":0,"k":[621,1104,0],"ix":1},"s":{"a":0,"k":[100,100,100],"ix":6}},"ao":0,"w":1242,"h":2208,"ip":0,"op":450,"st":0,"bm":0}],"markers":[],"chars":[{"ch":"(","size":100,"style":"Regular","w":28,"data":{"shapes":[{"ty":"gr","it":[{"ind":0,"ty":"sh","ix":1,"ks":{"a":0,"k":{"i":[[0,0],[1.766,3.6],[1.1,3.766],[0.5,3.767],[0,3.2],[-0.434,3.7],[-1.067,3.734],[-1.767,3.634],[-2.667,3.4],[0,0],[2.166,-3.933],[1.333,-4.1],[0.6,-4.066],[0,-3.666],[-0.6,-4.1],[-1.3,-4.033],[-2.134,-3.834],[-3.067,-3.2]],"o":[[-2.467,-2.934],[-1.767,-3.6],[-1.1,-3.766],[-0.5,-3.766],[0,-3.4],[0.433,-3.7],[1.066,-3.733],[1.766,-3.633],[0,0],[-3.134,3.4],[-2.167,3.934],[-1.334,4.1],[-0.6,4.067],[0,3.734],[0.6,4.1],[1.3,4.033],[2.133,3.833],[0,0]],"v":[[27.8,18.3],[21.45,8.5],[17.15,-2.55],[14.75,-13.85],[14,-24.3],[14.65,-34.95],[16.9,-46.1],[21.15,-57.15],[27.8,-67.7],[23,-71.2],[15.05,-60.2],[9.8,-48.15],[6.9,-35.9],[6,-24.3],[6.9,-12.55],[9.75,-0.35],[14.9,11.45],[22.7,22]],"c":true},"ix":2},"nm":"(","mn":"ADBE Vector Shape - Group","hd":false}],"nm":"(","np":3,"cix":2,"bm":0,"ix":1,"mn":"ADBE Vector Group","hd":false}]},"fFamily":"PT Sans"},{"ch":"1","size":100,"style":"Regular","w":54.5,"data":{"shapes":[{"ty":"gr","it":[{"ind":0,"ty":"sh","ix":1,"ks":{"a":0,"k":{"i":[[0,0],[0,0],[0,0],[0,0],[0,0],[0,0],[0,0],[0,0],[0,0],[0,0],[0,0],[0,0],[0,0]],"o":[[0,0],[0,0],[0,0],[0,0],[0,0],[0,0],[0,0],[0,0],[0,0],[0,0],[0,0],[0,0],[0,0]],"v":[[10.8,0],[46.3,0],[46.3,-7.4],[32.6,-7.4],[32.6,-71.2],[29,-71.2],[7,-54.2],[10.8,-49.1],[21.8,-57],[25.8,-61.7],[24.8,-55.8],[24.8,-7.4],[10.8,-7.4]],"c":true},"ix":2},"nm":"1","mn":"ADBE Vector Shape - Group","hd":false}],"nm":"1","np":3,"cix":2,"bm":0,"ix":1,"mn":"ADBE Vector Group","hd":false}]},"fFamily":"PT Sans"},{"ch":"0","size":100,"style":"Regular","w":54.5,"data":{"shapes":[{"ty":"gr","it":[{"ind":0,"ty":"sh","ix":1,"ks":{"a":0,"k":{"i":[[-3.667,-6.333],[-7.934,0],[-3.9,6.067],[0,12],[3.633,5.967],[8.066,0],[3.9,-6.066],[0,-12]],"o":[[3.666,6.334],[7.533,0],[3.9,-6.066],[0,-12.2],[-3.634,-5.966],[-7.467,0],[-3.9,6.067],[0,11.467]],"v":[[9.8,-8.3],[27.2,1.2],[44.35,-7.9],[50.2,-35],[44.75,-62.25],[27.2,-71.2],[10.15,-62.1],[4.3,-35]],"c":true},"ix":2},"nm":"0","mn":"ADBE Vector Shape - Group","hd":false},{"ind":1,"ty":"sh","ix":2,"ks":{"a":0,"k":{"i":[[-2.367,4.734],[-5,0],[-1.867,-1.4],[-1.167,-2.6],[-0.5,-3.6],[0,-4.266],[2.366,-4.7],[5.066,0],[1.833,1.434],[1.2,2.567],[0.566,3.567],[0,4.334]],"o":[[2.366,-4.733],[2.733,0],[1.866,1.4],[1.166,2.6],[0.5,3.6],[0,10.067],[-2.367,4.7],[-2.534,0],[-1.834,-1.433],[-1.2,-2.566],[-0.567,-3.566],[0,-10]],"v":[[16.15,-57.1],[27.2,-64.2],[34.1,-62.1],[38.65,-56.1],[41.15,-46.8],[41.9,-35],[38.35,-12.85],[27.2,-5.8],[20.65,-7.95],[16.1,-13.95],[13.45,-23.15],[12.6,-35]],"c":true},"ix":2},"nm":"0","mn":"ADBE Vector Shape - Group","hd":false}],"nm":"0","np":5,"cix":2,"bm":0,"ix":1,"mn":"ADBE Vector Group","hd":false}]},"fFamily":"PT Sans"},{"ch":"%","size":100,"style":"Regular","w":77.3,"data":{"shapes":[{"ty":"gr","it":[{"ind":0,"ty":"sh","ix":1,"ks":{"a":0,"k":{"i":[[-0.8,-2.166],[-1.367,-1.333],[-1.9,-0.6],[-2.2,0],[-1.9,0.6],[-1.367,1.334],[-0.8,2.167],[0,3.134],[0.8,2.167],[1.366,1.334],[1.9,0.6],[2.2,0],[1.9,-0.633],[1.366,-1.4],[0.8,-2.133],[0,-3]],"o":[[0.8,2.167],[1.366,1.334],[1.9,0.6],[2.2,0],[1.9,-0.6],[1.366,-1.333],[0.8,-2.166],[0,-3.133],[-0.8,-2.166],[-1.367,-1.333],[-1.9,-0.6],[-2.2,0],[-1.9,0.634],[-1.367,1.4],[-0.8,2.134],[0,3.134]],"v":[[8.2,-46.25],[11.45,-41],[16.35,-38.1],[22.5,-37.2],[28.65,-38.1],[33.55,-41],[36.8,-46.25],[38,-54.2],[36.8,-62.15],[33.55,-67.4],[28.65,-70.3],[22.5,-71.2],[16.35,-70.25],[11.45,-67.2],[8.2,-61.9],[7,-54.2]],"c":true},"ix":2},"nm":"%","mn":"ADBE Vector Shape - Group","hd":false},{"ind":1,"ty":"sh","ix":2,"ks":{"a":0,"k":{"i":[[-1.434,1.567],[-2.534,0],[-1,-0.366],[-0.7,-0.833],[-0.367,-1.433],[0,-2.2],[0.366,-1.433],[0.7,-0.833],[1,-0.366],[1.266,0],[1.433,1.734],[0,4]],"o":[[1.433,-1.566],[1.266,0],[1,0.367],[0.7,0.834],[0.366,1.434],[0,2.2],[-0.367,1.434],[-0.7,0.834],[-1,0.367],[-2.534,0],[-1.434,-1.733],[0,-4.333]],"v":[[16.55,-63.05],[22.5,-65.4],[25.9,-64.85],[28.45,-63.05],[30.05,-59.65],[30.6,-54.2],[30.05,-48.75],[28.45,-45.35],[25.9,-43.55],[22.5,-43],[16.55,-45.6],[14.4,-54.2]],"c":true},"ix":2},"nm":"%","mn":"ADBE Vector Shape - Group","hd":false},{"ind":2,"ty":"sh","ix":3,"ks":{"a":0,"k":{"i":[[-0.8,-2.166],[-1.367,-1.333],[-1.9,-0.6],[-2.2,0],[-1.9,0.6],[-1.367,1.334],[-0.8,2.167],[0,3.134],[0.8,2.167],[1.366,1.334],[1.9,0.6],[2.2,0],[1.9,-0.633],[1.366,-1.4],[0.8,-2.133],[0,-3]],"o":[[0.8,2.167],[1.366,1.334],[1.9,0.6],[2.2,0],[1.9,-0.6],[1.366,-1.333],[0.8,-2.166],[0,-3.133],[-0.8,-2.166],[-1.367,-1.333],[-1.9,-0.6],[-2.2,0],[-1.9,0.634],[-1.367,1.4],[-0.8,2.134],[0,3.134]],"v":[[43.9,-9.25],[47.15,-4],[52.05,-1.1],[58.2,-0.2],[64.35,-1.1],[69.25,-4],[72.5,-9.25],[73.7,-17.2],[72.5,-25.15],[69.25,-30.4],[64.35,-33.3],[58.2,-34.2],[52.05,-33.25],[47.15,-30.2],[43.9,-24.9],[42.7,-17.2]],"c":true},"ix":2},"nm":"%","mn":"ADBE Vector Shape - Group","hd":false},{"ind":3,"ty":"sh","ix":4,"ks":{"a":0,"k":{"i":[[-1.434,1.567],[-2.534,0],[-1,-0.366],[-0.7,-0.833],[-0.367,-1.433],[0,-2.2],[0.366,-1.433],[0.7,-0.833],[1,-0.366],[1.266,0],[1.433,1.734],[0,4]],"o":[[1.433,-1.566],[1.266,0],[1,0.367],[0.7,0.834],[0.366,1.434],[0,2.2],[-0.367,1.434],[-0.7,0.834],[-1,0.367],[-2.534,0],[-1.434,-1.733],[0,-4.333]],"v":[[52.25,-26.05],[58.2,-28.4],[61.6,-27.85],[64.15,-26.05],[65.75,-22.65],[66.3,-17.2],[65.75,-11.75],[64.15,-8.35],[61.6,-6.55],[58.2,-6],[52.25,-8.6],[50.1,-17.2]],"c":true},"ix":2},"nm":"%","mn":"ADBE Vector Shape - Group","hd":false},{"ind":4,"ty":"sh","ix":5,"ks":{"a":0,"k":{"i":[[0,0],[0,0],[0,0],[0,0]],"o":[[0,0],[0,0],[0,0],[0,0]],"v":[[12.3,-2.7],[17.3,1.2],[68.6,-67.5],[63.7,-71.3]],"c":true},"ix":2},"nm":"%","mn":"ADBE Vector Shape - Group","hd":false}],"nm":"%","np":8,"cix":2,"bm":0,"ix":1,"mn":"ADBE Vector Group","hd":false}]},"fFamily":"PT Sans"},{"ch":")","size":100,"style":"Regular","w":28,"data":{"shapes":[{"ty":"gr","it":[{"ind":0,"ty":"sh","ix":1,"ks":{"a":0,"k":{"i":[[0,0],[-1.734,-3.6],[-1.1,-3.8],[-0.534,-3.733],[0,-3.2],[0.433,-3.666],[1.033,-3.733],[1.8,-3.667],[2.666,-3.4],[0,0],[-2.167,3.933],[-1.334,4.1],[-0.6,4.067],[0,3.667],[0.6,4.1],[1.3,4.034],[2.133,3.834],[3.066,3.2]],"o":[[2.466,2.934],[1.733,3.6],[1.1,3.8],[0.533,3.734],[0,3.4],[-0.434,3.667],[-1.034,3.733],[-1.8,3.666],[0,0],[3.133,-3.4],[2.166,-3.934],[1.333,-4.1],[0.6,-4.066],[0,-3.733],[-0.6,-4.1],[-1.3,-4.033],[-2.134,-3.833],[0,0]],"v":[[0.2,-67.5],[6.5,-57.7],[10.75,-46.6],[13.2,-35.3],[14,-24.9],[13.35,-14.3],[11.15,-3.2],[6.9,7.9],[0.2,18.5],[5,22],[12.95,11],[18.2,-1.05],[21.1,-13.3],[22,-24.9],[21.1,-36.65],[18.25,-48.85],[13.1,-60.65],[5.3,-71.2]],"c":true},"ix":2},"nm":")","mn":"ADBE Vector Shape - Group","hd":false}],"nm":")","np":3,"cix":2,"bm":0,"ix":1,"mn":"ADBE Vector Group","hd":false}]},"fFamily":"PT Sans"}]}