{"v":"5.5.7","meta":{"g":"LottieFiles AE 0.1.20","a":"Mateusz Nieckarz","k":"circle, loader, round, rounded, circular, rotate, rotating","d":"circle loader","tc":""},"fr":60,"ip":0,"op":181,"w":600,"h":600,"nm":"circle loader","ddd":0,"assets":[],"layers":[{"ddd":0,"ind":1,"ty":4,"nm":"loader","sr":1,"ks":{"o":{"a":0,"k":100,"ix":11},"r":{"a":0,"k":-90,"ix":10},"p":{"a":0,"k":[300,300,0],"ix":2},"a":{"a":0,"k":[0,0,0],"ix":1},"s":{"a":0,"k":[100,100,100],"ix":6}},"ao":0,"shapes":[{"ty":"gr","it":[{"ty":"rc","d":1,"s":{"a":0,"k":[120,120],"ix":2},"p":{"a":0,"k":[0,0],"ix":3},"r":{"a":0,"k":160,"ix":4},"nm":"Rectangle Path 1","mn":"ADBE Vector Shape - Rect","hd":false},{"ty":"st","c":{"a":0,"k":[1,1,1,1],"ix":3},"o":{"a":0,"k":100,"ix":4},"w":{"a":0,"k":8,"ix":5},"lc":3,"lj":1,"ml":4,"bm":0,"nm":"Stroke 1","mn":"ADBE Vector Graphic - Stroke","hd":false},{"ty":"fl","c":{"a":0,"k":[1,1,1,1],"ix":4},"o":{"a":0,"k":0,"ix":5},"r":1,"bm":0,"nm":"Fill 1","mn":"ADBE Vector Graphic - Fill","hd":false},{"ty":"tr","p":{"a":0,"k":[0,0],"ix":2},"a":{"a":0,"k":[0,0],"ix":1},"s":{"a":0,"k":[200,200],"ix":3},"r":{"a":0,"k":0,"ix":6},"o":{"a":0,"k":100,"ix":7},"sk":{"a":0,"k":0,"ix":4},"sa":{"a":0,"k":0,"ix":5},"nm":"Transform"}],"nm":"shape rounded","np":3,"cix":2,"bm":0,"ix":1,"mn":"ADBE Vector Group","hd":false},{"ty":"tm","s":{"a":1,"k":[{"i":{"x":[0.2],"y":[1]},"o":{"x":[0.4],"y":[0]},"t":0,"s":[0]},{"t":180,"s":[100]}],"ix":1},"e":{"a":1,"k":[{"i":{"x":[0.2],"y":[1]},"o":{"x":[0.4],"y":[0]},"t":0,"s":[100]},{"t":180,"s":[0]}],"ix":2},"o":{"a":1,"k":[{"i":{"x":[0.2],"y":[1]},"o":{"x":[0.4],"y":[0]},"t":0,"s":[0]},{"t":180,"s":[1440]}],"ix":3},"m":1,"ix":2,"nm":"Trim Paths 1","mn":"ADBE Vector Filter - Trim","hd":false}],"ip":0,"op":300,"st":0,"bm":0}],"markers":[]}