{
  "project_info": {
    "project_number": "138001703550",
    "firebase_url": "https://my-stuff-organizer.firebaseio.com",
    "project_id": "my-stuff-organizer",
    "storage_bucket": "my-stuff-organizer.appspot.com"
  },
  "client": [
    {
      "client_info": {
        "mobilesdk_app_id": "1:138001703550:android:4dd1243bc8b84f13d16e2f",
        "android_client_info": {
          "package_name": "com.mystufforganizer.reminder.notify"
        }
      },
      "oauth_client": [
        {
          "client_id": "138001703550-3lmtpok1a5ajqsd8tglbj8rojs0frbv9.apps.googleusercontent.com",
          "client_type": 3
        }
      ],
      "api_key": [
        {
          "current_key": "AIzaSyBXjVflmlDo3dmS_jf9xzkudbm3DEujT4Q"
        }
      ],
      "services": {
        "appinvite_service": {
          "other_platform_oauth_client": [
            {
              "client_id": "138001703550-3lmtpok1a5ajqsd8tglbj8rojs0frbv9.apps.googleusercontent.com",
              "client_type": 3
            }
          ]
        }
      }
    }
  ],
  "configuration_version": "1"
}