{
  "project_info": {
    "project_number": "1094239726338",
    "project_id": "snapcollage-d21e8",
    "storage_bucket": "snapcollage-d21e8.appspot.com"
  },
  "client": [
    {
      "client_info": {
        "mobilesdk_app_id": "1:1094239726338:android:f4877597620f3215b5301b",
        "android_client_info": {
          "package_name": "com.natara.photo.collage.maker"
        }
      },
      "oauth_client": [],
      "api_key": [
        {
          "current_key": "AIzaSyA_g1UX6HEAuwpbicSV879zXe6W9H8F4W0"
        }
      ],
      "services": {
        "appinvite_service": {
          "other_platform_oauth_client": []
        }
      }
    }
  ],
  "configuration_version": "1"
}