{
  "project_info": {
    "project_number": "787207734962",
    "firebase_url": "https://android-apps-a0acb.firebaseio.com",
    "project_id": "android-apps-a0acb",
    "storage_bucket": "android-apps-a0acb.appspot.com"
  },
  "client": [
    {
      "client_info": {
        "mobilesdk_app_id": "1:787207734962:android:36e95a4094f74922",
        "android_client_info": {
          "package_name": "com.auto.wallpaper.live.background.changer.editor"
        }
      },
      "oauth_client": [
        {
          "client_id": "787207734962-mp1avs5afgp46v3ic4ua6q8oa1he7q7e.apps.googleusercontent.com",
          "client_type": 3
        }
      ],
      "api_key": [
        {
          "current_key": "AIzaSyCPJ2TmXp2P9cYZJu_wARBFOI3Gg0uCGj4"
        }
      ],
      "services": {
        "appinvite_service": {
          "other_platform_oauth_client": [
            {
              "client_id": "787207734962-mp1avs5afgp46v3ic4ua6q8oa1he7q7e.apps.googleusercontent.com",
              "client_type": 3
            }
          ]
        }
      }
    },
    {
      "client_info": {
        "mobilesdk_app_id": "1:787207734962:android:b7140859004fca85",
        "android_client_info": {
          "package_name": "com.background.eraser.remover.photo.layers.editor"
        }
      },
      "oauth_client": [
        {
          "client_id": "787207734962-mp1avs5afgp46v3ic4ua6q8oa1he7q7e.apps.googleusercontent.com",
          "client_type": 3
        }
      ],
      "api_key": [
        {
          "current_key": "AIzaSyCPJ2TmXp2P9cYZJu_wARBFOI3Gg0uCGj4"
        }
      ],
      "services": {
        "appinvite_service": {
          "other_platform_oauth_client": [
            {
              "client_id": "787207734962-mp1avs5afgp46v3ic4ua6q8oa1he7q7e.apps.googleusercontent.com",
              "client_type": 3
            }
          ]
        }
      }
    },
    {
      "client_info": {
        "mobilesdk_app_id": "1:787207734962:android:b5eb205a2c820887",
        "android_client_info": {
          "package_name": "com.bike.photo.editor.frame.bicycle.background"
        }
      },
      "oauth_client": [
        {
          "client_id": "787207734962-mp1avs5afgp46v3ic4ua6q8oa1he7q7e.apps.googleusercontent.com",
          "client_type": 3
        }
      ],
      "api_key": [
        {
          "current_key": "AIzaSyCPJ2TmXp2P9cYZJu_wARBFOI3Gg0uCGj4"
        }
      ],
      "services": {
        "appinvite_service": {
          "other_platform_oauth_client": [
            {
              "client_id": "787207734962-mp1avs5afgp46v3ic4ua6q8oa1he7q7e.apps.googleusercontent.com",
              "client_type": 3
            }
          ]
        }
      }
    },
    {
      "client_info": {
        "mobilesdk_app_id": "1:787207734962:android:67f19753754e6f42",
        "android_client_info": {
          "package_name": "com.bike.photo.frame.men.suit.editor"
        }
      },
      "oauth_client": [
        {
          "client_id": "787207734962-mp1avs5afgp46v3ic4ua6q8oa1he7q7e.apps.googleusercontent.com",
          "client_type": 3
        }
      ],
      "api_key": [
        {
          "current_key": "AIzaSyCPJ2TmXp2P9cYZJu_wARBFOI3Gg0uCGj4"
        }
      ],
      "services": {
        "appinvite_service": {
          "other_platform_oauth_client": [
            {
              "client_id": "787207734962-mp1avs5afgp46v3ic4ua6q8oa1he7q7e.apps.googleusercontent.com",
              "client_type": 3
            }
          ]
        }
      }
    },
    {
      "client_info": {
        "mobilesdk_app_id": "1:787207734962:android:8d7039e6cf6be99d",
        "android_client_info": {
          "package_name": "com.block.puzzle.logic.tricks.brain.game"
        }
      },
      "oauth_client": [
        {
          "client_id": "787207734962-223enqdc6tq8pk4ho0fjr9cullef1322.apps.googleusercontent.com",
          "client_type": 1,
          "android_info": {
            "package_name": "com.block.puzzle.logic.tricks.brain.game",
            "certificate_hash": "a59104c9ebcffc0cbb6668019932033d6f891349"
          }
        },
        {
          "client_id": "787207734962-mp1avs5afgp46v3ic4ua6q8oa1he7q7e.apps.googleusercontent.com",
          "client_type": 3
        }
      ],
      "api_key": [
        {
          "current_key": "AIzaSyCPJ2TmXp2P9cYZJu_wARBFOI3Gg0uCGj4"
        }
      ],
      "services": {
        "appinvite_service": {
          "other_platform_oauth_client": [
            {
              "client_id": "787207734962-mp1avs5afgp46v3ic4ua6q8oa1he7q7e.apps.googleusercontent.com",
              "client_type": 3
            }
          ]
        }
      }
    },
    {
      "client_info": {
        "mobilesdk_app_id": "1:787207734962:android:da04d686639379ac",
        "android_client_info": {
          "package_name": "com.bmi.calculator.body.age.weight.health.tracker"
        }
      },
      "oauth_client": [
        {
          "client_id": "787207734962-mp1avs5afgp46v3ic4ua6q8oa1he7q7e.apps.googleusercontent.com",
          "client_type": 3
        }
      ],
      "api_key": [
        {
          "current_key": "AIzaSyCPJ2TmXp2P9cYZJu_wARBFOI3Gg0uCGj4"
        }
      ],
      "services": {
        "appinvite_service": {
          "other_platform_oauth_client": [
            {
              "client_id": "787207734962-mp1avs5afgp46v3ic4ua6q8oa1he7q7e.apps.googleusercontent.com",
              "client_type": 3
            }
          ]
        }
      }
    },
    {
      "client_info": {
        "mobilesdk_app_id": "1:787207734962:android:78d8f56296f82b65",
        "android_client_info": {
          "package_name": "com.calendar.hindi.month.number.festivals"
        }
      },
      "oauth_client": [
        {
          "client_id": "787207734962-mp1avs5afgp46v3ic4ua6q8oa1he7q7e.apps.googleusercontent.com",
          "client_type": 3
        }
      ],
      "api_key": [
        {
          "current_key": "AIzaSyCPJ2TmXp2P9cYZJu_wARBFOI3Gg0uCGj4"
        }
      ],
      "services": {
        "appinvite_service": {
          "other_platform_oauth_client": [
            {
              "client_id": "787207734962-mp1avs5afgp46v3ic4ua6q8oa1he7q7e.apps.googleusercontent.com",
              "client_type": 3
            }
          ]
        }
      }
    },
    {
      "client_info": {
        "mobilesdk_app_id": "1:787207734962:android:00b7e610b2637033",
        "android_client_info": {
          "package_name": "com.car.photo.editor.frames.background.stickers"
        }
      },
      "oauth_client": [
        {
          "client_id": "787207734962-mp1avs5afgp46v3ic4ua6q8oa1he7q7e.apps.googleusercontent.com",
          "client_type": 3
        }
      ],
      "api_key": [
        {
          "current_key": "AIzaSyCPJ2TmXp2P9cYZJu_wARBFOI3Gg0uCGj4"
        }
      ],
      "services": {
        "appinvite_service": {
          "other_platform_oauth_client": [
            {
              "client_id": "787207734962-mp1avs5afgp46v3ic4ua6q8oa1he7q7e.apps.googleusercontent.com",
              "client_type": 3
            }
          ]
        }
      }
    },
    {
      "client_info": {
        "mobilesdk_app_id": "1:787207734962:android:d4b4676e20dced4d",
        "android_client_info": {
          "package_name": "com.color.photo.splash.effect.filters.editor"
        }
      },
      "oauth_client": [
        {
          "client_id": "787207734962-mp1avs5afgp46v3ic4ua6q8oa1he7q7e.apps.googleusercontent.com",
          "client_type": 3
        }
      ],
      "api_key": [
        {
          "current_key": "AIzaSyCPJ2TmXp2P9cYZJu_wARBFOI3Gg0uCGj4"
        }
      ],
      "services": {
        "appinvite_service": {
          "other_platform_oauth_client": [
            {
              "client_id": "787207734962-mp1avs5afgp46v3ic4ua6q8oa1he7q7e.apps.googleusercontent.com",
              "client_type": 3
            }
          ]
        }
      }
    },
    {
      "client_info": {
        "mobilesdk_app_id": "1:787207734962:android:c2108a3bfc202469",
        "android_client_info": {
          "package_name": "com.cool.stylish.text.art.fancy.color.creator"
        }
      },
      "oauth_client": [
        {
          "client_id": "787207734962-mp1avs5afgp46v3ic4ua6q8oa1he7q7e.apps.googleusercontent.com",
          "client_type": 3
        }
      ],
      "api_key": [
        {
          "current_key": "AIzaSyCPJ2TmXp2P9cYZJu_wARBFOI3Gg0uCGj4"
        }
      ],
      "services": {
        "appinvite_service": {
          "other_platform_oauth_client": [
            {
              "client_id": "787207734962-mp1avs5afgp46v3ic4ua6q8oa1he7q7e.apps.googleusercontent.com",
              "client_type": 3
            }
          ]
        }
      }
    },
    {
      "client_info": {
        "mobilesdk_app_id": "1:787207734962:android:0da1453782564dd2",
        "android_client_info": {
          "package_name": "com.crop.photo.image.resize.cut.tools"
        }
      },
      "oauth_client": [
        {
          "client_id": "787207734962-gab9mut2leemh1hv76ofv7ofd6n2l9rs.apps.googleusercontent.com",
          "client_type": 1,
          "android_info": {
            "package_name": "com.crop.photo.image.resize.cut.tools",
            "certificate_hash": "282d0c5a02ffe23c4347d11664080a2b5bf04c56"
          }
        },
        {
          "client_id": "787207734962-mp1avs5afgp46v3ic4ua6q8oa1he7q7e.apps.googleusercontent.com",
          "client_type": 3
        }
      ],
      "api_key": [
        {
          "current_key": "AIzaSyCPJ2TmXp2P9cYZJu_wARBFOI3Gg0uCGj4"
        }
      ],
      "services": {
        "appinvite_service": {
          "other_platform_oauth_client": [
            {
              "client_id": "787207734962-mp1avs5afgp46v3ic4ua6q8oa1he7q7e.apps.googleusercontent.com",
              "client_type": 3
            }
          ]
        }
      }
    },
    {
      "client_info": {
        "mobilesdk_app_id": "1:787207734962:android:fb34faf9d9d39900",
        "android_client_info": {
          "package_name": "com.daily.fuel.petrol.diesel.price.india"
        }
      },
      "oauth_client": [
        {
          "client_id": "787207734962-mp1avs5afgp46v3ic4ua6q8oa1he7q7e.apps.googleusercontent.com",
          "client_type": 3
        }
      ],
      "api_key": [
        {
          "current_key": "AIzaSyCPJ2TmXp2P9cYZJu_wARBFOI3Gg0uCGj4"
        }
      ],
      "services": {
        "appinvite_service": {
          "other_platform_oauth_client": [
            {
              "client_id": "787207734962-mp1avs5afgp46v3ic4ua6q8oa1he7q7e.apps.googleusercontent.com",
              "client_type": 3
            }
          ]
        }
      }
    },
    {
      "client_info": {
        "mobilesdk_app_id": "1:787207734962:android:01fb6715ebbe308d",
        "android_client_info": {
          "package_name": "com.dslr.camera.blur.background.photo.effect.editor"
        }
      },
      "oauth_client": [
        {
          "client_id": "787207734962-mp1avs5afgp46v3ic4ua6q8oa1he7q7e.apps.googleusercontent.com",
          "client_type": 3
        }
      ],
      "api_key": [
        {
          "current_key": "AIzaSyCPJ2TmXp2P9cYZJu_wARBFOI3Gg0uCGj4"
        }
      ],
      "services": {
        "appinvite_service": {
          "other_platform_oauth_client": [
            {
              "client_id": "787207734962-mp1avs5afgp46v3ic4ua6q8oa1he7q7e.apps.googleusercontent.com",
              "client_type": 3
            }
          ]
        }
      }
    },
    {
      "client_info": {
        "mobilesdk_app_id": "1:787207734962:android:8744e9a8aa82c8e1",
        "android_client_info": {
          "package_name": "com.emi.calculator.financial.banking.loan.interest"
        }
      },
      "oauth_client": [
        {
          "client_id": "787207734962-mp1avs5afgp46v3ic4ua6q8oa1he7q7e.apps.googleusercontent.com",
          "client_type": 3
        }
      ],
      "api_key": [
        {
          "current_key": "AIzaSyCPJ2TmXp2P9cYZJu_wARBFOI3Gg0uCGj4"
        }
      ],
      "services": {
        "appinvite_service": {
          "other_platform_oauth_client": [
            {
              "client_id": "787207734962-mp1avs5afgp46v3ic4ua6q8oa1he7q7e.apps.googleusercontent.com",
              "client_type": 3
            }
          ]
        }
      }
    },
    {
      "client_info": {
        "mobilesdk_app_id": "1:787207734962:android:fd622c3d94220905",
        "android_client_info": {
          "package_name": "com.emoji.letter.text.message.sticker.maker"
        }
      },
      "oauth_client": [
        {
          "client_id": "787207734962-mp1avs5afgp46v3ic4ua6q8oa1he7q7e.apps.googleusercontent.com",
          "client_type": 3
        }
      ],
      "api_key": [
        {
          "current_key": "AIzaSyCPJ2TmXp2P9cYZJu_wARBFOI3Gg0uCGj4"
        }
      ],
      "services": {
        "appinvite_service": {
          "other_platform_oauth_client": [
            {
              "client_id": "787207734962-mp1avs5afgp46v3ic4ua6q8oa1he7q7e.apps.googleusercontent.com",
              "client_type": 3
            }
          ]
        }
      }
    },
    {
      "client_info": {
        "mobilesdk_app_id": "1:787207734962:android:2dd2eb813cecf6e8",
        "android_client_info": {
          "package_name": "com.led.scroller.text.display.light.messages"
        }
      },
      "oauth_client": [
        {
          "client_id": "787207734962-mp1avs5afgp46v3ic4ua6q8oa1he7q7e.apps.googleusercontent.com",
          "client_type": 3
        }
      ],
      "api_key": [
        {
          "current_key": "AIzaSyCPJ2TmXp2P9cYZJu_wARBFOI3Gg0uCGj4"
        }
      ],
      "services": {
        "appinvite_service": {
          "other_platform_oauth_client": [
            {
              "client_id": "787207734962-mp1avs5afgp46v3ic4ua6q8oa1he7q7e.apps.googleusercontent.com",
              "client_type": 3
            }
          ]
        }
      }
    },
    {
      "client_info": {
        "mobilesdk_app_id": "1:787207734962:android:f7a59b3b92d0eb2f",
        "android_client_info": {
          "package_name": "com.manshirt.photo.mensuit.picture.background.editor"
        }
      },
      "oauth_client": [
        {
          "client_id": "787207734962-mp1avs5afgp46v3ic4ua6q8oa1he7q7e.apps.googleusercontent.com",
          "client_type": 3
        }
      ],
      "api_key": [
        {
          "current_key": "AIzaSyCPJ2TmXp2P9cYZJu_wARBFOI3Gg0uCGj4"
        }
      ],
      "services": {
        "appinvite_service": {
          "other_platform_oauth_client": [
            {
              "client_id": "787207734962-mp1avs5afgp46v3ic4ua6q8oa1he7q7e.apps.googleusercontent.com",
              "client_type": 3
            }
          ]
        }
      }
    },
    {
      "client_info": {
        "mobilesdk_app_id": "1:787207734962:android:63686f9e730a83c8",
        "android_client_info": {
          "package_name": "com.marvellous.photo.frames.collage.background.editor"
        }
      },
      "oauth_client": [
        {
          "client_id": "787207734962-mp1avs5afgp46v3ic4ua6q8oa1he7q7e.apps.googleusercontent.com",
          "client_type": 3
        }
      ],
      "api_key": [
        {
          "current_key": "AIzaSyCPJ2TmXp2P9cYZJu_wARBFOI3Gg0uCGj4"
        }
      ],
      "services": {
        "appinvite_service": {
          "other_platform_oauth_client": [
            {
              "client_id": "787207734962-mp1avs5afgp46v3ic4ua6q8oa1he7q7e.apps.googleusercontent.com",
              "client_type": 3
            }
          ]
        }
      }
    },
    {
      "client_info": {
        "mobilesdk_app_id": "1:787207734962:android:3dd4ddba273e7989",
        "android_client_info": {
          "package_name": "com.multicolor.wallpaper.custom.solid.colour.background"
        }
      },
      "oauth_client": [
        {
          "client_id": "787207734962-59lmm07l7eeob1det10rslb02455lstj.apps.googleusercontent.com",
          "client_type": 1,
          "android_info": {
            "package_name": "com.multicolor.wallpaper.custom.solid.colour.background",
            "certificate_hash": "282d0c5a02ffe23c4347d11664080a2b5bf04c56"
          }
        },
        {
          "client_id": "787207734962-d0qcl86tl4tjtv4mkjci8p35huddkjkc.apps.googleusercontent.com",
          "client_type": 1,
          "android_info": {
            "package_name": "com.multicolor.wallpaper.custom.solid.colour.background",
            "certificate_hash": "505956589236c12c54c4dd2d4a4134cd11ab3422"
          }
        },
        {
          "client_id": "787207734962-mp1avs5afgp46v3ic4ua6q8oa1he7q7e.apps.googleusercontent.com",
          "client_type": 3
        }
      ],
      "api_key": [
        {
          "current_key": "AIzaSyCPJ2TmXp2P9cYZJu_wARBFOI3Gg0uCGj4"
        }
      ],
      "services": {
        "appinvite_service": {
          "other_platform_oauth_client": [
            {
              "client_id": "787207734962-mp1avs5afgp46v3ic4ua6q8oa1he7q7e.apps.googleusercontent.com",
              "client_type": 3
            }
          ]
        }
      }
    },
    {
      "client_info": {
        "mobilesdk_app_id": "1:787207734962:android:5bd0bba50a3b2b88a26bab",
        "android_client_info": {
          "package_name": "com.name.art.photo.stylish.filters.effect.editor"
        }
      },
      "oauth_client": [
        {
          "client_id": "787207734962-mp1avs5afgp46v3ic4ua6q8oa1he7q7e.apps.googleusercontent.com",
          "client_type": 3
        }
      ],
      "api_key": [
        {
          "current_key": "AIzaSyCPJ2TmXp2P9cYZJu_wARBFOI3Gg0uCGj4"
        }
      ],
      "services": {
        "appinvite_service": {
          "other_platform_oauth_client": [
            {
              "client_id": "787207734962-mp1avs5afgp46v3ic4ua6q8oa1he7q7e.apps.googleusercontent.com",
              "client_type": 3
            }
          ]
        }
      }
    },
    {
      "client_info": {
        "mobilesdk_app_id": "1:787207734962:android:1f01b88167673eba",
        "android_client_info": {
          "package_name": "com.name.photo.birthday.cake.quotes.frame.editor"
        }
      },
      "oauth_client": [
        {
          "client_id": "787207734962-mp1avs5afgp46v3ic4ua6q8oa1he7q7e.apps.googleusercontent.com",
          "client_type": 3
        }
      ],
      "api_key": [
        {
          "current_key": "AIzaSyCPJ2TmXp2P9cYZJu_wARBFOI3Gg0uCGj4"
        }
      ],
      "services": {
        "appinvite_service": {
          "other_platform_oauth_client": [
            {
              "client_id": "787207734962-mp1avs5afgp46v3ic4ua6q8oa1he7q7e.apps.googleusercontent.com",
              "client_type": 3
            }
          ]
        }
      }
    },
    {
      "client_info": {
        "mobilesdk_app_id": "1:787207734962:android:59c4330a6d807ee2",
        "android_client_info": {
          "package_name": "com.neon.light.led.board.scrolling.text.word"
        }
      },
      "oauth_client": [
        {
          "client_id": "787207734962-mp1avs5afgp46v3ic4ua6q8oa1he7q7e.apps.googleusercontent.com",
          "client_type": 3
        }
      ],
      "api_key": [
        {
          "current_key": "AIzaSyCPJ2TmXp2P9cYZJu_wARBFOI3Gg0uCGj4"
        }
      ],
      "services": {
        "appinvite_service": {
          "other_platform_oauth_client": [
            {
              "client_id": "787207734962-mp1avs5afgp46v3ic4ua6q8oa1he7q7e.apps.googleusercontent.com",
              "client_type": 3
            }
          ]
        }
      }
    },
    {
      "client_info": {
        "mobilesdk_app_id": "1:787207734962:android:af46bb279c3ce30ca26bab",
        "android_client_info": {
          "package_name": "com.photo.collage.frames.grid.filters.maker"
        }
      },
      "oauth_client": [
        {
          "client_id": "787207734962-mp1avs5afgp46v3ic4ua6q8oa1he7q7e.apps.googleusercontent.com",
          "client_type": 3
        }
      ],
      "api_key": [
        {
          "current_key": "AIzaSyCPJ2TmXp2P9cYZJu_wARBFOI3Gg0uCGj4"
        }
      ],
      "services": {
        "appinvite_service": {
          "other_platform_oauth_client": [
            {
              "client_id": "787207734962-mp1avs5afgp46v3ic4ua6q8oa1he7q7e.apps.googleusercontent.com",
              "client_type": 3
            }
          ]
        }
      }
    },
    {
      "client_info": {
        "mobilesdk_app_id": "1:787207734962:android:6dfef5070f6cfc75a26bab",
        "android_client_info": {
          "package_name": "com.pip.camera.art.filter.photo.effect.editor"
        }
      },
      "oauth_client": [
        {
          "client_id": "787207734962-mp1avs5afgp46v3ic4ua6q8oa1he7q7e.apps.googleusercontent.com",
          "client_type": 3
        }
      ],
      "api_key": [
        {
          "current_key": "AIzaSyCPJ2TmXp2P9cYZJu_wARBFOI3Gg0uCGj4"
        }
      ],
      "services": {
        "appinvite_service": {
          "other_platform_oauth_client": [
            {
              "client_id": "787207734962-mp1avs5afgp46v3ic4ua6q8oa1he7q7e.apps.googleusercontent.com",
              "client_type": 3
            }
          ]
        }
      }
    },
    {
      "client_info": {
        "mobilesdk_app_id": "1:787207734962:android:4bf2ad7f43f534b7",
        "android_client_info": {
          "package_name": "com.police.photo.mensuit.face.uniform.editor"
        }
      },
      "oauth_client": [
        {
          "client_id": "787207734962-mp1avs5afgp46v3ic4ua6q8oa1he7q7e.apps.googleusercontent.com",
          "client_type": 3
        }
      ],
      "api_key": [
        {
          "current_key": "AIzaSyCPJ2TmXp2P9cYZJu_wARBFOI3Gg0uCGj4"
        }
      ],
      "services": {
        "appinvite_service": {
          "other_platform_oauth_client": [
            {
              "client_id": "787207734962-mp1avs5afgp46v3ic4ua6q8oa1he7q7e.apps.googleusercontent.com",
              "client_type": 3
            }
          ]
        }
      }
    },
    {
      "client_info": {
        "mobilesdk_app_id": "1:787207734962:android:7bd9c6d11add78ae",
        "android_client_info": {
          "package_name": "com.scribble.animation.maker.video.effect.creator"
        }
      },
      "oauth_client": [
        {
          "client_id": "787207734962-mp1avs5afgp46v3ic4ua6q8oa1he7q7e.apps.googleusercontent.com",
          "client_type": 3
        }
      ],
      "api_key": [
        {
          "current_key": "AIzaSyCPJ2TmXp2P9cYZJu_wARBFOI3Gg0uCGj4"
        }
      ],
      "services": {
        "appinvite_service": {
          "other_platform_oauth_client": [
            {
              "client_id": "787207734962-mp1avs5afgp46v3ic4ua6q8oa1he7q7e.apps.googleusercontent.com",
              "client_type": 3
            }
          ]
        }
      }
    },
    {
      "client_info": {
        "mobilesdk_app_id": "1:787207734962:android:caede30d56c33cbb",
        "android_client_info": {
          "package_name": "com.solid.color.wallpaper.hd.image.background"
        }
      },
      "oauth_client": [
        {
          "client_id": "787207734962-mp1avs5afgp46v3ic4ua6q8oa1he7q7e.apps.googleusercontent.com",
          "client_type": 3
        }
      ],
      "api_key": [
        {
          "current_key": "AIzaSyCPJ2TmXp2P9cYZJu_wARBFOI3Gg0uCGj4"
        }
      ],
      "services": {
        "appinvite_service": {
          "other_platform_oauth_client": [
            {
              "client_id": "787207734962-mp1avs5afgp46v3ic4ua6q8oa1he7q7e.apps.googleusercontent.com",
              "client_type": 3
            }
          ]
        }
      }
    },
    {
      "client_info": {
        "mobilesdk_app_id": "1:787207734962:android:f71f140612739952",
        "android_client_info": {
          "package_name": "com.tattoo.body.name.girls.boys.photo.editor"
        }
      },
      "oauth_client": [
        {
          "client_id": "787207734962-mp1avs5afgp46v3ic4ua6q8oa1he7q7e.apps.googleusercontent.com",
          "client_type": 3
        }
      ],
      "api_key": [
        {
          "current_key": "AIzaSyCPJ2TmXp2P9cYZJu_wARBFOI3Gg0uCGj4"
        }
      ],
      "services": {
        "appinvite_service": {
          "other_platform_oauth_client": [
            {
              "client_id": "787207734962-mp1avs5afgp46v3ic4ua6q8oa1he7q7e.apps.googleusercontent.com",
              "client_type": 3
            }
          ]
        }
      }
    },
    {
      "client_info": {
        "mobilesdk_app_id": "1:787207734962:android:790c8f681c3ae600",
        "android_client_info": {
          "package_name": "com.video.status.photo.music.lyrical.maker"
        }
      },
      "oauth_client": [
        {
          "client_id": "787207734962-mp1avs5afgp46v3ic4ua6q8oa1he7q7e.apps.googleusercontent.com",
          "client_type": 3
        }
      ],
      "api_key": [
        {
          "current_key": "AIzaSyCPJ2TmXp2P9cYZJu_wARBFOI3Gg0uCGj4"
        }
      ],
      "services": {
        "appinvite_service": {
          "other_platform_oauth_client": [
            {
              "client_id": "787207734962-mp1avs5afgp46v3ic4ua6q8oa1he7q7e.apps.googleusercontent.com",
              "client_type": 3
            }
          ]
        }
      }
    }
  ],
  "configuration_version": "1"
}