{"v":"5.5.7","meta":{"g":"LottieFiles AE 0.1.20","a":"","k":"","d":"","tc":""},"fr":29.9700012207031,"ip":0,"op":120.0000048877,"w":600,"h":400,"nm":"vacation","ddd":0,"assets":[{"id":"comp_0","layers":[{"ddd":0,"ind":1,"ty":4,"nm":"hair","sr":1,"ks":{"o":{"a":0,"k":100,"ix":11},"r":{"a":0,"k":0,"ix":10},"p":{"a":0,"k":[35.88,44.713,0],"ix":2},"a":{"a":0,"k":[-193.62,-85.287,0],"ix":1},"s":{"a":0,"k":[100,100,100],"ix":6}},"ao":0,"shapes":[{"ty":"gr","it":[{"ind":0,"ty":"sh","ix":1,"ks":{"a":1,"k":[{"i":{"x":0.833,"y":0.833},"o":{"x":0.167,"y":0.167},"t":0,"s":[{"i":[[8,0],[2.75,-6.5],[0.25,-7],[3.5,-3.5],[-0.5,-5.25],[-6,3.75],[-6.75,-2.25],[-3.5,4],[-1.5,6],[2.25,8.5],[0,8]],"o":[[-8,0],[-2.75,6.5],[-0.25,7],[-3.5,3.5],[0.5,5.25],[6,-3.75],[6.75,2.25],[3.5,-4],[1.5,-6],[-2.25,-8.5],[0,-8]],"v":[[-188,-115.25],[-199.5,-105.5],[-205.75,-87.5],[-207,-75],[-215,-61.5],[-207.25,-57],[-194.75,-59.75],[-184,-62.25],[-173.25,-66],[-174,-78.5],[-176.5,-100]],"c":true}]},{"i":{"x":0.833,"y":0.833},"o":{"x":0.167,"y":0.167},"t":60,"s":[{"i":[[8,0],[2.75,-6.5],[4.376,-5.47],[1.784,-3.882],[1.929,-4.613],[-3.5,-1],[-7.562,-3.438],[-3.758,3.758],[-1.081,2.134],[0.812,3.938],[0.375,7.875]],"o":[[-8,0],[-2.75,6.5],[-3,3.75],[-3.188,6.938],[-1.438,3.438],[3.79,1.083],[4.832,2.197],[3.562,-3.562],[2.312,-4.562],[-1.612,-7.814],[-0.381,-7.991]],"v":[[-188,-115.25],[-199.5,-105.5],[-205.75,-87.5],[-212.812,-80],[-212.438,-68.5],[-209.688,-59.062],[-195.188,-58.625],[-179.938,-59.875],[-173.812,-66.438],[-172.438,-79.5],[-176.062,-99.875]],"c":true}]},{"t":119.000004846969,"s":[{"i":[[8,0],[2.75,-6.5],[0.25,-7],[3.5,-3.5],[-0.5,-5.25],[-6,3.75],[-6.75,-2.25],[-3.5,4],[-1.5,6],[2.25,8.5],[0,8]],"o":[[-8,0],[-2.75,6.5],[-0.25,7],[-3.5,3.5],[0.5,5.25],[6,-3.75],[6.75,2.25],[3.5,-4],[1.5,-6],[-2.25,-8.5],[0,-8]],"v":[[-188,-115.25],[-199.5,-105.5],[-205.75,-87.5],[-207,-75],[-215,-61.5],[-207.25,-57],[-194.75,-59.75],[-184,-62.25],[-173.25,-66],[-174,-78.5],[-176.5,-100]],"c":true}]}],"ix":2},"nm":"Path 1","mn":"ADBE Vector Shape - Group","hd":false},{"ty":"fl","c":{"a":0,"k":[0.537254901961,0.282352941176,0.305882352941,1],"ix":4},"o":{"a":0,"k":100,"ix":5},"r":1,"bm":0,"nm":"Fill 1","mn":"ADBE Vector Graphic - Fill","hd":false},{"ty":"tr","p":{"a":0,"k":[0,0],"ix":2},"a":{"a":0,"k":[0,0],"ix":1},"s":{"a":0,"k":[100,100],"ix":3},"r":{"a":0,"k":0,"ix":6},"o":{"a":0,"k":100,"ix":7},"sk":{"a":0,"k":0,"ix":4},"sa":{"a":0,"k":0,"ix":5},"nm":"Transform"}],"nm":"Shape 1","np":3,"cix":2,"bm":0,"ix":1,"mn":"ADBE Vector Group","hd":false}],"ip":0,"op":120.0000048877,"st":0,"bm":0},{"ddd":0,"ind":2,"ty":4,"nm":"Shape Layer 11","sr":1,"ks":{"o":{"a":0,"k":100,"ix":11},"r":{"a":0,"k":0,"ix":10},"p":{"a":0,"k":[106.115,78.256,0],"ix":2},"a":{"a":0,"k":[0,0,0],"ix":1},"s":{"a":0,"k":[100,100,100],"ix":6}},"ao":0,"shapes":[{"ty":"gr","it":[{"ind":0,"ty":"sh","ix":1,"ks":{"a":0,"k":{"i":[[12.1,1.767],[6.424,-0.676],[-0.099,-0.33],[-5.253,-0.122],[-4.719,-1.303],[-4.097,-3.798]],"o":[[-10.568,-1.544],[0.094,0.327],[5.51,-0.647],[5.87,0.137],[6.96,1.921],[-0.136,-2.311]],"v":[[-1.307,-5.346],[-31.458,-5.786],[-31.165,-4.8],[-12.774,-5.422],[7.295,-2.555],[31.458,6.89]],"c":true},"ix":2},"nm":"Path 1","mn":"ADBE Vector Shape - Group","hd":false},{"ty":"fl","c":{"a":0,"k":[0.529034184475,0.736473651961,0.305938900218,1],"ix":4},"o":{"a":0,"k":100,"ix":5},"r":1,"bm":0,"nm":"Fill 1","mn":"ADBE Vector Graphic - Fill","hd":false},{"ty":"tr","p":{"a":0,"k":[0,0],"ix":2},"a":{"a":0,"k":[0,0],"ix":1},"s":{"a":0,"k":[100,100],"ix":3},"r":{"a":0,"k":0,"ix":6},"o":{"a":0,"k":100,"ix":7},"sk":{"a":0,"k":0,"ix":4},"sa":{"a":0,"k":0,"ix":5},"nm":"Transform"}],"nm":"Shape 1","np":3,"cix":2,"bm":0,"ix":1,"mn":"ADBE Vector Group","hd":false}],"ip":0,"op":120.0000048877,"st":0,"bm":0},{"ddd":0,"ind":3,"ty":4,"nm":"Shape Layer 10","sr":1,"ks":{"o":{"a":0,"k":100,"ix":11},"r":{"a":0,"k":0,"ix":10},"p":{"a":0,"k":[50.567,103.653,0],"ix":2},"a":{"a":0,"k":[0,0,0],"ix":1},"s":{"a":0,"k":[100,100,100],"ix":6}},"ao":0,"shapes":[{"ty":"gr","it":[{"ind":0,"ty":"sh","ix":1,"ks":{"a":0,"k":{"i":[[-2.333,-0.933],[-11.354,1.089],[-0.438,0.336],[1.609,0.268],[0.819,1.365],[2.184,7.236],[-0.273,1.911],[-5.136,4.683],[-5.089,2.494],[0.239,0.318],[7.777,-5.911],[0.188,-1.883],[-2.333,-6.221]],"o":[[2.333,0.933],[0.279,-0.139],[-13.352,1.238],[-1.638,-0.273],[-0.819,-1.365],[-2.184,-7.236],[0.273,-1.911],[9.283,-8.464],[-0.324,-0.528],[-5.755,1.867],[-7.777,5.91],[-0.156,1.555],[2.333,6.222]],"v":[[-10.594,27.841],[19.58,28.775],[20.704,28.026],[-5.88,27.413],[-9.976,25.092],[-15.163,13.488],[-17.757,-0.711],[-9.839,-12.588],[14.995,-28.565],[14.136,-29.863],[-8.261,-16.954],[-20.549,-0.156],[-17.905,14.31]],"c":true},"ix":2},"nm":"Path 1","mn":"ADBE Vector Shape - Group","hd":false},{"ty":"fl","c":{"a":0,"k":[0.25126842424,0.386749387255,0.103553816851,1],"ix":4},"o":{"a":0,"k":100,"ix":5},"r":1,"bm":0,"nm":"Fill 1","mn":"ADBE Vector Graphic - Fill","hd":false},{"ty":"tr","p":{"a":0,"k":[0,0],"ix":2},"a":{"a":0,"k":[0,0],"ix":1},"s":{"a":0,"k":[100,100],"ix":3},"r":{"a":0,"k":0,"ix":6},"o":{"a":0,"k":100,"ix":7},"sk":{"a":0,"k":0,"ix":4},"sa":{"a":0,"k":0,"ix":5},"nm":"Transform"}],"nm":"Shape 1","np":3,"cix":2,"bm":0,"ix":1,"mn":"ADBE Vector Group","hd":false}],"ip":0,"op":120.0000048877,"st":0,"bm":0},{"ddd":0,"ind":4,"ty":4,"nm":"Shape Layer 9","sr":1,"ks":{"o":{"a":0,"k":100,"ix":11},"r":{"a":0,"k":0,"ix":10},"p":{"a":0,"k":[106,100,0],"ix":2},"a":{"a":0,"k":[0,0,0],"ix":1},"s":{"a":0,"k":[100,100,100],"ix":6}},"ao":0,"shapes":[{"ty":"gr","it":[{"ind":0,"ty":"sh","ix":1,"ks":{"a":0,"k":{"i":[[12.1,1.767],[6.424,-0.676],[-0.5,-2.201],[-0.778,-4.977],[0.156,-4.666],[-0.114,-2.652],[-11.243,8.529],[0.136,2.311]],"o":[[-10.568,-1.544],[1.014,3.509],[0.778,3.422],[0.778,4.977],[-0.142,4.245],[9.054,-2.747],[11.828,-8.973],[-0.136,-2.311]],"v":[[-1.375,-27.24],[-31.526,-27.68],[-28.678,-18.228],[-24.167,-2.674],[-22.3,17.391],[-21.057,28.784],[11.949,9.604],[31.39,-15.004]],"c":true},"ix":2},"nm":"Path 1","mn":"ADBE Vector Shape - Group","hd":false},{"ty":"fl","c":{"a":0,"k":[0.365620452282,0.570787377451,0.141927412444,1],"ix":4},"o":{"a":0,"k":100,"ix":5},"r":1,"bm":0,"nm":"Fill 1","mn":"ADBE Vector Graphic - Fill","hd":false},{"ty":"tr","p":{"a":0,"k":[0,0],"ix":2},"a":{"a":0,"k":[0,0],"ix":1},"s":{"a":0,"k":[100,100],"ix":3},"r":{"a":0,"k":0,"ix":6},"o":{"a":0,"k":100,"ix":7},"sk":{"a":0,"k":0,"ix":4},"sa":{"a":0,"k":0,"ix":5},"nm":"Transform"}],"nm":"Shape 1","np":3,"cix":2,"bm":0,"ix":1,"mn":"ADBE Vector Group","hd":false}],"ip":0,"op":120.0000048877,"st":0,"bm":0},{"ddd":0,"ind":5,"ty":4,"nm":"Shape Layer 8","sr":1,"ks":{"o":{"a":0,"k":100,"ix":11},"r":{"a":0,"k":0,"ix":10},"p":{"a":0,"k":[55.125,103.75,0],"ix":2},"a":{"a":0,"k":[0,0,0],"ix":1},"s":{"a":0,"k":[100,100,100],"ix":6}},"ao":0,"shapes":[{"ty":"gr","it":[{"ind":0,"ty":"sh","ix":1,"ks":{"a":0,"k":{"i":[[-0.311,1.244],[-1.711,0.933],[-0.622,2.644],[2.644,5.133],[0.933,2.955],[0.467,1.867],[1.4,1.867],[7.777,-5.911],[0.188,-1.883],[-2.333,-6.221],[-2.333,-0.933],[-11.354,1.089]],"o":[[0.311,-1.244],[1.711,-0.933],[0.622,-2.644],[-2.644,-5.133],[-0.933,-2.955],[-0.467,-1.866],[-5.755,1.867],[-7.777,5.91],[-0.156,1.555],[2.333,6.222],[2.333,0.933],[0.933,-0.467]],"v":[[18.587,25.197],[21.853,22.086],[24.653,17.109],[20.764,3.111],[16.876,-9.799],[14.698,-19.909],[9.566,-29.863],[-12.832,-16.954],[-25.12,-0.156],[-22.475,14.31],[-15.165,27.841],[15.01,28.775]],"c":true},"ix":2},"nm":"Path 1","mn":"ADBE Vector Shape - Group","hd":false},{"ty":"fl","c":{"a":0,"k":[0.365620452282,0.570787377451,0.141927412444,1],"ix":4},"o":{"a":0,"k":100,"ix":5},"r":1,"bm":0,"nm":"Fill 1","mn":"ADBE Vector Graphic - Fill","hd":false},{"ty":"tr","p":{"a":0,"k":[0,0],"ix":2},"a":{"a":0,"k":[0,0],"ix":1},"s":{"a":0,"k":[100,100],"ix":3},"r":{"a":0,"k":0,"ix":6},"o":{"a":0,"k":100,"ix":7},"sk":{"a":0,"k":0,"ix":4},"sa":{"a":0,"k":0,"ix":5},"nm":"Transform"}],"nm":"Shape 1","np":3,"cix":2,"bm":0,"ix":1,"mn":"ADBE Vector Group","hd":false}],"ip":0,"op":120.0000048877,"st":0,"bm":0},{"ddd":0,"ind":6,"ty":4,"nm":"Shape Layer 7","sr":1,"ks":{"o":{"a":0,"k":100,"ix":11},"r":{"a":0,"k":0,"ix":10},"p":{"a":0,"k":[74.65,97.674,0],"ix":2},"a":{"a":0,"k":[-153,-30.5,0],"ix":1},"s":{"a":0,"k":[100,100,100],"ix":6}},"ao":0,"shapes":[{"ty":"gr","it":[{"ind":0,"ty":"sh","ix":1,"ks":{"a":0,"k":{"i":[[1.632,0.117],[-1.631,2.855],[0.952,4.622],[1.224,5.03],[0.272,2.311],[1.088,0.816],[1.088,1.495],[0.952,2.719],[-0.272,2.175],[0.115,-1.384],[-0.68,-1.767],[-0.467,-1.866],[-0.933,-2.955],[-2.644,-5.133],[0.622,-2.644],[1.711,-0.933],[0.311,-1.244],[0.933,-0.467],[-1.4,0.778],[-0.778,0.467],[-1.555,0.622],[-0.733,0.894]],"o":[[-1.903,-0.136],[1.631,-2.855],[-0.952,-4.622],[-1.224,-5.03],[-0.272,-2.311],[-1.088,-0.816],[-1.088,-1.495],[-0.952,-2.719],[-0.96,1.088],[-0.187,2.243],[1.4,1.867],[0.467,1.867],[0.933,2.955],[2.644,5.133],[-0.622,2.644],[-1.711,0.933],[-0.311,1.244],[0.467,0.778],[1.4,0.778],[1.244,0.467],[1.368,-0.547],[-0.46,-1.547]],"v":[[-150.004,2.286],[-148.237,-2.065],[-147.693,-13.893],[-150.548,-27.08],[-151.635,-39.724],[-154.898,-40.54],[-156.53,-46.794],[-161.288,-56.582],[-162.24,-66.507],[-164.526,-61.266],[-163.687,-54.687],[-158.555,-44.732],[-156.377,-34.622],[-152.489,-21.713],[-148.6,-7.714],[-151.4,-2.737],[-154.666,0.374],[-158.243,3.951],[-155.133,4.262],[-152.333,4.418],[-148.756,4.885],[-145.287,2.775]],"c":true},"ix":2},"nm":"Path 1","mn":"ADBE Vector Shape - Group","hd":false},{"ty":"fl","c":{"a":0,"k":[0.764705882353,0.494117647059,0.341176470588,1],"ix":4},"o":{"a":0,"k":100,"ix":5},"r":1,"bm":0,"nm":"Fill 1","mn":"ADBE Vector Graphic - Fill","hd":false},{"ty":"tr","p":{"a":0,"k":[0,0],"ix":2},"a":{"a":0,"k":[0,0],"ix":1},"s":{"a":0,"k":[100,100],"ix":3},"r":{"a":0,"k":0,"ix":6},"o":{"a":0,"k":100,"ix":7},"sk":{"a":0,"k":0,"ix":4},"sa":{"a":0,"k":0,"ix":5},"nm":"Transform"}],"nm":"Shape 1","np":3,"cix":2,"bm":0,"ix":1,"mn":"ADBE Vector Group","hd":false}],"ip":0,"op":120.0000048877,"st":0,"bm":0},{"ddd":0,"ind":7,"ty":4,"nm":"Shape Layer 6","sr":1,"ks":{"o":{"a":0,"k":100,"ix":11},"r":{"a":0,"k":0,"ix":10},"p":{"a":0,"k":[16.696,108.423,0],"ix":2},"a":{"a":0,"k":[0,0,0],"ix":1},"s":{"a":0,"k":[100,100,100],"ix":6}},"ao":0,"shapes":[{"ty":"gr","it":[{"ind":0,"ty":"sh","ix":1,"ks":{"a":0,"k":{"i":[[0.544,-0.816],[0.272,-3.263],[0.544,-4.622],[1.632,-0.136],[1.096,0.945],[0.654,-3.659],[0.345,-4.145],[1.9,-2.59],[0,-1.236],[-0.103,-1.339],[-0.721,-0.618],[-0.515,0.515],[-0.618,0.515],[0.412,0.721],[0,0.721],[-0.618,1.03],[-0.721,-0.103],[0.309,-0.824],[-0.103,-1.03],[-0.721,-0.103],[-0.721,1.133],[0.103,3.091],[-0.618,2.576],[-2.06,6.078],[-0.412,3.812],[-0.309,2.679],[-0.103,2.473]],"o":[[-0.544,0.816],[-0.272,3.263],[-0.544,4.622],[-1.168,0.097],[-0.6,3.386],[-0.863,4.835],[-0.345,4.145],[-1.9,2.59],[0,1.236],[0.103,1.339],[0.721,0.618],[1.03,0.515],[0.618,-0.515],[-0.412,-0.721],[0,-0.721],[0.618,-1.03],[0.721,0.103],[-0.309,0.824],[0.103,1.03],[0.515,-0.927],[0.721,-1.133],[-0.103,-3.091],[0.618,-2.576],[2.061,-6.078],[0.412,-3.812],[0.309,-2.679],[-0.984,-3.614]],"v":[[7.494,-37.264],[7.222,-30.195],[6.95,-17.279],[2.328,-12.113],[-1.582,-13.909],[-3.686,-1.921],[-4.549,13.103],[-6.967,22.774],[-9.427,27.572],[-9.942,33.65],[-9.118,36.329],[-7.263,36.844],[-4.894,37.565],[-5.306,36.02],[-6.851,34.062],[-6.13,30.971],[-4.585,28.911],[-3.039,30.25],[-3.657,33.444],[-2.627,35.401],[-1.597,31.796],[0.051,25.614],[0.154,16.96],[3.966,2.949],[7.984,-9.208],[9.221,-21.673],[10.045,-31.77]],"c":true},"ix":2},"nm":"Path 1","mn":"ADBE Vector Shape - Group","hd":false},{"ty":"fl","c":{"a":0,"k":[0.764705882353,0.494117647059,0.341176470588,1],"ix":4},"o":{"a":0,"k":100,"ix":5},"r":1,"bm":0,"nm":"Fill 1","mn":"ADBE Vector Graphic - Fill","hd":false},{"ty":"tr","p":{"a":0,"k":[0,0],"ix":2},"a":{"a":0,"k":[0,0],"ix":1},"s":{"a":0,"k":[100,100],"ix":3},"r":{"a":0,"k":0,"ix":6},"o":{"a":0,"k":100,"ix":7},"sk":{"a":0,"k":0,"ix":4},"sa":{"a":0,"k":0,"ix":5},"nm":"Transform"}],"nm":"Shape 1","np":3,"cix":2,"bm":0,"ix":1,"mn":"ADBE Vector Group","hd":false}],"ip":0,"op":120.0000048877,"st":0,"bm":0},{"ddd":0,"ind":8,"ty":4,"nm":"Shape Layer 4","sr":1,"ks":{"o":{"a":0,"k":100,"ix":11},"r":{"a":0,"k":0,"ix":10},"p":{"a":0,"k":[41.811,95.102,0],"ix":2},"a":{"a":0,"k":[-184.143,-32.833,0],"ix":1},"s":{"a":0,"k":[100,100,100],"ix":6}},"ao":0,"shapes":[{"ty":"gr","it":[{"ind":0,"ty":"sh","ix":1,"ks":{"a":0,"k":{"i":[[0,0],[1.089,3.889],[-1.711,3.422],[0,0],[2.178,-1.867],[2.139,-0.627],[-0.64,-2.816],[1.339,-3.915],[1.122,-5.049],[-4.709,-2.536],[0,0]],"o":[[-4.355,-0.933],[-1.089,-3.889],[0,0],[0.467,2.955],[-1.731,1.484],[1.349,2.949],[1.03,4.533],[-1.223,3.576],[1.616,3.876],[6.066,3.266],[0,0]],"v":[[14.47,-17.031],[5.294,-22.942],[6.538,-34.607],[-4.505,-28.23],[-5.75,-18.276],[-12.723,-14.489],[-9.418,-5.115],[-10.139,8.381],[-14.47,20.938],[-4.661,31.341],[14.315,5.677]],"c":true},"ix":2},"nm":"Path 1","mn":"ADBE Vector Shape - Group","hd":false},{"ty":"fl","c":{"a":0,"k":[0.898039275525,0.219607858097,0.290196078431,1],"ix":4},"o":{"a":0,"k":100,"ix":5},"r":1,"bm":0,"nm":"Fill 1","mn":"ADBE Vector Graphic - Fill","hd":false},{"ty":"tr","p":{"a":0,"k":[-184.143,-31.328],"ix":2},"a":{"a":0,"k":[0,0],"ix":1},"s":{"a":0,"k":[100,100],"ix":3},"r":{"a":0,"k":0,"ix":6},"o":{"a":0,"k":100,"ix":7},"sk":{"a":0,"k":0,"ix":4},"sa":{"a":0,"k":0,"ix":5},"nm":"Transform"}],"nm":"Shape 1","np":3,"cix":2,"bm":0,"ix":1,"mn":"ADBE Vector Group","hd":false}],"ip":0,"op":120.0000048877,"st":0,"bm":0},{"ddd":0,"ind":9,"ty":4,"nm":"Shape Layer 5","sr":1,"ks":{"o":{"a":0,"k":100,"ix":11},"r":{"a":0,"k":0,"ix":10},"p":{"a":0,"k":[35.627,169.906,0],"ix":2},"a":{"a":0,"k":[-193.373,40.281,0],"ix":1},"s":{"a":0,"k":[100,100,100],"ix":6}},"ao":0,"shapes":[{"ty":"gr","it":[{"ind":0,"ty":"sh","ix":1,"ks":{"a":0,"k":{"i":[[0.544,7.885],[-0.136,2.991],[0.136,4.079],[0,0],[0,0],[0.035,-0.103],[1.03,-5.769],[-2.369,-4.43],[-1.339,-2.988],[0.103,-3.091],[0.412,-5.769],[-0.618,-5.357],[0,-5.254],[0.103,-1.133],[-0.206,-0.927],[0.545,-1.998],[-0.103,-1.236],[-0.927,0],[-0.136,2.039],[0.136,5.166],[0.272,9.517],[0,2.991]],"o":[[-0.544,-7.885],[-0.272,-1.224],[0,0],[0,0],[-0.034,0.105],[-1.339,3.915],[-1.03,5.769],[2.37,4.43],[1.339,2.988],[-0.103,3.091],[-0.412,5.769],[0.618,5.357],[0,5.254],[-0.103,1.133],[0.206,0.927],[-0.309,1.133],[0.618,0.927],[-0.716,-1.833],[0.136,-2.039],[-0.136,-5.166],[-0.272,-9.517],[0,-2.991]],"v":[[-0.659,6.354],[-0.795,-12.543],[-1.474,-20.292],[-1.746,-29.129],[-12.779,-44.07],[-12.876,-43.748],[-17.512,-29.737],[-14.421,-13.15],[-8.549,-2.642],[-3.707,12.502],[-5.87,26.617],[-4.119,46.912],[-3.192,59.996],[-3.913,73.286],[-4.222,77.304],[-4.737,81.528],[-5.046,84.928],[-1.647,85.958],[-1.61,80.449],[-0.387,64.678],[-2.018,41.838],[0.293,23.349]],"c":true},"ix":2},"nm":"Path 1","mn":"ADBE Vector Shape - Group","hd":false},{"ty":"fl","c":{"a":0,"k":[0.764705882353,0.494117647059,0.341176470588,1],"ix":4},"o":{"a":0,"k":100,"ix":5},"r":1,"bm":0,"nm":"Fill 1","mn":"ADBE Vector Graphic - Fill","hd":false},{"ty":"tr","p":{"a":0,"k":[-184.612,19.337],"ix":2},"a":{"a":0,"k":[0,0],"ix":1},"s":{"a":0,"k":[100,100],"ix":3},"r":{"a":0,"k":0,"ix":6},"o":{"a":0,"k":100,"ix":7},"sk":{"a":0,"k":0,"ix":4},"sa":{"a":0,"k":0,"ix":5},"nm":"Transform"}],"nm":"Shape 1","np":3,"cix":2,"bm":0,"ix":1,"mn":"ADBE Vector Group","hd":false}],"ip":0,"op":120.0000048877,"st":0,"bm":0},{"ddd":0,"ind":10,"ty":4,"nm":"Shape Layer 3","sr":1,"ks":{"o":{"a":0,"k":100,"ix":11},"r":{"a":0,"k":0,"ix":10},"p":{"a":0,"k":[46.145,145.588,0],"ix":2},"a":{"a":0,"k":[-74.855,5.338,0],"ix":1},"s":{"a":0,"k":[100,100,100],"ix":6}},"ao":0,"shapes":[{"ty":"gr","it":[{"ind":0,"ty":"sh","ix":1,"ks":{"a":0,"k":{"i":[[0,0],[0.173,-5.008],[0,-3.281],[0.518,-2.763],[0.863,-4.835],[0.345,-4.145],[1.899,-2.59],[0,-1.236],[-0.103,-1.339],[-0.721,-0.618],[-0.515,0.515],[-0.618,0.515],[0.412,0.721],[0,0.721],[-0.618,1.03],[-0.721,-0.103],[0.309,-0.824],[-0.103,-1.03],[-0.721,-0.103],[-0.721,1.133],[0.103,3.091],[-0.618,2.576],[-2.061,6.078],[-0.412,3.812],[-0.309,2.679],[-0.103,2.473],[-1.03,-4.533],[1.339,-3.915],[1.03,-5.769],[-2.37,-4.43],[-1.339,-2.988],[0.103,-3.091],[0.412,-5.769],[-0.618,-5.357],[0,-5.254],[0.103,-1.133],[-0.206,-0.927],[0.545,-1.998],[-0.103,-1.236],[-0.927,0],[-0.156,-1.4],[-3.733,1.711],[-2.178,0.156],[1.555,0.467],[0,2.333],[-1.555,7.621],[-0.311,6.221],[-1.4,5.755],[-0.156,10.888],[1.244,9.643],[-1.089,6.688],[-0.467,-1.866],[-0.933,-2.955],[-2.644,-5.133],[0.622,-2.644],[1.711,-0.933],[0.311,-1.244],[0.933,-0.467],[-1.4,0.778],[-0.778,0.467],[-1.555,0.622],[-0.622,1.089],[-0.156,2.489],[-0.156,4.666],[0.778,4.977],[0.778,3.422],[0.467,4.2],[2.178,1.867],[3.266,0.311],[1.711,0]],"o":[[-2.072,2.072],[-0.173,5.008],[0,3.281],[-0.518,2.763],[-0.864,4.835],[-0.345,4.145],[-1.9,2.59],[0,1.236],[0.103,1.339],[0.721,0.618],[1.03,0.515],[0.618,-0.515],[-0.412,-0.721],[0,-0.721],[0.618,-1.03],[0.721,0.103],[-0.309,0.824],[0.103,1.03],[0.515,-0.927],[0.721,-1.133],[-0.103,-3.091],[0.618,-2.576],[2.061,-6.078],[0.412,-3.812],[0.309,-2.679],[1.854,2.576],[1.03,4.533],[-1.339,3.915],[-1.03,5.769],[2.37,4.43],[1.339,2.988],[-0.103,3.091],[-0.412,5.769],[0.618,5.357],[0,5.254],[-0.103,1.133],[0.206,0.927],[-0.309,1.133],[0.618,0.927],[0.004,2.131],[2.644,1.089],[3.733,-1.711],[-3.266,-1.244],[-1.555,-0.467],[0,-2.333],[1.555,-7.621],[0.311,-6.221],[1.4,-5.755],[0.156,-10.888],[-1.244,-9.643],[1.4,1.866],[0.467,1.867],[0.933,2.955],[2.644,5.133],[-0.622,2.644],[-1.711,0.933],[-0.311,1.244],[0.467,0.778],[1.4,0.778],[1.244,0.467],[1.555,-0.622],[0.778,0.467],[0.155,-2.489],[0.156,-4.666],[-0.778,-4.977],[-0.778,-3.422],[-0.467,-4.2],[-2.178,-1.866],[-3.266,-0.311],[-1.711,0]],"v":[[-22.455,-86.24],[-29.362,-77.433],[-29.88,-64.654],[-30.571,-54.12],[-33.161,-39.441],[-34.025,-24.417],[-36.442,-14.746],[-38.902,-9.948],[-39.417,-3.87],[-38.593,-1.191],[-36.739,-0.676],[-34.369,0.045],[-34.781,-1.5],[-36.327,-3.458],[-35.606,-6.549],[-34.06,-8.609],[-32.515,-7.27],[-33.133,-4.076],[-32.103,-2.119],[-31.073,-5.724],[-29.424,-11.906],[-29.321,-20.56],[-25.509,-34.571],[-21.491,-46.728],[-20.255,-59.193],[-19.431,-69.29],[-13.765,-55.588],[-14.486,-42.092],[-19.122,-28.08],[-16.031,-11.494],[-10.159,-0.985],[-5.317,14.159],[-7.48,28.273],[-5.729,48.569],[-4.802,61.653],[-5.523,74.943],[-5.832,78.961],[-6.347,83.185],[-6.656,86.584],[-3.256,87.615],[-3.719,93.79],[4.369,93.945],[16.967,88.346],[8.257,86.48],[4.058,83.68],[8.102,62.06],[13.234,37.485],[13.546,21.309],[21.167,-13.532],[19.456,-42.151],[17.901,-72.481],[23.033,-62.527],[25.211,-52.417],[29.099,-39.507],[32.988,-25.508],[30.188,-20.531],[26.922,-17.42],[23.344,-13.843],[26.455,-13.532],[29.255,-13.376],[32.832,-12.91],[36.565,-15.398],[39.365,-16.798],[38.121,-28.93],[36.254,-48.995],[31.744,-64.549],[27.7,-79.325],[23.656,-90.679],[12.923,-94.412],[4.835,-95.656]],"c":true},"ix":2},"nm":"Path 1","mn":"ADBE Vector Shape - Group","hd":false},{"ty":"fl","c":{"a":0,"k":[0.831372608858,0.560784313725,0.407843167174,1],"ix":4},"o":{"a":0,"k":100,"ix":5},"r":1,"bm":0,"nm":"Fill 1","mn":"ADBE Vector Graphic - Fill","hd":false},{"ty":"tr","p":{"a":0,"k":[-74.828,5.693],"ix":2},"a":{"a":0,"k":[0,0],"ix":1},"s":{"a":0,"k":[100,100],"ix":3},"r":{"a":0,"k":0,"ix":6},"o":{"a":0,"k":100,"ix":7},"sk":{"a":0,"k":0,"ix":4},"sa":{"a":0,"k":0,"ix":5},"nm":"Transform"}],"nm":"Shape 1","np":3,"cix":2,"bm":0,"ix":1,"mn":"ADBE Vector Group","hd":false}],"ip":0,"op":120.0000048877,"st":0,"bm":0}]},{"id":"comp_1","layers":[{"ddd":0,"ind":1,"ty":4,"nm":"Shape Layer 4","sr":1,"ks":{"o":{"a":0,"k":100,"ix":11},"r":{"a":0,"k":0,"ix":10},"p":{"a":0,"k":[300,50,0],"ix":2},"a":{"a":0,"k":[0,0,0],"ix":1},"s":{"a":0,"k":[100,100,100],"ix":6}},"ao":0,"shapes":[{"ty":"gr","it":[{"ind":0,"ty":"sh","ix":1,"ks":{"a":1,"k":[{"i":{"x":0.833,"y":0.833},"o":{"x":0.167,"y":0.167},"t":0,"s":[{"i":[[3.125,0],[7.75,0],[5.125,-0.125],[-8.375,-0.5],[-4,0.5],[-3,0.25],[-2.5,0],[2.375,-0.125],[-4.125,0.25],[-4.25,0.125]],"o":[[-3.125,0],[-7.75,0],[-5.125,0.125],[8.375,0.5],[4,-0.5],[3,-0.25],[3.25,0],[-2.375,0.125],[4.125,-0.25],[4.25,-0.125]],"v":[[192.375,-1.375],[156.375,-0.875],[133.625,-0.75],[126.25,2],[140.25,2.5],[153.75,1],[163,1],[162.875,3.125],[167.875,4],[182.75,2.75]],"c":true}]},{"i":{"x":0.833,"y":0.833},"o":{"x":0.167,"y":0.167},"t":30,"s":[{"i":[[-4.75,0.75],[7.75,0],[5.126,-0.036],[-8.375,-0.5],[-4,0.5],[-3,0.25],[-2.171,1.24],[2.196,-0.289],[-2.745,0.349],[9.125,1.25]],"o":[[3.087,-0.487],[-7.75,0],[-17.75,0.125],[8.375,0.5],[4,-0.5],[3,-0.25],[1.75,-1],[-9.5,1.25],[7.875,-1],[-4.1,-0.562]],"v":[[190.75,1.5],[156.875,0.625],[132.875,0.625],[126.25,2],[130.125,4.875],[146.875,5.125],[148.5,2.875],[160.5,2.625],[165,4.5],[179.875,3.75]],"c":true}]},{"i":{"x":0.833,"y":0.833},"o":{"x":0.167,"y":0.167},"t":60,"s":[{"i":[[13.375,-0.125],[7.75,0],[5.125,0.13],[-8.214,1.711],[2.5,-1.125],[-13.625,0.25],[-2.497,-0.118],[2.124,0.628],[-2.745,0.349],[-4.4,0.168]],"o":[[-3.125,0.029],[-7.75,0],[-19.75,-0.5],[3,-0.625],[-1.961,0.883],[3.01,-0.055],[13.25,0.625],[-8.875,-2.625],[7.875,-1],[13.125,-0.5]],"v":[[211,0.5],[156.25,1.125],[134,0.875],[124.75,2.125],[125.875,5],[144.625,3.875],[142.25,7.125],[160.75,6.5],[164.75,3.75],[174.75,5.25]],"c":true}]},{"i":{"x":0.833,"y":0.833},"o":{"x":0.167,"y":0.167},"t":90,"s":[{"i":[[36,0],[7.75,0],[5.126,-0.036],[-8.375,-0.5],[-4.026,-0.196],[-3,0.25],[-2.171,1.24],[-2.215,0],[-2.761,-0.187],[-3.625,0.125]],"o":[[-3.125,0],[-7.75,0],[-17.75,0.125],[8.375,0.5],[10.25,0.5],[3,-0.25],[1.75,-1],[2.375,0],[18.5,1.25],[9.498,-0.327]],"v":[[190.75,1.5],[156.875,0.625],[132.875,0.625],[126.25,2],[123,5.125],[138,3.125],[148.5,2.875],[156.125,2.25],[163.625,3.375],[191.375,3.625]],"c":true}]},{"t":119.000004846969,"s":[{"i":[[3.125,0],[7.75,0],[5.125,-0.125],[-8.375,-0.5],[-4,0.5],[-3,0.25],[-2.5,0],[2.375,-0.125],[-4.125,0.25],[-4.25,0.125]],"o":[[-3.125,0],[-7.75,0],[-5.125,0.125],[8.375,0.5],[4,-0.5],[3,-0.25],[3.25,0],[-2.375,0.125],[4.125,-0.25],[4.25,-0.125]],"v":[[192.375,-1.375],[156.375,-0.875],[133.625,-0.75],[126.25,2],[140.25,2.5],[153.75,1],[163,1],[162.875,3.125],[167.875,4],[182.75,2.75]],"c":true}]}],"ix":2},"nm":"Path 1","mn":"ADBE Vector Shape - Group","hd":false},{"ty":"fl","c":{"a":0,"k":[0.870588295133,0.917647118662,0.992156922583,1],"ix":4},"o":{"a":0,"k":100,"ix":5},"r":1,"bm":1,"nm":"Fill 1","mn":"ADBE Vector Graphic - Fill","hd":false},{"ty":"tr","p":{"a":0,"k":[0,0],"ix":2},"a":{"a":0,"k":[0,0],"ix":1},"s":{"a":0,"k":[100,100],"ix":3},"r":{"a":0,"k":0,"ix":6},"o":{"a":0,"k":100,"ix":7},"sk":{"a":0,"k":0,"ix":4},"sa":{"a":0,"k":0,"ix":5},"nm":"Transform"}],"nm":"Shape 1","np":3,"cix":2,"bm":0,"ix":1,"mn":"ADBE Vector Group","hd":false}],"ip":0,"op":120.0000048877,"st":0,"bm":0},{"ddd":0,"ind":2,"ty":4,"nm":"Shape Layer 3","sr":1,"ks":{"o":{"a":0,"k":30,"ix":11},"r":{"a":0,"k":0,"ix":10},"p":{"a":0,"k":[302.506,10.577,0],"ix":2},"a":{"a":0,"k":[2.506,62.35,0],"ix":1},"s":{"a":0,"k":[100,-23.133,100],"ix":6}},"ao":0,"shapes":[{"ty":"gr","it":[{"ind":0,"ty":"sh","ix":1,"ks":{"a":0,"k":{"i":[[0,0],[-5.61,-8.415],[-3.927,-10.658],[1.122,-3.927],[0,-5.61],[-2.481,-11.48],[-7.293,-1.122],[-4.801,-2.074],[-4.488,-0.561],[-4.488,-0.561],[-2.805,-2.244],[-2.805,-3.366],[-2.244,-7.293],[0.744,-5.953],[0.744,-7.814],[-4.837,-5.209],[-5.581,-4.093],[-5.581,-10.791],[-4.837,-1.116],[-5.954,0.372],[-6.698,0],[-7.442,-0.744],[-1.861,-5.209],[-7.07,-1.116],[-2.232,-2.605],[-4.465,-0.372],[0.372,-3.721],[0.372,-4.465],[-0.744,-3.349],[-0.744,-8.186],[-1.488,-8.93],[-3.349,-3.721],[0.744,-3.721],[-0.372,-2.605],[-3.349,2.232],[-2.605,-2.233],[-3.349,-1.86],[-2.605,-5.581],[-0.372,-4.837],[-0.372,-5.209],[-0.372,-2.977],[-2.605,-4.837],[-0.744,-5.581],[-2.233,-4.093],[0,0],[0,0]],"o":[[2.244,-4.488],[11.78,-3.927],[5.61,0.561],[4.488,1.683],[7.293,-2.244],[4.725,-7.032],[5.573,-7.574],[8.93,-6.353],[4.488,-5.049],[6.171,-4.488],[3.366,-5.61],[7.854,-5.61],[7.293,0.561],[2.977,2.233],[6.698,-2.232],[3.349,-5.581],[7.442,-2.233],[5.953,-4.465],[-2.605,-6.698],[1.488,-5.209],[-0.744,-5.209],[2.977,-2.605],[1.86,-6.698],[4.837,-3.721],[-0.372,-4.093],[4.465,0.372],[4.837,1.488],[5.581,-1.488],[8.186,-0.744],[3.349,-2.977],[2.977,-4.837],[3.349,3.721],[1.86,0],[1.116,-3.349],[3.349,-2.233],[1.116,-4.093],[2.977,-4.093],[4.465,-0.744],[4.837,-2.605],[4.093,-1.488],[5.581,-5.954],[2.977,-2.977],[2.977,-2.977],[0,0],[0,0],[0,0]],"v":[[-306.505,-43.084],[-279.579,-43.084],[-245.36,-27.938],[-239.189,-15.597],[-230.214,-5.499],[-205.208,8.264],[-179.166,-4.938],[-163.459,-11.67],[-144.386,-17.28],[-127.557,-26.255],[-115.216,-26.816],[-101.753,-29.06],[-78.753,-25.133],[-68.192,-15.256],[-62.238,-2.233],[-40.657,0],[-21.68,-4.465],[2.506,3.721],[16.645,1.488],[26.692,-14.884],[39.715,-26.046],[51.25,-37.953],[65.389,-37.209],[78.413,-46.512],[89.575,-48.372],[98.133,-54.698],[108.18,-46.884],[118.599,-37.209],[130.878,-34.977],[146.133,-24.186],[163.25,-15.628],[179.25,-14.884],[182.226,-2.605],[187.064,-0.372],[191.529,-10.046],[203.436,-8.93],[215.715,-12.651],[227.249,-13.023],[236.924,-6.326],[247.715,0.372],[258.133,5.581],[276.738,5.209],[289.761,10.047],[306.505,13.767],[306.505,55.07],[-306.331,55.07]],"c":true},"ix":2},"nm":"Path 1","mn":"ADBE Vector Shape - Group","hd":false},{"ty":"fl","c":{"a":0,"k":[0.870588295133,0.917647118662,0.992156922583,1],"ix":4},"o":{"a":0,"k":100,"ix":5},"r":1,"bm":1,"nm":"Fill 1","mn":"ADBE Vector Graphic - Fill","hd":false},{"ty":"tr","p":{"a":0,"k":[0,58.629],"ix":2},"a":{"a":0,"k":[0,0],"ix":1},"s":{"a":0,"k":[100,100],"ix":3},"r":{"a":0,"k":0,"ix":6},"o":{"a":0,"k":100,"ix":7},"sk":{"a":0,"k":0,"ix":4},"sa":{"a":0,"k":0,"ix":5},"nm":"Transform"}],"nm":"Shape 1","np":3,"cix":2,"bm":0,"ix":1,"mn":"ADBE Vector Group","hd":false}],"ip":0,"op":120.0000048877,"st":0,"bm":0},{"ddd":0,"ind":3,"ty":4,"nm":"Shape Layer 2","sr":1,"ks":{"o":{"a":0,"k":100,"ix":11},"r":{"a":0,"k":0,"ix":10},"p":{"a":0,"k":[180.361,43.422,0],"ix":2},"a":{"a":0,"k":[-131.639,-19.781,0],"ix":1},"s":{"a":0,"k":[100,100,100],"ix":6}},"ao":0,"shapes":[{"ty":"gr","it":[{"ind":0,"ty":"sh","ix":1,"ks":{"a":1,"k":[{"i":{"x":0.833,"y":0.833},"o":{"x":0.167,"y":0.167},"t":0,"s":[{"i":[[16.058,-0.515],[4.12,-0.14],[-5.494,-0.253],[-6.162,1.949],[-4.63,-1.703],[-16.13,0.235]],"o":[[-8.587,0.276],[-5.747,0.196],[11.87,0.547],[7.558,-2.39],[16.07,5.91],[5.505,-0.08]],"v":[[-116.438,-23.125],[-136,-22.25],[-149,-22],[-141.938,-18.25],[-124.312,-19.062],[-108.375,-21]],"c":true}]},{"i":{"x":0.833,"y":0.833},"o":{"x":0.167,"y":0.167},"t":30,"s":[{"i":[[20.808,-2.015],[4.12,-0.14],[-5.488,0.363],[3.433,-3.265],[-14.942,-0.328],[-15.396,0.736]],"o":[[-6.487,0.628],[-5.747,0.196],[2.12,-0.14],[-1.869,1.778],[19.428,0.426],[18.62,-0.89]],"v":[[-111.438,-22],[-139.75,-22.375],[-149.875,-20],[-145.062,-19],[-124.812,-20.688],[-104.375,-18.125]],"c":true}]},{"i":{"x":0.833,"y":0.833},"o":{"x":0.167,"y":0.167},"t":60,"s":[{"i":[[11.308,-0.64],[4.12,-0.14],[5.489,-0.351],[0.308,-1.515],[-10.692,1.172],[-18.255,1.86]],"o":[[-6.507,0.368],[-5.747,0.196],[-5.63,0.36],[-0.513,2.529],[8.512,-0.933],[18.545,-1.889]],"v":[[-111.062,-18.875],[-138.75,-20.5],[-143.875,-16.5],[-153.812,-15.5],[-137.812,-15.188],[-113.25,-14.75]],"c":true}]},{"i":{"x":0.833,"y":0.833},"o":{"x":0.167,"y":0.167},"t":90,"s":[{"i":[[37.416,1.396],[4.12,-0.14],[14.301,0.175],[-22.019,-2.508],[12.443,-5.608],[-4.74,-0.252]],"o":[[-12.791,-0.477],[-5.747,0.196],[-7.649,-0.094],[22.019,2.508],[-6.932,3.267],[7.766,0.413]],"v":[[-113.796,-21.036],[-137.352,-21.39],[-146.731,-23.797],[-159.899,-18.398],[-124.573,-17.158],[-112.896,-17.303]],"c":true}]},{"t":119.000004846969,"s":[{"i":[[16.058,-0.515],[4.12,-0.14],[-5.494,-0.253],[-6.162,1.949],[-4.63,-1.703],[-16.13,0.235]],"o":[[-8.587,0.276],[-5.747,0.196],[11.87,0.547],[7.558,-2.39],[16.07,5.91],[5.505,-0.08]],"v":[[-116.438,-23.125],[-136,-22.25],[-149,-22],[-141.938,-18.25],[-124.312,-19.062],[-108.375,-21]],"c":true}]}],"ix":2},"nm":"Path 1","mn":"ADBE Vector Shape - Group","hd":false},{"ty":"fl","c":{"a":0,"k":[0.870588295133,0.917647118662,0.992156922583,1],"ix":4},"o":{"a":0,"k":100,"ix":5},"r":1,"bm":1,"nm":"Fill 1","mn":"ADBE Vector Graphic - Fill","hd":false},{"ty":"tr","p":{"a":0,"k":[0.005,0.015],"ix":2},"a":{"a":0,"k":[0,0],"ix":1},"s":{"a":0,"k":[100,100],"ix":3},"r":{"a":0,"k":0,"ix":6},"o":{"a":0,"k":100,"ix":7},"sk":{"a":0,"k":0,"ix":4},"sa":{"a":0,"k":0,"ix":5},"nm":"Transform"}],"nm":"Shape 1","np":3,"cix":2,"bm":0,"ix":1,"mn":"ADBE Vector Group","hd":false}],"ip":0,"op":120.0000048877,"st":0,"bm":0},{"ddd":0,"ind":4,"ty":4,"nm":"Shape Layer 1","sr":1,"ks":{"o":{"a":1,"k":[{"i":{"x":[0.833],"y":[0.833]},"o":{"x":[0.167],"y":[0.167]},"t":0,"s":[0]},{"i":{"x":[0.833],"y":[0.833]},"o":{"x":[0.167],"y":[0.167]},"t":26,"s":[100]},{"i":{"x":[0.833],"y":[0.833]},"o":{"x":[0.167],"y":[0.167]},"t":113,"s":[100]},{"t":119.000004846969,"s":[0]}],"ix":11},"r":{"a":0,"k":0,"ix":10},"p":{"a":0,"k":[106.601,53.75,0],"ix":2},"a":{"a":0,"k":[-177.192,3.245,0],"ix":1},"s":{"a":0,"k":[100,100,100],"ix":6}},"ao":0,"shapes":[{"ty":"gr","it":[{"ind":0,"ty":"sh","ix":1,"ks":{"a":1,"k":[{"i":{"x":0.833,"y":0.833},"o":{"x":0.167,"y":0.167},"t":20,"s":[{"i":[[3.5,-0.625],[4.5,0],[-1.375,-0.375],[-3.5,0.125],[-4,0.5]],"o":[[-3.5,0.625],[-4.5,0],[1.375,0.375],[3.5,-0.125],[4,-0.5]],"v":[[-166.75,0.25],[-188.75,1.5],[-182.625,4.625],[-179.375,6.125],[-167.75,3.25]],"c":true}]},{"i":{"x":0.833,"y":0.833},"o":{"x":0.167,"y":0.167},"t":30,"s":[{"i":[[3.555,0.05],[4.5,0],[-5.543,0.401],[-3.5,0.125],[-4,0.5]],"o":[[-7.043,-0.099],[-4.5,0],[5.016,-0.362],[3.5,-0.125],[4,-0.5]],"v":[[-166.125,1.75],[-188.75,1.5],[-183.5,3],[-180.25,5.25],[-167.75,3.25]],"c":true}]},{"i":{"x":0.833,"y":0.833},"o":{"x":0.167,"y":0.167},"t":60,"s":[{"i":[[3.555,0.05],[3.957,-1.224],[-5.543,0.401],[-1.152,-3.307],[-4,0.5]],"o":[[-7.043,-0.099],[-4.299,1.33],[5.016,-0.362],[1.707,4.901],[4,-0.5]],"v":[[-163.75,4.375],[-189.875,4.875],[-193.875,8.25],[-181,7.75],[-157.875,6.25]],"c":true}]},{"i":{"x":0.833,"y":0.833},"o":{"x":0.167,"y":0.167},"t":90,"s":[{"i":[[-5.793,0.651],[4.141,0.093],[-0.097,-1.362],[-5.582,-0.526],[-8.173,0.082]],"o":[[7,-0.786],[-4.418,-0.099],[0.082,1.151],[5.582,0.526],[9.957,-0.099]],"v":[[-155.125,2.875],[-169.75,1.875],[-182.375,3.125],[-169,3.25],[-163.625,8]],"c":true}]},{"t":119.000004846969,"s":[{"i":[[3.5,-0.625],[4.5,0],[-1.375,-0.375],[-3.5,0.125],[-4,0.5]],"o":[[-3.5,0.625],[-4.5,0],[1.375,0.375],[3.5,-0.125],[4,-0.5]],"v":[[-166.75,0.25],[-188.75,1.5],[-182.625,4.625],[-179.375,6.125],[-167.75,3.25]],"c":true}]}],"ix":2},"nm":"Path 1","mn":"ADBE Vector Shape - Group","hd":false},{"ty":"fl","c":{"a":0,"k":[0.870588295133,0.917647118662,0.992156922583,1],"ix":4},"o":{"a":0,"k":100,"ix":5},"r":1,"bm":1,"nm":"Fill 1","mn":"ADBE Vector Graphic - Fill","hd":false},{"ty":"tr","p":{"a":0,"k":[0,0.095],"ix":2},"a":{"a":0,"k":[0,0],"ix":1},"s":{"a":0,"k":[100,100],"ix":3},"r":{"a":0,"k":0,"ix":6},"o":{"a":0,"k":100,"ix":7},"sk":{"a":0,"k":0,"ix":4},"sa":{"a":0,"k":0,"ix":5},"nm":"Transform"}],"nm":"Shape 1","np":3,"cix":2,"bm":0,"ix":1,"mn":"ADBE Vector Group","hd":false}],"ip":0,"op":120.0000048877,"st":0,"bm":0},{"ddd":0,"ind":5,"ty":4,"nm":"light","sr":1,"ks":{"o":{"a":0,"k":100,"ix":11},"r":{"a":0,"k":0,"ix":10},"p":{"a":0,"k":[300,51,0],"ix":2},"a":{"a":0,"k":[0,0,0],"ix":1},"s":{"a":0,"k":[100,100,100],"ix":6}},"ao":0,"shapes":[{"ty":"gr","it":[{"ind":0,"ty":"sh","ix":1,"ks":{"a":1,"k":[{"i":{"x":0.833,"y":0.833},"o":{"x":0.167,"y":0.167},"t":0,"s":[{"i":[[5.285,0.182],[4.17,0],[5.63,-0.834],[5.004,-0.417],[7.923,0],[0,0.834],[-6.672,1.043],[6.255,-0.417],[7.089,-0.834],[2.294,-0.208],[4.796,0],[20.017,0.834],[11.051,-0.417],[4.17,0],[-3.545,-0.208],[-2.502,0.208],[3.545,0],[1.656,-0.009],[3.408,-0.136],[10.425,0.208],[10.008,-1.251],[-1.459,-0.417],[8.549,-0.834],[11.676,0],[-0.625,1.042],[-12.928,1.46],[8.34,0],[15.221,-0.208],[5.63,-0.208],[7.715,0.625],[4.17,0],[2.919,0.626],[13.761,-0.626],[-4.379,0.417],[-3.545,0],[2.294,-0.417],[10.842,-1.043],[16.472,0.834],[1.668,0.208],[-9.383,0],[-8.34,0.626],[2.294,0],[2.502,0.417],[5.213,-1.251],[5.213,0.208],[-3.128,0.208],[3.075,0.342],[10.934,0.342],[-1.709,0],[0,-1.367],[7.176,-0.683],[5.467,0.342],[-3.075,0],[6.218,-0.565],[9.226,0.342],[-2.734,0.342],[-3.417,-0.342],[2.734,-0.683],[7.517,0.342],[11.959,-1.025],[12.83,2.66],[0,0],[-26.432,0],[-31.627,-3.183],[-25.441,2.974],[-31.057,-2.643],[-25.771,-0.33],[-6.938,-1.322],[-24.78,0.991],[-20.485,1.652],[0,0]],"o":[[-6.047,-0.208],[-4.17,0],[5.213,0],[-5.004,0.417],[-7.923,0],[0,-0.834],[-4.379,-0.208],[-6.255,0.417],[6.672,0.208],[-2.294,0.209],[-4.796,0],[-20.017,-0.834],[-11.051,0.417],[-4.17,0],[3.545,0.209],[2.502,-0.208],[-1.227,0],[-3.127,0.016],[-5.213,0.209],[-10.425,-0.208],[3.962,-0.208],[1.46,0.417],[-8.549,0.834],[-11.676,0],[0.625,-1.043],[-7.923,0],[-8.34,0],[16.472,0.834],[-5.63,0.208],[-7.715,-0.625],[-4.17,0],[-2.919,-0.626],[-13.761,0.625],[4.379,-0.417],[3.545,0],[-2.293,0.417],[-10.842,1.043],[-16.472,-0.834],[-1.668,-0.209],[9.383,0],[8.34,-0.625],[-2.294,0],[-2.502,-0.417],[-5.213,1.251],[-5.213,-0.209],[3.128,-0.209],[-3.075,-0.342],[-10.934,-0.342],[1.708,0],[0,1.367],[-7.176,0.683],[-6.489,-0.406],[3.075,0],[-6.218,0.565],[-9.226,-0.342],[2.734,-0.342],[3.417,0.342],[-2.734,0.683],[-7.517,-0.342],[-10.402,0.892],[0,0],[36.013,4.956],[26.432,0],[31.627,3.183],[25.44,-2.974],[31.057,2.643],[25.771,0.33],[29.192,5.561],[24.78,-0.991],[0,0],[-13.322,0.832]],"v":[[257.476,-3.541],[251.43,-5.626],[234.958,-5.209],[239.128,-3.124],[218.903,-2.082],[199.511,-2.916],[213.69,-5.418],[196.175,-4.584],[178.244,-4.167],[192.631,-2.082],[181.788,-2.082],[151.555,-3.75],[112.564,-2.707],[91.922,-2.29],[95.675,-3.333],[113.398,-4.375],[119.445,-6.043],[115.061,-6.034],[104.85,-5.835],[85.876,-6.043],[61.272,-4.584],[77.744,-3.958],[68.152,-1.664],[35.417,-1.873],[13.732,-4.375],[41.672,-6.043],[10.605,-6.46],[-12.122,-6.46],[-2.323,-3.75],[-26.926,-4.375],[-47.777,-3.958],[-59.662,-5.209],[-79.47,-4.584],[-91.355,-2.916],[-65.709,-3.541],[-62.581,-2.082],[-83.849,-0.205],[-131.597,1.046],[-154.532,-0.622],[-141.188,-1.247],[-114.916,-2.499],[-113.248,-4.375],[-123.882,-6.043],[-131.18,-3.541],[-149.945,-3.124],[-148.069,-5.001],[-132.576,-6.159],[-154.103,-6.842],[-167.43,-5.817],[-158.545,-4.109],[-168.455,-2.4],[-193.74,-3.084],[-203.308,-6.501],[-193.399,-9.234],[-223.126,-9.576],[-234.744,-7.526],[-217.317,-7.184],[-215.267,-4.109],[-235.427,-4.109],[-264.813,-2.059],[-300,-4.489],[-300,1.327],[-216.079,2.649],[-154.626,5.953],[-68.722,6.944],[11.233,4.962],[80.617,5.953],[149.339,3.97],[209.471,7.274],[300,1.988],[300,-4.168]],"c":true}]},{"i":{"x":0.833,"y":0.833},"o":{"x":0.167,"y":0.167},"t":30,"s":[{"i":[[7.774,2.057],[4.17,0],[26.167,-0.525],[5.004,-0.417],[7.923,0],[0.827,0.11],[1.935,-0.317],[6.255,-0.417],[10.256,1.432],[2.294,-0.208],[4.796,0],[20.017,0.834],[11.051,-0.417],[-1.704,2.235],[-3.545,-0.208],[-2.5,-0.228],[3.379,1.07],[6.189,0.05],[3.37,0.53],[2.756,0.039],[2.603,-0.276],[2.256,-1.276],[7.098,-0.57],[11.676,-0.05],[16.518,0.891],[3.578,-0.066],[12.02,-0.149],[9.372,2.101],[5.474,1.331],[-5.699,-3.234],[4.17,0],[2.958,0.405],[5.845,-0.276],[-4.379,0.417],[1.476,-3.223],[4.456,-0.028],[10.842,-1.043],[16.45,-1.186],[1.668,0.208],[1.313,0.138],[-2.566,0.404],[2.373,-0.859],[1.632,-0.441],[3.305,0.066],[1.32,0.39],[-3.128,0.208],[-1.049,0.924],[10.853,-0.767],[-1.432,0.931],[0,-1.367],[7.176,-0.683],[5.467,0.342],[-3.075,0],[15.149,-3.5],[11.126,-1.909],[-4.828,0.914],[-3.417,-0.342],[2.734,-0.683],[-3.573,4.374],[11.959,-1.025],[12.83,2.66],[0,0],[-27.171,4.367],[-31.627,-3.183],[-25.441,2.974],[-31.057,-2.643],[-25.522,3.59],[-14.027,-2.159],[-19.971,0.991],[-42.25,0.028],[0,0]],"o":[[-5.849,-1.548],[-4.17,0],[-13.958,0.1],[-5.004,0.417],[-7.923,0],[-4.261,-0.569],[-4.379,-0.208],[-6.255,0.417],[-26.494,-2.068],[-2.294,0.209],[-4.796,0],[-20.017,-0.834],[-11.051,0.417],[1.578,-2.069],[3.545,0.209],[22.102,2.016],[-4.945,-1.566],[-3.127,-0.025],[-5.724,-0.9],[-4.626,-0.066],[-9.022,1.474],[-1.321,0.747],[-4.547,0.365],[-3.167,0.014],[-7.979,-0.43],[-7.923,0],[-8.34,0.104],[-5.529,-1.239],[-8.677,-2.11],[6.731,3.82],[-4.17,0],[-3.838,-0.525],[-13.76,0.649],[4.379,-0.417],[-0.541,1.182],[-4.325,0.027],[-10.842,1.043],[-4.778,0.344],[-1.668,-0.209],[-1.687,-0.487],[2.291,-0.361],[-1.253,0.454],[-2.449,0.662],[-3.445,-0.068],[-5.003,-1.477],[3.128,-0.209],[1.018,-0.897],[-3.204,0.226],[2.18,-1.417],[0,1.367],[-7.176,0.683],[-6.489,-0.406],[3.075,0],[-6.084,1.406],[-9.099,1.561],[3.744,-0.709],[3.417,0.342],[-2.734,0.683],[4.76,-5.828],[-10.402,0.892],[0,0],[36.013,4.956],[26.097,-4.194],[31.627,3.183],[25.44,-2.974],[31.057,2.643],[20.883,-2.937],[27.911,4.295],[24.769,-1.229],[0,0],[-12.75,-2.566]],"v":[[279.976,0.334],[255.555,2.124],[244.708,-2.834],[238.003,4.126],[226.528,0.668],[219.136,-1.791],[209.315,-1.793],[196.3,-1.959],[193.244,2.458],[192.631,-2.082],[181.788,-2.082],[151.555,-3.75],[111.939,5.168],[86.797,3.96],[95.8,3.292],[112.023,3.875],[133.07,0.332],[116.061,-0.909],[101.849,-2.46],[87.876,-3.793],[74.522,-3.834],[72.494,2.292],[59.402,4.211],[37.667,4.377],[25.232,0.125],[7.672,0.082],[5.48,-3.96],[-8.747,-1.71],[-13.073,-6.5],[-27.301,-3.875],[-45.152,-1.708],[-59.162,-4.084],[-75.595,-5.334],[-81.48,-3.041],[-61.084,0.459],[-69.081,0.168],[-87.849,0.17],[-110.097,-0.954],[-118.407,-0.372],[-123.188,-0.622],[-123.291,-2.749],[-125.373,-4.375],[-131.507,-2.793],[-140.055,-1.916],[-148.695,-2.374],[-148.069,-5.001],[-141.201,-6.159],[-153.853,-7.467],[-163.18,-4.817],[-164.795,-1.859],[-176.705,-0.9],[-200.99,-0.334],[-188.308,-5.501],[-201.899,-5.234],[-225.376,-3.076],[-223.744,-0.526],[-213.817,-0.684],[-214.767,3.391],[-239.177,-0.109],[-265.813,6.441],[-300,4.011],[-300,15.577],[-216.079,11.649],[-154.626,7.453],[-68.722,6.944],[7.733,14.212],[79.117,12.203],[150.089,9.22],[210.221,12.524],[300,5.738],[300,-5.918]],"c":true}]},{"i":{"x":0.833,"y":0.833},"o":{"x":0.167,"y":0.167},"t":60,"s":[{"i":[[2.024,-2.818],[1.395,-3.93],[26.167,-0.525],[5.004,-0.417],[8.098,0.347],[6.386,0.944],[11.69,0.692],[2.325,-3.276],[-7.944,-7.871],[10.791,1.24],[-3.711,3.038],[-18.367,-8.001],[12.435,0.973],[23.078,4.306],[-2.968,1.95],[-2.488,-0.335],[0.406,3.521],[14.314,0.3],[4.025,-0.4],[0.001,-2.205],[13.978,-1.526],[1.006,-1.526],[-9.027,-2.57],[8.583,-2.111],[9.018,-0.859],[-1.462,2.833],[-3.214,4.811],[6.623,-0.149],[5.945,0.395],[-6.288,-1.842],[4.119,-0.65],[-25.338,6.35],[7.845,1.724],[-8.645,-0.819],[21.584,2.807],[0.706,3.097],[-1.12,2.069],[6.347,-1.406],[-7.593,-2.237],[20.438,0.388],[-3.987,2.234],[15.248,1.141],[1.632,-0.441],[-22.695,0.557],[0.983,-0.964],[5.569,0.016],[1.337,0.408],[-6.024,-0.05],[5.68,0.583],[6.012,-2.644],[7.176,-0.683],[-5.179,-1.783],[2.637,-1.583],[15.329,2.598],[11.126,-1.909],[-2.585,-1.923],[10.817,-0.05],[10.017,3.124],[10.177,-0.626],[15.313,2.324],[23.5,-3.495],[0,0],[-30.484,6.581],[-31.114,-2.103],[-33.027,-4.928],[-24.733,6.804],[-25.743,-1.233],[-14.027,-2.159],[-19.971,0.991],[-42.25,0.028],[0,0]],"o":[[-1.52,2.117],[-0.804,2.267],[-13.958,0.1],[-5.004,0.417],[-7.916,-0.339],[-6.386,-0.944],[-11.69,-0.692],[-3.628,5.113],[8.007,7.932],[-22.006,-2.528],[5.837,-4.778],[8.07,3.515],[-11.025,-0.862],[-7.845,-1.464],[6.7,-4.402],[24.227,3.266],[-0.195,-1.691],[-3.126,-0.066],[-19.887,1.975],[0,1.309],[-7.147,0.474],[-0.836,1.268],[4.387,1.249],[-6.757,1.662],[-8.586,0.818],[3.453,-6.691],[2.02,-3.024],[-5.664,0.128],[-11.052,-0.735],[12.426,3.641],[-14.098,2.224],[3.758,-0.942],[-13.454,-2.957],[4.379,0.415],[-1.289,-0.168],[-0.961,-4.217],[1.099,-2.029],[-4.678,1.036],[1.613,0.475],[-12.187,-0.987],[9.791,-5.486],[-9.778,-0.731],[-2.449,0.662],[3.445,-0.085],[-2.055,2.015],[-3.135,-0.009],[-6.799,-2.076],[12.978,0.108],[-2.586,-0.265],[-4.83,2.124],[-7.176,0.683],[1.74,0.599],[-2.942,1.766],[-8.851,-1.5],[-9.099,1.561],[2.744,2.041],[-3.082,0.014],[-8.879,-2.769],[-7.511,0.462],[-10.322,-1.567],[0,0],[36.013,4.956],[16.829,-3.633],[32.376,2.188],[25.333,3.78],[30.545,-8.403],[32.633,1.563],[27.911,4.295],[24.769,-1.229],[0,0],[-12.75,-2.566]],"v":[[261.726,4.834],[271.554,12.499],[229.583,11.291],[224.878,2.126],[194.277,5.793],[219.136,-1.791],[183.19,0.332],[161.425,0.666],[177.368,10.208],[148.006,15.668],[148.663,3.543],[118.43,4.5],[109.439,14.918],[69.047,10.085],[60.675,4.917],[74.648,5.25],[114.82,-0.793],[91.561,-4.534],[67.725,-4.335],[35.5,-2.668],[53.147,-1.584],[38.619,0.542],[47.527,6.711],[44.542,11.752],[17.982,15.875],[0.547,14.582],[29.855,2.915],[8.377,2.165],[-15.323,1],[-28.676,2.125],[-30.527,11.667],[-59.537,6.666],[-61.845,1.416],[-77.23,5.959],[-89.959,9.834],[-97.831,6.293],[-76.974,0.92],[-107.347,-0.079],[-106.157,6.378],[-121.813,11.253],[-126.041,4.126],[-141.123,-0.875],[-154.007,-1.668],[-139.18,1.584],[-132.445,8.376],[-146.319,6.749],[-155.951,6.591],[-151.353,1.783],[-150.43,-2.317],[-164.045,0.266],[-175.455,4.1],[-194.24,5.666],[-182.558,8.499],[-201.649,8.266],[-227.376,4.174],[-226.994,11.224],[-244.567,17.066],[-262.767,14.891],[-258.427,6.641],[-292.813,10.691],[-300,1.261],[-300,22.327],[-213.829,20.649],[-152.876,18.703],[-67.973,29.444],[9.483,27.462],[80.367,19.453],[156.089,26.97],[219.971,26.024],[300,22.238],[300,7.832]],"c":true}]},{"i":{"x":0.833,"y":0.833},"o":{"x":0.167,"y":0.167},"t":90,"s":[{"i":[[-7.476,-8.818],[1.445,4.642],[24.042,-1.15],[5.004,-0.417],[7.923,0],[0.827,0.11],[1.935,-0.317],[6.255,-0.417],[10.256,1.432],[2.294,-0.208],[4.796,0],[20.017,0.834],[11.051,-0.417],[-1.704,2.235],[-3.545,-0.208],[-2.51,-0.065],[3.379,1.07],[12.189,-0.075],[3.37,0.53],[2.756,0.039],[2.603,-0.276],[2.256,-1.276],[7.098,-0.57],[11.676,-0.05],[16.518,0.891],[3.578,-0.066],[12.02,-0.149],[9.372,2.101],[5.474,1.331],[-5.699,-3.234],[4.17,0],[2.958,0.405],[5.845,-0.276],[-4.379,0.417],[-3.451,-0.811],[23.081,4.347],[13.099,1.596],[16.45,-1.186],[1.668,0.208],[1.313,0.138],[-2.566,0.404],[2.373,-0.859],[1.632,-0.441],[3.238,-0.665],[1.376,0.008],[-3.128,0.208],[7.826,-0.451],[4.978,-0.642],[-3.07,-1.042],[0,-1.367],[7.176,-0.683],[1.784,0.907],[-3.075,0],[15.149,-3.5],[4.876,-0.409],[2.994,-0.709],[16.317,-0.925],[5.517,-0.376],[7.552,-0.876],[-8.562,3.324],[10.5,-1.995],[0,0],[-27.311,3.378],[-23.624,-1.687],[-25.441,2.974],[-31.057,-2.643],[-26.367,6.313],[-14.027,-2.159],[-19.986,0.639],[-42.25,0.028],[0,0]],"o":[[3.913,4.615],[-1.24,-3.982],[-13.958,0.1],[-5.004,0.417],[-7.923,0],[-4.261,-0.569],[-4.379,-0.208],[-6.255,0.417],[-26.494,-2.068],[-2.294,0.209],[-4.796,0],[-20.017,-0.834],[-11.051,0.417],[1.578,-2.069],[3.545,0.209],[14.977,0.391],[-4.945,-1.566],[-3.127,0.019],[-5.724,-0.9],[-4.626,-0.066],[-9.022,1.474],[-1.321,0.747],[-4.547,0.365],[-3.167,0.014],[-7.979,-0.43],[-7.923,0],[-8.34,0.104],[-5.529,-1.239],[-8.677,-2.11],[6.731,3.82],[-4.17,0],[-3.838,-0.525],[-13.76,0.649],[4.379,-0.417],[18.334,4.307],[-4.251,-0.801],[-10.812,-1.317],[-4.778,0.344],[-1.668,-0.209],[-1.687,-0.487],[2.291,-0.361],[-1.253,0.454],[-2.449,0.662],[-3.32,0.682],[-18.055,-0.11],[3.128,-0.209],[-1.354,0.078],[-3.185,0.411],[2.462,0.836],[0,1.367],[-7.176,0.683],[-2.51,-1.276],[3.075,0],[-6.084,1.406],[-4.294,0.36],[-7.628,1.805],[-1.372,0.078],[-2.811,0.191],[-7.475,0.867],[9.733,-3.779],[0,0],[36.013,4.956],[25.329,-3.133],[31.706,2.264],[25.44,-2.974],[31.057,2.643],[20.509,-4.91],[27.911,4.295],[31.529,-1.009],[0,0],[-12.75,-2.566]],"v":[[280.476,2.834],[255.305,7.374],[244.708,-2.834],[238.003,4.126],[226.528,0.668],[219.136,-1.791],[209.315,-1.793],[196.3,-1.959],[193.244,2.458],[192.631,-2.082],[181.788,-2.082],[151.555,-3.75],[113.939,8.668],[86.797,3.96],[95.8,3.292],[105.523,2.875],[136.07,-4.168],[116.061,-0.909],[101.849,-2.46],[87.876,-3.793],[74.522,-3.834],[72.494,2.292],[59.402,4.211],[37.667,4.377],[25.232,0.125],[7.672,0.082],[5.48,-3.96],[-8.747,-1.71],[-13.073,-6.5],[-27.301,-3.875],[-45.152,-1.708],[-59.162,-4.084],[-75.595,-5.334],[-81.48,-3.041],[-61.084,0.459],[-75.081,7.668],[-98.849,5.92],[-110.097,-0.954],[-118.407,-0.372],[-123.188,-0.622],[-123.291,-2.749],[-125.373,-4.375],[-131.507,-2.793],[-138.805,-1.041],[-146.195,-0.749],[-146.069,-5.376],[-152.951,-7.909],[-167.353,-8.467],[-169.93,-5.942],[-164.795,-1.859],[-176.705,-0.9],[-191.24,-1.334],[-188.308,-5.501],[-201.899,-5.234],[-219.126,-3.951],[-243.244,-0.026],[-237.192,6.191],[-254.767,7.641],[-276.552,10.141],[-287.313,7.441],[-300,0.136],[-300,15.577],[-211.079,16.899],[-151.376,12.953],[-70.222,16.944],[4.983,21.462],[81.367,20.203],[148.589,16.72],[221.971,20.274],[300,12.988],[300,-5.918]],"c":true}]},{"t":119.000004846969,"s":[{"i":[[5.285,0.182],[4.17,0],[5.63,-0.834],[5.004,-0.417],[7.923,0],[0,0.834],[-6.672,1.043],[6.255,-0.417],[7.089,-0.834],[2.294,-0.208],[4.796,0],[20.017,0.834],[11.051,-0.417],[4.17,0],[-3.545,-0.208],[-2.502,0.208],[3.545,0],[1.656,-0.009],[3.408,-0.136],[10.425,0.208],[10.008,-1.251],[-1.459,-0.417],[8.549,-0.834],[11.676,0],[-0.625,1.042],[-12.928,1.46],[8.34,0],[15.221,-0.208],[5.63,-0.208],[7.715,0.625],[4.17,0],[2.919,0.626],[13.761,-0.626],[-4.379,0.417],[-3.545,0],[2.294,-0.417],[10.842,-1.043],[16.472,0.834],[1.668,0.208],[-9.383,0],[-8.34,0.626],[2.294,0],[2.502,0.417],[5.213,-1.251],[5.213,0.208],[-3.128,0.208],[3.075,0.342],[10.934,0.342],[-1.709,0],[0,-1.367],[7.176,-0.683],[5.467,0.342],[-3.075,0],[6.218,-0.565],[9.226,0.342],[-2.734,0.342],[-3.417,-0.342],[2.734,-0.683],[7.517,0.342],[11.959,-1.025],[12.83,2.66],[0,0],[-26.432,0],[-31.627,-3.183],[-25.441,2.974],[-31.057,-2.643],[-25.771,-0.33],[-6.938,-1.322],[-24.78,0.991],[-20.485,1.652],[0,0]],"o":[[-6.047,-0.208],[-4.17,0],[5.213,0],[-5.004,0.417],[-7.923,0],[0,-0.834],[-4.379,-0.208],[-6.255,0.417],[6.672,0.208],[-2.294,0.209],[-4.796,0],[-20.017,-0.834],[-11.051,0.417],[-4.17,0],[3.545,0.209],[2.502,-0.208],[-1.227,0],[-3.127,0.016],[-5.213,0.209],[-10.425,-0.208],[3.962,-0.208],[1.46,0.417],[-8.549,0.834],[-11.676,0],[0.625,-1.043],[-7.923,0],[-8.34,0],[16.472,0.834],[-5.63,0.208],[-7.715,-0.625],[-4.17,0],[-2.919,-0.626],[-13.761,0.625],[4.379,-0.417],[3.545,0],[-2.293,0.417],[-10.842,1.043],[-16.472,-0.834],[-1.668,-0.209],[9.383,0],[8.34,-0.625],[-2.294,0],[-2.502,-0.417],[-5.213,1.251],[-5.213,-0.209],[3.128,-0.209],[-3.075,-0.342],[-10.934,-0.342],[1.708,0],[0,1.367],[-7.176,0.683],[-6.489,-0.406],[3.075,0],[-6.218,0.565],[-9.226,-0.342],[2.734,-0.342],[3.417,0.342],[-2.734,0.683],[-7.517,-0.342],[-10.402,0.892],[0,0],[36.013,4.956],[26.432,0],[31.627,3.183],[25.44,-2.974],[31.057,2.643],[25.771,0.33],[29.192,5.561],[24.78,-0.991],[0,0],[-13.322,0.832]],"v":[[257.476,-3.541],[251.43,-5.626],[234.958,-5.209],[239.128,-3.124],[218.903,-2.082],[199.511,-2.916],[213.69,-5.418],[196.175,-4.584],[178.244,-4.167],[192.631,-2.082],[181.788,-2.082],[151.555,-3.75],[112.564,-2.707],[91.922,-2.29],[95.675,-3.333],[113.398,-4.375],[119.445,-6.043],[115.061,-6.034],[104.85,-5.835],[85.876,-6.043],[61.272,-4.584],[77.744,-3.958],[68.152,-1.664],[35.417,-1.873],[13.732,-4.375],[41.672,-6.043],[10.605,-6.46],[-12.122,-6.46],[-2.323,-3.75],[-26.926,-4.375],[-47.777,-3.958],[-59.662,-5.209],[-79.47,-4.584],[-91.355,-2.916],[-65.709,-3.541],[-62.581,-2.082],[-83.849,-0.205],[-131.597,1.046],[-154.532,-0.622],[-141.188,-1.247],[-114.916,-2.499],[-113.248,-4.375],[-123.882,-6.043],[-131.18,-3.541],[-149.945,-3.124],[-148.069,-5.001],[-132.576,-6.159],[-154.103,-6.842],[-167.43,-5.817],[-158.545,-4.109],[-168.455,-2.4],[-193.74,-3.084],[-203.308,-6.501],[-193.399,-9.234],[-223.126,-9.576],[-234.744,-7.526],[-217.317,-7.184],[-215.267,-4.109],[-235.427,-4.109],[-264.813,-2.059],[-300,-4.489],[-300,1.327],[-216.079,2.649],[-154.626,5.953],[-68.722,6.944],[11.233,4.962],[80.617,5.953],[149.339,3.97],[209.471,7.274],[300,1.988],[300,-4.168]],"c":true}]}],"ix":2},"nm":"Path 1","mn":"ADBE Vector Shape - Group","hd":false},{"ty":"fl","c":{"a":0,"k":[0.871983307483,0.917101153205,0.990793504902,1],"ix":4},"o":{"a":0,"k":100,"ix":5},"r":1,"bm":0,"nm":"Fill 1","mn":"ADBE Vector Graphic - Fill","hd":false},{"ty":"tr","p":{"a":0,"k":[0,11.984],"ix":2},"a":{"a":0,"k":[0,0],"ix":1},"s":{"a":0,"k":[100,100],"ix":3},"r":{"a":0,"k":0,"ix":6},"o":{"a":0,"k":100,"ix":7},"sk":{"a":0,"k":0,"ix":4},"sa":{"a":0,"k":0,"ix":5},"nm":"Transform"}],"nm":"Shape 1","np":3,"cix":2,"bm":0,"ix":1,"mn":"ADBE Vector Group","hd":false}],"ip":0,"op":120.0000048877,"st":0,"bm":0},{"ddd":0,"ind":6,"ty":4,"nm":"water","sr":1,"ks":{"o":{"a":0,"k":100,"ix":11},"r":{"a":0,"k":0,"ix":10},"p":{"a":0,"k":[300,35.292,0],"ix":2},"a":{"a":0,"k":[0,-80.021,0],"ix":1},"s":{"a":0,"k":[100,100,100],"ix":6}},"ao":0,"shapes":[{"ty":"gr","it":[{"ind":0,"ty":"sh","ix":1,"ks":{"a":1,"k":[{"i":{"x":0.833,"y":0.833},"o":{"x":0.167,"y":0.167},"t":0,"s":[{"i":[[36.013,4.956],[0,0],[0,0],[0,0],[24.78,-0.991],[29.192,5.561],[25.771,0.33],[31.057,2.643],[25.441,-2.974],[31.627,3.183],[26.432,0]],"o":[[0,0],[0,0],[0,0],[-20.484,1.652],[-24.78,0.991],[-6.938,-1.322],[-25.771,-0.33],[-31.057,-2.643],[-25.441,2.974],[-31.627,-3.183],[-26.432,0]],"v":[[-300,27.258],[-300,-35.848],[300,-35.848],[300,27.918],[209.471,33.205],[149.339,29.901],[80.617,31.883],[11.233,30.892],[-68.722,32.874],[-154.626,31.883],[-216.079,28.579]],"c":true}]},{"i":{"x":0.833,"y":0.833},"o":{"x":0.167,"y":0.167},"t":30,"s":[{"i":[[43,5.894],[0,0],[0,0],[0,0],[21.029,-1.553],[29.192,5.561],[25.624,-2.769],[23.767,-0.24],[25.441,-2.974],[31.627,3.183],[26.099,-4.181]],"o":[[0,0],[0,0],[0,0],[-20,-2.266],[-22.108,1.633],[-6.938,-1.322],[-25.617,2.769],[-31.168,0.315],[-25.441,2.974],[-31.627,-3.183],[-25.421,4.073]],"v":[[-300,42.758],[-300,-35.848],[300,-35.848],[300,33.418],[218.971,38.705],[152.339,36.401],[85.617,38.383],[13.233,40.892],[-68.722,32.874],[-148.126,34.883],[-214.079,38.579]],"c":true}]},{"i":{"x":0.833,"y":0.833},"o":{"x":0.167,"y":0.167},"t":60,"s":[{"i":[[27,4.394],[0,0],[0,0],[0,0],[21.529,-0.553],[19.135,2.017],[25.762,0.75],[30.267,-7.74],[29.222,5.278],[31.627,3.183],[20.641,-4.691]],"o":[[0,0],[0,0],[0,0],[-20,-2.266],[-22.316,0.573],[-21.339,-2.249],[-25.117,-0.731],[-24.249,6.201],[-25.206,-4.552],[-31.627,-3.183],[-28.921,6.573]],"v":[[-300,48.258],[-300,-35.848],[300,-35.848],[300,49.418],[238.971,51.705],[156.839,53.401],[87.117,46.383],[9.733,53.892],[-69.222,55.874],[-149.126,45.883],[-225.579,49.079]],"c":true}]},{"i":{"x":0.833,"y":0.833},"o":{"x":0.167,"y":0.167},"t":91,"s":[{"i":[[31.662,4.685],[0,0],[0,0],[0,0],[23.21,-0.78],[20.46,4.594],[20.245,-5.731],[23.509,2.844],[25.036,-4.174],[31.787,-0.011],[23.636,-2.265]],"o":[[0,0],[0,0],[0,0],[-20.251,-0.24],[-23.59,0.789],[-20.46,-4.594],[-24.498,6.935],[-23.509,-2.844],[-25.036,4.174],[-29.03,0.01],[-27.633,3.173]],"v":[[-300,37.396],[-300,-35.848],[300,-35.848],[300,38.298],[228.213,46.136],[149.96,42.746],[82.755,46.883],[11.509,47.995],[-63.964,42.978],[-151.97,38.642],[-220.166,44.476]],"c":true}]},{"t":120.0000048877,"s":[{"i":[[36.013,4.956],[0,0],[0,0],[0,0],[24.78,-0.991],[29.192,5.561],[25.771,0.33],[31.057,2.643],[25.441,-2.974],[31.627,3.183],[26.432,0]],"o":[[0,0],[0,0],[0,0],[-20.484,1.652],[-24.78,0.991],[-6.938,-1.322],[-25.771,-0.33],[-31.057,-2.643],[-25.441,2.974],[-31.627,-3.183],[-26.432,0]],"v":[[-300,27.258],[-300,-35.848],[300,-35.848],[300,27.918],[209.471,33.205],[149.339,29.901],[80.617,31.883],[11.233,30.892],[-68.722,32.874],[-154.626,31.883],[-216.079,28.579]],"c":true}]}],"ix":2},"nm":"Path 1","mn":"ADBE Vector Shape - Group","hd":false},{"ty":"fl","c":{"a":0,"k":[0.639215686275,0.756862804936,0.949019667682,1],"ix":4},"o":{"a":0,"k":100,"ix":5},"r":1,"bm":0,"nm":"Fill 1","mn":"ADBE Vector Graphic - Fill","hd":false},{"ty":"tr","p":{"a":0,"k":[0,-79.465],"ix":2},"a":{"a":0,"k":[0,0],"ix":1},"s":{"a":0,"k":[100,100],"ix":3},"r":{"a":0,"k":0,"ix":6},"o":{"a":0,"k":100,"ix":7},"sk":{"a":0,"k":0,"ix":4},"sa":{"a":0,"k":0,"ix":5},"nm":"Transform"}],"nm":"Shape 1","np":3,"cix":2,"bm":0,"ix":1,"mn":"ADBE Vector Group","hd":false}],"ip":0,"op":120.0000048877,"st":0,"bm":0}]},{"id":"comp_2","layers":[{"ddd":0,"ind":1,"ty":4,"nm":"Shape Layer 1","sr":1,"ks":{"o":{"a":0,"k":100,"ix":11},"r":{"a":0,"k":0,"ix":10},"p":{"a":0,"k":[300,275.806,0],"ix":2},"a":{"a":0,"k":[0,76.806,0],"ix":1},"s":{"a":0,"k":[100,100,100],"ix":6}},"ao":0,"shapes":[{"ty":"gr","it":[{"ind":0,"ty":"sh","ix":1,"ks":{"a":1,"k":[{"i":{"x":0.833,"y":0.833},"o":{"x":0.167,"y":0.167},"t":0,"s":[{"i":[[0,0],[0,0],[0,-14],[18.5,4.5],[-14.232,-5.358],[-21,3.5],[-10.5,0.5],[-31,0],[-19.5,2],[-27.5,-1.5],[-29.986,-1.363],[-20.86,2.845],[-9.5,0],[-17,7]],"o":[[0,0],[0,0],[12.5,2],[-21.574,-5.248],[42.5,16],[14.829,-2.471],[10.5,-0.5],[31,0],[24.993,-2.563],[27.5,1.5],[33,1.5],[11,-1.5],[23.5,0],[0,-11.5]],"v":[[302.5,46],[-300,46],[-300,92],[-283,87.5],[-171,84],[-60.5,89],[-14.5,82.5],[-2,92],[77,89],[144,86.5],[143.5,93],[202,87.5],[242.5,87],[302.5,87]],"c":true}]},{"i":{"x":0.833,"y":0.833},"o":{"x":0.167,"y":0.167},"t":30,"s":[{"i":[[0,0],[0,0],[0,-14],[-22,3],[-18,1.5],[-15,-1],[-10.5,0.5],[-31,0],[-31,-0.5],[-27.5,-1.5],[6,-1],[-21,-1.5],[-16.5,6.5],[-12.5,-2.5]],"o":[[0,0],[0,0],[4.5,2.5],[22,-3],[18,-1.5],[15,1],[10.5,-0.5],[31,0],[31,0.5],[27.5,1.5],[-6,1],[21,1.5],[16.5,-6.5],[0,-11.5]],"v":[[302.5,46],[-300,46],[-300,97],[-245.5,98.5],[-146,91],[-77.5,89.5],[-26.5,92],[45,95.5],[104,102],[160.5,93],[177.5,101.5],[188,106.5],[240.5,102.5],[302.5,93.5]],"c":true}]},{"i":{"x":0.833,"y":0.833},"o":{"x":0.167,"y":0.167},"t":60,"s":[{"i":[[0,0],[0,0],[0,-14],[-21.936,-3.436],[-17.923,2.24],[10.354,-10.899],[-10.5,0.5],[-31,0],[-31,-0.5],[-27.5,-1.5],[-6.072,-0.35],[-7.5,2],[-6,-1],[-54.5,1]],"o":[[0,0],[0,0],[4.5,2.5],[41.5,6.5],[16,-2],[-9.5,10],[10.5,-0.5],[31,0],[31,0.5],[27.5,1.5],[26,1.5],[20.343,-5.425],[17.755,2.959],[0,-11.5]],"v":[[302.5,46],[-300,46],[-300,100.5],[-261.5,113.5],[-157,100.5],[-118,115.5],[-39.5,115.5],[40.5,109],[72.5,116.5],[129,107],[163,113],[205,108.5],[251.5,107.5],[302.5,114.5]],"c":true}]},{"i":{"x":0.833,"y":0.833},"o":{"x":0.167,"y":0.167},"t":90,"s":[{"i":[[0,0],[0,0],[0,-14],[-26,-1],[-35,-2],[-54.5,1.5],[-51.5,-4],[-30.914,-2.302],[-35,7],[25.864,-9.462],[-13,0.5],[-21.044,-0.628],[26,1.5],[-50.5,-3]],"o":[[0,0],[0,0],[17,-11],[44.97,1.73],[18.033,1.03],[15.027,-0.414],[36.963,2.871],[47,3.5],[12.719,-2.544],[-20.5,7.5],[14.498,-0.558],[67,2],[-10.279,-0.593],[0,-11.5]],"v":[[302.5,46],[-300,46],[-300,97],[-244.5,105],[-172.5,95],[-117,104],[-26,98.5],[-24.5,105.5],[87.5,101],[130,98.5],[155.5,102.5],[227,106.5],[267,98.5],[302.5,93.5]],"c":true}]},{"t":119.000004846969,"s":[{"i":[[0,0],[0,0],[0,-14],[18.5,4.5],[-14.232,-5.358],[-21,3.5],[-10.5,0.5],[-31,0],[-19.5,2],[-27.5,-1.5],[-29.986,-1.363],[-20.86,2.845],[-9.5,0],[-17,7]],"o":[[0,0],[0,0],[12.5,2],[-21.574,-5.248],[42.5,16],[14.829,-2.471],[10.5,-0.5],[31,0],[24.993,-2.563],[27.5,1.5],[33,1.5],[11,-1.5],[23.5,0],[0,-11.5]],"v":[[302.5,46],[-300,46],[-300,92],[-283,87.5],[-171,84],[-60.5,89],[-14.5,82.5],[-2,92],[77,89],[144,86.5],[143.5,93],[202,87.5],[242.5,87],[302.5,87]],"c":true}]}],"ix":2},"nm":"Path 1","mn":"ADBE Vector Shape - Group","hd":false},{"ty":"fl","c":{"a":0,"k":[0.919561887255,0.779495239258,0.574064127604,1],"ix":4},"o":{"a":0,"k":100,"ix":5},"r":1,"bm":1,"nm":"Fill 1","mn":"ADBE Vector Graphic - Fill","hd":false},{"ty":"tr","p":{"a":0,"k":[0,0],"ix":2},"a":{"a":0,"k":[0,0],"ix":1},"s":{"a":0,"k":[100,100],"ix":3},"r":{"a":0,"k":0,"ix":6},"o":{"a":0,"k":100,"ix":7},"sk":{"a":0,"k":0,"ix":4},"sa":{"a":0,"k":0,"ix":5},"nm":"Transform"}],"nm":"Shape 1","np":3,"cix":2,"bm":0,"ix":1,"mn":"ADBE Vector Group","hd":false}],"ip":0,"op":120.0000048877,"st":0,"bm":0},{"ddd":0,"ind":2,"ty":4,"nm":"sand","sr":1,"ks":{"o":{"a":0,"k":100,"ix":11},"r":{"a":0,"k":0,"ix":10},"p":{"a":0,"k":[299,335.626,0],"ix":2},"a":{"a":0,"k":[-64.77,130.614,0],"ix":1},"s":{"a":0,"k":[100,100,100],"ix":6}},"ao":0,"shapes":[{"ty":"gr","it":[{"ty":"rc","d":1,"s":{"a":0,"k":[600,140],"ix":2},"p":{"a":0,"k":[0,0],"ix":3},"r":{"a":0,"k":0,"ix":4},"nm":"Rectangle Path 1","mn":"ADBE Vector Shape - Rect","hd":false},{"ty":"fl","c":{"a":0,"k":[0.968627510819,0.850980451995,0.678431372549,1],"ix":4},"o":{"a":0,"k":100,"ix":5},"r":1,"bm":0,"nm":"Fill 1","mn":"ADBE Vector Graphic - Fill","hd":false},{"ty":"tr","p":{"a":0,"k":[-63.77,124.988],"ix":2},"a":{"a":0,"k":[0,0],"ix":1},"s":{"a":0,"k":[100,100],"ix":3},"r":{"a":0,"k":0,"ix":6},"o":{"a":0,"k":100,"ix":7},"sk":{"a":0,"k":0,"ix":4},"sa":{"a":0,"k":0,"ix":5},"nm":"Transform"}],"nm":"Rectangle 1","np":3,"cix":2,"bm":0,"ix":1,"mn":"ADBE Vector Group","hd":false}],"ip":0,"op":120.0000048877,"st":0,"bm":0}]},{"id":"comp_3","layers":[{"ddd":0,"ind":1,"ty":4,"nm":"flare","sr":1,"ks":{"o":{"a":1,"k":[{"i":{"x":[0.833],"y":[0.833]},"o":{"x":[0.167],"y":[0.167]},"t":0,"s":[100]},{"i":{"x":[0.833],"y":[0.833]},"o":{"x":[0.167],"y":[0.167]},"t":60,"s":[0]},{"i":{"x":[0.833],"y":[0.833]},"o":{"x":[0.167],"y":[0.167]},"t":61,"s":[100]},{"t":119.000004846969,"s":[0]}],"ix":11},"r":{"a":0,"k":0,"ix":10},"p":{"a":0,"k":[581.865,73.572,0],"ix":2},"a":{"a":0,"k":[-11.428,2.572,0],"ix":1},"s":{"a":1,"k":[{"i":{"x":[0.833,0.833,0.833],"y":[0.833,0.833,0.833]},"o":{"x":[0.167,0.167,0.167],"y":[0.167,0.167,0.167]},"t":0,"s":[96,96,100]},{"i":{"x":[0.833,0.833,0.833],"y":[0.833,0.833,0.833]},"o":{"x":[0.167,0.167,0.167],"y":[0.167,0.167,0.167]},"t":60,"s":[280,280,100]},{"i":{"x":[0.833,0.833,0.833],"y":[0.833,0.833,0.833]},"o":{"x":[0.167,0.167,0.167],"y":[0.167,0.167,0.167]},"t":61,"s":[96,96,100]},{"t":119.000004846969,"s":[280,280,100]}],"ix":6}},"ao":0,"shapes":[{"ty":"gr","it":[{"d":1,"ty":"el","s":{"a":0,"k":[73.145,73.145],"ix":2},"p":{"a":0,"k":[0,0],"ix":3},"nm":"Ellipse Path 1","mn":"ADBE Vector Shape - Ellipse","hd":false},{"ty":"st","c":{"a":0,"k":[1,1,1,1],"ix":3},"o":{"a":0,"k":80,"ix":4},"w":{"a":1,"k":[{"i":{"x":[0.833],"y":[0.833]},"o":{"x":[0.167],"y":[0.167]},"t":0,"s":[2]},{"i":{"x":[0.833],"y":[0.833]},"o":{"x":[0.167],"y":[0.167]},"t":59,"s":[1]},{"i":{"x":[0.833],"y":[0.833]},"o":{"x":[0.167],"y":[0.167]},"t":60,"s":[2]},{"t":119.000004846969,"s":[1]}],"ix":5},"lc":1,"lj":1,"ml":4,"bm":0,"nm":"Stroke 1","mn":"ADBE Vector Graphic - Stroke","hd":false},{"ty":"tr","p":{"a":0,"k":[-11.428,2.572],"ix":2},"a":{"a":0,"k":[0,0],"ix":1},"s":{"a":0,"k":[100,100],"ix":3},"r":{"a":0,"k":0,"ix":6},"o":{"a":0,"k":100,"ix":7},"sk":{"a":0,"k":0,"ix":4},"sa":{"a":0,"k":0,"ix":5},"nm":"Transform"}],"nm":"Ellipse 1","np":3,"cix":2,"bm":0,"ix":1,"mn":"ADBE Vector Group","hd":false}],"ip":0,"op":120.0000048877,"st":0,"bm":0},{"ddd":0,"ind":2,"ty":4,"nm":"sun","sr":1,"ks":{"o":{"a":0,"k":100,"ix":11},"r":{"a":0,"k":0,"ix":10},"p":{"a":0,"k":[581.865,73.572,0],"ix":2},"a":{"a":0,"k":[-11.428,2.572,0],"ix":1},"s":{"a":0,"k":[100,100,100],"ix":6}},"ao":0,"shapes":[{"ty":"gr","it":[{"d":1,"ty":"el","s":{"a":0,"k":[73.145,73.145],"ix":2},"p":{"a":0,"k":[0,0],"ix":3},"nm":"Ellipse Path 1","mn":"ADBE Vector Shape - Ellipse","hd":false},{"ty":"fl","c":{"a":1,"k":[{"i":{"x":[0.833],"y":[0.833]},"o":{"x":[0.167],"y":[0.167]},"t":0,"s":[1,1,1,1]},{"i":{"x":[0.833],"y":[0.833]},"o":{"x":[0.167],"y":[0.167]},"t":30,"s":[1,0.974800467491,0.918474256992,1]},{"i":{"x":[0.833],"y":[0.833]},"o":{"x":[0.167],"y":[0.167]},"t":60,"s":[1,1,1,1]},{"i":{"x":[0.833],"y":[0.833]},"o":{"x":[0.167],"y":[0.167]},"t":90,"s":[1,0.974800467491,0.918474256992,1]},{"t":119.000004846969,"s":[1,1,1,1]}],"ix":4},"o":{"a":0,"k":100,"ix":5},"r":1,"bm":0,"nm":"Fill 1","mn":"ADBE Vector Graphic - Fill","hd":false},{"ty":"tr","p":{"a":0,"k":[-11.428,2.572],"ix":2},"a":{"a":0,"k":[0,0],"ix":1},"s":{"a":0,"k":[100,100],"ix":3},"r":{"a":0,"k":0,"ix":6},"o":{"a":0,"k":100,"ix":7},"sk":{"a":0,"k":0,"ix":4},"sa":{"a":0,"k":0,"ix":5},"nm":"Transform"}],"nm":"Ellipse 1","np":3,"cix":2,"bm":0,"ix":1,"mn":"ADBE Vector Group","hd":false}],"ip":0,"op":120.0000048877,"st":0,"bm":0},{"ddd":0,"ind":3,"ty":4,"nm":"Shape Layer 2","sr":1,"ks":{"o":{"a":0,"k":100,"ix":11},"r":{"a":0,"k":0,"ix":10},"p":{"a":0,"k":[300,110,0],"ix":2},"a":{"a":0,"k":[0,0,0],"ix":1},"s":{"a":0,"k":[100,100,100],"ix":6}},"ao":0,"shapes":[{"ty":"gr","it":[{"ind":0,"ty":"sh","ix":1,"ks":{"a":0,"k":{"i":[[0,0],[-5.61,-8.415],[-3.927,-10.658],[1.122,-3.927],[0,-5.61],[-2.481,-11.48],[-7.293,-1.122],[-4.801,-2.074],[-4.488,-0.561],[-4.488,-0.561],[-2.805,-2.244],[-2.805,-3.366],[-2.244,-7.293],[0.744,-5.953],[0.744,-7.814],[-4.837,-5.209],[-5.581,-4.093],[-5.581,-10.791],[-4.837,-1.116],[-5.954,0.372],[-6.698,0],[-7.442,-0.744],[-1.861,-5.209],[-7.07,-1.116],[-2.232,-2.605],[-4.465,-0.372],[0.372,-3.721],[0.372,-4.465],[-0.744,-3.349],[-0.744,-8.186],[-1.488,-8.93],[-3.349,-3.721],[0.744,-3.721],[-0.372,-2.605],[-3.349,2.232],[-2.605,-2.233],[-3.349,-1.86],[-2.605,-5.581],[-0.372,-4.837],[-0.372,-5.209],[-0.372,-2.977],[-2.605,-4.837],[-0.744,-5.581],[-2.233,-4.093],[0,0],[0,0]],"o":[[2.244,-4.488],[11.78,-3.927],[5.61,0.561],[4.488,1.683],[7.293,-2.244],[4.725,-7.032],[5.573,-7.574],[8.93,-6.353],[4.488,-5.049],[6.171,-4.488],[3.366,-5.61],[7.854,-5.61],[7.293,0.561],[2.977,2.233],[6.698,-2.232],[3.349,-5.581],[7.442,-2.233],[5.953,-4.465],[-2.605,-6.698],[1.488,-5.209],[-0.744,-5.209],[2.977,-2.605],[1.86,-6.698],[4.837,-3.721],[-0.372,-4.093],[4.465,0.372],[4.837,1.488],[5.581,-1.488],[8.186,-0.744],[3.349,-2.977],[2.977,-4.837],[3.349,3.721],[1.86,0],[1.116,-3.349],[3.349,-2.233],[1.116,-4.093],[2.977,-4.093],[4.465,-0.744],[4.837,-2.605],[4.093,-1.488],[5.581,-5.954],[2.977,-2.977],[2.977,-2.977],[0,0],[0,0],[0,0]],"v":[[-306.505,-43.084],[-279.579,-43.084],[-245.36,-27.938],[-239.189,-15.597],[-230.214,-5.499],[-205.208,8.264],[-179.166,-4.938],[-163.459,-11.67],[-144.386,-17.28],[-127.557,-26.255],[-115.216,-26.816],[-101.753,-29.06],[-78.753,-25.133],[-68.192,-15.256],[-62.238,-2.233],[-40.657,0],[-21.68,-4.465],[2.506,3.721],[16.645,1.488],[26.692,-14.884],[39.715,-26.046],[51.25,-37.953],[65.389,-37.209],[78.413,-46.512],[89.575,-48.372],[98.133,-54.698],[108.18,-46.884],[118.599,-37.209],[130.878,-34.977],[146.133,-24.186],[163.25,-15.628],[179.25,-14.884],[182.226,-2.605],[187.064,-0.372],[191.529,-10.046],[203.436,-8.93],[215.715,-12.651],[227.249,-13.023],[236.924,-6.326],[247.715,0.372],[258.133,5.581],[276.738,5.209],[289.761,10.047],[306.505,13.767],[306.505,55.07],[-306.331,55.07]],"c":true},"ix":2},"nm":"Path 1","mn":"ADBE Vector Shape - Group","hd":false},{"ty":"fl","c":{"a":0,"k":[1,0.874509803922,0.83137254902,1],"ix":4},"o":{"a":0,"k":100,"ix":5},"r":1,"bm":0,"nm":"Fill 1","mn":"ADBE Vector Graphic - Fill","hd":false},{"ty":"tr","p":{"a":0,"k":[0,58.629],"ix":2},"a":{"a":0,"k":[0,0],"ix":1},"s":{"a":0,"k":[100,100],"ix":3},"r":{"a":0,"k":0,"ix":6},"o":{"a":0,"k":100,"ix":7},"sk":{"a":0,"k":0,"ix":4},"sa":{"a":0,"k":0,"ix":5},"nm":"Transform"}],"nm":"Shape 1","np":3,"cix":2,"bm":0,"ix":1,"mn":"ADBE Vector Group","hd":false}],"ip":0,"op":120.0000048877,"st":0,"bm":0},{"ddd":0,"ind":4,"ty":4,"nm":"Shape Layer 1","sr":1,"ks":{"o":{"a":0,"k":100,"ix":11},"r":{"a":0,"k":0,"ix":10},"p":{"a":0,"k":[300,110.18,0],"ix":2},"a":{"a":0,"k":[0,-92.82,0],"ix":1},"s":{"a":0,"k":[100,100,100],"ix":6}},"ao":0,"shapes":[{"ty":"gr","it":[{"ty":"rc","d":1,"s":{"a":0,"k":[608.438,224.359],"ix":2},"p":{"a":0,"k":[0,0],"ix":3},"r":{"a":0,"k":0,"ix":4},"nm":"Rectangle Path 1","mn":"ADBE Vector Shape - Rect","hd":false},{"ty":"fl","c":{"a":0,"k":[1,0.678431372549,0.729411764706,1],"ix":4},"o":{"a":0,"k":100,"ix":5},"r":1,"bm":1,"nm":"Fill 1","mn":"ADBE Vector Graphic - Fill","hd":false},{"ty":"tr","p":{"a":0,"k":[-0.781,-92.82],"ix":2},"a":{"a":0,"k":[0,0],"ix":1},"s":{"a":0,"k":[100,100],"ix":3},"r":{"a":0,"k":0,"ix":6},"o":{"a":0,"k":100,"ix":7},"sk":{"a":0,"k":0,"ix":4},"sa":{"a":0,"k":0,"ix":5},"nm":"Transform"}],"nm":"Rectangle 1","np":3,"cix":2,"bm":0,"ix":1,"mn":"ADBE Vector Group","hd":false}],"ip":0,"op":120.0000048877,"st":0,"bm":0}]}],"layers":[{"ddd":0,"ind":1,"ty":4,"nm":"palm","sr":1,"ks":{"o":{"a":0,"k":100,"ix":11},"r":{"a":1,"k":[{"i":{"x":[0.833],"y":[0.833]},"o":{"x":[0.167],"y":[0.167]},"t":0,"s":[0]},{"i":{"x":[0.833],"y":[0.833]},"o":{"x":[0.167],"y":[0.167]},"t":49,"s":[7]},{"i":{"x":[0.833],"y":[0.833]},"o":{"x":[0.167],"y":[0.167]},"t":58,"s":[4]},{"i":{"x":[0.833],"y":[0.833]},"o":{"x":[0.167],"y":[0.167]},"t":99,"s":[-3]},{"t":119.000004846969,"s":[0]}],"ix":10},"p":{"a":0,"k":[-18,-33,0],"ix":2},"a":{"a":0,"k":[-86.398,-79.57,0],"ix":1},"s":{"a":0,"k":[100,100,100],"ix":6}},"ao":0,"ef":[{"ty":29,"nm":"Gaussian Blur","np":5,"mn":"ADBE Gaussian Blur 2","ix":1,"en":1,"ef":[{"ty":0,"nm":"Blurriness","mn":"ADBE Gaussian Blur 2-0001","ix":1,"v":{"a":0,"k":4,"ix":1}},{"ty":7,"nm":"Blur Dimensions","mn":"ADBE Gaussian Blur 2-0002","ix":2,"v":{"a":0,"k":1,"ix":2}},{"ty":7,"nm":"Repeat Edge Pixels","mn":"ADBE Gaussian Blur 2-0003","ix":3,"v":{"a":0,"k":0,"ix":3}}]}],"shapes":[{"ty":"gr","it":[{"ind":0,"ty":"sh","ix":1,"ks":{"a":0,"k":{"i":[[2.965,-0.131],[0.047,0],[1.822,0],[0.781,1.509],[0,0],[0,0],[-0.644,0.016],[-0.347,-1.098],[1.13,0.665],[0,0],[-0.031,0.131],[-1.058,4.499],[-1.44,3.562],[-0.456,0.035],[0.136,-0.936],[0.557,-1.81],[0.686,-2.371],[0.001,-1.855],[-0.047,-0.455],[-0.357,0.16],[-0.001,-0.101],[1.044,-3.356],[-0.006,-0.378],[-0.316,0.462],[-0.786,1.837],[-1.013,2.134],[-0.934,2.8],[-0.271,0.424],[-0.004,-0.285],[0.695,-3.137],[1.488,-4.764],[0.664,-2.538],[-0.204,-2.222],[-0.423,-0.132],[-0.093,0.159],[-0.298,0.614],[-2.343,3.933],[-0.449,2.286],[-0.213,1.029],[-0.619,1.113],[-0.272,0.227],[-0.038,-0.519],[0.528,-2.814],[0.981,-3.052],[0.861,-3.084],[-0.102,-2.969],[-0.355,-0.185],[-0.052,0.101],[-0.208,0.537],[-0.398,1.029],[-0.771,0.524],[0.017,-0.279],[0.41,-1.413],[0.454,-1.834],[-0.242,-1.478],[-0.448,-0.077],[-0.147,0.197],[-0.599,1.096],[-0.699,1.641],[-0.642,1.61],[-0.221,0.456],[0.148,-0.603],[0.382,-2.871],[-0.163,-1.897],[-0.43,-0.11],[-0.073,0.173],[-2.247,3.431],[-1.418,3.297],[-0.32,0.332],[0.104,-0.558],[0.296,-1.17],[1.11,-2.95],[0.765,-2.4],[-0.117,-2.867],[-0.311,-0.231],[-0.199,0.269],[-1.588,2.847],[-1.524,2.819],[-0.497,0.194],[0.066,-0.464],[1.821,-3.599],[0.763,-1.673],[0.392,-2.505],[0.226,-1.772],[1.499,-3.301],[-0.016,-0.276],[-0.582,0.522],[-0.888,1.68],[-0.839,1.81],[-1.675,3.624],[-0.566,0.358],[0.225,-0.785],[1.03,-3.528],[0.794,-2.994],[-0.162,-1.746],[-0.501,-0.083],[-0.159,0.195],[-2.035,4.601],[-0.951,2.221],[-1.639,2.579],[-0.694,0.923],[-0.218,0.119],[-0.044,-0.569],[0.677,-2.06],[0.922,-2.287],[2.728,-4.857],[1.243,-2.314],[0.643,-2.065],[-0.212,-2.336],[-0.066,-0.198],[-0.224,0.326],[-1.122,1.895],[-1.692,3.087],[-1.295,2.405],[-0.364,0.549],[0.193,-0.689],[0.6,-2.122],[0.34,-1.641],[-0.557,-1.856],[-0.167,-0.32],[-0.282,0.487],[-0.634,1.838],[-0.544,1.478],[-0.439,-0.097],[0.14,-0.882],[0.833,-2.219],[0.59,-1.795],[-0.195,-2.18],[-0.037,-0.222],[-0.205,0.213],[-0.67,1.549],[-0.765,1.844],[-1.186,2.806],[-0.441,-0.073],[-0.047,-1.1],[0.45,-2.229],[-0.025,-1.852],[-0.507,-0.242],[-0.65,2.735],[0.015,-0.434],[0.092,-3.152],[0.062,-3.521],[-0.296,-0.162],[-0.205,0.268],[-1.137,3.529],[-0.038,5.073],[0.387,3.343],[0.181,1.167],[-0.307,-1.107],[-0.487,-1.935],[-0.395,-4.419],[-0.087,-0.183],[-0.189,0.682],[0.744,4.562],[0.858,2.539],[0.695,2.203],[0.065,1.451],[-0.163,-0.291],[-0.635,-1.435],[-1.149,-2.764],[-0.519,-1.03],[-0.54,-0.837],[-0.244,-0.167],[0.121,0.706],[0.961,2.841],[-0.253,0.521],[-0.58,-0.863],[-0.916,-1.347],[-0.325,0.217],[0.245,1.338],[1.753,3.019],[1.782,2.279],[1.95,2.479],[1.828,3.137],[-0.218,0.454],[-0.101,-0.085],[-1.859,-1.702],[-2.834,-3.868],[-1.631,-2.322],[-0.449,-0.069],[-0.001,0.027],[0.034,0.254],[0.948,1.946],[3.179,3.95],[1.947,1.77],[0.09,0.126],[-0.244,0.351],[-0.983,-0.47],[-2.42,-2.39],[-1.181,-0.961],[-1.147,-0.415],[-0.372,-0.043],[0.183,0.297],[0.489,0.809],[-0.379,0.495],[-1.128,0.12],[0.149,0.201],[1.3,1.718],[2.177,1.922],[1.972,1.892],[1.721,1.771],[-0.268,0.314],[-2.836,-2.103],[-2.983,-2.243],[-1.537,-1.104],[-0.27,0.286],[0.04,0.083],[0.187,0.316],[2.654,2.049],[3.425,2.702],[0.439,0.724],[-0.269,-0.138],[-4.001,-2.097],[-1.999,-2.215],[-0.243,0.312],[0.219,0.349],[1.366,1.604],[3.947,2.731],[5.398,3.65],[2.016,1.334],[0.32,0.579],[-0.188,-0.058],[-1.424,-0.531],[-2.679,-1.775],[-2.41,-1.596],[-2.709,-1.607],[-1.936,-0.939],[-0.63,-0.098],[3.072,3.436],[-0.399,0.857],[-0.652,-0.321],[-0.232,-0.827],[-0.775,-1.078],[-0.295,0.212],[-0.324,1.018],[-0.664,0.303],[0.561,0.614],[0.057,0.5],[0.12,0.832],[0.387,3.021],[-0.178,2.097],[-0.113,0.253],[-0.099,-0.269],[-0.451,-1.507],[-0.54,-3.159],[-0.613,-2.821],[-0.525,-1.65],[-0.211,-0.296],[-0.009,0.141],[-0.113,2.025],[-0.108,-0.445],[-0.645,-2.546],[-1.074,-2.35],[-0.187,-0.284],[-0.112,0.017],[-0.125,6.163],[-0.093,-0.553],[-2.273,-6.184],[-0.43,-1.072],[-0.401,0.202],[-0.209,3.034],[-0.48,0.966],[-0.491,-1.987],[-0.352,-1.319],[-0.674,-2.374],[-0.488,-0.207],[-0.104,0.44],[-0.108,2.311],[0.304,4.141],[-0.011,0.166],[-0.02,-0.004],[0.03,-0.168],[-0.049,-0.275],[-0.616,-3.518],[-1.058,-4.125],[-1.319,-3.044],[-0.533,-0.078],[-0.315,0.596],[-0.236,1.946],[0.023,2.156],[-0.451,0.184],[-0.215,-1.282],[-0.218,-1.508],[-0.859,-1.887],[-0.353,0.074],[-0.003,0.034],[0.005,0.311],[-0.336,3.086],[-0.182,4.522],[-0.038,0.177],[-0.115,-0.499],[-0.482,-5.181],[-0.844,-4.338],[-0.558,-2.241],[-0.519,0.009],[-0.029,0.295],[-0.088,1.467],[-0.676,2.729],[-0.56,2.458],[-0.117,0.287],[-0.021,-0.087],[-1.143,-2.712],[-1.048,-4.293],[-1.011,-4.402],[-0.386,-0.643],[-0.131,0.259],[-0.04,1.971],[0.532,2.038],[0.735,2.576],[1.152,6.042],[-0.11,1.64],[-0.061,-0.181],[-1.742,-3.766],[-0.781,-2.622],[-0.925,-3.177],[-1.154,-2.711],[-0.638,-0.325],[0.042,0.248],[0.248,2.083],[0.861,4.229],[-0.059,1.535],[-0.431,0.117],[-0.136,-0.271],[-1.952,-4.074],[-1.649,-5.885],[-0.51,-2.037],[-0.552,-0.38],[0.129,1.031],[0.524,3.852],[0.267,1.393],[0.966,2.168],[0.519,1.319],[-0.333,0.583],[-0.426,-0.509],[-1.252,-2.258],[-0.871,-1.619],[-0.35,-0.381],[0.048,0.196],[3.354,5.609],[1.575,2.851],[1.02,1.837],[-0.312,0.292],[-0.507,-0.594],[-0.443,-0.587],[-0.478,-0.627],[-0.882,-0.62],[0.095,0.225],[5.09,5.787],[2.001,2.01],[2.647,2.48],[3.721,3.409],[3.591,1.899],[2.036,1.094],[0.893,0.64],[10.833,4.605],[9.476,1.596],[1.069,0.186]],"o":[[-0.045,0.002],[-1.73,0.003],[-0.788,-1.524],[0,0],[0,0],[0.589,-0.015],[0.432,0.772],[-0.791,-0.137],[0,0],[0.031,-0.131],[1.062,-4.498],[0.878,-3.735],[0.111,-0.273],[0.084,0.948],[-0.273,1.877],[-0.726,2.359],[-0.512,1.769],[0,0.341],[0.47,-0.211],[0.049,0.202],[0.018,3.48],[-0.064,0.207],[0.695,-0.353],[1.136,-1.658],[0.93,-2.172],[1.262,-2.658],[0.058,-0.174],[0.044,0.59],[0.049,3.225],[-1.08,4.877],[-0.783,2.505],[-0.561,2.143],[0.022,0.241],[0.106,-0.105],[0.345,-0.589],[1.995,-4.113],[1.192,-2],[0.202,-1.031],[0.256,-1.238],[0.101,-0.181],[0.116,0.681],[0.21,2.84],[-0.592,3.159],[-0.98,3.049],[-0.794,2.842],[0.008,0.237],[0.101,-0.053],[0.264,-0.512],[0.398,-1.028],[0.26,-0.673],[0.077,0.377],[-0.092,1.48],[-0.526,1.815],[-0.354,1.431],[0.04,0.242],[0.15,-0.126],[0.752,-1.009],[0.854,-1.562],[0.679,-1.594],[0.187,-0.469],[0.046,0.671],[-0.688,2.805],[-0.25,1.876],[0.02,0.232],[0.1,-0.137],[1.6,-3.796],[1.96,-2.993],[0.063,-0.146],[-0.072,0.863],[-0.221,1.187],[-0.777,3.063],[-0.887,2.359],[-0.867,2.719],[0.012,0.294],[0.484,0.095],[1.939,-2.624],[1.561,-2.798],[0.172,-0.318],[-0.091,0.576],[-0.562,3.987],[-0.83,1.64],[-1.052,2.305],[-0.276,1.764],[-0.453,3.548],[-0.065,0.143],[0.869,-0.345],[1.424,-1.278],[0.932,-1.763],[1.68,-3.622],[0.213,-0.46],[0.076,0.93],[-1.014,3.533],[-0.868,2.974],[-0.446,1.681],[0.029,0.307],[0.146,-0.142],[3.166,-3.886],[0.978,-2.21],[1.201,-2.805],[0.619,-0.974],[0.132,-0.176],[0.438,0.566],[0.169,2.178],[-0.77,2.343],[-2.088,5.177],[-1.287,2.291],[-1.02,1.9],[-0.695,2.233],[0.017,0.185],[0.57,-0.067],[1.25,-1.818],[1.793,-3.028],[1.313,-2.396],[0.188,-0.348],[0.218,0.979],[-0.595,2.123],[-0.457,1.616],[-0.386,1.866],[0.083,0.275],[0.603,-0.377],[0.98,-1.693],[0.514,-1.489],[0.087,-0.236],[0.049,0.869],[-0.373,2.346],[-0.664,1.77],[-0.679,2.065],[0.027,0.296],[0.512,0.236],[1.183,-1.228],[0.792,-1.831],[1.167,-2.814],[0.088,-0.207],[0,1.094],[0.097,2.271],[-0.363,1.8],[0.003,0.247],[2.033,-1.974],[0.552,0.391],[-0.107,3.152],[-0.103,3.52],[-0.004,0.237],[0.484,0.073],[2.257,-2.954],[1.562,-4.849],[0.025,-3.371],[-0.109,-0.944],[0.804,1.171],[0.534,1.922],[1.076,4.278],[0.012,0.138],[0.715,-0.697],[1.247,-4.489],[-0.433,-2.654],[-0.74,-2.189],[-0.362,-1.148],[0.406,0.417],[0.77,1.372],[1.211,2.737],[0.443,1.067],[0.447,0.887],[0.094,0.145],[0.195,-0.869],[-0.506,-2.958],[-0.105,-0.311],[0.643,0.968],[0.908,1.352],[0.159,0.234],[0.086,-1.346],[-0.632,-3.453],[-1.455,-2.505],[-1.943,-2.485],[-2.247,-2.855],[-0.169,-0.289],[0.142,0.05],[1.931,1.623],[3.538,3.24],[1.677,2.288],[0.224,0.319],[0.093,-0.058],[0.012,-0.259],[-0.289,-2.152],[-2.215,-4.546],[-1.652,-2.052],[-0.117,-0.106],[-0.094,-0.132],[0.966,0.498],[3.062,1.466],[1.082,1.069],[0.939,0.764],[0.173,0.062],[-0.248,-0.477],[-0.496,-0.805],[-0.273,-0.452],[0.999,-0.013],[-0.186,-0.32],[-1.285,-1.73],[-1.75,-2.312],[-2.049,-1.809],[-1.781,-1.709],[-0.161,-0.166],[3.242,1.407],[2.997,2.223],[1.512,1.137],[0.183,0.132],[-0.008,-0.108],[-0.161,-0.33],[-1.71,-2.886],[-3.452,-2.666],[-0.427,-0.337],[0.517,0.211],[4.023,2.055],[2.621,1.374],[0.136,0.151],[-0.187,-0.34],[-1.118,-1.785],[-3.123,-3.667],[-5.359,-3.708],[-2.003,-1.354],[-0.421,-0.279],[0.317,0.018],[1.455,0.446],[3.014,1.125],[2.41,1.596],[2.628,1.741],[1.845,1.095],[0.197,0.096],[-3.244,-3.736],[0.169,-0.8],[0.691,0.403],[0.76,0.374],[0.355,1.266],[0.167,0.233],[0.286,-1.029],[0.668,-0.084],[-0.427,-0.782],[-0.331,-0.362],[-0.096,-0.834],[-0.433,-3.016],[-0.268,-2.094],[0.012,-0.145],[0.209,0.314],[0.544,1.477],[0.921,3.077],[0.486,2.847],[0.367,1.687],[0.083,0.26],[0.135,-0.258],[0.12,-1.931],[0.325,0.417],[0.619,2.552],[0.633,2.497],[0.14,0.306],[0.112,-0.017],[0.417,-6.129],[0.223,0.54],[1.093,6.489],[0.398,1.084],[0.102,0.254],[0.221,-2.989],[0.429,-6.224],[0.865,1.905],[0.327,1.326],[0.637,2.385],[0.103,0.364],[0.395,-0.368],[0.533,-2.258],[0.194,-4.156],[0.011,-0.166],[0.02,0.004],[-0.03,0.164],[0.342,0.002],[0.632,3.516],[0.734,4.192],[0.823,3.21],[0.134,0.309],[0.488,-0.456],[0.921,-1.742],[0.26,-2.146],[-0.003,-0.272],[0.854,1.062],[0.252,1.502],[0.293,2.031],[0.104,0.229],[0.043,-0.038],[0.03,-0.31],[-0.052,-3.107],[0.489,-4.492],[0.007,-0.178],[0.32,0.484],[1.175,5.082],[0.408,4.395],[0.441,2.265],[0.065,0.26],[0.083,-0.275],[0.144,-1.463],[0.167,-2.779],[0.606,-2.446],[0.055,-0.243],[0.107,0.164],[0.68,2.874],[1.718,4.075],[1.071,4.387],[0.124,0.539],[0.271,-0.372],[0.895,-1.766],[0.043,-2.119],[-0.676,-2.591],[-1.686,-5.912],[-0.244,-1.277],[0.22,0.441],[1.326,3.944],[1.148,2.483],[0.945,3.171],[0.823,2.826],[0.194,0.456],[-0.058,-0.33],[-0.355,-2.07],[-0.509,-4.278],[-0.303,-1.49],[0.009,-0.228],[0.15,0.255],[2.029,4.037],[2.637,5.502],[0.566,2.021],[0.107,0.428],[0.094,-1.149],[-0.484,-3.858],[-0.191,-1.405],[-0.448,-2.332],[-0.577,-1.295],[-0.158,-0.402],[0.632,0.37],[1.658,1.98],[0.891,1.608],[0.098,0.183],[-0.101,-0.51],[-1.55,-6.306],[-1.67,-2.793],[-1.016,-1.839],[-0.074,-0.132],[0.534,0.586],[0.478,0.559],[0.475,0.629],[0.456,0.598],[-0.14,-0.509],[-2.973,-7.064],[-1.874,-2.13],[-2.559,-2.57],[-3.682,-3.451],[-3.002,-2.751],[-2.043,-1.081],[-0.969,-0.52],[-9.559,-6.849],[-8.83,-3.754],[-1.084,-0.183],[-2.71,-0.361]],"v":[[-51.543,-77.278],[-51.682,-77.228],[-56.963,-77.226],[-59.298,-81.742],[-86.726,-81.742],[-86.726,-77.921],[-84.89,-77.967],[-83.909,-75.14],[-86.726,-76.322],[-86.726,-39.856],[-86.632,-40.248],[-83.594,-53.776],[-80.139,-64.737],[-79.539,-65.397],[-79.644,-62.577],[-80.943,-57.061],[-83.105,-49.978],[-83.979,-44.548],[-83.867,-43.411],[-82.7,-43.934],[-82.604,-43.531],[-83.819,-33.24],[-83.814,-32.407],[-82.521,-33.733],[-79.838,-39.075],[-76.967,-45.555],[-73.448,-53.64],[-72.978,-54.385],[-72.894,-53.225],[-74.002,-43.695],[-78.06,-29.292],[-80.269,-21.734],[-80.84,-15.169],[-80.437,-14.497],[-80.066,-14.873],[-79.078,-16.668],[-72.701,-28.801],[-70.344,-35.29],[-69.718,-38.379],[-68.515,-41.948],[-67.912,-42.464],[-67.628,-40.751],[-67.979,-32.269],[-70.51,-23.005],[-73.344,-13.824],[-74.47,-5.1],[-74.198,-4.382],[-73.861,-4.569],[-73.133,-6.137],[-71.989,-9.242],[-70.71,-11.136],[-70.529,-10.192],[-71.474,-5.893],[-73.016,-0.436],[-73.271,3.943],[-72.812,4.564],[-72.282,4.109],[-70.089,1.039],[-67.826,-3.81],[-65.924,-8.649],[-65.265,-10.018],[-65.508,-8.14],[-67.368,0.32],[-67.626,5.979],[-67.223,6.623],[-66.899,6.172],[-60.894,-4.538],[-55.649,-13.87],[-55.101,-14.45],[-55.277,-12.451],[-56.032,-8.908],[-59.143,0.014],[-61.661,7.142],[-62.846,15.53],[-62.607,16.391],[-61.807,15.787],[-56.512,7.578],[-51.953,-0.886],[-51.202,-1.819],[-51.439,-0.316],[-54.983,11.066],[-57.348,16.05],[-59.561,23.26],[-60.256,28.573],[-62.721,38.954],[-62.695,39.58],[-60.653,38.199],[-57.185,33.738],[-54.573,28.353],[-49.572,17.47],[-48.677,16.111],[-49.065,18.634],[-52.18,29.212],[-54.724,38.15],[-55.154,43.312],[-54.61,44.032],[-54.104,43.535],[-46.112,30.921],[-43.231,24.269],[-39.087,16.131],[-37.077,13.308],[-36.445,12.949],[-35.985,14.675],[-36.778,21.05],[-39.296,28.01],[-46.813,42.919],[-50.637,49.81],[-53.148,55.753],[-53.952,62.595],[-53.772,63.156],[-52.767,62.373],[-49.071,56.883],[-43.915,47.668],[-40.044,40.443],[-39.245,39.23],[-39.292,41.604],[-41.113,47.963],[-42.431,52.825],[-42.274,58.443],[-41.844,59.284],[-40.724,57.878],[-38.503,52.498],[-36.894,48.056],[-36.269,47.649],[-36.424,50.277],[-38.32,57.096],[-40.228,62.437],[-41.022,68.808],[-40.891,69.619],[-39.981,69.334],[-37.275,65.106],[-35.006,59.565],[-31.473,51.137],[-30.891,50.692],[-30.883,53.989],[-31.435,60.726],[-32.119,66.191],[-31.662,66.968],[-28.239,59.619],[-27.87,60.959],[-28.232,70.414],[-28.448,80.975],[-28.229,81.67],[-27.416,81.054],[-22.402,71.286],[-20.222,56.372],[-20.895,46.31],[-21.363,43.263],[-19.895,46.645],[-18.411,52.444],[-15.747,65.394],[-15.539,65.845],[-14.552,63.71],[-14.052,50.113],[-16.224,42.386],[-18.377,35.797],[-18.898,32.004],[-18.021,32.921],[-15.794,37.083],[-12.339,45.372],[-10.97,48.555],[-9.41,51.103],[-8.865,51.488],[-8.98,49.202],[-11.233,40.518],[-11.304,39.368],[-9.509,42.067],[-6.774,46.116],[-6.078,46.267],[-6.484,42.236],[-10.24,32.592],[-15.157,25.457],[-21.02,18.031],[-27.089,9.012],[-27.362,7.993],[-26.959,8.14],[-21.191,13.036],[-11.666,23.742],[-6.783,30.716],[-5.992,31.555],[-5.824,31.446],[-5.812,30.67],[-7.646,24.5],[-15.609,11.668],[-21.088,6.008],[-21.43,5.683],[-21.554,5.119],[-18.649,6.612],[-10.428,12.377],[-6.98,15.376],[-3.849,17.172],[-3.105,17.263],[-3.679,16.167],[-5.189,13.764],[-5.299,12.337],[-2.546,13.225],[-2.988,12.473],[-6.857,7.293],[-12.743,0.943],[-18.799,-4.586],[-23.991,-9.871],[-24.154,-10.537],[-15.012,-5.306],[-6.085,1.45],[-1.498,4.792],[-0.826,4.899],[-0.853,4.595],[-1.371,3.622],[-7.962,-3.727],[-18.258,-11.806],[-19.582,-13.191],[-18.505,-12.747],[-6.447,-6.562],[0.574,-1.281],[1.122,-1.274],[0.535,-2.336],[-3.196,-7.415],[-13.878,-16.941],[-30.044,-27.933],[-36.097,-31.929],[-37.307,-33.021],[-36.588,-32.974],[-32.237,-31.596],[-23.721,-27.176],[-16.544,-22.31],[-8.593,-17.193],[-2.818,-14.315],[-1.739,-14.14],[-11.511,-24.314],[-10.881,-26.797],[-8.927,-25.67],[-7.513,-23.916],[-5.825,-20.376],[-5.148,-20.235],[-5.002,-23.389],[-3.233,-23.119],[-4.867,-25.064],[-5.481,-26.301],[-5.849,-28.795],[-7.132,-37.844],[-7.079,-44.14],[-6.846,-44.675],[-6.318,-43.867],[-4.748,-39.413],[-2.838,-29.999],[-1.255,-21.482],[0.24,-16.508],[0.771,-15.742],[1.041,-16.276],[1.378,-22.164],[1.912,-20.862],[3.789,-13.211],[6.244,-5.901],[6.799,-5.047],[7.134,-5.097],[8.05,-23.521],[8.511,-21.884],[13.432,-2.841],[14.69,0.388],[15.368,0.636],[16.034,-8.418],[17.181,-17.603],[19.211,-11.79],[20.209,-7.817],[22.168,-0.676],[22.777,0.369],[23.318,-0.915],[24.227,-7.782],[23.819,-20.222],[23.852,-20.721],[23.912,-20.71],[23.822,-20.213],[24.291,-19.7],[26.187,-9.153],[28.719,3.354],[31.871,12.757],[32.573,13.564],[33.704,11.916],[35.34,6.355],[35.59,-0.101],[35.896,-0.915],[37.206,2.718],[37.855,7.242],[39.366,13.176],[39.895,13.616],[40.004,13.515],[40.073,12.582],[40.609,3.301],[41.897,-10.193],[42.006,-10.724],[42.581,-9.247],[44.784,6.189],[46.4,19.326],[48.015,26.064],[48.636,26.686],[48.886,25.831],[49.264,21.438],[50.17,13.146],[51.839,5.771],[52.141,5.015],[52.349,5.339],[55.221,13.674],[59.403,26.218],[62.457,39.419],[63.016,41.164],[63.627,40.314],[64.965,34.69],[64.151,28.456],[61.994,20.715],[57.579,2.822],[57.164,-1.38],[57.554,-0.592],[62.429,10.856],[65.368,18.498],[68.149,28.027],[71.008,36.37],[71.894,37.724],[71.749,36.898],[70.704,30.685],[68.88,17.896],[68.387,13.36],[68.716,12.706],[69.17,13.486],[75.235,25.607],[81.819,42.638],[83.332,48.754],[83.936,50.072],[83.794,46.851],[82.288,35.285],[81.578,31.09],[79.391,24.361],[77.744,20.438],[77.644,19.015],[79.114,20.43],[83.498,26.778],[86.092,31.646],[86.726,32.346],[86.546,31.44],[79.488,13.466],[74.778,4.905],[71.692,-0.59],[71.66,-1.158],[73.243,0.585],[74.616,2.313],[76.006,4.227],[77.685,6.151],[77.411,5.169],[65.691,-14.341],[59.908,-20.589],[52.055,-28.121],[40.95,-38.411],[30.968,-45.267],[24.816,-48.468],[22.001,-50.196],[-8.501,-67.522],[-35.907,-75.722],[-39.142,-76.285]],"c":true},"ix":2},"nm":"Path 1","mn":"ADBE Vector Shape - Group","hd":false},{"ty":"fl","c":{"a":0,"k":[0.046742581386,0.122074142157,0.011016218335,1],"ix":4},"o":{"a":0,"k":100,"ix":5},"r":1,"bm":1,"nm":"Fill 1","mn":"ADBE Vector Graphic - Fill","hd":false},{"ty":"tr","p":{"a":0,"k":[0,0],"ix":2},"a":{"a":0,"k":[0,0],"ix":1},"s":{"a":0,"k":[100,100],"ix":3},"r":{"a":0,"k":0,"ix":6},"o":{"a":0,"k":100,"ix":7},"sk":{"a":0,"k":0,"ix":4},"sa":{"a":0,"k":0,"ix":5},"nm":"Transform"}],"nm":"Shape 1","np":3,"cix":2,"bm":0,"ix":1,"mn":"ADBE Vector Group","hd":false}],"ip":0,"op":120.0000048877,"st":0,"bm":0},{"ddd":0,"ind":2,"ty":0,"nm":"girl","refId":"comp_0","sr":1,"ks":{"o":{"a":0,"k":100,"ix":11},"r":{"a":0,"k":0,"ix":10},"p":{"a":0,"k":[161,210,0],"ix":2},"a":{"a":0,"k":[70,130,0],"ix":1},"s":{"a":0,"k":[100,100,100],"ix":6}},"ao":0,"w":140,"h":260,"ip":0,"op":120.0000048877,"st":0,"bm":0},{"ddd":0,"ind":3,"ty":4,"nm":"shadow","sr":1,"ks":{"o":{"a":0,"k":100,"ix":11},"r":{"a":0,"k":0,"ix":10},"p":{"a":0,"k":[320,210,0],"ix":2},"a":{"a":0,"k":[0,0,0],"ix":1},"s":{"a":0,"k":[100,100,100],"ix":6}},"ao":0,"shapes":[{"ty":"gr","it":[{"ind":0,"ty":"sh","ix":1,"ks":{"a":0,"k":{"i":[[5,-2],[5.5,-1],[7,-5],[6,-1.5],[-0.5,-4.5],[-11,3],[6,-1],[-18.5,3.5],[-15.433,5.686],[6.5,1.5],[-12.5,0.5]],"o":[[-5,2],[-5.5,1],[-2.962,2.116],[-6,1.5],[0.5,4.5],[11.105,-3.029],[-6,1],[18.5,-3.5],[9.5,-3.5],[-6.5,-1.5],[12.5,-0.5]],"v":[[-188.5,99],[-225.5,107],[-272.5,110],[-287,115],[-297.5,126],[-277,127.5],[-271.5,134],[-258.5,137],[-218.5,127],[-201.5,117.5],[-182.5,110]],"c":true},"ix":2},"nm":"Path 1","mn":"ADBE Vector Shape - Group","hd":false},{"ty":"fl","c":{"a":0,"k":[0.917647118662,0.780392216701,0.572549019608,1],"ix":4},"o":{"a":0,"k":100,"ix":5},"r":1,"bm":1,"nm":"Fill 1","mn":"ADBE Vector Graphic - Fill","hd":false},{"ty":"tr","p":{"a":0,"k":[0,0],"ix":2},"a":{"a":0,"k":[0,0],"ix":1},"s":{"a":0,"k":[100,100],"ix":3},"r":{"a":0,"k":0,"ix":6},"o":{"a":0,"k":100,"ix":7},"sk":{"a":0,"k":0,"ix":4},"sa":{"a":0,"k":0,"ix":5},"nm":"Transform"}],"nm":"Shape 1","np":3,"cix":2,"bm":0,"ix":1,"mn":"ADBE Vector Group","hd":false}],"ip":0,"op":120.0000048877,"st":0,"bm":0},{"ddd":0,"ind":4,"ty":0,"nm":"sea","refId":"comp_1","sr":1,"ks":{"o":{"a":0,"k":100,"ix":11},"r":{"a":0,"k":0,"ix":10},"p":{"a":0,"k":[300,264,0],"ix":2},"a":{"a":0,"k":[300,50,0],"ix":1},"s":{"a":0,"k":[100,100,100],"ix":6}},"ao":0,"w":600,"h":100,"ip":0,"op":120.0000048877,"st":0,"bm":0},{"ddd":0,"ind":5,"ty":0,"nm":"sand","refId":"comp_2","sr":1,"ks":{"o":{"a":0,"k":100,"ix":11},"r":{"a":0,"k":0,"ix":10},"p":{"a":0,"k":[300,200,0],"ix":2},"a":{"a":0,"k":[300,200,0],"ix":1},"s":{"a":0,"k":[100,100,100],"ix":6}},"ao":0,"w":600,"h":400,"ip":0,"op":120.0000048877,"st":0,"bm":0},{"ddd":0,"ind":6,"ty":0,"nm":"sky","refId":"comp_3","sr":1,"ks":{"o":{"a":0,"k":100,"ix":11},"r":{"a":0,"k":0,"ix":10},"p":{"a":0,"k":[300,110,0],"ix":2},"a":{"a":0,"k":[300,110,0],"ix":1},"s":{"a":0,"k":[100,100,100],"ix":6}},"ao":0,"w":600,"h":220,"ip":0,"op":120.0000048877,"st":0,"bm":0}],"markers":[]}