{
  "Carnival": {
    "urls": [
      {
        "tag": "old",
        "user_type": "non_pro",
        "content": "single",
        "watch_ad": "ad_free",
        "url": "https://toonifime.fra1.cdn.digitaloceanspaces.com/toonifime/faceswap_new/2025/imagic/imagic_new_images/aiCarnivalImagic/aiCarnivalWomenImagic/aiCarnivalWomenImagic_1.jpg"
      },
      {
        "tag": "old",
        "user_type": "non_pro",
        "content": "single",
        "watch_ad": "ad_free",
        "url": "https://toonifime.fra1.cdn.digitaloceanspaces.com/toonifime/faceswap_new/2025/imagic/imagic_new_images/aiCarnivalImagic/aiCarnivalWomenImagic/aiCarnivalWomenImagic_2.jpg"
      },
      {
        "tag": "old",
        "user_type": "non_pro",
        "content": "single",
        "watch_ad": "ad_free",
        "url": "https://toonifime.fra1.cdn.digitaloceanspaces.com/toonifime/faceswap_new/2025/imagic/imagic_new_images/aiCarnivalImagic/aiCarnivalWomenImagic/aiCarnivalWomenImagic_3.jpg"
      },
      {
        "tag": "old",
        "user_type": "non_pro",
        "content": "single",
        "watch_ad": "ad_free",
        "url": "https://toonifime.fra1.cdn.digitaloceanspaces.com/toonifime/faceswap_new/2025/imagic/imagic_new_images/aiCarnivalImagic/aiCarnivalWomenImagic/aiCarnivalWomenImagic_4.jpg"
      },
      {
        "tag": "old",
        "user_type": "non_pro",
        "content": "single",
        "watch_ad": "ad_free",
        "url": "https://toonifime.fra1.cdn.digitaloceanspaces.com/toonifime/faceswap_new/2025/imagic/imagic_new_images/aiCarnivalImagic/aiCarnivalWomenImagic/aiCarnivalWomenImagic_5.jpg"
      },
      {
        "tag": "old",
        "user_type": "non_pro",
        "content": "single",
        "watch_ad": "ad_free",
        "url": "https://toonifime.fra1.cdn.digitaloceanspaces.com/toonifime/faceswap_new/2025/imagic/imagic_new_images/aiCarnivalImagic/aiCarnivalWomenImagic/aiCarnivalWomenImagic_6.jpg"
      },
      {
        "tag": "old",
        "user_type": "non_pro",
        "content": "single",
        "watch_ad": "ad_free",
        "url": "https://toonifime.fra1.cdn.digitaloceanspaces.com/toonifime/faceswap_new/2025/imagic/imagic_new_images/aiCarnivalImagic/aiCarnivalWomenImagic/aiCarnivalWomenImagic_7.jpg"
      },
      {
        "tag": "old",
        "user_type": "non_pro",
        "content": "single",
        "watch_ad": "ad_free",
        "url": "https://toonifime.fra1.cdn.digitaloceanspaces.com/toonifime/faceswap_new/2025/imagic/imagic_new_images/aiCarnivalImagic/aiCarnivalWomenImagic/aiCarnivalWomenImagic_8.jpg"
      },
      {
        "tag": "old",
        "user_type": "non_pro",
        "content": "single",
        "watch_ad": "ad_free",
        "url": "https://toonifime.fra1.cdn.digitaloceanspaces.com/toonifime/faceswap_new/2025/imagic/imagic_new_images/aiCarnivalImagic/aiCarnivalWomenImagic/aiCarnivalWomenImagic_9.jpg"
      },
      {
        "tag": "old",
        "user_type": "non_pro",
        "content": "single",
        "watch_ad": "ad_free",
        "url": "https://toonifime.fra1.cdn.digitaloceanspaces.com/toonifime/faceswap_new/2025/imagic/imagic_new_images/aiCarnivalImagic/aiCarnivalWomenImagic/aiCarnivalWomenImagic_10.jpg"
      },
      {
        "tag": "old",
        "user_type": "non_pro",
        "content": "single",
        "watch_ad": "ad_free",
        "url": "https://toonifime.fra1.cdn.digitaloceanspaces.com/toonifime/faceswap_new/2025/imagic/imagic_new_images/aiCarnivalImagic/aiCarnivalWomenImagic/aiCarnivalWomenImagic_11.jpg"
      }
    ],
    "other_non_property": "https://d3unhj084yahk3.cloudfront.net/tabicons/suits_tabicon/africa.webp",
    "cat_name_localised": {
      "en": "Carnival",
      "hi": "कार्निवल",
      "pt": "Carnaval",
      "es": "Carnaval",
      "th": "คาร์นิวัล",
      "ar": "كرنفال",
      "zh": "嘉年华",
      "de": "Karneval",
      "in": "Karnaval",
      "ja": "カーニバル",
      "ko": "카니발",
      "vi": "Lễ hội hóa trang",
      "fr": "Carnaval",
      "it": "Carnevale",
      "zh-rTW": "嘉年華",
      "ru": "Карнавал",
      "fil": "Karnabal",
      "iw": "קרנבל",
      "da": "Karneval",
      "sv": "Karneval",
      "fi": "Karnevaali",
      "sk": "Karneval",
      "nl": "Carnaval",
      "no": "Karneval",
      "pl": "Karnawał",
      "ur": "کارنیوال",
      "bn": "কার্নিভাল",
      "ms": "Karnival",
      "tr": "Karnaval",
      "fa": "کارناوال"
    }
  },
  "Artdeco": {
    "urls": [
      {
        "tag": "old",
        "user_type": "non_pro",
        "content": "single",
        "watch_ad": "ad_free",
        "url": "https://toonifime.fra1.cdn.digitaloceanspaces.com/toonifime/faceswap_new/2025/imagic/imagic_new_images/artdecoImagic/artdecoWomenImagic/artdecoWomenImagic_1.jpg"
      },
      {
        "tag": "old",
        "user_type": "non_pro",
        "content": "single",
        "watch_ad": "ad_free",
        "url": "https://toonifime.fra1.cdn.digitaloceanspaces.com/toonifime/faceswap_new/2025/imagic/imagic_new_images/artdecoImagic/artdecoWomenImagic/artdecoWomenImagic_2.jpg"
      },
      {
        "tag": "old",
        "user_type": "non_pro",
        "content": "single",
        "watch_ad": "ad_free",
        "url": "https://toonifime.fra1.cdn.digitaloceanspaces.com/toonifime/faceswap_new/2025/imagic/imagic_new_images/artdecoImagic/artdecoWomenImagic/artdecoWomenImagic_3.jpg"
      },
      {
        "tag": "old",
        "user_type": "non_pro",
        "content": "single",
        "watch_ad": "ad_free",
        "url": "https://toonifime.fra1.cdn.digitaloceanspaces.com/toonifime/faceswap_new/2025/imagic/imagic_new_images/artdecoImagic/artdecoWomenImagic/artdecoWomenImagic_4.jpg"
      },
      {
        "tag": "old",
        "user_type": "non_pro",
        "content": "single",
        "watch_ad": "ad_free",
        "url": "https://toonifime.fra1.cdn.digitaloceanspaces.com/toonifime/faceswap_new/2025/imagic/imagic_new_images/artdecoImagic/artdecoWomenImagic/artdecoWomenImagic_5.jpg"
      },
      {
        "tag": "old",
        "user_type": "non_pro",
        "content": "single",
        "watch_ad": "ad_free",
        "url": "https://toonifime.fra1.cdn.digitaloceanspaces.com/toonifime/faceswap_new/2025/imagic/imagic_new_images/artdecoImagic/artdecoWomenImagic/artdecoWomenImagic_6.jpg"
      },
      {
        "tag": "old",
        "user_type": "non_pro",
        "content": "single",
        "watch_ad": "ad_free",
        "url": "https://toonifime.fra1.cdn.digitaloceanspaces.com/toonifime/faceswap_new/2025/imagic/imagic_new_images/artdecoImagic/artdecoWomenImagic/artdecoWomenImagic_7.jpg"
      },
      {
        "tag": "old",
        "user_type": "non_pro",
        "content": "single",
        "watch_ad": "ad_free",
        "url": "https://toonifime.fra1.cdn.digitaloceanspaces.com/toonifime/faceswap_new/2025/imagic/imagic_new_images/artdecoImagic/artdecoWomenImagic/artdecoWomenImagic_8.jpg"
      },
      {
        "tag": "old",
        "user_type": "non_pro",
        "content": "single",
        "watch_ad": "ad_free",
        "url": "https://toonifime.fra1.cdn.digitaloceanspaces.com/toonifime/faceswap_new/2025/imagic/imagic_new_images/artdecoImagic/artdecoWomenImagic/artdecoWomenImagic_9.jpg"
      },
      {
        "tag": "old",
        "user_type": "non_pro",
        "content": "single",
        "watch_ad": "ad_free",
        "url": "https://toonifime.fra1.cdn.digitaloceanspaces.com/toonifime/faceswap_new/2025/imagic/imagic_new_images/artdecoImagic/artdecoWomenImagic/artdecoWomenImagic_10.jpg"
      },
      {
        "tag": "old",
        "user_type": "non_pro",
        "content": "single",
        "watch_ad": "ad_free",
        "url": "https://toonifime.fra1.cdn.digitaloceanspaces.com/toonifime/faceswap_new/2025/imagic/imagic_new_images/artdecoImagic/artdecoWomenImagic/artdecoWomenImagic_11.jpg"
      },
      {
        "tag": "old",
        "user_type": "non_pro",
        "content": "single",
        "watch_ad": "ad_free",
        "url": "https://toonifime.fra1.cdn.digitaloceanspaces.com/toonifime/faceswap_new/2025/imagic/imagic_new_images/artdecoImagic/artdecoWomenImagic/artdecoWomenImagic_12.jpg"
      },
      {
        "tag": "old",
        "user_type": "non_pro",
        "content": "single",
        "watch_ad": "ad_free",
        "url": "https://toonifime.fra1.cdn.digitaloceanspaces.com/toonifime/faceswap_new/2025/imagic/imagic_new_images/artdecoImagic/artdecoWomenImagic/artdecoWomenImagic_13.jpg"
      },
      {
        "tag": "old",
        "user_type": "non_pro",
        "content": "single",
        "watch_ad": "ad_free",
        "url": "https://toonifime.fra1.cdn.digitaloceanspaces.com/toonifime/faceswap_new/2025/imagic/imagic_new_images/artdecoImagic/artdecoWomenImagic/artdecoWomenImagic_14.jpg"
      },
      {
        "tag": "old",
        "user_type": "non_pro",
        "content": "single",
        "watch_ad": "ad_free",
        "url": "https://toonifime.fra1.cdn.digitaloceanspaces.com/toonifime/faceswap_new/2025/imagic/imagic_new_images/artdecoImagic/artdecoWomenImagic/artdecoWomenImagic_15.jpg"
      },
      {
        "tag": "old",
        "user_type": "non_pro",
        "content": "single",
        "watch_ad": "ad_free",
        "url": "https://toonifime.fra1.cdn.digitaloceanspaces.com/toonifime/faceswap_new/2025/imagic/imagic_new_images/artdecoImagic/artdecoWomenImagic/artdecoWomenImagic_16.jpg"
      }
    ],
    "other_non_property": "https://d3unhj084yahk3.cloudfront.net/tabicons/suits_tabicon/africa.webp",
    "cat_name_localised": {
      "en": "Artdeco",
      "hi": "आर्टडेको",
      "pt": "Art déco",
      "es": "Art déco",
      "th": "อาร์ตเดโค",
      "ar": "آرت ديكو",
      "zh": "装饰艺术",
      "de": "Art déco",
      "in": "Artdeco",
      "ja": "アールデコ",
      "ko": "아르 데코",
      "vi": "Nghệ thuật trang trí",
      "fr": "Art déco",
      "it": "Art déco",
      "zh-rTW": "裝飾藝術",
      "ru": "Арт-деко",
      "fil": "Artdeco",
      "iw": "אר דקו",
      "da": "Art deco",
      "sv": "Art déco",
      "fi": "Art deco",
      "sk": "Art deco",
      "nl": "Art deco",
      "no": "Art deco",
      "pl": "Art déco",
      "ur": "آرٹ ڈیکو",
      "bn": "আর্টডেকো",
      "ms": "Artdeco",
      "tr": "Art Deco",
      "fa": "آرت دکو"
    }
  },
  "Artists": {
    "urls": [
      {
        "tag": "old",
        "user_type": "non_pro",
        "content": "single",
        "watch_ad": "ad_free",
        "url": "https://toonifime.fra1.cdn.digitaloceanspaces.com/toonifime/faceswap_new/2025/imagic/imagic_new_images/artistImagic/artistWomenImagic/artistWomenImagic_1.jpg"
      },
      {
        "tag": "old",
        "user_type": "non_pro",
        "content": "single",
        "watch_ad": "ad_free",
        "url": "https://toonifime.fra1.cdn.digitaloceanspaces.com/toonifime/faceswap_new/2025/imagic/imagic_new_images/artistImagic/artistWomenImagic/artistWomenImagic_2.jpg"
      },
      {
        "tag": "old",
        "user_type": "non_pro",
        "content": "single",
        "watch_ad": "ad_free",
        "url": "https://toonifime.fra1.cdn.digitaloceanspaces.com/toonifime/faceswap_new/2025/imagic/imagic_new_images/artistImagic/artistWomenImagic/artistWomenImagic_3.jpg"
      },
      {
        "tag": "old",
        "user_type": "non_pro",
        "content": "single",
        "watch_ad": "ad_free",
        "url": "https://toonifime.fra1.cdn.digitaloceanspaces.com/toonifime/faceswap_new/2025/imagic/imagic_new_images/artistImagic/artistWomenImagic/artistWomenImagic_4.jpg"
      },
      {
        "tag": "old",
        "user_type": "non_pro",
        "content": "single",
        "watch_ad": "ad_free",
        "url": "https://toonifime.fra1.cdn.digitaloceanspaces.com/toonifime/faceswap_new/2025/imagic/imagic_new_images/artistImagic/artistWomenImagic/artistWomenImagic_5.jpg"
      },
      {
        "tag": "old",
        "user_type": "non_pro",
        "content": "single",
        "watch_ad": "ad_free",
        "url": "https://toonifime.fra1.cdn.digitaloceanspaces.com/toonifime/faceswap_new/2025/imagic/imagic_new_images/artistImagic/artistWomenImagic/artistWomenImagic_6.jpg"
      },
      {
        "tag": "old",
        "user_type": "non_pro",
        "content": "single",
        "watch_ad": "ad_free",
        "url": "https://toonifime.fra1.cdn.digitaloceanspaces.com/toonifime/faceswap_new/2025/imagic/imagic_new_images/artistImagic/artistWomenImagic/artistWomenImagic_7.jpg"
      },
      {
        "tag": "old",
        "user_type": "non_pro",
        "content": "single",
        "watch_ad": "ad_free",
        "url": "https://toonifime.fra1.cdn.digitaloceanspaces.com/toonifime/faceswap_new/2025/imagic/imagic_new_images/artistImagic/artistWomenImagic/artistWomenImagic_8.jpg"
      },
      {
        "tag": "old",
        "user_type": "non_pro",
        "content": "single",
        "watch_ad": "ad_free",
        "url": "https://toonifime.fra1.cdn.digitaloceanspaces.com/toonifime/faceswap_new/2025/imagic/imagic_new_images/artistImagic/artistWomenImagic/artistWomenImagic_9.jpg"
      },
      {
        "tag": "old",
        "user_type": "non_pro",
        "content": "single",
        "watch_ad": "ad_free",
        "url": "https://toonifime.fra1.cdn.digitaloceanspaces.com/toonifime/faceswap_new/2025/imagic/imagic_new_images/artistImagic/artistWomenImagic/artistWomenImagic_10.jpg"
      },
      {
        "tag": "old",
        "user_type": "non_pro",
        "content": "single",
        "watch_ad": "ad_free",
        "url": "https://toonifime.fra1.cdn.digitaloceanspaces.com/toonifime/faceswap_new/2025/imagic/imagic_new_images/artistImagic/artistWomenImagic/artistWomenImagic_11.jpg"
      },
      {
        "tag": "old",
        "user_type": "non_pro",
        "content": "single",
        "watch_ad": "ad_free",
        "url": "https://toonifime.fra1.cdn.digitaloceanspaces.com/toonifime/faceswap_new/2025/imagic/imagic_new_images/artistImagic/artistWomenImagic/artistWomenImagic_12.jpg"
      },
      {
        "tag": "old",
        "user_type": "non_pro",
        "content": "single",
        "watch_ad": "ad_free",
        "url": "https://toonifime.fra1.cdn.digitaloceanspaces.com/toonifime/faceswap_new/2025/imagic/imagic_new_images/artistImagic/artistWomenImagic/artistWomenImagic_13.jpg"
      },
      {
        "tag": "old",
        "user_type": "non_pro",
        "content": "single",
        "watch_ad": "ad_free",
        "url": "https://toonifime.fra1.cdn.digitaloceanspaces.com/toonifime/faceswap_new/2025/imagic/imagic_new_images/artistImagic/artistWomenImagic/artistWomenImagic_14.jpg"
      },
      {
        "tag": "old",
        "user_type": "non_pro",
        "content": "single",
        "watch_ad": "ad_free",
        "url": "https://toonifime.fra1.cdn.digitaloceanspaces.com/toonifime/faceswap_new/2025/imagic/imagic_new_images/artistImagic/artistWomenImagic/artistWomenImagic_15.jpg"
      },
      {
        "tag": "old",
        "user_type": "non_pro",
        "content": "single",
        "watch_ad": "ad_free",
        "url": "https://toonifime.fra1.cdn.digitaloceanspaces.com/toonifime/faceswap_new/2025/imagic/imagic_new_images/artistImagic/artistWomenImagic/artistWomenImagic_16.jpg"
      }
    ],
    "other_non_property": "https://d3unhj084yahk3.cloudfront.net/tabicons/suits_tabicon/africa.webp",
    "cat_name_localised": {
      "en": "Artists",
      "hi": "कलाकार",
      "pt": "Artistas",
      "es": "Artistas",
      "th": "ศิลปิน",
      "ar": "فنانون",
      "zh": "艺术家",
      "de": "Künstler",
      "in": "Seniman",
      "ja": "アーティスト",
      "ko": "예술가",
      "vi": "Nghệ sĩ",
      "fr": "Artistes",
      "it": "Artisti",
      "zh-rTW": "藝術家",
      "ru": "Художники",
      "fil": "Mga Artista",
      "iw": "אמנים",
      "da": "Kunstnere",
      "sv": "Konstnärer",
      "fi": "Taiteilijat",
      "sk": "Umelec",
      "nl": "Artiesten",
      "no": "Kunstnere",
      "pl": "Artyści",
      "ur": "فنکار",
      "bn": "শিল্পী",
      "ms": "Artis",
      "tr": "Sanatçılar",
      "fa": "هنرمندان"
    }
  },
  "Birthday": {
    "urls": [
      {
        "tag": "old",
        "user_type": "non_pro",
        "content": "single",
        "watch_ad": "ad_free",
        "url": "https://toonifime.fra1.cdn.digitaloceanspaces.com/toonifime/faceswap_new/2025/imagic/imagic_new_images/birthdayImagic/birthdayWomenImagic/birthdayWomenImagic_1.jpg"
      },
      {
        "tag": "old",
        "user_type": "non_pro",
        "content": "single",
        "watch_ad": "ad_free",
        "url": "https://toonifime.fra1.cdn.digitaloceanspaces.com/toonifime/faceswap_new/2025/imagic/imagic_new_images/birthdayImagic/birthdayWomenImagic/birthdayWomenImagic_2.jpg"
      },
      {
        "tag": "old",
        "user_type": "non_pro",
        "content": "single",
        "watch_ad": "ad_free",
        "url": "https://toonifime.fra1.cdn.digitaloceanspaces.com/toonifime/faceswap_new/2025/imagic/imagic_new_images/birthdayImagic/birthdayWomenImagic/birthdayWomenImagic_3.jpg"
      },
      {
        "tag": "old",
        "user_type": "non_pro",
        "content": "single",
        "watch_ad": "ad_free",
        "url": "https://toonifime.fra1.cdn.digitaloceanspaces.com/toonifime/faceswap_new/2025/imagic/imagic_new_images/birthdayImagic/birthdayWomenImagic/birthdayWomenImagic_4.jpg"
      },
      {
        "tag": "old",
        "user_type": "non_pro",
        "content": "single",
        "watch_ad": "ad_free",
        "url": "https://toonifime.fra1.cdn.digitaloceanspaces.com/toonifime/faceswap_new/2025/imagic/imagic_new_images/birthdayImagic/birthdayWomenImagic/birthdayWomenImagic_5.jpg"
      },
      {
        "tag": "old",
        "user_type": "non_pro",
        "content": "single",
        "watch_ad": "ad_free",
        "url": "https://toonifime.fra1.cdn.digitaloceanspaces.com/toonifime/faceswap_new/2025/imagic/imagic_new_images/birthdayImagic/birthdayWomenImagic/birthdayWomenImagic_6.jpg"
      },
      {
        "tag": "old",
        "user_type": "non_pro",
        "content": "single",
        "watch_ad": "ad_free",
        "url": "https://toonifime.fra1.cdn.digitaloceanspaces.com/toonifime/faceswap_new/2025/imagic/imagic_new_images/birthdayImagic/birthdayWomenImagic/birthdayWomenImagic_7.jpg"
      },
      {
        "tag": "old",
        "user_type": "non_pro",
        "content": "single",
        "watch_ad": "ad_free",
        "url": "https://toonifime.fra1.cdn.digitaloceanspaces.com/toonifime/faceswap_new/2025/imagic/imagic_new_images/birthdayImagic/birthdayWomenImagic/birthdayWomenImagic_8.jpg"
      },
      {
        "tag": "old",
        "user_type": "non_pro",
        "content": "single",
        "watch_ad": "ad_free",
        "url": "https://toonifime.fra1.cdn.digitaloceanspaces.com/toonifime/faceswap_new/2025/imagic/imagic_new_images/birthdayImagic/birthdayWomenImagic/birthdayWomenImagic_9.jpg"
      },
      {
        "tag": "old",
        "user_type": "non_pro",
        "content": "single",
        "watch_ad": "ad_free",
        "url": "https://toonifime.fra1.cdn.digitaloceanspaces.com/toonifime/faceswap_new/2025/imagic/imagic_new_images/birthdayImagic/birthdayWomenImagic/birthdayWomenImagic_10.jpg"
      },
      {
        "tag": "old",
        "user_type": "non_pro",
        "content": "single",
        "watch_ad": "ad_free",
        "url": "https://toonifime.fra1.cdn.digitaloceanspaces.com/toonifime/faceswap_new/2025/imagic/imagic_new_images/birthdayImagic/birthdayWomenImagic/birthdayWomenImagic_11.jpg"
      },
      {
        "tag": "old",
        "user_type": "non_pro",
        "content": "single",
        "watch_ad": "ad_free",
        "url": "https://toonifime.fra1.cdn.digitaloceanspaces.com/toonifime/faceswap_new/2025/imagic/imagic_new_images/birthdayImagic/birthdayWomenImagic/birthdayWomenImagic_12.jpg"
      },
      {
        "tag": "old",
        "user_type": "non_pro",
        "content": "single",
        "watch_ad": "ad_free",
        "url": "https://toonifime.fra1.cdn.digitaloceanspaces.com/toonifime/faceswap_new/2025/imagic/imagic_new_images/birthdayImagic/birthdayWomenImagic/birthdayWomenImagic_13.jpg"
      },
      {
        "tag": "old",
        "user_type": "non_pro",
        "content": "single",
        "watch_ad": "ad_free",
        "url": "https://toonifime.fra1.cdn.digitaloceanspaces.com/toonifime/faceswap_new/2025/imagic/imagic_new_images/birthdayImagic/birthdayWomenImagic/birthdayWomenImagic_14.jpg"
      },
      {
        "tag": "old",
        "user_type": "non_pro",
        "content": "single",
        "watch_ad": "ad_free",
        "url": "https://toonifime.fra1.cdn.digitaloceanspaces.com/toonifime/faceswap_new/2025/imagic/imagic_new_images/birthdayImagic/birthdayWomenImagic/birthdayWomenImagic_15.jpg"
      },
      {
        "tag": "old",
        "user_type": "non_pro",
        "content": "single",
        "watch_ad": "ad_free",
        "url": "https://toonifime.fra1.cdn.digitaloceanspaces.com/toonifime/faceswap_new/2025/imagic/imagic_new_images/birthdayImagic/birthdayWomenImagic/birthdayWomenImagic_16.jpg"
      },
      {
        "tag": "old",
        "user_type": "non_pro",
        "content": "single",
        "watch_ad": "ad_free",
        "url": "https://toonifime.fra1.cdn.digitaloceanspaces.com/toonifime/faceswap_new/2025/imagic/imagic_new_images/birthdayImagic/birthdayWomenImagic/birthdayWomenImagic_17.jpg"
      },
      {
        "tag": "old",
        "user_type": "non_pro",
        "content": "single",
        "watch_ad": "ad_free",
        "url": "https://toonifime.fra1.cdn.digitaloceanspaces.com/toonifime/faceswap_new/2025/imagic/imagic_new_images/birthdayImagic/birthdayWomenImagic/birthdayWomenImagic_18.jpg"
      }
    ],
    "other_non_property": "https://d3unhj084yahk3.cloudfront.net/tabicons/suits_tabicon/africa.webp",
    "cat_name_localised": {
      "en": "Birthday",
      "hi": "जन्मदिन",
      "pt": "Aniversário",
      "es": "Cumpleaños",
      "th": "วันเกิด",
      "ar": "عيد ميلاد",
      "zh": "生日",
      "de": "Geburtstag",
      "in": "Ulang Tahun",
      "ja": "誕生日",
      "ko": "생일",
      "vi": "Sinh nhật",
      "fr": "Anniversaire",
      "it": "Compleanno",
      "zh-rTW": "生日",
      "ru": "День рождения",
      "fil": "Kaarawan",
      "iw": "יום הולדת",
      "da": "Fødselsdag",
      "sv": "Födelsedag",
      "fi": "Syntymäpäivä",
      "sk": "Narodeniny",
      "nl": "Verjaardag",
      "no": "Bursdag",
      "pl": "Urodziny",
      "ur": "سالگرہ",
      "bn": "জন্মদিন",
      "ms": "Hari Lahir",
      "tr": "Doğum Günü",
      "fa": "تولد"
    }
  },
  "Fashion": {
    "urls": [
      {
        "tag": "old",
        "user_type": "non_pro",
        "content": "single",
        "watch_ad": "ad_free",
        "url": "https://toonifime.fra1.cdn.digitaloceanspaces.com/toonifime/faceswap_new/2025/imagic/imagic_new_images/fashionImagic/fashionWomenImagic/fashionWomenImagic_1.jpg"
      },
      {
        "tag": "old",
        "user_type": "non_pro",
        "content": "single",
        "watch_ad": "ad_free",
        "url": "https://toonifime.fra1.cdn.digitaloceanspaces.com/toonifime/faceswap_new/2025/imagic/imagic_new_images/fashionImagic/fashionWomenImagic/fashionWomenImagic_2.jpg"
      },
      {
        "tag": "old",
        "user_type": "non_pro",
        "content": "single",
        "watch_ad": "ad_free",
        "url": "https://toonifime.fra1.cdn.digitaloceanspaces.com/toonifime/faceswap_new/2025/imagic/imagic_new_images/fashionImagic/fashionWomenImagic/fashionWomenImagic_3.jpg"
      },
      {
        "tag": "old",
        "user_type": "non_pro",
        "content": "single",
        "watch_ad": "ad_free",
        "url": "https://toonifime.fra1.cdn.digitaloceanspaces.com/toonifime/faceswap_new/2025/imagic/imagic_new_images/fashionImagic/fashionWomenImagic/fashionWomenImagic_4.jpg"
      },
      {
        "tag": "old",
        "user_type": "non_pro",
        "content": "single",
        "watch_ad": "ad_free",
        "url": "https://toonifime.fra1.cdn.digitaloceanspaces.com/toonifime/faceswap_new/2025/imagic/imagic_new_images/fashionImagic/fashionWomenImagic/fashionWomenImagic_5.jpg"
      },
      {
        "tag": "old",
        "user_type": "non_pro",
        "content": "single",
        "watch_ad": "ad_free",
        "url": "https://toonifime.fra1.cdn.digitaloceanspaces.com/toonifime/faceswap_new/2025/imagic/imagic_new_images/fashionImagic/fashionWomenImagic/fashionWomenImagic_6.jpg"
      },
      {
        "tag": "old",
        "user_type": "non_pro",
        "content": "single",
        "watch_ad": "ad_free",
        "url": "https://toonifime.fra1.cdn.digitaloceanspaces.com/toonifime/faceswap_new/2025/imagic/imagic_new_images/fashionImagic/fashionWomenImagic/fashionWomenImagic_7.jpg"
      },
      {
        "tag": "old",
        "user_type": "non_pro",
        "content": "single",
        "watch_ad": "ad_free",
        "url": "https://toonifime.fra1.cdn.digitaloceanspaces.com/toonifime/faceswap_new/2025/imagic/imagic_new_images/fashionImagic/fashionWomenImagic/fashionWomenImagic_8.jpg"
      },
      {
        "tag": "old",
        "user_type": "non_pro",
        "content": "single",
        "watch_ad": "ad_free",
        "url": "https://toonifime.fra1.cdn.digitaloceanspaces.com/toonifime/faceswap_new/2025/imagic/imagic_new_images/fashionImagic/fashionWomenImagic/fashionWomenImagic_9.jpg"
      },
      {
        "tag": "old",
        "user_type": "non_pro",
        "content": "single",
        "watch_ad": "ad_free",
        "url": "https://toonifime.fra1.cdn.digitaloceanspaces.com/toonifime/faceswap_new/2025/imagic/imagic_new_images/fashionImagic/fashionWomenImagic/fashionWomenImagic_10.jpg"
      }
    ],
    "other_non_property": "https://d3unhj084yahk3.cloudfront.net/tabicons/suits_tabicon/africa.webp",
    "cat_name_localised": {
      "en": "Fashion",
      "hi": "फैशन",
      "pt": "Moda",
      "es": "Moda",
      "th": "แฟชั่น",
      "ar": "موضة",
      "zh": "时尚",
      "de": "Mode",
      "in": "Fashion",
      "ja": "ファッション",
      "ko": "패션",
      "vi": "Thời trang",
      "fr": "Mode",
      "it": "Moda",
      "zh-rTW": "時尚",
      "ru": "Мода",
      "fil": "Moda",
      "iw": "אופנה",
      "da": "Mode",
      "sv": "Mode",
      "fi": "Muoti",
      "sk": "Móda",
      "nl": "Mode",
      "no": "Mote",
      "pl": "Moda",
      "ur": "فیشن",
      "bn": "ফ্যাশন",
      "ms": "Fesyen",
      "tr": "Moda",
      "fa": "مد"
    }
  },
  "Gym": {
    "urls": [
      {
        "tag": "old",
        "user_type": "non_pro",
        "content": "single",
        "watch_ad": "ad_free",
        "url": "https://toonifime.fra1.cdn.digitaloceanspaces.com/toonifime/faceswap_new/2025/imagic/imagic_new_images/gymImagic/gymWomenImagic/gymWomenImagic_1.jpg"
      },
      {
        "tag": "old",
        "user_type": "non_pro",
        "content": "single",
        "watch_ad": "ad_free",
        "url": "https://toonifime.fra1.cdn.digitaloceanspaces.com/toonifime/faceswap_new/2025/imagic/imagic_new_images/gymImagic/gymWomenImagic/gymWomenImagic_2.jpg"
      },
      {
        "tag": "old",
        "user_type": "non_pro",
        "content": "single",
        "watch_ad": "ad_free",
        "url": "https://toonifime.fra1.cdn.digitaloceanspaces.com/toonifime/faceswap_new/2025/imagic/imagic_new_images/gymImagic/gymWomenImagic/gymWomenImagic_3.jpg"
      },
      {
        "tag": "old",
        "user_type": "non_pro",
        "content": "single",
        "watch_ad": "ad_free",
        "url": "https://toonifime.fra1.cdn.digitaloceanspaces.com/toonifime/faceswap_new/2025/imagic/imagic_new_images/gymImagic/gymWomenImagic/gymWomenImagic_4.jpg"
      },
      {
        "tag": "old",
        "user_type": "non_pro",
        "content": "single",
        "watch_ad": "ad_free",
        "url": "https://toonifime.fra1.cdn.digitaloceanspaces.com/toonifime/faceswap_new/2025/imagic/imagic_new_images/gymImagic/gymWomenImagic/gymWomenImagic_5.jpg"
      },
      {
        "tag": "old",
        "user_type": "non_pro",
        "content": "single",
        "watch_ad": "ad_free",
        "url": "https://toonifime.fra1.cdn.digitaloceanspaces.com/toonifime/faceswap_new/2025/imagic/imagic_new_images/gymImagic/gymWomenImagic/gymWomenImagic_6.jpg"
      },
      {
        "tag": "old",
        "user_type": "non_pro",
        "content": "single",
        "watch_ad": "ad_free",
        "url": "https://toonifime.fra1.cdn.digitaloceanspaces.com/toonifime/faceswap_new/2025/imagic/imagic_new_images/gymImagic/gymWomenImagic/gymWomenImagic_7.jpg"
      },
      {
        "tag": "old",
        "user_type": "non_pro",
        "content": "single",
        "watch_ad": "ad_free",
        "url": "https://toonifime.fra1.cdn.digitaloceanspaces.com/toonifime/faceswap_new/2025/imagic/imagic_new_images/gymImagic/gymWomenImagic/gymWomenImagic_8.jpg"
      },
      {
        "tag": "old",
        "user_type": "non_pro",
        "content": "single",
        "watch_ad": "ad_free",
        "url": "https://toonifime.fra1.cdn.digitaloceanspaces.com/toonifime/faceswap_new/2025/imagic/imagic_new_images/gymImagic/gymWomenImagic/gymWomenImagic_9.jpg"
      },
      {
        "tag": "old",
        "user_type": "non_pro",
        "content": "single",
        "watch_ad": "ad_free",
        "url": "https://toonifime.fra1.cdn.digitaloceanspaces.com/toonifime/faceswap_new/2025/imagic/imagic_new_images/gymImagic/gymWomenImagic/gymWomenImagic_10.jpg"
      }
    ],
    "other_non_property": "https://d3unhj084yahk3.cloudfront.net/tabicons/suits_tabicon/africa.webp",
    "cat_name_localised": {
      "en": "Gym",
      "hi": "जिम",
      "pt": "Academia",
      "es": "Gimnasio",
      "th": "ยิม",
      "ar": "نادي رياضي",
      "zh": "健身房",
      "de": "Fitnessstudio",
      "in": "Gym",
      "ja": "ジム",
      "ko": "헬스장",
      "vi": "Phòng tập gym",
      "fr": "Salle de sport",
      "it": "Palestra",
      "zh-rTW": "健身房",
      "ru": "Тренажёрный зал",
      "fil": "Gym",
      "iw": "חדר כושר",
      "da": "Fitnesscenter",
      "sv": "Gym",
      "fi": "Kuntosali",
      "sk": "Posilňovňa",
      "nl": "Sportschool",
      "no": "Treningssenter",
      "pl": "Siłownia",
      "ur": "جم",
      "bn": "জিম",
      "ms": "Gim",
      "tr": "Spor Salonu",
      "fa": "باشگاه"
    }
  },
  "Ride": {
    "urls": [
      {
        "tag": "old",
        "user_type": "non_pro",
        "content": "single",
        "watch_ad": "ad_free",
        "url": "https://toonifime.fra1.cdn.digitaloceanspaces.com/toonifime/faceswap_new/2025/imagic/imagic_new_images/motorcycleImagic/motorcycleWomenImagic/motorcycleWomenImagic_1.jpg"
      },
      {
        "tag": "old",
        "user_type": "non_pro",
        "content": "single",
        "watch_ad": "ad_free",
        "url": "https://toonifime.fra1.cdn.digitaloceanspaces.com/toonifime/faceswap_new/2025/imagic/imagic_new_images/motorcycleImagic/motorcycleWomenImagic/motorcycleWomenImagic_2.jpg"
      },
      {
        "tag": "old",
        "user_type": "non_pro",
        "content": "single",
        "watch_ad": "ad_free",
        "url": "https://toonifime.fra1.cdn.digitaloceanspaces.com/toonifime/faceswap_new/2025/imagic/imagic_new_images/motorcycleImagic/motorcycleWomenImagic/motorcycleWomenImagic_3.jpg"
      },
      {
        "tag": "old",
        "user_type": "non_pro",
        "content": "single",
        "watch_ad": "ad_free",
        "url": "https://toonifime.fra1.cdn.digitaloceanspaces.com/toonifime/faceswap_new/2025/imagic/imagic_new_images/motorcycleImagic/motorcycleWomenImagic/motorcycleWomenImagic_4.jpg"
      },
      {
        "tag": "old",
        "user_type": "non_pro",
        "content": "single",
        "watch_ad": "ad_free",
        "url": "https://toonifime.fra1.cdn.digitaloceanspaces.com/toonifime/faceswap_new/2025/imagic/imagic_new_images/motorcycleImagic/motorcycleWomenImagic/motorcycleWomenImagic_5.jpg"
      },
      {
        "tag": "old",
        "user_type": "non_pro",
        "content": "single",
        "watch_ad": "ad_free",
        "url": "https://toonifime.fra1.cdn.digitaloceanspaces.com/toonifime/faceswap_new/2025/imagic/imagic_new_images/motorcycleImagic/motorcycleWomenImagic/motorcycleWomenImagic_6.jpg"
      },
      {
        "tag": "old",
        "user_type": "non_pro",
        "content": "single",
        "watch_ad": "ad_free",
        "url": "https://toonifime.fra1.cdn.digitaloceanspaces.com/toonifime/faceswap_new/2025/imagic/imagic_new_images/motorcycleImagic/motorcycleWomenImagic/motorcycleWomenImagic_7.jpg"
      },
      {
        "tag": "old",
        "user_type": "non_pro",
        "content": "single",
        "watch_ad": "ad_free",
        "url": "https://toonifime.fra1.cdn.digitaloceanspaces.com/toonifime/faceswap_new/2025/imagic/imagic_new_images/motorcycleImagic/motorcycleWomenImagic/motorcycleWomenImagic_8.jpg"
      },
      {
        "tag": "old",
        "user_type": "non_pro",
        "content": "single",
        "watch_ad": "ad_free",
        "url": "https://toonifime.fra1.cdn.digitaloceanspaces.com/toonifime/faceswap_new/2025/imagic/imagic_new_images/motorcycleImagic/motorcycleWomenImagic/motorcycleWomenImagic_9.jpg"
      },
      {
        "tag": "old",
        "user_type": "non_pro",
        "content": "single",
        "watch_ad": "ad_free",
        "url": "https://toonifime.fra1.cdn.digitaloceanspaces.com/toonifime/faceswap_new/2025/imagic/imagic_new_images/motorcycleImagic/motorcycleWomenImagic/motorcycleWomenImagic_10.jpg"
      }
    ],
    "other_non_property": "https://d3unhj084yahk3.cloudfront.net/tabicons/suits_tabicon/africa.webp",
    "cat_name_localised": {
      "en": "Ride",
      "hi": "सवारी",
      "pt": "Passeio",
      "es": "Paseo",
      "th": "ขี่",
      "ar": "ركوب",
      "zh": "骑行",
      "de": "Fahrt",
      "in": "Naik",
      "ja": "乗る",
      "ko": "타기",
      "vi": "Chuyến đi",
      "fr": "Balade",
      "it": "Giro",
      "zh-rTW": "騎乘",
      "ru": "Поездка",
      "fil": "Sakay",
      "iw": "נסיעה",
      "da": "Tur",
      "sv": "Åktur",
      "fi": "Kyyti",
      "sk": "Jazda",
      "nl": "Rit",
      "no": "Tur",
      "pl": "Przejażdżka",
      "ur": "سواری",
      "bn": "যাত্রা",
      "ms": "Tunggang",
      "tr": "Yolculuk",
      "fa": "سواری"
    }
  },
  "Earthscapes": {
    "urls": [
      {
        "tag": "old",
        "user_type": "non_pro",
        "content": "single",
        "watch_ad": "ad_free",
        "url": "https://toonifime.fra1.cdn.digitaloceanspaces.com/toonifime/faceswap_new/2025/imagic/imagic_new_images/natureImagic/natureWomenImagic/natureWomenImagic_1.jpg"
      },
      {
        "tag": "old",
        "user_type": "non_pro",
        "content": "single",
        "watch_ad": "ad_free",
        "url": "https://toonifime.fra1.cdn.digitaloceanspaces.com/toonifime/faceswap_new/2025/imagic/imagic_new_images/natureImagic/natureWomenImagic/natureWomenImagic_2.jpg"
      },
      {
        "tag": "old",
        "user_type": "non_pro",
        "content": "single",
        "watch_ad": "ad_free",
        "url": "https://toonifime.fra1.cdn.digitaloceanspaces.com/toonifime/faceswap_new/2025/imagic/imagic_new_images/natureImagic/natureWomenImagic/natureWomenImagic_3.jpg"
      },
      {
        "tag": "old",
        "user_type": "non_pro",
        "content": "single",
        "watch_ad": "ad_free",
        "url": "https://toonifime.fra1.cdn.digitaloceanspaces.com/toonifime/faceswap_new/2025/imagic/imagic_new_images/natureImagic/natureWomenImagic/natureWomenImagic_4.jpg"
      },
      {
        "tag": "old",
        "user_type": "non_pro",
        "content": "single",
        "watch_ad": "ad_free",
        "url": "https://toonifime.fra1.cdn.digitaloceanspaces.com/toonifime/faceswap_new/2025/imagic/imagic_new_images/natureImagic/natureWomenImagic/natureWomenImagic_5.jpg"
      },
      {
        "tag": "old",
        "user_type": "non_pro",
        "content": "single",
        "watch_ad": "ad_free",
        "url": "https://toonifime.fra1.cdn.digitaloceanspaces.com/toonifime/faceswap_new/2025/imagic/imagic_new_images/natureImagic/natureWomenImagic/natureWomenImagic_6.jpg"
      },
      {
        "tag": "old",
        "user_type": "non_pro",
        "content": "single",
        "watch_ad": "ad_free",
        "url": "https://toonifime.fra1.cdn.digitaloceanspaces.com/toonifime/faceswap_new/2025/imagic/imagic_new_images/natureImagic/natureWomenImagic/natureWomenImagic_7.jpg"
      },
      {
        "tag": "old",
        "user_type": "non_pro",
        "content": "single",
        "watch_ad": "ad_free",
        "url": "https://toonifime.fra1.cdn.digitaloceanspaces.com/toonifime/faceswap_new/2025/imagic/imagic_new_images/natureImagic/natureWomenImagic/natureWomenImagic_8.jpg"
      },
      {
        "tag": "old",
        "user_type": "non_pro",
        "content": "single",
        "watch_ad": "ad_free",
        "url": "https://toonifime.fra1.cdn.digitaloceanspaces.com/toonifime/faceswap_new/2025/imagic/imagic_new_images/natureImagic/natureWomenImagic/natureWomenImagic_9.jpg"
      },
      {
        "tag": "old",
        "user_type": "non_pro",
        "content": "single",
        "watch_ad": "ad_free",
        "url": "https://toonifime.fra1.cdn.digitaloceanspaces.com/toonifime/faceswap_new/2025/imagic/imagic_new_images/natureImagic/natureWomenImagic/natureWomenImagic_10.jpg"
      }
    ],
    "other_non_property": "https://d3unhj084yahk3.cloudfront.net/tabicons/suits_tabicon/africa.webp",
    "cat_name_localised": {
      "en": "Earthscapes",
      "hi": "पृथ्वीसंरूप",
      "pt": "Paisagens Terrestres",
      "es": "Paisajes Terrestres",
      "th": "ภูมิประเทศโลก",
      "ar": "مناظر طبيعية أرضية",
      "zh": "地景",
      "de": "Landschaften",
      "in": "Pemandangan Bumi",
      "ja": "地球の風景",
      "ko": "지구 풍경",
      "vi": "Phong cảnh Trái đất",
      "fr": "Paysages terrestres",
      "it": "Paesaggi terrestri",
      "zh-rTW": "地景",
      "ru": "Пейзажи Земли",
      "fil": "Tanawin ng Mundo",
      "iw": "נופי כדור הארץ",
      "da": "Jordlandskaber",
      "sv": "Jordlandskap",
      "fi": "Maanmaisemat",
      "sk": "Zemské scenérie",
      "nl": "Aardlandschappen",
      "no": "Jordlandskap",
      "pl": "Krajobrazy Ziemi",
      "ur": "زمین کے مناظر",
      "bn": "পৃথিবীর দৃশ্য",
      "ms": "Pemandangan Bumi",
      "tr": "Dünya Manzaraları",
      "fa": "مناظر زمین"
    }
  },
  "Pop Art": {
    "urls": [
      {
        "tag": "old",
        "user_type": "non_pro",
        "content": "single",
        "watch_ad": "ad_free",
        "url": "https://toonifime.fra1.cdn.digitaloceanspaces.com/toonifime/faceswap_new/2025/imagic/imagic_new_images/popartImagic/popartWomenImagic/popartWomenImagic_1.jpg"
      },
      {
        "tag": "old",
        "user_type": "non_pro",
        "content": "single",
        "watch_ad": "ad_free",
        "url": "https://toonifime.fra1.cdn.digitaloceanspaces.com/toonifime/faceswap_new/2025/imagic/imagic_new_images/popartImagic/popartWomenImagic/popartWomenImagic_2.jpg"
      },
      {
        "tag": "old",
        "user_type": "non_pro",
        "content": "single",
        "watch_ad": "ad_free",
        "url": "https://toonifime.fra1.cdn.digitaloceanspaces.com/toonifime/faceswap_new/2025/imagic/imagic_new_images/popartImagic/popartWomenImagic/popartWomenImagic_3.jpg"
      },
      {
        "tag": "old",
        "user_type": "non_pro",
        "content": "single",
        "watch_ad": "ad_free",
        "url": "https://toonifime.fra1.cdn.digitaloceanspaces.com/toonifime/faceswap_new/2025/imagic/imagic_new_images/popartImagic/popartWomenImagic/popartWomenImagic_4.jpg"
      },
      {
        "tag": "old",
        "user_type": "non_pro",
        "content": "single",
        "watch_ad": "ad_free",
        "url": "https://toonifime.fra1.cdn.digitaloceanspaces.com/toonifime/faceswap_new/2025/imagic/imagic_new_images/popartImagic/popartWomenImagic/popartWomenImagic_5.jpg"
      },
      {
        "tag": "old",
        "user_type": "non_pro",
        "content": "single",
        "watch_ad": "ad_free",
        "url": "https://toonifime.fra1.cdn.digitaloceanspaces.com/toonifime/faceswap_new/2025/imagic/imagic_new_images/popartImagic/popartWomenImagic/popartWomenImagic_6.jpg"
      },
      {
        "tag": "old",
        "user_type": "non_pro",
        "content": "single",
        "watch_ad": "ad_free",
        "url": "https://toonifime.fra1.cdn.digitaloceanspaces.com/toonifime/faceswap_new/2025/imagic/imagic_new_images/popartImagic/popartWomenImagic/popartWomenImagic_7.jpg"
      },
      {
        "tag": "old",
        "user_type": "non_pro",
        "content": "single",
        "watch_ad": "ad_free",
        "url": "https://toonifime.fra1.cdn.digitaloceanspaces.com/toonifime/faceswap_new/2025/imagic/imagic_new_images/popartImagic/popartWomenImagic/popartWomenImagic_8.jpg"
      },
      {
        "tag": "old",
        "user_type": "non_pro",
        "content": "single",
        "watch_ad": "ad_free",
        "url": "https://toonifime.fra1.cdn.digitaloceanspaces.com/toonifime/faceswap_new/2025/imagic/imagic_new_images/popartImagic/popartWomenImagic/popartWomenImagic_9.jpg"
      },
      {
        "tag": "old",
        "user_type": "non_pro",
        "content": "single",
        "watch_ad": "ad_free",
        "url": "https://toonifime.fra1.cdn.digitaloceanspaces.com/toonifime/faceswap_new/2025/imagic/imagic_new_images/popartImagic/popartWomenImagic/popartWomenImagic_10.jpg"
      },
      {
        "tag": "old",
        "user_type": "non_pro",
        "content": "single",
        "watch_ad": "ad_free",
        "url": "https://toonifime.fra1.cdn.digitaloceanspaces.com/toonifime/faceswap_new/2025/imagic/imagic_new_images/popartImagic/popartWomenImagic/popartWomenImagic_11.jpg"
      },
      {
        "tag": "old",
        "user_type": "non_pro",
        "content": "single",
        "watch_ad": "ad_free",
        "url": "https://toonifime.fra1.cdn.digitaloceanspaces.com/toonifime/faceswap_new/2025/imagic/imagic_new_images/popartImagic/popartWomenImagic/popartWomenImagic_12.jpg"
      },
      {
        "tag": "old",
        "user_type": "non_pro",
        "content": "single",
        "watch_ad": "ad_free",
        "url": "https://toonifime.fra1.cdn.digitaloceanspaces.com/toonifime/faceswap_new/2025/imagic/imagic_new_images/popartImagic/popartWomenImagic/popartWomenImagic_13.jpg"
      },
      {
        "tag": "old",
        "user_type": "non_pro",
        "content": "single",
        "watch_ad": "ad_free",
        "url": "https://toonifime.fra1.cdn.digitaloceanspaces.com/toonifime/faceswap_new/2025/imagic/imagic_new_images/popartImagic/popartWomenImagic/popartWomenImagic_14.jpg"
      },
      {
        "tag": "old",
        "user_type": "non_pro",
        "content": "single",
        "watch_ad": "ad_free",
        "url": "https://toonifime.fra1.cdn.digitaloceanspaces.com/toonifime/faceswap_new/2025/imagic/imagic_new_images/popartImagic/popartWomenImagic/popartWomenImagic_15.jpg"
      },
      {
        "tag": "old",
        "user_type": "non_pro",
        "content": "single",
        "watch_ad": "ad_free",
        "url": "https://toonifime.fra1.cdn.digitaloceanspaces.com/toonifime/faceswap_new/2025/imagic/imagic_new_images/popartImagic/popartWomenImagic/popartWomenImagic_16.jpg"
      },
      {
        "tag": "old",
        "user_type": "non_pro",
        "content": "single",
        "watch_ad": "ad_free",
        "url": "https://toonifime.fra1.cdn.digitaloceanspaces.com/toonifime/faceswap_new/2025/imagic/imagic_new_images/popartImagic/popartWomenImagic/popartWomenImagic_17.jpg"
      },
      {
        "tag": "old",
        "user_type": "non_pro",
        "content": "single",
        "watch_ad": "ad_free",
        "url": "https://toonifime.fra1.cdn.digitaloceanspaces.com/toonifime/faceswap_new/2025/imagic/imagic_new_images/popartImagic/popartWomenImagic/popartWomenImagic_18.jpg"
      },
      {
        "tag": "old",
        "user_type": "non_pro",
        "content": "single",
        "watch_ad": "ad_free",
        "url": "https://toonifime.fra1.cdn.digitaloceanspaces.com/toonifime/faceswap_new/2025/imagic/imagic_new_images/popartImagic/popartWomenImagic/popartWomenImagic_19.jpg"
      }
    ],
    "other_non_property": "https://d3unhj084yahk3.cloudfront.net/tabicons/suits_tabicon/africa.webp",
    "cat_name_localised": {
      "en": "Pop Art",
      "hi": "पॉप आर्ट",
      "pt": "Arte Pop",
      "es": "Arte Pop",
      "th": "ป๊อปอาร์ต",
      "ar": "فن البوب",
      "zh": "波普艺术",
      "de": "Pop-Art",
      "in": "Seni Pop",
      "ja": "ポップアート",
      "ko": "팝 아트",
      "vi": "Nghệ thuật Pop",
      "fr": "Art Pop",
      "it": "Arte Pop",
      "zh-rTW": "普普藝術",
      "ru": "Поп-арт",
      "fil": "Pop Art",
      "iw": "אמנות פופ",
      "da": "Popkunst",
      "sv": "Popkonst",
      "fi": "Pop-taide",
      "sk": "Pop Art",
      "nl": "Popart",
      "no": "Popkunst",
      "pl": "Sztuka pop",
      "ur": "پاپ آرٹ",
      "bn": "পপ আর্ট",
      "ms": "Seni Pop",
      "tr": "Pop Sanatı",
      "fa": "هنر پاپ"
    }
  },
  "The Look": {
    "urls": [
      {
        "tag": "old",
        "user_type": "non_pro",
        "content": "single",
        "watch_ad": "ad_free",
        "url": "https://toonifime.fra1.cdn.digitaloceanspaces.com/toonifime/faceswap_new/2025/imagic/imagic_new_images/portraitImagic/portraitWomenImagic/portraitWomenImagic_1.jpg"
      },
      {
        "tag": "old",
        "user_type": "non_pro",
        "content": "single",
        "watch_ad": "ad_free",
        "url": "https://toonifime.fra1.cdn.digitaloceanspaces.com/toonifime/faceswap_new/2025/imagic/imagic_new_images/portraitImagic/portraitWomenImagic/portraitWomenImagic_2.jpg"
      },
      {
        "tag": "old",
        "user_type": "non_pro",
        "content": "single",
        "watch_ad": "ad_free",
        "url": "https://toonifime.fra1.cdn.digitaloceanspaces.com/toonifime/faceswap_new/2025/imagic/imagic_new_images/portraitImagic/portraitWomenImagic/portraitWomenImagic_3.jpg"
      },
      {
        "tag": "old",
        "user_type": "non_pro",
        "content": "single",
        "watch_ad": "ad_free",
        "url": "https://toonifime.fra1.cdn.digitaloceanspaces.com/toonifime/faceswap_new/2025/imagic/imagic_new_images/portraitImagic/portraitWomenImagic/portraitWomenImagic_4.jpg"
      },
      {
        "tag": "old",
        "user_type": "non_pro",
        "content": "single",
        "watch_ad": "ad_free",
        "url": "https://toonifime.fra1.cdn.digitaloceanspaces.com/toonifime/faceswap_new/2025/imagic/imagic_new_images/portraitImagic/portraitWomenImagic/portraitWomenImagic_5.jpg"
      },
      {
        "tag": "old",
        "user_type": "non_pro",
        "content": "single",
        "watch_ad": "ad_free",
        "url": "https://toonifime.fra1.cdn.digitaloceanspaces.com/toonifime/faceswap_new/2025/imagic/imagic_new_images/portraitImagic/portraitWomenImagic/portraitWomenImagic_6.jpg"
      },
      {
        "tag": "old",
        "user_type": "non_pro",
        "content": "single",
        "watch_ad": "ad_free",
        "url": "https://toonifime.fra1.cdn.digitaloceanspaces.com/toonifime/faceswap_new/2025/imagic/imagic_new_images/portraitImagic/portraitWomenImagic/portraitWomenImagic_7.jpg"
      },
      {
        "tag": "old",
        "user_type": "non_pro",
        "content": "single",
        "watch_ad": "ad_free",
        "url": "https://toonifime.fra1.cdn.digitaloceanspaces.com/toonifime/faceswap_new/2025/imagic/imagic_new_images/portraitImagic/portraitWomenImagic/portraitWomenImagic_8.jpg"
      },
      {
        "tag": "old",
        "user_type": "non_pro",
        "content": "single",
        "watch_ad": "ad_free",
        "url": "https://toonifime.fra1.cdn.digitaloceanspaces.com/toonifime/faceswap_new/2025/imagic/imagic_new_images/portraitImagic/portraitWomenImagic/portraitWomenImagic_9.jpg"
      },
      {
        "tag": "old",
        "user_type": "non_pro",
        "content": "single",
        "watch_ad": "ad_free",
        "url": "https://toonifime.fra1.cdn.digitaloceanspaces.com/toonifime/faceswap_new/2025/imagic/imagic_new_images/portraitImagic/portraitWomenImagic/portraitWomenImagic_10.jpg"
      }
    ],
    "other_non_property": "https://d3unhj084yahk3.cloudfront.net/tabicons/suits_tabicon/africa.webp",
    "cat_name_localised": {
      "en": "The Look",
      "hi": "द लुक",
      "pt": "O Visual",
      "es": "La Mirada",
      "th": "ลุค",
      "ar": "المظهر",
      "zh": "造型",
      "de": "Der Look",
      "in": "Penampilan",
      "ja": "ザ・ルック",
      "ko": "더 룩",
      "vi": "Phong Cách",
      "fr": "Le Look",
      "it": "Lo Stile",
      "zh-rTW": "造型",
      "ru": "Внешний вид",
      "fil": "Ang Hitsura",
      "iw": "המראה",
      "da": "Udseendet",
      "sv": "Utseendet",
      "fi": "Ulkonäkö",
      "sk": "Vzhľad",
      "nl": "De Look",
      "no": "Utseendet",
      "pl": "Wygląd",
      "ur": "دی لک",
      "bn": "দ্য লুক",
      "ms": "Penampilan",
      "tr": "Görünüm",
      "fa": "ظاهر"
    }
  },
  "Executive Style": {
    "urls": [
      {
        "tag": "old",
        "user_type": "non_pro",
        "content": "single",
        "watch_ad": "ad_free",
        "url": "https://toonifime.fra1.cdn.digitaloceanspaces.com/toonifime/faceswap_new/2025/imagic/imagic_new_images/professionalImagic/professionalWomenImagic/professionalWomenImagic_1.jpg"
      },
      {
        "tag": "old",
        "user_type": "non_pro",
        "content": "single",
        "watch_ad": "ad_free",
        "url": "https://toonifime.fra1.cdn.digitaloceanspaces.com/toonifime/faceswap_new/2025/imagic/imagic_new_images/professionalImagic/professionalWomenImagic/professionalWomenImagic_2.jpg"
      },
      {
        "tag": "old",
        "user_type": "non_pro",
        "content": "single",
        "watch_ad": "ad_free",
        "url": "https://toonifime.fra1.cdn.digitaloceanspaces.com/toonifime/faceswap_new/2025/imagic/imagic_new_images/professionalImagic/professionalWomenImagic/professionalWomenImagic_3.jpg"
      },
      {
        "tag": "old",
        "user_type": "non_pro",
        "content": "single",
        "watch_ad": "ad_free",
        "url": "https://toonifime.fra1.cdn.digitaloceanspaces.com/toonifime/faceswap_new/2025/imagic/imagic_new_images/professionalImagic/professionalWomenImagic/professionalWomenImagic_4.jpg"
      },
      {
        "tag": "old",
        "user_type": "non_pro",
        "content": "single",
        "watch_ad": "ad_free",
        "url": "https://toonifime.fra1.cdn.digitaloceanspaces.com/toonifime/faceswap_new/2025/imagic/imagic_new_images/professionalImagic/professionalWomenImagic/professionalWomenImagic_5.jpg"
      },
      {
        "tag": "old",
        "user_type": "non_pro",
        "content": "single",
        "watch_ad": "ad_free",
        "url": "https://toonifime.fra1.cdn.digitaloceanspaces.com/toonifime/faceswap_new/2025/imagic/imagic_new_images/professionalImagic/professionalWomenImagic/professionalWomenImagic_6.jpg"
      },
      {
        "tag": "old",
        "user_type": "non_pro",
        "content": "single",
        "watch_ad": "ad_free",
        "url": "https://toonifime.fra1.cdn.digitaloceanspaces.com/toonifime/faceswap_new/2025/imagic/imagic_new_images/professionalImagic/professionalWomenImagic/professionalWomenImagic_7.jpg"
      },
      {
        "tag": "old",
        "user_type": "non_pro",
        "content": "single",
        "watch_ad": "ad_free",
        "url": "https://toonifime.fra1.cdn.digitaloceanspaces.com/toonifime/faceswap_new/2025/imagic/imagic_new_images/professionalImagic/professionalWomenImagic/professionalWomenImagic_8.jpg"
      },
      {
        "tag": "old",
        "user_type": "non_pro",
        "content": "single",
        "watch_ad": "ad_free",
        "url": "https://toonifime.fra1.cdn.digitaloceanspaces.com/toonifime/faceswap_new/2025/imagic/imagic_new_images/professionalImagic/professionalWomenImagic/professionalWomenImagic_9.jpg"
      },
      {
        "tag": "old",
        "user_type": "non_pro",
        "content": "single",
        "watch_ad": "ad_free",
        "url": "https://toonifime.fra1.cdn.digitaloceanspaces.com/toonifime/faceswap_new/2025/imagic/imagic_new_images/professionalImagic/professionalWomenImagic/professionalWomenImagic_10.jpg"
      },
      {
        "tag": "old",
        "user_type": "non_pro",
        "content": "single",
        "watch_ad": "ad_free",
        "url": "https://toonifime.fra1.cdn.digitaloceanspaces.com/toonifime/faceswap_new/2025/imagic/imagic_new_images/professionalImagic/professionalWomenImagic/professionalWomenImagic_11.jpg"
      },
      {
        "tag": "old",
        "user_type": "non_pro",
        "content": "single",
        "watch_ad": "ad_free",
        "url": "https://toonifime.fra1.cdn.digitaloceanspaces.com/toonifime/faceswap_new/2025/imagic/imagic_new_images/professionalImagic/professionalWomenImagic/professionalWomenImagic_12.jpg"
      },
      {
        "tag": "old",
        "user_type": "non_pro",
        "content": "single",
        "watch_ad": "ad_free",
        "url": "https://toonifime.fra1.cdn.digitaloceanspaces.com/toonifime/faceswap_new/2025/imagic/imagic_new_images/professionalImagic/professionalWomenImagic/professionalWomenImagic_13.jpg"
      }
    ],
    "other_non_property": "https://d3unhj084yahk3.cloudfront.net/tabicons/suits_tabicon/africa.webp",
    "cat_name_localised": {
      "en": "Executive Style",
      "hi": "कार्यकारी शैली",
      "pt": "Estilo Executivo",
      "es": "Estilo Ejecutivo",
      "th": "สไตล์ผู้บริหาร",
      "ar": "الأسلوب التنفيذي",
      "zh": "行政风格",
      "de": "Executive Stil",
      "in": "Gaya Eksekutif",
      "ja": "エグゼクティブスタイル",
      "ko": "임원 스타일",
      "vi": "Phong Cách Điều Hành",
      "fr": "Style Exécutif",
      "it": "Stile Esecutivo",
      "zh-rTW": "行政風格",
      "ru": "Исполнительный стиль",
      "fil": "Estilong Ehekutibo",
      "iw": "סגנון מנהלים",
      "da": "Executive Stil",
      "sv": "Exekutiv Stil",
      "fi": "Johtotyylinen",
      "sk": "Výkonný štýl",
      "nl": "Executive Stijl",
      "no": "Executive Stil",
      "pl": "Styl wykonawczy",
      "ur": "ایگزیکٹو اسٹائل",
      "bn": "এক্সিকিউটিভ স্টাইল",
      "ms": "Gaya Eksekutif",
      "tr": "Yönetici Tarzı",
      "fa": "سبک اجرایی"
    }
  },
  "Star Style": {
    "urls": [
      {
        "tag": "old",
        "user_type": "non_pro",
        "content": "single",
        "watch_ad": "ad_free",
        "url": "https://toonifime.fra1.cdn.digitaloceanspaces.com/toonifime/faceswap_new/2025/imagic/imagic_new_images/redCarpetImagic/redCarpetWomenImagic/redCarpetWomenImagic_1.jpg"
      },
      {
        "tag": "old",
        "user_type": "non_pro",
        "content": "single",
        "watch_ad": "ad_free",
        "url": "https://toonifime.fra1.cdn.digitaloceanspaces.com/toonifime/faceswap_new/2025/imagic/imagic_new_images/redCarpetImagic/redCarpetWomenImagic/redCarpetWomenImagic_2.jpg"
      },
      {
        "tag": "old",
        "user_type": "non_pro",
        "content": "single",
        "watch_ad": "ad_free",
        "url": "https://toonifime.fra1.cdn.digitaloceanspaces.com/toonifime/faceswap_new/2025/imagic/imagic_new_images/redCarpetImagic/redCarpetWomenImagic/redCarpetWomenImagic_3.jpg"
      },
      {
        "tag": "old",
        "user_type": "non_pro",
        "content": "single",
        "watch_ad": "ad_free",
        "url": "https://toonifime.fra1.cdn.digitaloceanspaces.com/toonifime/faceswap_new/2025/imagic/imagic_new_images/redCarpetImagic/redCarpetWomenImagic/redCarpetWomenImagic_4.jpg"
      },
      {
        "tag": "old",
        "user_type": "non_pro",
        "content": "single",
        "watch_ad": "ad_free",
        "url": "https://toonifime.fra1.cdn.digitaloceanspaces.com/toonifime/faceswap_new/2025/imagic/imagic_new_images/redCarpetImagic/redCarpetWomenImagic/redCarpetWomenImagic_5.jpg"
      },
      {
        "tag": "old",
        "user_type": "non_pro",
        "content": "single",
        "watch_ad": "ad_free",
        "url": "https://toonifime.fra1.cdn.digitaloceanspaces.com/toonifime/faceswap_new/2025/imagic/imagic_new_images/redCarpetImagic/redCarpetWomenImagic/redCarpetWomenImagic_6.jpg"
      },
      {
        "tag": "old",
        "user_type": "non_pro",
        "content": "single",
        "watch_ad": "ad_free",
        "url": "https://toonifime.fra1.cdn.digitaloceanspaces.com/toonifime/faceswap_new/2025/imagic/imagic_new_images/redCarpetImagic/redCarpetWomenImagic/redCarpetWomenImagic_7.jpg"
      },
      {
        "tag": "old",
        "user_type": "non_pro",
        "content": "single",
        "watch_ad": "ad_free",
        "url": "https://toonifime.fra1.cdn.digitaloceanspaces.com/toonifime/faceswap_new/2025/imagic/imagic_new_images/redCarpetImagic/redCarpetWomenImagic/redCarpetWomenImagic_8.jpg"
      },
      {
        "tag": "old",
        "user_type": "non_pro",
        "content": "single",
        "watch_ad": "ad_free",
        "url": "https://toonifime.fra1.cdn.digitaloceanspaces.com/toonifime/faceswap_new/2025/imagic/imagic_new_images/redCarpetImagic/redCarpetWomenImagic/redCarpetWomenImagic_9.jpg"
      },
      {
        "tag": "old",
        "user_type": "non_pro",
        "content": "single",
        "watch_ad": "ad_free",
        "url": "https://toonifime.fra1.cdn.digitaloceanspaces.com/toonifime/faceswap_new/2025/imagic/imagic_new_images/redCarpetImagic/redCarpetWomenImagic/redCarpetWomenImagic_10.jpg"
      }
    ],
    "other_non_property": "https://d3unhj084yahk3.cloudfront.net/tabicons/suits_tabicon/africa.webp",
    "cat_name_localised": {
      "en": "Star Style",
      "hi": "सितारा शैली",
      "pt": "Estilo Estrela",
      "es": "Estilo Estrella",
      "th": "สไตล์ดาว",
      "ar": "أسلوب النجوم",
      "zh": "明星风格",
      "de": "Stern Stil",
      "in": "Gaya Bintang",
      "ja": "スター スタイル",
      "ko": "스타 스타일",
      "vi": "Phong Cách Ngôi Sao",
      "fr": "Style Étoile",
      "it": "Stile Star",
      "zh-rTW": "明星風格",
      "ru": "Звёздный стиль",
      "fil": "Estilong Bituin",
      "iw": "סגנון כוכב",
      "da": "Stjerne Stil",
      "sv": "Stjärnstil",
      "fi": "Tähtityyli",
      "sk": "Hviezdny štýl",
      "nl": "Sterstijl",
      "no": "Stjernestil",
      "pl": "Styl Gwiazdy",
      "ur": "سٹار اسٹائل",
      "bn": "স্টার স্টাইল",
      "ms": "Gaya Bintang",
      "tr": "Yıldız Tarzı",
      "fa": "سبک ستاره"
    }
  },
  "Visuals": {
    "urls": [
      {
        "tag": "old",
        "user_type": "non_pro",
        "content": "single",
        "watch_ad": "ad_free",
        "url": "https://toonifime.fra1.cdn.digitaloceanspaces.com/toonifime/faceswap_new/2025/imagic/imagic_new_images/stillsImagic/stillsWomenImagic/stillsWomenImagic_1.jpg"
      },
      {
        "tag": "old",
        "user_type": "non_pro",
        "content": "single",
        "watch_ad": "ad_free",
        "url": "https://toonifime.fra1.cdn.digitaloceanspaces.com/toonifime/faceswap_new/2025/imagic/imagic_new_images/stillsImagic/stillsWomenImagic/stillsWomenImagic_2.jpg"
      },
      {
        "tag": "old",
        "user_type": "non_pro",
        "content": "single",
        "watch_ad": "ad_free",
        "url": "https://toonifime.fra1.cdn.digitaloceanspaces.com/toonifime/faceswap_new/2025/imagic/imagic_new_images/stillsImagic/stillsWomenImagic/stillsWomenImagic_3.jpg"
      },
      {
        "tag": "old",
        "user_type": "non_pro",
        "content": "single",
        "watch_ad": "ad_free",
        "url": "https://toonifime.fra1.cdn.digitaloceanspaces.com/toonifime/faceswap_new/2025/imagic/imagic_new_images/stillsImagic/stillsWomenImagic/stillsWomenImagic_4.jpg"
      },
      {
        "tag": "old",
        "user_type": "non_pro",
        "content": "single",
        "watch_ad": "ad_free",
        "url": "https://toonifime.fra1.cdn.digitaloceanspaces.com/toonifime/faceswap_new/2025/imagic/imagic_new_images/stillsImagic/stillsWomenImagic/stillsWomenImagic_5.jpg"
      },
      {
        "tag": "old",
        "user_type": "non_pro",
        "content": "single",
        "watch_ad": "ad_free",
        "url": "https://toonifime.fra1.cdn.digitaloceanspaces.com/toonifime/faceswap_new/2025/imagic/imagic_new_images/stillsImagic/stillsWomenImagic/stillsWomenImagic_6.jpg"
      },
      {
        "tag": "old",
        "user_type": "non_pro",
        "content": "single",
        "watch_ad": "ad_free",
        "url": "https://toonifime.fra1.cdn.digitaloceanspaces.com/toonifime/faceswap_new/2025/imagic/imagic_new_images/stillsImagic/stillsWomenImagic/stillsWomenImagic_7.jpg"
      },
      {
        "tag": "old",
        "user_type": "non_pro",
        "content": "single",
        "watch_ad": "ad_free",
        "url": "https://toonifime.fra1.cdn.digitaloceanspaces.com/toonifime/faceswap_new/2025/imagic/imagic_new_images/stillsImagic/stillsWomenImagic/stillsWomenImagic_8.jpg"
      },
      {
        "tag": "old",
        "user_type": "non_pro",
        "content": "single",
        "watch_ad": "ad_free",
        "url": "https://toonifime.fra1.cdn.digitaloceanspaces.com/toonifime/faceswap_new/2025/imagic/imagic_new_images/stillsImagic/stillsWomenImagic/stillsWomenImagic_9.jpg"
      },
      {
        "tag": "old",
        "user_type": "non_pro",
        "content": "single",
        "watch_ad": "ad_free",
        "url": "https://toonifime.fra1.cdn.digitaloceanspaces.com/toonifime/faceswap_new/2025/imagic/imagic_new_images/stillsImagic/stillsWomenImagic/stillsWomenImagic_10.jpg"
      }
    ],
    "other_non_property": "https://d3unhj084yahk3.cloudfront.net/tabicons/suits_tabicon/africa.webp",
    "cat_name_localised": {
      "en": "Visuals",
      "hi": "दृश्य",
      "pt": "Visuais",
      "es": "Visuales",
      "th": "ภาพ",
      "ar": "مرئيات",
      "zh": "视觉",
      "de": "Visuelles",
      "in": "Visuals",
      "ja": "ビジュアル",
      "ko": "비주얼",
      "vi": "Hình ảnh",
      "fr": "Visuels",
      "it": "Visuali",
      "zh-rTW": "視覺",
      "ru": "Визуалы",
      "fil": "Visuals",
      "iw": "ויזואליים",
      "da": "Visuelle",
      "sv": "Visuals",
      "fi": "Visuaalit",
      "sk": "Vizualizácie",
      "nl": "Beelden",
      "no": "Visuelle",
      "pl": "Wizualizacje",
      "ur": "مناظر",
      "bn": "ভিজ্যুয়ালস",
      "ms": "Visuals",
      "tr": "Görseller",
      "fa": "تصاویر"
    }
  },
  "Wonders": {
    "urls": [
      {
        "tag": "old",
        "user_type": "non_pro",
        "content": "single",
        "watch_ad": "ad_free",
        "url": "https://toonifime.fra1.cdn.digitaloceanspaces.com/toonifime/faceswap_new/2025/imagic/imagic_new_images/worldwondersImagic/worldwondersWomenImagic/worldwondersWomenImagic_1.jpg"
      },
      {
        "tag": "old",
        "user_type": "non_pro",
        "content": "single",
        "watch_ad": "ad_free",
        "url": "https://toonifime.fra1.cdn.digitaloceanspaces.com/toonifime/faceswap_new/2025/imagic/imagic_new_images/worldwondersImagic/worldwondersWomenImagic/worldwondersWomenImagic_2.jpg"
      },
      {
        "tag": "old",
        "user_type": "non_pro",
        "content": "single",
        "watch_ad": "ad_free",
        "url": "https://toonifime.fra1.cdn.digitaloceanspaces.com/toonifime/faceswap_new/2025/imagic/imagic_new_images/worldwondersImagic/worldwondersWomenImagic/worldwondersWomenImagic_3.jpg"
      },
      {
        "tag": "old",
        "user_type": "non_pro",
        "content": "single",
        "watch_ad": "ad_free",
        "url": "https://toonifime.fra1.cdn.digitaloceanspaces.com/toonifime/faceswap_new/2025/imagic/imagic_new_images/worldwondersImagic/worldwondersWomenImagic/worldwondersWomenImagic_4.jpg"
      },
      {
        "tag": "old",
        "user_type": "non_pro",
        "content": "single",
        "watch_ad": "ad_free",
        "url": "https://toonifime.fra1.cdn.digitaloceanspaces.com/toonifime/faceswap_new/2025/imagic/imagic_new_images/worldwondersImagic/worldwondersWomenImagic/worldwondersWomenImagic_5.jpg"
      },
      {
        "tag": "old",
        "user_type": "non_pro",
        "content": "single",
        "watch_ad": "ad_free",
        "url": "https://toonifime.fra1.cdn.digitaloceanspaces.com/toonifime/faceswap_new/2025/imagic/imagic_new_images/worldwondersImagic/worldwondersWomenImagic/worldwondersWomenImagic_6.jpg"
      },
      {
        "tag": "old",
        "user_type": "non_pro",
        "content": "single",
        "watch_ad": "ad_free",
        "url": "https://toonifime.fra1.cdn.digitaloceanspaces.com/toonifime/faceswap_new/2025/imagic/imagic_new_images/worldwondersImagic/worldwondersWomenImagic/worldwondersWomenImagic_7.jpg"
      },
      {
        "tag": "old",
        "user_type": "non_pro",
        "content": "single",
        "watch_ad": "ad_free",
        "url": "https://toonifime.fra1.cdn.digitaloceanspaces.com/toonifime/faceswap_new/2025/imagic/imagic_new_images/worldwondersImagic/worldwondersWomenImagic/worldwondersWomenImagic_8.jpg"
      },
      {
        "tag": "old",
        "user_type": "non_pro",
        "content": "single",
        "watch_ad": "ad_free",
        "url": "https://toonifime.fra1.cdn.digitaloceanspaces.com/toonifime/faceswap_new/2025/imagic/imagic_new_images/worldwondersImagic/worldwondersWomenImagic/worldwondersWomenImagic_9.jpg"
      },
      {
        "tag": "old",
        "user_type": "non_pro",
        "content": "single",
        "watch_ad": "ad_free",
        "url": "https://toonifime.fra1.cdn.digitaloceanspaces.com/toonifime/faceswap_new/2025/imagic/imagic_new_images/worldwondersImagic/worldwondersWomenImagic/worldwondersWomenImagic_10.jpg"
      },
      {
        "tag": "old",
        "user_type": "non_pro",
        "content": "single",
        "watch_ad": "ad_free",
        "url": "https://toonifime.fra1.cdn.digitaloceanspaces.com/toonifime/faceswap_new/2025/imagic/imagic_new_images/worldwondersImagic/worldwondersWomenImagic/worldwondersWomenImagic_11.jpg"
      },
      {
        "tag": "old",
        "user_type": "non_pro",
        "content": "single",
        "watch_ad": "ad_free",
        "url": "https://toonifime.fra1.cdn.digitaloceanspaces.com/toonifime/faceswap_new/2025/imagic/imagic_new_images/worldwondersImagic/worldwondersWomenImagic/worldwondersWomenImagic_12.jpg"
      },
      {
        "tag": "old",
        "user_type": "non_pro",
        "content": "single",
        "watch_ad": "ad_free",
        "url": "https://toonifime.fra1.cdn.digitaloceanspaces.com/toonifime/faceswap_new/2025/imagic/imagic_new_images/worldwondersImagic/worldwondersWomenImagic/worldwondersWomenImagic_13.jpg"
      },
      {
        "tag": "old",
        "user_type": "non_pro",
        "content": "single",
        "watch_ad": "ad_free",
        "url": "https://toonifime.fra1.cdn.digitaloceanspaces.com/toonifime/faceswap_new/2025/imagic/imagic_new_images/worldwondersImagic/worldwondersWomenImagic/worldwondersWomenImagic_14.jpg"
      },
      {
        "tag": "old",
        "user_type": "non_pro",
        "content": "single",
        "watch_ad": "ad_free",
        "url": "https://toonifime.fra1.cdn.digitaloceanspaces.com/toonifime/faceswap_new/2025/imagic/imagic_new_images/worldwondersImagic/worldwondersWomenImagic/worldwondersWomenImagic_15.jpg"
      }
    ],
    "other_non_property": "https://d3unhj084yahk3.cloudfront.net/tabicons/suits_tabicon/africa.webp",
    "cat_name_localised": {
      "en": "Wonders",
      "hi": "विचित्रता",
      "pt": "Maravilhas",
      "es": "Maravillas",
      "th": "สิ่งมหัศจรรย์",
      "ar": "عجائب",
      "zh": "奇观",
      "de": "Wunder",
      "in": "Keajaiban",
      "ja": "驚異",
      "ko": "경이로움",
      "vi": "Kỳ quan",
      "fr": "Merveilles",
      "it": "Meraviglie",
      "zh-rTW": "奇觀",
      "ru": "Чудеса",
      "fil": "Mga Kababalaghan",
      "iw": "פלאים",
      "da": "Vidundere",
      "sv": "Underverk",
      "fi": "Ihmeet",
      "sk": "Zázraky",
      "nl": "Wonderen",
      "no": "Underverker",
      "pl": "Cuda",
      "ur": "عجائبات",
      "bn": "অলৌকিক ঘটনা",
      "ms": "Keajaiban",
      "tr": "Harikalar",
      "fa": "شگفتی‌ها"
    }
  },
  "Wanderlust": {
    "urls": [
      {
        "tag": "old",
        "user_type": "non_pro",
        "content": "single",
        "watch_ad": "ad_free",
        "url": "https://toonifime.fra1.cdn.digitaloceanspaces.com/toonifime/faceswap_new/2025/imagic/imagic_new_images/vacationImagic/vacationWomenImagic/vacationWomenImagic_1.jpg"
      },
      {
        "tag": "old",
        "user_type": "non_pro",
        "content": "single",
        "watch_ad": "ad_free",
        "url": "https://toonifime.fra1.cdn.digitaloceanspaces.com/toonifime/faceswap_new/2025/imagic/imagic_new_images/vacationImagic/vacationWomenImagic/vacationWomenImagic_2.jpg"
      },
      {
        "tag": "old",
        "user_type": "non_pro",
        "content": "single",
        "watch_ad": "ad_free",
        "url": "https://toonifime.fra1.cdn.digitaloceanspaces.com/toonifime/faceswap_new/2025/imagic/imagic_new_images/vacationImagic/vacationWomenImagic/vacationWomenImagic_3.jpg"
      },
      {
        "tag": "old",
        "user_type": "non_pro",
        "content": "single",
        "watch_ad": "ad_free",
        "url": "https://toonifime.fra1.cdn.digitaloceanspaces.com/toonifime/faceswap_new/2025/imagic/imagic_new_images/vacationImagic/vacationWomenImagic/vacationWomenImagic_4.jpg"
      },
      {
        "tag": "old",
        "user_type": "non_pro",
        "content": "single",
        "watch_ad": "ad_free",
        "url": "https://toonifime.fra1.cdn.digitaloceanspaces.com/toonifime/faceswap_new/2025/imagic/imagic_new_images/vacationImagic/vacationWomenImagic/vacationWomenImagic_5.jpg"
      },
      {
        "tag": "old",
        "user_type": "non_pro",
        "content": "single",
        "watch_ad": "ad_free",
        "url": "https://toonifime.fra1.cdn.digitaloceanspaces.com/toonifime/faceswap_new/2025/imagic/imagic_new_images/vacationImagic/vacationWomenImagic/vacationWomenImagic_6.jpg"
      },
      {
        "tag": "old",
        "user_type": "non_pro",
        "content": "single",
        "watch_ad": "ad_free",
        "url": "https://toonifime.fra1.cdn.digitaloceanspaces.com/toonifime/faceswap_new/2025/imagic/imagic_new_images/vacationImagic/vacationWomenImagic/vacationWomenImagic_7.jpg"
      },
      {
        "tag": "old",
        "user_type": "non_pro",
        "content": "single",
        "watch_ad": "ad_free",
        "url": "https://toonifime.fra1.cdn.digitaloceanspaces.com/toonifime/faceswap_new/2025/imagic/imagic_new_images/vacationImagic/vacationWomenImagic/vacationWomenImagic_8.jpg"
      },
      {
        "tag": "old",
        "user_type": "non_pro",
        "content": "single",
        "watch_ad": "ad_free",
        "url": "https://toonifime.fra1.cdn.digitaloceanspaces.com/toonifime/faceswap_new/2025/imagic/imagic_new_images/vacationImagic/vacationWomenImagic/vacationWomenImagic_9.jpg"
      },
      {
        "tag": "old",
        "user_type": "non_pro",
        "content": "single",
        "watch_ad": "ad_free",
        "url": "https://toonifime.fra1.cdn.digitaloceanspaces.com/toonifime/faceswap_new/2025/imagic/imagic_new_images/vacationImagic/vacationWomenImagic/vacationWomenImagic_10.jpg"
      },
      {
        "tag": "old",
        "user_type": "non_pro",
        "content": "single",
        "watch_ad": "ad_free",
        "url": "https://toonifime.fra1.cdn.digitaloceanspaces.com/toonifime/faceswap_new/2025/imagic/imagic_new_images/vacationImagic/vacationWomenImagic/vacationWomenImagic_11.jpg"
      }
    ],
    "other_non_property": "https://d3unhj084yahk3.cloudfront.net/tabicons/suits_tabicon/africa.webp",
    "cat_name_localised": {
      "en": "Wanderlust",
      "hi": "यात्रा इच्छा",
      "pt": "Desejo de viajar",
      "es": "Ansia de viajar",
      "th": "ความปรารถนาเดินทาง",
      "ar": "حب السفر",
      "zh": "旅行癖",
      "de": "Fernweh",
      "in": "Rasa Ingin Bepergian",
      "ja": "旅行熱",
      "ko": "여행욕구",
      "vi": "Khát khao du lịch",
      "fr": "Envie de voyager",
      "it": "Voglia di viaggiare",
      "zh-rTW": "旅遊癖好",
      "ru": "Жажда путешествий",
      "fil": "Paglalakbay",
      "iw": "תשוקה לנדודים",
      "da": "Rejselyst",
      "sv": "Reslust",
      "fi": "Matkakuume",
      "sk": "Cestovateľská túžba",
      "nl": "Reislust",
      "no": "Reiselyst",
      "pl": "Żądza podróży",
      "ur": "سفر کی خواہش",
      "bn": "ভ্রমণের আকাঙ্ক্ষা",
      "ms": "Hasrat Mengembara",
      "tr": "Seyahat Tutkusu",
      "fa": "اشتیاق سفر"
    }
  }
}
