{
  "project_info": {
    "project_number": "610738217261",
    "firebase_url": "https://secretvault-291411.firebaseio.com",
    "project_id": "secretvault-291411",
    "storage_bucket": "secretvault-291411.appspot.com"
  },
  "client": [
    {
      "client_info": {
        "mobilesdk_app_id": "1:610738217261:android:932038690da5892efbb3a4",
        "android_client_info": {
          "package_name": "com.secretvault.file.privary"
        }
      },
      "oauth_client": [
        {
          "client_id": "610738217261-d9agqu3bsopprguce8otojpugbagguju.apps.googleusercontent.com",
          "client_type": 1,
          "android_info": {
            "package_name": "com.secretvault.file.privary",
            "certificate_hash": "18aa3ecac8fa9883d5d3242a9dff8e07b5b3e20c"
          }
        },
        {
          "client_id": "610738217261-57t2sn5fmuhefdt3nuqc5kj33ljhtdoo.apps.googleusercontent.com",
          "client_type": 3
        }
      ],
      "api_key": [
        {
          "current_key": "AIzaSyDlxKFHNVOzIVKdZ_cz0bnwm5T2rrdspTY"
        }
      ],
      "services": {
        "appinvite_service": {
          "other_platform_oauth_client": [
            {
              "client_id": "610738217261-57t2sn5fmuhefdt3nuqc5kj33ljhtdoo.apps.googleusercontent.com",
              "client_type": 3
            }
          ]
        }
      }
    }
  ],
  "configuration_version": "1"
}