{"nm":"newScene","mn":"","layers":[{"ty":4,"nm":"surface150291","mn":"","sr":1,"st":0,"op":264,"ip":0,"hd":false,"cl":"","ln":"","ddd":0,"bm":0,"hasMask":false,"ao":0,"ks":{"a":{"a":0,"k":[0,0]},"s":{"a":0,"k":[133.33,133.33]},"sk":{"a":0,"k":0},"p":{"a":0,"k":[0,0]},"r":{"a":0,"k":0},"sa":{"a":0,"k":0},"o":{"a":0,"k":100}},"ef":[],"shapes":[{"ty":"gr","bm":0,"cl":"","ln":"","hd":false,"mn":"","nm":"surface150291","np":0,"it":[{"ty":"gr","bm":0,"cl":"","ln":"","hd":false,"mn":"","nm":"","np":0,"it":[{"ty":"sh","bm":0,"cl":"","ln":"","hd":false,"mn":"","nm":"","d":1,"ks":{"a":0,"k":{"c":false,"i":[[0,0],[0,0],[0,0]],"o":[[0,0],[0,0],[0,0]],"v":[[96,48],[176,128],[96,208]]}}},{"ty":"st","bm":0,"cl":"","ln":"","hd":false,"mn":"","nm":"","lc":2,"lj":2,"ml":4,"o":{"a":0,"k":100},"w":{"a":0,"k":16},"d":[],"c":{"a":0,"k":[0.7451,0.749,0.7922]}},{"ty":"tr","a":{"a":0,"k":[0,0]},"s":{"a":0,"k":[56.25,56.25]},"sk":{"a":0,"k":0},"p":{"a":0,"k":[0,0]},"r":{"a":0,"k":0},"sa":{"a":0,"k":0},"o":{"a":0,"k":100}}]},{"ty":"tr","a":{"a":0,"k":[0,0]},"s":{"a":0,"k":[100,100]},"sk":{"a":0,"k":0},"p":{"a":0,"k":[0,0]},"r":{"a":0,"k":0},"sa":{"a":0,"k":0},"o":{"a":0,"k":100}}]},{"ty":"tm","bm":0,"cl":"","ln":"","hd":false,"mn":"","nm":"","ix":2,"e":{"a":1,"k":[{"o":{"x":0.5,"y":0},"i":{"x":0.27,"y":1},"s":[0],"t":0},{"o":{"x":0.167,"y":0.167},"i":{"x":0.833,"y":0.833},"s":[100],"t":66}],"ix":2},"o":{"a":0,"k":0,"ix":3},"s":{"a":0,"k":0,"ix":1},"m":1}],"ind":1}],"ddd":0,"h":192,"w":192,"meta":{"a":"","k":"","d":"","g":"LF SVG to Lottie","tc":"#000000"},"v":"5.6.6","fr":60,"op":160,"ip":0,"assets":[]}