{
  "Video Effects": {
    "AI Kiss": {
      "main_head": "AI Kiss",
      "type": "couplevideo",
      "effect_name": "kissing",
      "output_url": "https://toonifime.fra1.cdn.digitaloceanspaces.com/toonifime/faceswap_new/2025/visionaryVideos/kiss.webp",
      "name": {
        "en": "AI Kiss",
        "hi": "एआई चुंबन",
        "pt": "Beijo de IA",
        "es": "Beso de IA",
        "th": "จูบจาก AI",
        "ar": "قبلة الذكاء الاصطناعي",
        "zh": "AI之吻",
        "de": "KI-Kuss",
        "id": "Ciuman AI",
        "ja": "AIキス",
        "ko": "AI 키스",
        "vi": "Nụ hôn AI",
        "fr": "Baiser IA",
        "it": "Bacio IA",
        "zh-rTW": "AI之吻",
        "ru": "Поцелуй ИИ",
        "fil": "Halík ng AI",
        "he": "נשיקת בינה מלאכותית",
        "da": "AI-kys",
        "sv": "AI-kyss",
        "fi": "AI-suudelma",
        "sk": "Bozk AI",
        "nl": "AI Kus",
        "no": "AI Kyss",
        "pl": "Pocałunek AI",
        "ur": "اے آئی بوسہ",
        "bn": "এআই চুম্বন",
        "ms": "Ciuman AI",
        "tr": "Yapay Zeka Öpücüğü",
        "fa": "بوسه هوش مصنوعی"
      }
    },
    "AI Lion": {
      "main_head": "AI Lion",
      "type": "video",
      "sub_head": "AI Lion",
      "effect_name": "lion",
      "output_url": "https://imagic.fra1.cdn.digitaloceanspaces.com/iMagicNewVideos/lionWalk.webp",
      "name": {
        "en": "AI Lion",
        "hi": "एआई शेर",
        "pt": "Leão IA",
        "es": "León IA",
        "th": "AI สิงโต",
        "ar": "الأسد الذكي",
        "zh": "AI 狮子",
        "de": "KI-Löwe",
        "id": "Singa AI",
        "ja": "AIライオン",
        "ko": "AI 라이온",
        "vi": "Sư tử AI",
        "fr": "Lion IA",
        "it": "Leone AI",
        "zh-rTW": "AI 獅子",
        "ru": "ИИ Лев",
        "fil": "AI Leon",
        "he": "אריה בינה מלאכותית",
        "da": "AI Løve",
        "sv": "AI Lejon",
        "fi": "Tekoälyleijona",
        "sk": "AI Lev",
        "nl": "AI Leeuw",
        "no": "AI Løve",
        "pl": "Lew AI",
        "ur": "اے آئی شیر",
        "bn": "এআই সিংহ",
        "ms": "Singa AI",
        "tr": "YZ Aslan",
        "fa": "شیر هوش مصنوعی"
      }
    },
    "AI Walkie": {
      "main_head": "AI Walkie",
      "type": "video",
      "effect_name": "walkie",
      "output_url": "https://imagic.fra1.cdn.digitaloceanspaces.com/iMagicNewVideos/walk.webp",
      "name": {
        "en": "AI Walkie",
        "hi": "एआई वॉकी",
        "pt": "Walkie-Talkie de IA",
        "es": "Walkie-Talkie de IA",
        "th": "วอล์คกี้ทอล์คกี้ AI",
        "ar": "جهاز اتصال لاسلكي بالذكاء الاصطناعي",
        "zh": "AI 对讲机",
        "de": "KI-Walkie-Talkie",
        "id": "Walkie-Talkie AI",
        "ja": "AIウォーキートーキー",
        "ko": "AI 워키토키",
        "vi": "Máy bộ đàm AI",
        "fr": "Talkie-walkie IA",
        "it": "Walkie-Talkie AI",
        "zh-rTW": "AI 對講機",
        "ru": "ИИ рация",
        "fil": "AI Walkie-Talkie",
        "he": "ווקי טוקי בינה מלאכותית",
        "da": "AI Walkie-Talkie",
        "sv": "AI Walkie-Talkie",
        "fi": "AI-radiopuhelin",
        "sk": "AI vysielačka",
        "nl": "AI Walkie-Talkie",
        "no": "AI Walkie-Talkie",
        "pl": "Walkie-Talkie AI",
        "ur": "اے آئی واکی ٹاکی",
        "bn": "এআই ওয়াকি টাকি",
        "ms": "Walkie-Talkie AI",
        "tr": "Yapay Zeka Telsiz",
        "fa": "واکی تاکی هوش مصنوعی"
      }
    },
    "AI Gladiator": {
      "main_head": "AI Gladiator",
      "type": "video",
      "effect_name": "gladiator",
      "output_url": "https://pixellabs3ti92y4kcls.cdn.e2enetworks.net/66694bd2b0b9031c24fc9142/templates/1752361782647_005042a9-2b33-4c5a-a65f-fb8461da6c87.webp",
      "name": {
        "en": "AI Gladiator",
        "hi": "एआई ग्लेडिएटर",
        "pt": "Gladiador de IA",
        "es": "Gladiador de IA",
        "th": "AI แกลดิเอเตอร์",
        "ar": "مجالد الذكاء الاصطناعي",
        "zh": "AI角斗士",
        "de": "KI-Gladiator",
        "id": "Gladiator AI",
        "ja": "AIグラディエーター",
        "ko": "AI 글래디에이터",
        "vi": "Võ sĩ giác đấu AI",
        "fr": "Gladiateur IA",
        "it": "Gladiatore IA",
        "zh-rTW": "AI角鬥士",
        "ru": "ИИ Гладиатор",
        "fil": "Gladiator ng AI",
        "he": "גלדיאטור בינה מלאכותית",
        "da": "AI-Gladiator",
        "sv": "AI-Gladiator",
        "fi": "AI-Gladiatori",
        "sk": "AI gladiátor",
        "nl": "AI Gladiator",
        "no": "AI Gladiator",
        "pl": "Gladiator AI",
        "ur": "اے آئی گلیڈی ایٹر",
        "bn": "এআই গ্ল্যাডিয়েটর",
        "ms": "Gladiator AI",
        "tr": "Yapay Zeka Gladyatörü",
        "fa": "گلادیاتور هوش مصنوعی"
      }
    },
    "AI Baby Lion": {
      "main_head": "AI Baby Lion",
      "type": "video",
      "effect_name": "lionbaby",
      "output_url": "https://imagic.fra1.cdn.digitaloceanspaces.com/iMagicNewVideos/babyLion.webp",
      "name": {
        "en": "AI Baby Lion",
        "hi": "एआई बेबी शेर",
        "pt": "Filhote de Leão de IA",
        "es": "Bebé León de IA",
        "th": "ลูกสิงโต AI",
        "ar": "شبل الأسد بالذكاء الاصطناعي",
        "zh": "AI小狮子",
        "de": "KI-Baby-Löwe",
        "id": "Bayi Singa AI",
        "ja": "AI子ライオン",
        "ko": "AI 아기 사자",
        "vi": "Sư tử con AI",
        "fr": "Bébé Lion IA",
        "it": "Leoncino AI",
        "zh-rTW": "AI小獅子",
        "ru": "ИИ Львенок",
        "fil": "Sanggol na Leon ng AI",
        "he": "גור אריות בינה מלאכותית",
        "da": "AI-løveunge",
        "sv": "AI-lejonunge",
        "fi": "AI-leijonanpentu",
        "sk": "AI levíča",
        "nl": "AI Leeuwenwelp",
        "no": "AI Løveunge",
        "pl": "Lwiątko AI",
        "ur": "اے آئی شیر کا بچہ",
        "bn": "এআই সিংহ শাবক",
        "ms": "Anak Singa AI",
        "tr": "Yapay Zeka Aslan Yavrusu",
        "fa": "بچه شیر هوش مصنوعی"
      }
    },
    "AI Harley Quinn": {
      "main_head": "AI Harley Quinn",
      "type": "video",
      "effect_name": "harleyquinn",
      "output_url": "https://imagic.fra1.cdn.digitaloceanspaces.com/iMagicNewVideos/harleyQuinn.webp",
      "name": {
        "en": "AI Harley Quinn",
        "hi": "एआई हार्ले क्विन",
        "pt": "Arlequina de IA",
        "es": "Harley Quinn de IA",
        "th": "ฮาร์ลีย์ ควินน์ AI",
        "ar": "هارلي كوين الذكاء الاصطناعي",
        "zh": "AI哈莉·奎茵",
        "de": "KI-Harley Quinn",
        "id": "Harley Quinn AI",
        "ja": "AIハーレイ・クイン",
        "ko": "AI 할리 퀸",
        "vi": "Harley Quinn AI",
        "fr": "Harley Quinn IA",
        "it": "Harley Quinn IA",
        "zh-rTW": "AI哈莉·奎茵",
        "ru": "ИИ Харли Квинн",
        "fil": "Harley Quinn ng AI",
        "he": "הארלי קווין בינה מלאכותית",
        "da": "AI-Harley Quinn",
        "sv": "AI-Harley Quinn",
        "fi": "AI-Harley Quinn",
        "sk": "AI Harley Quinn",
        "nl": "AI Harley Quinn",
        "no": "AI Harley Quinn",
        "pl": "Harley Quinn AI",
        "ur": "اے آئی ہارلی کوئین",
        "bn": "এআই হার্লি কুইন",
        "ms": "Harley Quinn AI",
        "tr": "Yapay Zeka Harley Quinn",
        "fa": "هارلی کویین هوش مصنوعی"
      }
    },
    "AI Angel": {
      "main_head": "AI Angel",
      "type": "video",
      "effect_name": "angel",
      "output_url": "https://imagic.fra1.cdn.digitaloceanspaces.com/iMagicNewVideos/bikini.webp",
      "name": {
        "en": "AI Angel",
        "hi": "एआई देवदूत",
        "pt": "Anjo IA",
        "es": "Ángel IA",
        "th": "AI นางฟ้า",
        "ar": "الملاك الذكي",
        "zh": "AI 天使",
        "de": "KI-Engel",
        "id": "Malaikat AI",
        "ja": "AIエンジェル",
        "ko": "AI 엔젤",
        "vi": "Thiên thần AI",
        "fr": "Ange IA",
        "it": "Angelo AI",
        "zh-rTW": "AI 天使",
        "ru": "ИИ Ангел",
        "fil": "AI Anghel",
        "he": "מלאך בינה מלאכותית",
        "da": "AI Engel",
        "sv": "AI Ängel",
        "fi": "Tekoälyenkeli",
        "sk": "AI Anjel",
        "nl": "AI Engel",
        "no": "AI Engel",
        "pl": "Anioł AI",
        "ur": "اے آئی فرشتہ",
        "bn": "এআই দেবদূত",
        "ms": "Malaikat AI",
        "tr": "YZ Melek",
        "fa": "فرشته هوش مصنوعی"
      }
    },
    "AI Baby Elephant": {
      "main_head": "AI Baby Elephant",
      "type": "video",
      "effect_name": "babyelephant",
      "output_url": "https://imagic.fra1.cdn.digitaloceanspaces.com/iMagicNewVideos/babyElephant.webp",
      "name": {
        "en": "AI Baby Elephant",
        "hi": "एआई शिशु हाथी",
        "pt": "Bebê Elefante de IA",
        "es": "Bebé Elefante de IA",
        "th": "ลูกช้าง AI",
        "ar": "فيل رضيع بالذكاء الاصطناعي",
        "zh": "AI小象",
        "de": "KI-Babyelefant",
        "id": "Bayi Gajah AI",
        "ja": "AI子象",
        "ko": "AI 아기 코끼리",
        "vi": "Voi con AI",
        "fr": "Bébé Éléphant IA",
        "it": "Elefantino AI",
        "zh-rTW": "AI小象",
        "ru": "ИИ Слоненок",
        "fil": "Sanggol na Elepante ng AI",
        "he": "פילון בינה מלאכותית",
        "da": "AI-babyelefant",
        "sv": "AI-bebislefant",
        "fi": "AI-norsuvauva",
        "sk": "AI sloníča",
        "nl": "AI Babyelefant",
        "no": "AI Babyelefant",
        "pl": "Słoniątko AI",
        "ur": "اے آئی ہاتھی کا بچہ",
        "bn": "এআই হস্তিশাবক",
        "ms": "Gajah Bayi AI",
        "tr": "Yapay Zeka Bebek Fil",
        "fa": "بچه فیل هوش مصنوعی"
      }
    },
    "AI Long Hair": {
      "main_head": "AI Long Hair",
      "type": "video",
      "effect_name": "longhair",
      "output_url": "https://pixellabs3ti92y4kcls.cdn.e2enetworks.net/66694bd2b0b9031c24fc9142/templates/1752362052449_02d3800c-8339-4ea5-8085-7f5a6567369b.webp",
      "name": {
        "en": "AI Long Hair",
        "hi": "एआई लंबे बाल",
        "pt": "Cabelo Longo de IA",
        "es": "Pelo Largo de IA",
        "th": "ผมยาว AI",
        "ar": "شعر طويل بالذكاء الاصطناعي",
        "zh": "AI长发",
        "de": "KI-langes Haar",
        "id": "Rambut Panjang AI",
        "ja": "AIロングヘア",
        "ko": "AI 긴 머리",
        "vi": "Tóc dài AI",
        "fr": "Cheveux Longs IA",
        "it": "Capelli Lunghi IA",
        "zh-rTW": "AI長髮",
        "ru": "ИИ Длинные Волосы",
        "fil": "Mahabang Buhok ng AI",
        "he": "שיער ארוך בינה מלאכותית",
        "da": "AI-langt hår",
        "sv": "AI-långt hår",
        "fi": "AI-pitkät hiukset",
        "sk": "AI dlhé vlasy",
        "nl": "AI Lang Haar",
        "no": "AI Langt Hår",
        "pl": "Długie Włosy AI",
        "ur": "اے آئی لمبے بال",
        "bn": "এআই লম্বা চুল",
        "ms": "Rambut Panjang AI",
        "tr": "Yapay Zeka Uzun Saç",
        "fa": "موهای بلند هوش مصنوعی"
      }
    },
    "AI Hug": {
      "main_head": "AI Hug",
      "type": "couplevideo",
      "effect_name": "hug",
      "output_url": "https://toonifime.fra1.cdn.digitaloceanspaces.com/toonifime/faceswap_new/2025/visionaryVideos/hug.webp",
      "name": {
        "en": "AI Hug",
        "hi": "एआई आलिंगन",
        "pt": "Abraço de IA",
        "es": "Abrazo de IA",
        "th": "กอดจาก AI",
        "ar": "عناق الذكاء الاصطناعي",
        "zh": "AI拥抱",
        "de": "KI-Umarmung",
        "id": "Pelukan AI",
        "ja": "AIハグ",
        "ko": "AI 포옹",
        "vi": "Cái ôm AI",
        "fr": "Câlin IA",
        "it": "Abbraccio IA",
        "zh-rTW": "AI擁抱",
        "ru": "Объятие ИИ",
        "fil": "Yakap ng AI",
        "he": "חיבוק בינה מלאכותית",
        "da": "AI-kram",
        "sv": "AI-kram",
        "fi": "AI-halaus",
        "sk": "Objatie AI",
        "nl": "AI Knuffel",
        "no": "AI-klem",
        "pl": "Uścisk AI",
        "ur": "اے آئی گلے",
        "bn": "এআই আলিঙ্গন",
        "ms": "Pelukan AI",
        "tr": "Yapay Zeka Sarılması",
        "fa": "آغوش هوش مصنوعی"
      }
    },
    "AI Joker": {
      "main_head": "AI Joker",
      "type": "video",
      "effect_name": "joker",
      "output_url": "https://imagic.fra1.cdn.digitaloceanspaces.com/iMagicNewVideos/joker.webp",
      "name": {
        "en": "AI Joker",
        "hi": "एआई जोकर",
        "pt": "Coringa de IA",
        "es": "Guasón de IA",
        "th": "โจ๊กเกอร์ AI",
        "ar": "جوكر الذكاء الاصطناعي",
        "zh": "AI小丑",
        "de": "KI-Joker",
        "id": "Joker AI",
        "ja": "AIジョーカー",
        "ko": "AI 조커",
        "vi": "Joker AI",
        "fr": "Joker IA",
        "it": "Joker IA",
        "zh-rTW": "AI小丑",
        "ru": "ИИ Джокер",
        "fil": "Joker ng AI",
        "he": "ג'וקר בינה מלאכותית",
        "da": "AI-Joker",
        "sv": "AI-Joker",
        "fi": "AI-Jokeri",
        "sk": "AI žolík",
        "nl": "AI Joker",
        "no": "AI Joker",
        "pl": "Joker AI",
        "ur": "اے آئی جوکر",
        "bn": "এআই জোকার",
        "ms": "Joker AI",
        "tr": "Yapay Zeka Joker",
        "fa": "جوکر هوش مصنوعی"
      }
    },
    "AI Samurai": {
      "main_head": "AI Samurai",
      "type": "video",
      "effect_name": "samurai",
      "output_url": "https://imagic.fra1.cdn.digitaloceanspaces.com/iMagicNewVideos/samurai.webp",
      "name": {
        "en": "AI Samurai",
        "hi": "एआई समुराई",
        "pt": "Samurai de IA",
        "es": "Samurái de IA",
        "th": "AI ซามูไร",
        "ar": "ساموراي الذكاء الاصطناعي",
        "zh": "AI武士",
        "de": "KI-Samurai",
        "id": "Samurai AI",
        "ja": "AI侍",
        "ko": "AI 사무라이",
        "vi": "Samurai AI",
        "fr": "Samouraï IA",
        "it": "Samurai IA",
        "zh-rTW": "AI武士",
        "ru": "ИИ Самурай",
        "fil": "Samurai ng AI",
        "he": "סמוראי בינה מלאכותית",
        "da": "AI-Samurai",
        "sv": "AI-Samuraj",
        "fi": "AI-Samurai",
        "sk": "AI samuraj",
        "nl": "AI Samoerai",
        "no": "AI Samurai",
        "pl": "Samuraj AI",
        "ur": "اے آئی سمورائی",
        "bn": "এআই সামুরাই",
        "ms": "Samurai AI",
        "tr": "Yapay Zeka Samurayı",
        "fa": "سامورایی هوش مصنوعی"
      }
    },
    "AI Turtle": {
      "main_head": "AI Turtle",
      "type": "video",
      "effect_name": "turtle",
      "output_url": "https://imagic.fra1.cdn.digitaloceanspaces.com/iMagicNewVideos/tortoise.webp",
      "name": {
        "en": "AI Turtle",
        "hi": "एआई कछुआ",
        "pt": "Tartaruga de IA",
        "es": "Tortuga de IA",
        "th": "เต่า AI",
        "ar": "سلحفاة الذكاء الاصطناعي",
        "zh": "AI海龟",
        "de": "KI-Schildkröte",
        "id": "Penyu AI",
        "ja": "AIタートル",
        "ko": "AI 거북이",
        "vi": "Rùa AI",
        "fr": "Tortue IA",
        "it": "Tartaruga IA",
        "zh-rTW": "AI海龜",
        "ru": "ИИ Черепаха",
        "fil": "Pagong ng AI",
        "he": "צב בינה מלאכותית",
        "da": "AI-skildpadde",
        "sv": "AI-sköldpadda",
        "fi": "AI-kilpikonna",
        "sk": "AI korytnačka",
        "nl": "AI Schildpad",
        "no": "AI Skilpadde",
        "pl": "Żółw AI",
        "ur": "اے آئی کچھوا",
        "bn": "এআই কচ্ছপ",
        "ms": "Penyu AI",
        "tr": "Yapay Zeka Kaplumbağası",
        "fa": "لاک پشت هوش مصنوعی"
      }
    },
    "AI Doll": {
      "main_head": "AI Doll",
      "type": "video",
      "effect_name": "doll",
      "output_url": "https://imagic.fra1.cdn.digitaloceanspaces.com/iMagicNewVideos/doll.webp",
      "name": {
        "en": "AI Doll",
        "hi": "एआई गुड़िया",
        "pt": "Boneca de IA",
        "es": "Muñeca de IA",
        "th": "ตุ๊กตา AI",
        "ar": "دمية الذكاء الاصطناعي",
        "zh": "AI娃娃",
        "de": "KI-Puppe",
        "id": "Boneka AI",
        "ja": "AIドール",
        "ko": "AI 인형",
        "vi": "Búp bê AI",
        "fr": "Poupée IA",
        "it": "Bambola IA",
        "zh-rTW": "AI娃娃",
        "ru": "ИИ Кукла",
        "fil": "Manika ng AI",
        "he": "בובת בינה מלאכותית",
        "da": "AI-dukke",
        "sv": "AI-docka",
        "fi": "AI-nukke",
        "sk": "AI bábika",
        "nl": "AI Pop",
        "no": "AI Dukke",
        "pl": "Lalka AI",
        "ur": "اے آئی گڑیا",
        "bn": "এআই পুতুল",
        "ms": "Anak Patung AI",
        "tr": "Yapay Zeka Bebek",
        "fa": "عروسک هوش مصنوعی"
      }
    },
    "AI Pirate": {
      "main_head": "AI Pirate",
      "type": "video",
      "effect_name": "pirate",
      "output_url": "https://imagic.fra1.cdn.digitaloceanspaces.com/iMagicNewVideos/pirate.webp",
      "name": {
        "en": "AI Pirate",
        "hi": "एआई समुद्री डाकू",
        "pt": "Pirata de IA",
        "es": "Pirata de IA",
        "th": "โจรสลัด AI",
        "ar": "قرصان الذكاء الاصطناعي",
        "zh": "AI海盗",
        "de": "KI-Pirat",
        "id": "Bajak Laut AI",
        "ja": "AIパイレーツ",
        "ko": "AI 해적",
        "vi": "Cướp biển AI",
        "fr": "Pirate IA",
        "it": "Pirata IA",
        "zh-rTW": "AI海盜",
        "ru": "ИИ Пират",
        "fil": "Pirata ng AI",
        "he": "פיראט בינה מלאכותית",
        "da": "AI-pirat",
        "sv": "AI-pirat",
        "fi": "AI-merirosvo",
        "sk": "AI pirát",
        "nl": "AI Piraat",
        "no": "AI Pirat",
        "pl": "Pirat AI",
        "ur": "اے آئی قزاق",
        "bn": "এআই জলদস্যু",
        "ms": "Lanun AI",
        "tr": "Yapay Zeka Korsan",
        "fa": "دزد دریایی هوش مصنوعی"
      }
    },
    "AI Batman": {
      "main_head": "AI Batman",
      "type": "video",
      "effect_name": "batman",
      "output_url": "https://pixellabs3ti92y4kcls.cdn.e2enetworks.net/66694bd2b0b9031c24fc9142/templates/1752362615455_314ddc44-b98c-4e8e-8fc3-538dd432d805.webp",
      "name": {
        "en": "AI Batman",
        "hi": "एआई बैटमैन",
        "pt": "Batman de IA",
        "es": "Batman de IA",
        "th": "แบทแมน AI",
        "ar": "باتمان الذكاء الاصطناعي",
        "zh": "AI蝙蝠侠",
        "de": "KI-Batman",
        "id": "Batman AI",
        "ja": "AIバットマン",
        "ko": "AI 배트맨",
        "vi": "Batman AI",
        "fr": "Batman IA",
        "it": "Batman IA",
        "zh-rTW": "AI蝙蝠俠",
        "ru": "ИИ Бэтмен",
        "fil": "Batman ng AI",
        "he": "באטמן בינה מלאכותית",
        "da": "AI-Batman",
        "sv": "AI-Batman",
        "fi": "AI-Batman",
        "sk": "AI Batman",
        "nl": "AI Batman",
        "no": "AI Batman",
        "pl": "Batman AI",
        "ur": "اے آئی بیٹ مین",
        "bn": "এআই ব্যাটম্যান",
        "ms": "Batman AI",
        "tr": "Yapay Zeka Batman",
        "fa": "بتمن هوش مصنوعی"
      }
    },
    "AI Lion Queen": {
      "main_head": "AI Lion Queen",
      "type": "video",
      "effect_name": "lionqueen",
      "output_url": "https://imagic.fra1.cdn.digitaloceanspaces.com/iMagicNewVideos/lionQueen.webp",
      "name": {
        "en": "AI Lion Queen",
        "hi": "एआई शेरनी रानी",
        "pt": "Rainha Leoa de IA",
        "es": "Reina Leona de IA",
        "th": "ราชินีสิงโต AI",
        "ar": "ملكة الأسد بالذكاء الاصطناعي",
        "zh": "AI狮子女王",
        "de": "KI-Löwenkönigin",
        "id": "Ratu Singa AI",
        "ja": "AIライオンクイーン",
        "ko": "AI 라이온 퀸",
        "vi": "Nữ hoàng Sư tử AI",
        "fr": "Reine Lionne IA",
        "it": "Regina Leonessa IA",
        "zh-rTW": "AI獅子女王",
        "ru": "ИИ Королева Львов",
        "fil": "Reyna ng Leon ng AI",
        "he": "מלכת האריות בינה מלאכותית",
        "da": "AI-Løvedronning",
        "sv": "AI-Lejoninna",
        "fi": "AI-Leijonakuningatar",
        "sk": "AI leví kráľovná",
        "nl": "AI Leeuwenkoningin",
        "no": "AI Løvedronning",
        "pl": "Królowa Lwów AI",
        "ur": "اے آئی شیرنی ملکہ",
        "bn": "এআই সিংহী রানী",
        "ms": "Ratu Singa AI",
        "tr": "Yapay Zeka Aslan Kraliçesi",
        "fa": "ملکه شیر هوش مصنوعی"
      }
    },
    "AI Maid": {
      "main_head": "AI Maid",
      "type": "video",
      "effect_name": "maid",
      "output_url": "https://imagic.fra1.cdn.digitaloceanspaces.com/iMagicNewVideos/maid.webp",
      "name": {
        "en": "AI Maid",
        "hi": "एआई नौकरानी",
        "pt": "Empregada IA",
        "es": "Empleada IA",
        "th": "AI แม่บ้าน",
        "ar": "خادمة الذكاء الاصطناعي",
        "zh": "AI 女仆",
        "de": "KI-Dienstmädchen",
        "id": "Pembantu AI",
        "ja": "AIメイド",
        "ko": "AI 메이드",
        "vi": "Người giúp việc AI",
        "fr": "Servante IA",
        "it": "Cameriera AI",
        "zh-rTW": "AI 女僕",
        "ru": "ИИ Горничная",
        "fil": "AI Katulong",
        "he": "משרתת בינה מלאכותית",
        "da": "AI Stuepige",
        "sv": "AI Hembiträde",
        "fi": "Tekoälykotiapulainen",
        "sk": "AI Slúžka",
        "nl": "AI Meid",
        "no": "AI Hushjelp",
        "pl": "Pokojówka AI",
        "ur": "اے آئی نوکرانی",
        "bn": "এআই পরিচারিকা",
        "ms": "Pembantu Rumah AI",
        "tr": "YZ Hizmetçi",
        "fa": "خدمتکار هوش مصنوعی"
      }
    },
    "AI Wolf": {
      "main_head": "AI Wolf",
      "type": "video",
      "effect_name": "wolf",
      "output_url": "https://imagic.fra1.cdn.digitaloceanspaces.com/iMagicNewVideos/wolkWalk.webp",
      "name": {
        "en": "AI Wolf",
        "hi": "एआई भेड़िया",
        "pt": "Lobo IA",
        "es": "Lobo IA",
        "th": "AI หมาป่า",
        "ar": "الذئب الذكي",
        "zh": "AI 狼",
        "de": "KI-Wolf",
        "id": "Serigala AI",
        "ja": "AIウルフ",
        "ko": "AI 울프",
        "vi": "Sói AI",
        "fr": "Loup IA",
        "it": "Lupo AI",
        "zh-rTW": "AI 狼",
        "ru": "ИИ Волк",
        "fil": "AI Lobo",
        "he": "זאב בינה מלאכותית",
        "da": "AI Ulv",
        "sv": "AI Varg",
        "fi": "Tekoälysusi",
        "sk": "AI Vlk",
        "nl": "AI Wolf",
        "no": "AI Ulv",
        "pl": "Wilk AI",
        "ur": "اے آئی بھیڑیا",
        "bn": "এআই নেকড়ে",
        "ms": "Serigala AI",
        "tr": "YZ Kurt",
        "fa": "گرگ هوش مصنوعی"
      }
    },
    "AI Tiger": {
      "main_head": "AI Tiger",
      "type": "video",
      "effect_name": "tiger",
      "output_url": "https://imagic.fra1.cdn.digitaloceanspaces.com/iMagicNewVideos/tigerWalk.webp",
      "name": {
        "en": "AI Tiger",
        "hi": "एआई बाघ",
        "pt": "Tigre IA",
        "es": "Tigre IA",
        "th": "AI เสือ",
        "ar": "النمر الذكي",
        "zh": "AI 老虎",
        "de": "KI-Tiger",
        "id": "Harimau AI",
        "ja": "AIタイガー",
        "ko": "AI 타이거",
        "vi": "Hổ AI",
        "fr": "Tigre IA",
        "it": "Tigre AI",
        "zh-rTW": "AI 老虎",
        "ru": "ИИ Тигр",
        "fil": "AI Tigre",
        "he": "טיגריס בינה מלאכותית",
        "da": "AI Tiger",
        "sv": "AI Tiger",
        "fi": "Tekoälytiikeri",
        "sk": "AI Tiger",
        "nl": "AI Tijger",
        "no": "AI Tiger",
        "pl": "Tygrys AI",
        "ur": "اے آئی ٹائیگر",
        "bn": "এআই বাঘ",
        "ms": "Harimau AI",
        "tr": "YZ Kaplan",
        "fa": "ببر هوش مصنوعی"
      }
    },
    "AI Horse": {
      "main_head": "AI Horse",
      "type": "video",
      "effect_name": "horse",
      "output_url": "https://imagic.fra1.cdn.digitaloceanspaces.com/iMagicNewVideos/horseWalk.webp",
      "name": {
        "en": "AI Horse",
        "hi": "एआई घोड़ा",
        "pt": "Cavalo IA",
        "es": "Caballo IA",
        "th": "AI ม้า",
        "ar": "حصان ذكي",
        "zh": "AI 马",
        "de": "KI-Pferd",
        "id": "Kuda AI",
        "ja": "AIホース",
        "ko": "AI 말",
        "vi": "Ngựa AI",
        "fr": "Cheval IA",
        "it": "Cavallo AI",
        "zh-rTW": "AI 馬",
        "ru": "ИИ Лошадь",
        "fil": "AI Kabayo",
        "he": "סוס בינה מלאכותית",
        "da": "AI Hest",
        "sv": "AI Häst",
        "fi": "Tekoälyhevonen",
        "sk": "AI Kôň",
        "nl": "AI Paard",
        "no": "AI Hest",
        "pl": "Koń AI",
        "ur": "اے آئی گھوڑا",
        "bn": "এআই ঘোড়া",
        "ms": "Kuda AI",
        "tr": "YZ At",
        "fa": "اسب هوش مصنوعی"
      }
    },
    "AI Cash Fall": {
      "main_head": "AI Cash Fall",
      "type": "video",
      "effect_name": "money",
      "output_url": "https://imagic.fra1.cdn.digitaloceanspaces.com/iMagicNewVideos/cashDrop.webp",
      "name": {
        "en": "AI Cash Fall",
        "hi": "एआई कैश फॉल",
        "pt": "Queda de Dinheiro IA",
        "es": "Caída de Efectivo IA",
        "th": "AI เงินตก",
        "ar": "سقوط النقود الذكي",
        "zh": "AI 现金雨",
        "de": "KI-Geldregen",
        "id": "Hujan Uang AI",
        "ja": "AIキャッシュフォール",
        "ko": "AI 현금 낙하",
        "vi": "Mưa tiền AI",
        "fr": "Pluie d'argent IA",
        "it": "Pioggia di Contanti AI",
        "zh-rTW": "AI 現金雨",
        "ru": "Падение AI наличных",
        "fil": "AI Cash Fall",
        "he": "גשם מזומנים בינה מלאכותית",
        "da": "AI Pengefald",
        "sv": "AI Kontantregn",
        "fi": "Tekoälykäteissade",
        "sk": "AI Dažď peňazí",
        "nl": "AI Cashval",
        "no": "AI Pengefall",
        "pl": "AI Opad gotówki",
        "ur": "اے آئی کیش فال",
        "bn": "এআই ক্যাশ ফল",
        "ms": "Hujan Wang AI",
        "tr": "YZ Nakit Yağmuru",
        "fa": "بارش پول هوش مصنوعی"
      }
    },
    "AI Crown": {
      "main_head": "AI Crown",
      "type": "video",
      "effect_name": "crown",
      "output_url": "https://baby.fra1.cdn.digitaloceanspaces.com/baby-ai-vidoes/crown.webp",
      "name": {
        "en": "AI Crown",
        "hi": "एआई मुकुट",
        "pt": "Coroa IA",
        "es": "Corona IA",
        "th": "AI มงกุฎ",
        "ar": "التاج الذكي",
        "zh": "AI 皇冠",
        "de": "KI-Krone",
        "id": "Mahkota AI",
        "ja": "AIクラウン",
        "ko": "AI 크라운",
        "vi": "Vương miện AI",
        "fr": "Couronne IA",
        "it": "Corona AI",
        "zh-rTW": "AI 皇冠",
        "ru": "ИИ Корона",
        "fil": "AI Korona",
        "he": "כתר בינה מלאכותית",
        "da": "AI Krone",
        "sv": "AI Krona",
        "fi": "Tekoälykruunu",
        "sk": "AI Koruna",
        "nl": "AI Kroon",
        "no": "AI Krone",
        "pl": "Korona AI",
        "ur": "اے آئی کراؤن",
        "bn": "এআই মুকুট",
        "ms": "Mahkota AI",
        "tr": "YZ Taç",
        "fa": "تاج هوش مصنوعی"
      }
    },
    "AI Hug Jesus": {
      "main_head": "AI Hug Jesus",
      "type": "video",
      "effect_name": "hug_jesus",
      "output_url": "https://toonifime.fra1.cdn.digitaloceanspaces.com/toonifime/faceswap_new/2025/visionaryVideos/jesusHug.webp",
      "name": {
        "en": "AI Hug Jesus",
        "hi": "एआई आलिंगन यीशु",
        "pt": "Abraço de IA em Jesus",
        "es": "Abrazo de IA a Jesús",
        "th": "AI กอดพระเยซู",
        "ar": "عناق الذكاء الاصطناعي ليسوع",
        "zh": "AI拥抱耶稣",
        "de": "KI-Umarmung für Jesus",
        "id": "Pelukan AI untuk Yesus",
        "ja": "AIハグイエス",
        "ko": "AI 예수님 포옹",
        "vi": "AI ôm Chúa Giê-su",
        "fr": "Câlin IA à Jésus",
        "it": "Abbraccio IA a Gesù",
        "zh-rTW": "AI擁抱耶穌",
        "ru": "Объятие ИИ с Иисусом",
        "fil": "Yakap ng AI kay Jesus",
        "he": "חיבוק בינה מלאכותית לישו",
        "da": "AI-kram til Jesus",
        "sv": "AI-kram till Jesus",
        "fi": "AI-halaus Jeesukselle",
        "sk": "Objatie AI pre Ježiša",
        "nl": "AI Knuffel voor Jezus",
        "no": "AI-klem til Jesus",
        "pl": "Uścisk AI dla Jezusa",
        "ur": "اے آئی گلے یسوع کے لیے",
        "bn": "এআই আলিঙ্গন যীশু",
        "ms": "Pelukan AI kepada Yesus",
        "tr": "Yapay Zeka İsa'yı Kucaklıyor",
        "fa": "آغوش هوش مصنوعی برای عیسی"
      }
    },
    "AI Gun Shoot": {
      "main_head": "AI Gun Shoot",
      "type": "video",
      "effect_name": "gun_shoot",
      "output_url": "https://toonifime.fra1.cdn.digitaloceanspaces.com/toonifime/faceswap_new/2025/visionaryVideos/gunShoot.webp",
      "name": {
        "en": "AI Gun Shoot",
        "hi": "एआई गन शूट",
        "pt": "Tiro de Arma com IA",
        "es": "Disparo de Arma con IA",
        "th": "AI ยิงปืน",
        "ar": "إطلاق نار بالذكاء الاصطناعي",
        "zh": "AI开枪",
        "de": "KI-Waffenschuss",
        "id": "Tembakan Senjata AI",
        "ja": "AI銃撃",
        "ko": "AI 총격",
        "vi": "Bắn súng AI",
        "fr": "Tir d'arme IA",
        "it": "Sparo con IA",
        "zh-rTW": "AI開槍",
        "ru": "Выстрел ИИ",
        "fil": "Putok ng Baril gamit ang AI",
        "he": "ירי אקדח של בינה מלאכותית",
        "da": "AI-våbenskud",
        "sv": "AI-vapenskott",
        "fi": "AI-aseammunta",
        "sk": "Streľba z AI zbrane",
        "nl": "AI Wapenschot",
        "no": "AI-våpenskudd",
        "pl": "Strzał z broni AI",
        "ur": "اے آئی گن شوٹ",
        "bn": "এআই বন্দুক গুলি",
        "ms": "Tembakan Senjata AI",
        "tr": "Yapay Zeka Silah Ateşi",
        "fa": "شلیک اسلحه با هوش مصنوعی"
      }
    },
    "AI Baby Face": {
      "main_head": "AI Baby Face",
      "type": "video",
      "effect_name": "baby_face",
      "output_url": "https://toonifime.fra1.cdn.digitaloceanspaces.com/toonifime/faceswap_new/2025/visionaryVideos/babyFace.webp",
      "name": {
        "en": "AI Baby Face",
        "hi": "एआई बेबी फेस",
        "pt": "Rosto de Bebê IA",
        "es": "Cara de Bebé IA",
        "th": "ใบหน้าเด็ก AI",
        "ar": "وجه طفل بالذكاء الاصطناعي",
        "zh": "AI婴儿脸",
        "de": "KI-Babygesicht",
        "id": "Wajah Bayi AI",
        "ja": "AIベビーフェイス",
        "ko": "AI 아기 얼굴",
        "vi": "Khuôn mặt em bé AI",
        "fr": "Visage de Bébé IA",
        "it": "Volto da Bambino IA",
        "zh-rTW": "AI嬰兒臉",
        "ru": "Детское лицо ИИ",
        "fil": "Mukha ng Sanggol AI",
        "he": "פני תינוק של בינה מלאכותית",
        "da": "AI Baby Ansigt",
        "sv": "AI Bebisansikte",
        "fi": "AI-vauvankasvot",
        "sk": "Detská tvár AI",
        "nl": "AI Babygezicht",
        "no": "AI Babyfjes",
        "pl": "Dziecięca twarz AI",
        "ur": "اے آئی بے بی فیس",
        "bn": "এআই বেবি ফেস",
        "ms": "Muka Bayi AI",
        "tr": "Yapay Zeka Bebek Yüzü",
        "fa": "چهره نوزاد با هوش مصنوعی"
      }
    },
    "AI Cakeify": {
      "main_head": "AI Cakeify",
      "type": "video",
      "effect_name": "cakeify",
      "output_url": "https://toonifime.fra1.cdn.digitaloceanspaces.com/toonifime/faceswap_new/2025/visionaryVideos/cakeify.webp",
      "name": {
        "en": "AI Cakeify",
        "hi": "एआई केकिफाई",
        "pt": "Transformar em Bolo com IA",
        "es": "Convertir en Pastel con IA",
        "th": "แปลงเป็นเค้กด้วย AI",
        "ar": "تحويل إلى كعكة بالذكاء الاصطناعي",
        "zh": "AI蛋糕化",
        "de": "Mit KI in Kuchen verwandeln",
        "id": "Ubah Jadi Kue dengan AI",
        "ja": "AIでケーキ化",
        "ko": "AI 케이크화",
        "vi": "Biến thành Bánh với AI",
        "fr": "Transformer en Gâteau avec l'IA",
        "it": "Trasforma in Torta con l'IA",
        "zh-rTW": "AI 蛋糕化",
        "ru": "Преобразовать в торт с ИИ",
        "fil": "Gawing Cake gamit ang AI",
        "he": "להפוך לעוגה עם בינה מלאכותית",
        "da": "Lav til kage med AI",
        "sv": "Förvandla till Tårta med AI",
        "fi": "Tee kakku AI:n avulla",
        "sk": "Premeň na tortu pomocou AI",
        "nl": "Maak er een taart van met AI",
        "no": "Gjør om til kake med AI",
        "pl": "Zamień na ciasto przy użyciu AI",
        "ur": "اے آئی سے کیک بنائیں",
        "bn": "AI দিয়ে কেকিফাই করুন",
        "ms": "Jadikan Kek dengan AI",
        "tr": "Yapay Zeka ile Pasta Yap",
        "fa": "کیک‌سازی با هوش مصنوعی"
      }
    },
    "AI Crush": {
      "main_head": "AI Crush",
      "type": "video",
      "effect_name": "crush",
      "output_url": "https://toonifime.fra1.cdn.digitaloceanspaces.com/toonifime/faceswap_new/2025/visionaryVideos/crush.webp",
      "name": {
        "en": "AI Crush",
        "hi": "एआई क्रश",
        "pt": "Paquera IA",
        "es": "Crush IA",
        "th": "คนที่แอบชอบโดย AI",
        "ar": "الإعجاب بالذكاء الاصطناعي",
        "zh": "AI暗恋",
        "de": "KI-Schwarm",
        "id": "Gebetan AI",
        "ja": "AIクラッシュ",
        "ko": "AI 짝사랑",
        "vi": "Người Thầm Thương AI",
        "fr": "Crush IA",
        "it": "Cotta IA",
        "zh-rTW": "AI 暗戀",
        "ru": "Влюблённость ИИ",
        "fil": "AI Crush",
        "he": "קראש בינה מלאכותית",
        "da": "AI Crush",
        "sv": "AI Förälskelse",
        "fi": "AI Ihastus",
        "sk": "AI Láska",
        "nl": "AI Crush",
        "no": "AI Forelskelse",
        "pl": "AI Zauroczenie",
        "ur": "اے آئی کرش",
        "bn": "AI ক্রাশ",
        "ms": "AI Crush",
        "tr": "Yapay Zeka Aşkı",
        "fa": "دلدادگی با هوش مصنوعی"
      }
    },
    "AI Angry Face": {
      "main_head": "AI Angry Face",
      "type": "video",
      "effect_name": "angry_face",
      "output_url": "https://toonifime.fra1.cdn.digitaloceanspaces.com/toonifime/faceswap_new/2025/visionaryVideos/angryFace.webp",
      "name": {
        "en": "AI Angry Face",
        "hi": "एआई गुस्से वाला चेहरा",
        "pt": "Rosto Bravo com IA",
        "es": "Cara Enojada IA",
        "th": "ใบหน้าโกรธจาก AI",
        "ar": "وجه غاضب بالذكاء الاصطناعي",
        "zh": "AI生气脸",
        "de": "Wütendes Gesicht mit KI",
        "id": "Wajah Marah AI",
        "ja": "AI怒り顔",
        "ko": "AI 화난 얼굴",
        "vi": "Khuôn Mặt Giận Dữ AI",
        "fr": "Visage Fâché IA",
        "it": "Faccia Arrabbiata IA",
        "zh-rTW": "AI 生氣臉",
        "ru": "Сердитое лицо ИИ",
        "fil": "Galit na Mukha ng AI",
        "he": "פנים כועסות עם בינה מלאכותית",
        "da": "Vredt ansigt med AI",
        "sv": "Argt Ansikte med AI",
        "fi": "Vihainen Kasvo AI:lla",
        "sk": "Nahnevaná tvár AI",
        "nl": "Boos Gezicht met AI",
        "no": "Sint Ansikt med AI",
        "pl": "Wściekła Twarz AI",
        "ur": "اے آئی غصے والا چہرہ",
        "bn": "AI রাগী মুখ",
        "ms": "Muka Marah AI",
        "tr": "AI Kızgın Yüz",
        "fa": "چهره عصبانی با هوش مصنوعی"
      }
    },
    "AI Muscle": {
      "main_head": "AI Muscle",
      "type": "video",
      "effect_name": "muscle",
      "output_url": "https://toonifime.fra1.cdn.digitaloceanspaces.com/toonifime/faceswap_new/2025/visionaryVideos/muscle.webp",
      "name": {
        "en": "AI Muscle",
        "hi": "एआई मसल",
        "pt": "Músculo IA",
        "es": "Músculo IA",
        "th": "กล้ามเนื้อ AI",
        "ar": "عضلات الذكاء الاصطناعي",
        "zh": "AI肌肉",
        "de": "KI-Muskeln",
        "id": "Otot AI",
        "ja": "AIマッスル",
        "ko": "AI 근육",
        "vi": "Cơ Bắp AI",
        "fr": "Muscle IA",
        "it": "Muscoli IA",
        "zh-rTW": "AI 肌肉",
        "ru": "Мышцы ИИ",
        "fil": "Kalang AI",
        "he": "שרירי בינה מלאכותית",
        "da": "AI Muskler",
        "sv": "AI Muskler",
        "fi": "AI-lihakset",
        "sk": "AI Svaly",
        "nl": "AI Spieren",
        "no": "AI Muskler",
        "pl": "Mięśnie AI",
        "ur": "اے آئی پٹھے",
        "bn": "AI পেশি",
        "ms": "Otot AI",
        "tr": "AI Kasları",
        "fa": "عضله هوش مصنوعی"
      }
    },
    "AI Crying": {
      "main_head": "AI Crying",
      "type": "video",
      "effect_name": "crying",
      "output_url": "https://toonifime.fra1.cdn.digitaloceanspaces.com/toonifime/faceswap_new/2025/visionaryVideos/crying.webp",
      "name": {
        "en": "AI Crying",
        "hi": "एआई रो रहा है",
        "pt": "IA Chorando",
        "es": "IA Llorando",
        "th": "AI ร้องไห้",
        "ar": "ذكاء اصطناعي يبكي",
        "zh": "AI哭泣",
        "de": "KI weint",
        "id": "AI Menangis",
        "ja": "AIが泣いている",
        "ko": "AI 울음",
        "vi": "AI Đang Khóc",
        "fr": "IA en Pleurs",
        "it": "AI che Piange",
        "zh-rTW": "AI 哭泣",
        "ru": "ИИ плачет",
        "fil": "Umiiyak ang AI",
        "he": "בינה מלאכותית בוכה",
        "da": "AI Græder",
        "sv": "AI Gråter",
        "fi": "AI Itkee",
        "sk": "AI Plače",
        "nl": "AI Huilt",
        "no": "AI Gråter",
        "pl": "AI Płacze",
        "ur": "اے آئی رو رہا ہے",
        "bn": "AI কাঁদছে",
        "ms": "AI Menangis",
        "tr": "AI Ağlıyor",
        "fa": "هوش مصنوعی در حال گریه"
      }
    },
    "AI Laughing": {
      "main_head": "AI Laughing",
      "type": "video",
      "effect_name": "laughing",
      "output_url": "https://toonifime.fra1.cdn.digitaloceanspaces.com/toonifime/faceswap_new/2025/visionaryVideos/laughing.webp",
      "name": {
        "en": "AI Laughing",
        "hi": "एआई हँस रहा है",
        "pt": "IA Rindo",
        "es": "IA Riendo",
        "th": "AI หัวเราะ",
        "ar": "ذكاء اصطناعي يضحك",
        "zh": "AI在笑",
        "de": "KI lacht",
        "id": "AI Tertawa",
        "ja": "AIが笑っている",
        "ko": "AI 웃음",
        "vi": "AI Đang Cười",
        "fr": "IA qui Rit",
        "it": "AI che Ride",
        "zh-rTW": "AI 在笑",
        "ru": "ИИ смеётся",
        "fil": "Tumatawa ang AI",
        "he": "בינה מלאכותית צוחקת",
        "da": "AI Ler",
        "sv": "AI Skrattar",
        "fi": "AI Nauraa",
        "sk": "AI sa Smeje",
        "nl": "AI Lacht",
        "no": "AI Ler",
        "pl": "AI się Śmieje",
        "ur": "اے آئی ہنس رہا ہے",
        "bn": "AI হাসছে",
        "ms": "AI Ketawa",
        "tr": "AI Gülüyor",
        "fa": "هوش مصنوعی در حال خندیدن"
      }
    }
  }
}
