{
  "adConfig": {
    "adManager_app_open": "/6499/example/app-open",
    "adManager_banner_id": "/6499/example/banner",
    "adManager_interstitial_id": "/6499/example/interstitial",
    "adManager_native_id": "/6499/example/native",
    "ad_network": "admob",
    "ad_status": true,
    "admob_app_open_id": "ca-app-pub-3940256099942544/3419835294",
    "admob_banner_id": "ca-app-pub-3940256099942544/6300978111",
    "admob_interstitial_id": "ca-app-pub-3940256099942544/8691691433",
    "admob_native_id": "ca-app-pub-3940256099942544/2247696110",
    "admob_publisher_id": "ca-app-pub-3940256099942544~3347511713",
    "app_open_ad_resume": true,
    "app_open_ad_start": true,
    "applovin_banner_zone_id": "0",
    "applovin_interstitial_zone_id": "0",
    "applovin_max_app_open": "0",
    "applovin_max_banner_id": "0",
    "applovin_max_interstitial_id": "0",
    "applovin_max_native_id": 0,
    "applovin_native_zone_id": 0,
    "backup_ad_network": "none",
    "developer_account_url": "https://www.google.com/",
    "fan_banner_id": "IMG_16_9_APP_INSTALL#782095786538726_782096253205346",
    "fan_interstitial_id": "IMG_16_9_APP_INSTALL#782095786538726_782096399871998",
    "fan_native_id": "IMG_16_9_APP_INSTALL#1102290040176998_1142394442833224",
    "feedback_email": "iTox.spt@gmail.com",
    "ironSource_app_key": "85460dcd",
    "ironSource_banner_id": "DefaultBanner",
    "ironSource_interstitial_id": "DefaultInterstitial",
    "privacy_policy_url": "https://www.google.com/",
    "resources_format": ".webp",
    "resources_url": "https://i.postimg.cc",
    "show_inter_count": 1,
    "startApp_id": "0",
    "unity_banner_id": "banner",
    "unity_game_id": "4089993",
    "unity_interstitial_id": "video",
    "wortise_app_id": "test-app-id",
    "wortise_app_open_id": "test-app-open",
    "wortise_banner_id": "test-banner",
    "wortise_interstitial_id": "test-interstitial",
    "wortise_native_id": "test-native"
  }
}