{"v":"5.5.8","fr":29.9700012207031,"ip":0,"op":31.0000012626559,"w":200,"h":200,"nm":"CROWN","ddd":0,"assets":[],"layers":[{"ddd":0,"ind":1,"ty":3,"nm":"Null 8","sr":1,"ks":{"o":{"a":0,"k":0,"ix":11},"r":{"a":0,"k":0,"ix":10},"p":{"a":0,"k":[100,100,0],"ix":2},"a":{"a":0,"k":[0,0,0],"ix":1},"s":{"a":0,"k":[17,17,100],"ix":6}},"ao":0,"ip":0,"op":31.0000012626559,"st":0,"bm":0},{"ddd":0,"ind":2,"ty":4,"nm":"CROWN Outlines 2","parent":1,"td":1,"sr":1,"ks":{"o":{"a":0,"k":100,"ix":11},"r":{"a":0,"k":0,"ix":10},"p":{"a":0,"k":[0,29.273,0],"ix":2},"a":{"a":0,"k":[540,540,0],"ix":1},"s":{"a":0,"k":[82.758,82.758,100],"ix":6}},"ao":0,"shapes":[{"ty":"gr","it":[{"ind":0,"ty":"sh","ix":1,"ks":{"a":0,"k":{"i":[[7.654,0],[0,0],[0,7.315],[0,0],[0,0],[0,0]],"o":[[0,0],[-7.654,0],[0,0],[0,0],[0,0],[-0.272,7.053]],"v":[[191.761,19.983],[-192.033,19.983],[-205.701,6.922],[-205.701,-19.982],[205.701,-19.982],[205.701,6.922]],"c":true},"ix":2},"nm":"Path 1","mn":"ADBE Vector Shape - Group","hd":false},{"ty":"fl","c":{"a":0,"k":[1,0.6090786803,0.002458892383,1],"ix":4},"o":{"a":0,"k":100,"ix":5},"r":1,"bm":0,"nm":"Fill 1","mn":"ADBE Vector Graphic - Fill","hd":false},{"ty":"tr","p":{"a":0,"k":[540,739.357],"ix":2},"a":{"a":0,"k":[0,0],"ix":1},"s":{"a":0,"k":[100,100],"ix":3},"r":{"a":0,"k":0,"ix":6},"o":{"a":0,"k":100,"ix":7},"sk":{"a":0,"k":0,"ix":4},"sa":{"a":0,"k":0,"ix":5},"nm":"Transform"}],"nm":"Group 1","np":2,"cix":2,"bm":0,"ix":1,"mn":"ADBE Vector Group","hd":false},{"ty":"gr","it":[{"ind":0,"ty":"sh","ix":1,"ks":{"a":0,"k":{"i":[[-22.234,0],[0,0],[0,-113.765],[0,0],[0,0],[0,0],[0,22.258],[22.234,0],[0,-22.259],[-1.371,-3.847],[0,0],[0,0],[0,14.015],[22.235,0],[0,-22.258],[-10.98,-7.145],[0,0],[0,0],[0,4.397],[22.234,0],[0,-22.259]],"o":[[0,0],[0,0],[0,0],[0,-113.765],[0,0],[22.234,0],[0,-22.259],[-22.235,0],[0,4.397],[0,0],[0,0],[10.703,-7.145],[0,-22.258],[-22.235,0],[0,14.015],[0,0],[0,0],[1.098,-3.847],[0,-22.259],[-21.96,0.275],[0,22.258]],"v":[[-261.735,-6.32],[-260.088,-6.32],[-206.561,224.508],[206.562,224.508],[260.089,-6.32],[261.737,-6.32],[302.087,-46.715],[261.737,-87.11],[221.384,-46.715],[223.305,-34.349],[126.407,22.534],[22.099,-150.588],[40.214,-184.113],[-0.136,-224.508],[-40.489,-184.113],[-22.371,-150.588],[-126.681,22.534],[-223.58,-34.349],[-221.658,-46.715],[-262.009,-87.11],[-302.087,-46.715]],"c":true},"ix":2},"nm":"Path 1","mn":"ADBE Vector Shape - Group","hd":false},{"ty":"fl","c":{"a":0,"k":[1,0.6090786803,0.002458892383,1],"ix":4},"o":{"a":0,"k":100,"ix":5},"r":1,"bm":0,"nm":"Fill 1","mn":"ADBE Vector Graphic - Fill","hd":false},{"ty":"tr","p":{"a":0,"k":[540,474.424],"ix":2},"a":{"a":0,"k":[0,0],"ix":1},"s":{"a":0,"k":[100,100],"ix":3},"r":{"a":0,"k":0,"ix":6},"o":{"a":0,"k":100,"ix":7},"sk":{"a":0,"k":0,"ix":4},"sa":{"a":0,"k":0,"ix":5},"nm":"Transform"}],"nm":"Group 2","np":2,"cix":2,"bm":0,"ix":2,"mn":"ADBE Vector Group","hd":false}],"ip":0,"op":31.0000012626559,"st":0,"bm":0},{"ddd":0,"ind":3,"ty":4,"nm":"Shape Layer 1","parent":1,"tt":1,"sr":1,"ks":{"o":{"a":0,"k":100,"ix":11},"r":{"a":0,"k":28,"ix":10},"p":{"a":1,"k":[{"i":{"x":0.833,"y":0.833},"o":{"x":0.167,"y":0.167},"t":0,"s":[-372,-51,0],"to":[140.667,3.333,0],"ti":[-140.667,-3.333,0]},{"t":16.0000006516934,"s":[472,-31,0]}],"ix":2},"a":{"a":0,"k":[-90,-13,0],"ix":1},"s":{"a":0,"k":[100,159.775,100],"ix":6}},"ao":0,"shapes":[{"ty":"gr","it":[{"ty":"rc","d":1,"s":{"a":0,"k":[148,562],"ix":2},"p":{"a":0,"k":[0,0],"ix":3},"r":{"a":0,"k":0,"ix":4},"nm":"Rectangle Path 1","mn":"ADBE Vector Shape - Rect","hd":false},{"ty":"fl","c":{"a":0,"k":[1,1,1,1],"ix":4},"o":{"a":0,"k":100,"ix":5},"r":1,"bm":0,"nm":"Fill 1","mn":"ADBE Vector Graphic - Fill","hd":false},{"ty":"tr","p":{"a":0,"k":[-90,-13],"ix":2},"a":{"a":0,"k":[0,0],"ix":1},"s":{"a":0,"k":[100,100],"ix":3},"r":{"a":0,"k":0,"ix":6},"o":{"a":0,"k":100,"ix":7},"sk":{"a":0,"k":0,"ix":4},"sa":{"a":0,"k":0,"ix":5},"nm":"Transform"}],"nm":"Rectangle 1","np":3,"cix":2,"bm":0,"ix":1,"mn":"ADBE Vector Group","hd":false}],"ip":0,"op":31.0000012626559,"st":0,"bm":0},{"ddd":0,"ind":4,"ty":4,"nm":"CROWN Outlines","parent":1,"sr":1,"ks":{"o":{"a":0,"k":100,"ix":11},"r":{"a":0,"k":0,"ix":10},"p":{"a":0,"k":[0,29.273,0],"ix":2},"a":{"a":0,"k":[540,540,0],"ix":1},"s":{"a":0,"k":[82.758,82.758,100],"ix":6}},"ao":0,"shapes":[{"ty":"gr","it":[{"ind":0,"ty":"sh","ix":1,"ks":{"a":0,"k":{"i":[[7.654,0],[0,0],[0,7.315],[0,0],[0,0],[0,0]],"o":[[0,0],[-7.654,0],[0,0],[0,0],[0,0],[-0.272,7.053]],"v":[[191.761,19.983],[-192.033,19.983],[-205.701,6.922],[-205.701,-19.982],[205.701,-19.982],[205.701,6.922]],"c":true},"ix":2},"nm":"Path 1","mn":"ADBE Vector Shape - Group","hd":false},{"ty":"fl","c":{"a":0,"k":[1,0.6090786803,0.002458892383,1],"ix":4},"o":{"a":0,"k":100,"ix":5},"r":1,"bm":0,"nm":"Fill 1","mn":"ADBE Vector Graphic - Fill","hd":false},{"ty":"tr","p":{"a":0,"k":[540,739.357],"ix":2},"a":{"a":0,"k":[0,0],"ix":1},"s":{"a":0,"k":[100,100],"ix":3},"r":{"a":0,"k":0,"ix":6},"o":{"a":0,"k":100,"ix":7},"sk":{"a":0,"k":0,"ix":4},"sa":{"a":0,"k":0,"ix":5},"nm":"Transform"}],"nm":"Group 1","np":2,"cix":2,"bm":0,"ix":1,"mn":"ADBE Vector Group","hd":false},{"ty":"gr","it":[{"ind":0,"ty":"sh","ix":1,"ks":{"a":0,"k":{"i":[[-22.234,0],[0,0],[0,-113.765],[0,0],[0,0],[0,0],[0,22.258],[22.234,0],[0,-22.259],[-1.371,-3.847],[0,0],[0,0],[0,14.015],[22.235,0],[0,-22.258],[-10.98,-7.145],[0,0],[0,0],[0,4.397],[22.234,0],[0,-22.259]],"o":[[0,0],[0,0],[0,0],[0,-113.765],[0,0],[22.234,0],[0,-22.259],[-22.235,0],[0,4.397],[0,0],[0,0],[10.703,-7.145],[0,-22.258],[-22.235,0],[0,14.015],[0,0],[0,0],[1.098,-3.847],[0,-22.259],[-21.96,0.275],[0,22.258]],"v":[[-261.735,-6.32],[-260.088,-6.32],[-206.561,224.508],[206.562,224.508],[260.089,-6.32],[261.737,-6.32],[302.087,-46.715],[261.737,-87.11],[221.384,-46.715],[223.305,-34.349],[126.407,22.534],[22.099,-150.588],[40.214,-184.113],[-0.136,-224.508],[-40.489,-184.113],[-22.371,-150.588],[-126.681,22.534],[-223.58,-34.349],[-221.658,-46.715],[-262.009,-87.11],[-302.087,-46.715]],"c":true},"ix":2},"nm":"Path 1","mn":"ADBE Vector Shape - Group","hd":false},{"ty":"fl","c":{"a":0,"k":[1,0.6090786803,0.002458892383,1],"ix":4},"o":{"a":0,"k":100,"ix":5},"r":1,"bm":0,"nm":"Fill 1","mn":"ADBE Vector Graphic - Fill","hd":false},{"ty":"tr","p":{"a":0,"k":[540,474.424],"ix":2},"a":{"a":0,"k":[0,0],"ix":1},"s":{"a":0,"k":[100,100],"ix":3},"r":{"a":0,"k":0,"ix":6},"o":{"a":0,"k":100,"ix":7},"sk":{"a":0,"k":0,"ix":4},"sa":{"a":0,"k":0,"ix":5},"nm":"Transform"}],"nm":"Group 2","np":2,"cix":2,"bm":0,"ix":2,"mn":"ADBE Vector Group","hd":false}],"ip":0,"op":31.0000012626559,"st":0,"bm":0}],"markers":[]}