{
  "project_info": {
    "project_number": "569565117574",
    "project_id": "imagic-new",
    "storage_bucket": "imagic-new.firebasestorage.app"
  },
  "client": [
    {
      "client_info": {
        "mobilesdk_app_id": "1:569565117574:android:0a6d5f505321be84a46507",
        "android_client_info": {
          "package_name": "com.ai.video.art.photo.faceswap"
        }
      },
      "oauth_client": [],
      "api_key": [
        {
          "current_key": "AIzaSyBzshuFGwAygv2ZkMHcBR8vaHhi-MDYftQ"
        }
      ],
      "services": {
        "appinvite_service": {
          "other_platform_oauth_client": []
        }
      }
    }
  ],
  "configuration_version": "1"
}