{"v":"5.6.1","fr":29.9700012207031,"ip":0,"op":180.00000733155,"w":480,"h":480,"nm":"upload_photos_gallery","ddd":0,"assets":[],"layers":[{"ddd":0,"ind":1,"ty":4,"nm":"file","sr":1,"ks":{"o":{"a":0,"k":100,"ix":11},"r":{"a":0,"k":-17,"ix":10},"p":{"a":1,"k":[{"i":{"x":0.833,"y":0.833},"o":{"x":0.167,"y":0.167},"t":0,"s":[372,214,0],"to":[3.167,-27.896,0],"ti":[0,0,0]},{"i":{"x":0.833,"y":0.833},"o":{"x":0.167,"y":0.167},"t":92,"s":[367,194,0],"to":[0,0,0],"ti":[-11.583,10.167,0]},{"t":179.000007290819,"s":[372,214,0]}],"ix":2},"a":{"a":0,"k":[16,20.5,0],"ix":1},"s":{"a":0,"k":[195,195,100],"ix":6}},"ao":0,"shapes":[{"ty":"gr","it":[{"ind":0,"ty":"sh","ix":1,"ks":{"a":0,"k":{"i":[[0,0],[0,0],[-0.001,-0.388],[0,0],[0,0],[0,0],[0.457,-0.457],[0,0],[0.646,0],[0,0],[0.296,0.122],[0,0],[0.227,0.227],[0,0],[0.123,0.297],[0,0],[0,0.322],[0,0],[0,0],[-0.123,0.297],[0,0],[-0.227,0.227],[-0.297,0.123],[0,0],[-0.32,0],[0,0],[0,0],[0,0],[-0.175,-0.073],[0,0],[-0.135,-0.135],[0,0],[0,0],[0,0],[0,0],[0,0],[0,0],[0,0],[0.299,0.124],[0,0],[0.323,0],[0,0],[0,0],[0,0],[0.416,-0.173],[0,0],[0.32,-0.32],[0.173,-0.418],[0,0],[0,-0.452],[0,0],[0,0],[-0.173,-0.417],[0,0],[-0.32,-0.319],[0,0],[-0.419,-0.173],[0,0],[-0.452,0],[0,0],[-0.645,0.645],[0,0],[-0.001,0.912],[0,0],[0,0],[0,0],[0.461,0.462],[0,0]],"o":[[0,0],[0.273,0.274],[0,0],[0,0],[0,0],[-0.001,0.648],[0,0],[-0.458,0.458],[0,0],[-0.32,0],[0,0],[-0.296,-0.122],[0,0],[-0.227,-0.226],[0,0],[-0.123,-0.296],[0,0],[0,0],[0,-0.321],[0,0],[0.123,-0.297],[0.227,-0.227],[0,0],[0.295,-0.122],[0,0],[0,0],[0,0],[0.193,0],[0,0],[0.178,0.074],[0,0],[0,0],[0,0],[0,0],[0,0],[0,0],[0,0],[-0.229,-0.229],[0,0],[-0.299,-0.124],[0,0],[0,0],[0,0],[-0.451,0],[0,0],[-0.418,0.173],[-0.32,0.32],[0,0],[-0.172,0.418],[0,0],[0,0],[0.001,0.452],[0,0],[0.173,0.418],[0,0],[0.32,0.32],[0,0],[0.417,0.172],[0,0],[0.912,0],[0,0],[0.646,-0.645],[0,0],[0,0],[0,0],[-0.001,-0.652],[0,0],[0,0]],"v":[[14.138,-12.998],[13.785,-12.645],[14.213,-11.611],[14.213,-11.612],[14.213,16.348],[14.213,16.348],[13.497,18.073],[13.497,18.074],[11.771,18.79],[-11.769,18.79],[-12.704,18.604],[-12.704,18.604],[-13.496,18.075],[-13.497,18.074],[-14.026,17.283],[-14.026,17.282],[-14.213,16.348],[-14.213,16.348],[-14.213,-16.346],[-14.027,-17.282],[-14.027,-17.281],[-13.497,-18.074],[-12.704,-18.604],[-12.704,-18.604],[-11.772,-18.79],[-11.769,-18.79],[-11.769,-18.79],[7.034,-18.79],[7.593,-18.679],[7.594,-18.679],[8.068,-18.362],[8.068,-18.362],[13.785,-12.645],[13.785,-12.645],[14.138,-12.998],[14.492,-13.352],[8.775,-19.069],[8.776,-19.068],[7.976,-19.603],[7.977,-19.602],[7.034,-19.79],[-11.769,-19.79],[-11.768,-19.79],[-11.772,-19.79],[-13.087,-19.528],[-13.086,-19.528],[-14.204,-18.781],[-14.951,-17.664],[-14.951,-17.663],[-15.213,-16.346],[-15.213,16.348],[-15.213,16.349],[-14.95,17.666],[-14.95,17.665],[-14.203,18.782],[-14.203,18.782],[-13.085,19.528],[-13.086,19.528],[-11.769,19.79],[11.771,19.79],[14.204,18.781],[14.204,18.781],[15.213,16.349],[15.213,16.348],[15.213,-11.612],[15.213,-11.613],[14.492,-13.351],[14.492,-13.352]],"c":true},"ix":2},"nm":"Path 1","mn":"ADBE Vector Shape - Group","hd":false},{"ty":"fl","c":{"a":0,"k":[0.058823529411764705,0.09803921568627451,0.11764705882352941,1],"ix":4},"o":{"a":0,"k":100,"ix":5},"r":1,"bm":0,"nm":"Fill 1","mn":"ADBE Vector Graphic - Fill","hd":false},{"ty":"tr","p":{"a":0,"k":[15.692,20.728],"ix":2},"a":{"a":0,"k":[0,0],"ix":1},"s":{"a":0,"k":[100,100],"ix":3},"r":{"a":0,"k":0,"ix":6},"o":{"a":0,"k":100,"ix":7},"sk":{"a":0,"k":0,"ix":4},"sa":{"a":0,"k":0,"ix":5},"nm":"Transform"}],"nm":"stroke_paper","np":2,"cix":2,"bm":0,"ix":1,"mn":"ADBE Vector Group","hd":false},{"ty":"gr","it":[{"ind":0,"ty":"sh","ix":1,"ks":{"a":0,"k":{"i":[[0,0],[0,0],[-0.177,0],[0,0]],"o":[[0,0],[0.171,0.037],[0,0],[0,0]],"v":[[2.883,4.617],[-3.089,-4.617],[-2.566,-4.561],[3.089,-4.561]],"c":true},"ix":2},"nm":"Path 1","mn":"ADBE Vector Shape - Group","hd":false},{"ty":"fl","c":{"a":0,"k":[0.806856940774,0.834884045171,0.823185879576,1],"ix":4},"o":{"a":0,"k":100,"ix":5},"r":1,"bm":0,"nm":"Fill 1","mn":"ADBE Vector Graphic - Fill","hd":false},{"ty":"tr","p":{"a":0,"k":[27.085,14.346],"ix":2},"a":{"a":0,"k":[0,0],"ix":1},"s":{"a":0,"k":[100,100],"ix":3},"r":{"a":0,"k":0,"ix":6},"o":{"a":0,"k":100,"ix":7},"sk":{"a":0,"k":0,"ix":4},"sa":{"a":0,"k":0,"ix":5},"nm":"Transform"}],"nm":"paper_shadow","np":2,"cix":2,"bm":0,"ix":2,"mn":"ADBE Vector Group","hd":false},{"ty":"gr","it":[{"ind":0,"ty":"sh","ix":1,"ks":{"a":0,"k":{"i":[[-0.552,0],[0,0],[0,-0.553],[0.552,0],[0,0],[0,0.553]],"o":[[0,0],[0.552,0],[0,0.553],[0,0],[-0.552,0],[0,-0.553]],"v":[[-4.5,-1],[4.5,-1],[5.5,0],[4.5,1],[-4.5,1],[-5.5,0]],"c":true},"ix":2},"nm":"Path 1","mn":"ADBE Vector Shape - Group","hd":false},{"ty":"fl","c":{"a":0,"k":[0.058823529411764705,0.09803921568627451,0.11764705882352941,1],"ix":4},"o":{"a":0,"k":100,"ix":5},"r":1,"bm":0,"nm":"Fill 1","mn":"ADBE Vector Graphic - Fill","hd":false},{"ty":"tr","p":{"a":0,"k":[11.5,25.463],"ix":2},"a":{"a":0,"k":[0,0],"ix":1},"s":{"a":0,"k":[100,100],"ix":3},"r":{"a":0,"k":0,"ix":6},"o":{"a":0,"k":100,"ix":7},"sk":{"a":0,"k":0,"ix":4},"sa":{"a":0,"k":0,"ix":5},"nm":"Transform"}],"nm":"line3","np":2,"cix":2,"bm":0,"ix":3,"mn":"ADBE Vector Group","hd":false},{"ty":"gr","it":[{"ind":0,"ty":"sh","ix":1,"ks":{"a":0,"k":{"i":[[-0.552,0],[0,0],[0,-0.552],[0.552,0],[0,0],[0,0.552]],"o":[[0,0],[0.552,0],[0,0.552],[0,0],[-0.552,0],[0,-0.552]],"v":[[-8.5,-1],[8.5,-1],[9.5,0],[8.5,1],[-8.5,1],[-9.5,0]],"c":true},"ix":2},"nm":"Path 1","mn":"ADBE Vector Shape - Group","hd":false},{"ty":"fl","c":{"a":0,"k":[0.058823529411764705,0.09803921568627451,0.11764705882352941,1],"ix":4},"o":{"a":0,"k":100,"ix":5},"r":1,"bm":0,"nm":"Fill 1","mn":"ADBE Vector Graphic - Fill","hd":false},{"ty":"tr","p":{"a":0,"k":[15.5,19.459],"ix":2},"a":{"a":0,"k":[0,0],"ix":1},"s":{"a":0,"k":[100,100],"ix":3},"r":{"a":0,"k":0,"ix":6},"o":{"a":0,"k":100,"ix":7},"sk":{"a":0,"k":0,"ix":4},"sa":{"a":0,"k":0,"ix":5},"nm":"Transform"}],"nm":"line2","np":2,"cix":2,"bm":0,"ix":4,"mn":"ADBE Vector Group","hd":false},{"ty":"gr","it":[{"ind":0,"ty":"sh","ix":1,"ks":{"a":0,"k":{"i":[[0,0],[0,0],[0,0],[0,0],[0,0],[0,0],[0,-0.553],[-0.553,-0.001],[0,0],[-0.001,0.553],[0.552,0.001],[0,0]],"o":[[0,0],[0,0],[0,0],[0,0],[0,0],[-0.552,0],[0.001,0.553],[0,0],[0.552,-0.001],[-0.001,-0.554],[0,0],[0,0]],"v":[[-8.5,-0.5],[-8.5,0],[8.5,0],[-8.5,0],[-8.5,-0.5],[-8.5,-1],[-9.5,0],[-8.5,1],[8.5,1],[9.5,0],[8.5,-1],[-8.5,-1]],"c":true},"ix":2},"nm":"Path 1","mn":"ADBE Vector Shape - Group","hd":false},{"ty":"fl","c":{"a":0,"k":[0.058823529411764705,0.09803921568627451,0.11764705882352941,1],"ix":4},"o":{"a":0,"k":100,"ix":5},"r":1,"bm":0,"nm":"Fill 1","mn":"ADBE Vector Graphic - Fill","hd":false},{"ty":"tr","p":{"a":0,"k":[15.5,13.459],"ix":2},"a":{"a":0,"k":[0,0],"ix":1},"s":{"a":0,"k":[100,100],"ix":3},"r":{"a":0,"k":0,"ix":6},"o":{"a":0,"k":100,"ix":7},"sk":{"a":0,"k":0,"ix":4},"sa":{"a":0,"k":0,"ix":5},"nm":"Transform"}],"nm":"line1","np":2,"cix":2,"bm":0,"ix":5,"mn":"ADBE Vector Group","hd":false},{"ty":"gr","it":[{"ind":0,"ty":"sh","ix":1,"ks":{"a":0,"k":{"i":[[0,-0.276],[0,0],[-0.462,-0.462],[-0.653,0],[0,0],[0,0.276],[0.276,0],[0,0],[0.275,0.274],[0,0.388],[0,0],[0.276,0]],"o":[[0,0],[0,0.653],[0.462,0.461],[0,0],[0.276,0],[0,-0.276],[0,0],[-0.386,0],[-0.274,-0.274],[0,0],[0,-0.276],[-0.276,0]],"v":[[-4.423,-3.923],[-4.423,1.961],[-3.702,3.702],[-1.962,4.423],[3.923,4.423],[4.423,3.923],[3.923,3.423],[-1.962,3.423],[-2.995,2.995],[-3.423,1.961],[-3.423,-3.923],[-3.923,-4.423]],"c":true},"ix":2},"nm":"Path 1","mn":"ADBE Vector Shape - Group","hd":false},{"ty":"fl","c":{"a":0,"k":[0.058823529411764705,0.09803921568627451,0.11764705882352941,1],"ix":4},"o":{"a":0,"k":100,"ix":5},"r":1,"bm":0,"nm":"Fill 1","mn":"ADBE Vector Graphic - Fill","hd":false},{"ty":"tr","p":{"a":0,"k":[26.481,5.362],"ix":2},"a":{"a":0,"k":[0,0],"ix":1},"s":{"a":0,"k":[100,100],"ix":3},"r":{"a":0,"k":0,"ix":6},"o":{"a":0,"k":100,"ix":7},"sk":{"a":0,"k":0,"ix":4},"sa":{"a":0,"k":0,"ix":5},"nm":"Transform"}],"nm":"paper_ear","np":2,"cix":2,"bm":0,"ix":6,"mn":"ADBE Vector Group","hd":false},{"ty":"gr","it":[{"ind":0,"ty":"sh","ix":1,"ks":{"a":0,"k":{"i":[[0,0],[-0.001,-0.52],[0,0],[0.552,-0.551],[0.779,0],[0,0],[0.357,0.147],[0.273,0.273],[0.148,0.357],[0,0.387],[0,0],[-0.147,0.357],[-0.273,0.273],[-0.357,0.148],[-0.387,-0.001],[0,0],[-0.237,-0.099],[-0.182,-0.182]],"o":[[0.367,0.368],[0,0],[-0.001,0.78],[-0.552,0.552],[0,0],[-0.386,0],[-0.357,-0.148],[-0.273,-0.272],[-0.148,-0.357],[0,0],[0,-0.387],[0.148,-0.357],[0.273,-0.273],[0.357,-0.148],[0,0],[0.258,0],[0.238,0.099],[0,0]],"v":[[14.138,-12.998],[14.713,-11.612],[14.713,16.348],[13.85,18.428],[11.771,19.29],[-11.769,19.29],[-12.895,19.066],[-13.85,18.428],[-14.488,17.474],[-14.713,16.348],[-14.713,-16.345],[-14.489,-17.472],[-13.851,-18.427],[-12.895,-19.066],[-11.769,-19.289],[7.034,-19.289],[7.785,-19.14],[8.422,-18.715]],"c":true},"ix":2},"nm":"Path 1","mn":"ADBE Vector Shape - Group","hd":false},{"ty":"fl","c":{"a":0,"k":[0.987617881625,1,0.951348039216,1],"ix":4},"o":{"a":0,"k":100,"ix":5},"r":1,"bm":0,"nm":"Fill 1","mn":"ADBE Vector Graphic - Fill","hd":false},{"ty":"tr","p":{"a":0,"k":[15.692,20.728],"ix":2},"a":{"a":0,"k":[0,0],"ix":1},"s":{"a":0,"k":[100,100],"ix":3},"r":{"a":0,"k":0,"ix":6},"o":{"a":0,"k":100,"ix":7},"sk":{"a":0,"k":0,"ix":4},"sa":{"a":0,"k":0,"ix":5},"nm":"Transform"}],"nm":"bg","np":2,"cix":2,"bm":0,"ix":7,"mn":"ADBE Vector Group","hd":false}],"ip":0,"op":1800.0000733155,"st":0,"bm":0},{"ddd":0,"ind":2,"ty":4,"nm":"picture","sr":1,"ks":{"o":{"a":0,"k":100,"ix":11},"r":{"a":0,"k":16,"ix":10},"p":{"a":1,"k":[{"i":{"x":0.833,"y":0.833},"o":{"x":0.167,"y":0.167},"t":0,"s":[109.5,239.32,0],"to":[-0.397,-0.372,0],"ti":[0.252,0.494,0]},{"i":{"x":0.833,"y":0.833},"o":{"x":0.167,"y":0.167},"t":8,"s":[106.031,238.009,0],"to":[-1.779,-3.485,0],"ti":[-1.182,0.252,0]},{"i":{"x":0.833,"y":0.833},"o":{"x":0.167,"y":0.167},"t":58,"s":[109.5,228.32,0],"to":[3.411,-0.728,0],"ti":[0,-1.833,0]},{"i":{"x":0.833,"y":0.833},"o":{"x":0.167,"y":0.167},"t":128,"s":[116.5,248.32,0],"to":[0,1.833,0],"ti":[0.847,0.74,0]},{"t":179.000007290819,"s":[109.5,239.32,0]}],"ix":2},"a":{"a":0,"k":[31.5,32.5,0],"ix":1},"s":{"a":0,"k":[200,200,100],"ix":6}},"ao":0,"shapes":[{"ty":"gr","it":[{"ind":0,"ty":"sh","ix":1,"ks":{"a":0,"k":{"i":[[0,0],[0,0],[0,0],[-0.907,-0.906],[0,-1.382],[0,0],[0.906,-0.906],[1.382,0],[0,0],[0.906,0.906],[0,1.382],[0,0],[-0.906,0.906],[-1.382,0],[0,0],[0,0],[0,-3.314],[0,0],[0,0],[-3.314,0],[0,0],[0,3.314],[0,0],[3.314,0],[0,0]],"o":[[0,0],[0,0],[1.382,0],[0.906,0.906],[0,0],[0,1.382],[-0.907,0.906],[0,0],[-1.382,0],[-0.906,-0.906],[0,0],[0,-1.382],[0.906,-0.906],[0,0],[0,0],[-3.314,0],[0,0],[0,0],[0,3.314],[0,0],[3.314,0],[0,0],[0,-3.314],[0,0],[0,0]],"v":[[-25.168,-31.889],[-25.168,-31.389],[25.168,-31.389],[28.704,-29.925],[30.099,-26.63],[30.099,26.149],[28.704,29.925],[25.168,31.389],[-25.168,31.389],[-28.704,29.925],[-30.168,26.389],[-30.168,-26.389],[-28.704,-29.925],[-25.168,-31.389],[-25.168,-31.889],[-25.168,-32.389],[-31.168,-26.389],[-31.168,-26.389],[-31.168,26.389],[-25.168,32.389],[25.168,32.389],[31.168,26.39],[31.168,-26.389],[25.168,-32.389],[-25.168,-32.389]],"c":true},"ix":2},"nm":"Path 1","mn":"ADBE Vector Shape - Group","hd":false},{"ty":"fl","c":{"a":0,"k":[0.21568627451,0.278431372549,0.309803921569,1],"ix":4},"o":{"a":0,"k":100,"ix":5},"r":1,"bm":0,"nm":"Fill 1","mn":"ADBE Vector Graphic - Fill","hd":false},{"ty":"tr","p":{"a":0,"k":[31.168,32.611],"ix":2},"a":{"a":0,"k":[0,0],"ix":1},"s":{"a":0,"k":[100,100],"ix":3},"r":{"a":0,"k":0,"ix":6},"o":{"a":0,"k":100,"ix":7},"sk":{"a":0,"k":0,"ix":4},"sa":{"a":0,"k":0,"ix":5},"nm":"Transform"}],"nm":"stroke","np":2,"cix":2,"bm":0,"ix":1,"mn":"ADBE Vector Group","hd":false},{"ty":"gr","it":[{"ind":0,"ty":"sh","ix":1,"ks":{"a":0,"k":{"i":[[0,0],[0,0],[-0.866,-0.866],[0,-1.322],[0.866,-0.866],[1.322,0],[0.866,0.866],[0,1.322],[-0.866,0.866],[-1.322,0],[0,0],[0,0],[0,-3.194],[-3.194,0],[0,3.194],[3.194,0]],"o":[[0,0],[1.322,0],[0.866,0.866],[0,1.322],[-0.866,0.866],[-1.322,0],[-0.866,-0.866],[0,-1.322],[0.866,-0.866],[0,0],[0,0],[-3.194,0],[0,3.194],[3.194,0],[0,-3.194],[0,0]],"v":[[0,-5.28],[0,-4.78],[3.381,-3.381],[4.78,0],[3.381,3.381],[0,4.78],[-3.381,3.381],[-4.78,0],[-3.381,-3.381],[0,-4.78],[0,-5.28],[0,-5.78],[-5.78,0],[0,5.78],[5.78,0],[0,-5.78]],"c":true},"ix":2},"nm":"Path 1","mn":"ADBE Vector Shape - Group","hd":false},{"ty":"fl","c":{"a":0,"k":[0.058823529411764705,0.09803921568627451,0.11764705882352941,1],"ix":4},"o":{"a":0,"k":100,"ix":5},"r":1,"bm":0,"nm":"Fill 1","mn":"ADBE Vector Graphic - Fill","hd":false},{"ty":"tr","p":{"a":0,"k":[15.809,16.619],"ix":2},"a":{"a":0,"k":[0,0],"ix":1},"s":{"a":0,"k":[100,100],"ix":3},"r":{"a":0,"k":0,"ix":6},"o":{"a":0,"k":100,"ix":7},"sk":{"a":0,"k":0,"ix":4},"sa":{"a":0,"k":0,"ix":5},"nm":"Transform"}],"nm":"sun","np":2,"cix":2,"bm":0,"ix":2,"mn":"ADBE Vector Group","hd":false},{"ty":"gr","it":[{"ind":0,"ty":"sh","ix":1,"ks":{"a":0,"k":{"i":[[-2.917,0],[0,-2.918],[2.918,0],[0,2.918]],"o":[[2.918,0],[0,2.918],[-2.917,0],[0,-2.918]],"v":[[0,-5.28],[5.28,0],[0,5.28],[-5.28,0]],"c":true},"ix":2},"nm":"Path 1","mn":"ADBE Vector Shape - Group","hd":false},{"ty":"fl","c":{"a":0,"k":[0.954326674517,0.979818845263,0.294171501608,1],"ix":4},"o":{"a":0,"k":100,"ix":5},"r":1,"bm":0,"nm":"Fill 1","mn":"ADBE Vector Graphic - Fill","hd":false},{"ty":"tr","p":{"a":0,"k":[15.809,16.619],"ix":2},"a":{"a":0,"k":[0,0],"ix":1},"s":{"a":0,"k":[100,100],"ix":3},"r":{"a":0,"k":0,"ix":6},"o":{"a":0,"k":100,"ix":7},"sk":{"a":0,"k":0,"ix":4},"sa":{"a":0,"k":0,"ix":5},"nm":"Transform"}],"nm":"sun_yellow","np":2,"cix":2,"bm":0,"ix":3,"mn":"ADBE Vector Group","hd":false},{"ty":"gr","it":[{"ind":0,"ty":"sh","ix":1,"ks":{"a":0,"k":{"i":[[-0.276,0],[0,0],[0,0.276],[0.276,0],[0,0],[0,0],[0,-0.276]],"o":[[0,0],[0.276,0],[0,-0.276],[0,0],[0,0],[-0.276,0],[0,0.276]],"v":[[-30.507,0.445],[29.489,0.5],[29.989,0],[29.489,-0.5],[-19.273,-0.544],[-30.507,-0.555],[-31.007,-0.055]],"c":true},"ix":2},"nm":"Path 1","mn":"ADBE Vector Shape - Group","hd":false},{"ty":"fl","c":{"a":0,"k":[0.058823529411764705,0.09803921568627451,0.11764705882352941,1],"ix":4},"o":{"a":0,"k":100,"ix":5},"r":1,"bm":0,"nm":"Fill 1","mn":"ADBE Vector Graphic - Fill","hd":false},{"ty":"tr","p":{"a":0,"k":[31.695,47.733],"ix":2},"a":{"a":0,"k":[0,0],"ix":1},"s":{"a":0,"k":[100,100],"ix":3},"r":{"a":0,"k":0,"ix":6},"o":{"a":0,"k":100,"ix":7},"sk":{"a":0,"k":0,"ix":4},"sa":{"a":0,"k":0,"ix":5},"nm":"Transform"}],"nm":"line_ground","np":2,"cix":2,"bm":0,"ix":4,"mn":"ADBE Vector Group","hd":false},{"ty":"gr","it":[{"ind":0,"ty":"sh","ix":1,"ks":{"a":0,"k":{"i":[[-0.166,0.221],[0,0],[-0.595,0.247],[-0.492,0],[-0.671,-0.503],[0,0],[-0.12,-0.122],[0,0],[0,0],[-0.144,0.01],[-0.087,0.116],[0,0],[-1.134,0.001],[-0.672,-0.503],[0,0],[-0.21,-0.282],[0,0],[0,0],[-0.221,0.166],[0.166,0.221],[0,0],[0,0],[0.36,0.268],[0,0],[0.986,0],[0.927,-1.237],[0,0],[0,0],[0,0],[0,0],[0.176,0.133],[0,0],[0.985,0],[0.927,-1.237],[0,0],[-0.221,-0.166]],"o":[[0,0],[0.415,-0.553],[0.456,-0.189],[0.778,0],[0,0],[0.145,0.109],[0,0],[0,0],[0.102,0.102],[0.144,-0.01],[0,0],[0.733,-0.977],[0.779,0],[0,0],[0.283,0.211],[0,0],[0,0],[0.166,0.221],[0.221,-0.166],[0,0],[0,0],[-0.268,-0.359],[0,0],[-0.849,-0.636],[-1.434,-0.001],[0,0],[0,0],[0,0],[0,0],[-0.161,-0.165],[0,0],[-0.848,-0.636],[-1.435,-0.001],[0,0],[-0.166,0.221],[0.221,0.166]],"v":[[-20.89,12.588],[-11.141,-0.412],[-9.593,-1.617],[-8.156,-1.903],[-5.927,-1.159],[-5.928,-1.16],[-5.531,-0.815],[-5.527,-0.811],[-2.635,2.081],[-2.246,2.227],[-1.881,2.028],[7.412,-10.364],[10.394,-11.854],[12.626,-11.108],[12.627,-11.108],[13.37,-10.365],[13.371,-10.364],[20.89,-0.338],[21.59,-0.238],[21.69,-0.938],[14.17,-10.964],[14.171,-10.963],[13.225,-11.909],[13.226,-11.909],[10.394,-12.854],[6.612,-10.964],[-2.335,0.967],[-4.82,-1.518],[-5.173,-1.165],[-4.816,-1.515],[-5.326,-1.959],[-5.327,-1.959],[-8.156,-2.903],[-11.941,-1.012],[-21.69,11.988],[-21.59,12.688]],"c":true},"ix":2},"nm":"Path 1","mn":"ADBE Vector Shape - Group","hd":false},{"ty":"fl","c":{"a":0,"k":[0.058823529411764705,0.09803921568627451,0.11764705882352941,1],"ix":4},"o":{"a":0,"k":100,"ix":5},"r":1,"bm":0,"nm":"Fill 1","mn":"ADBE Vector Graphic - Fill","hd":false},{"ty":"tr","p":{"a":0,"k":[33.931,34.957],"ix":2},"a":{"a":0,"k":[0,0],"ix":1},"s":{"a":0,"k":[100,100],"ix":3},"r":{"a":0,"k":0,"ix":6},"o":{"a":0,"k":100,"ix":7},"sk":{"a":0,"k":0,"ix":4},"sa":{"a":0,"k":0,"ix":5},"nm":"Transform"}],"nm":"mtn_shape","np":2,"cix":2,"bm":0,"ix":5,"mn":"ADBE Vector Group","hd":false},{"ty":"gr","it":[{"ind":0,"ty":"sh","ix":1,"ks":{"a":0,"k":{"i":[[0,0],[0,0],[0,0],[0,0],[0,0]],"o":[[0,0],[0,0],[0,0],[0,0],[0,0]],"v":[[4.097,7.318],[-8.25,7.278],[-8.022,-7.318],[-5.75,-7.182],[8.25,6.778]],"c":true},"ix":2},"nm":"Path 1","mn":"ADBE Vector Shape - Group","hd":false},{"ty":"fl","c":{"a":0,"k":[0,0,0,1],"ix":4},"o":{"a":0,"k":20,"ix":5},"r":1,"bm":0,"nm":"Fill 1","mn":"ADBE Vector Graphic - Fill","hd":false},{"ty":"tr","p":{"a":0,"k":[33.511,40.293],"ix":2},"a":{"a":0,"k":[0,0],"ix":1},"s":{"a":0,"k":[100,100],"ix":3},"r":{"a":0,"k":0,"ix":6},"o":{"a":0,"k":100,"ix":7},"sk":{"a":0,"k":0,"ix":4},"sa":{"a":0,"k":0,"ix":5},"nm":"Transform"}],"nm":"shadow_left","np":2,"cix":2,"bm":0,"ix":6,"mn":"ADBE Vector Group","hd":false},{"ty":"gr","it":[{"ind":0,"ty":"sh","ix":1,"ks":{"a":0,"k":{"i":[[6.801,4.723],[0,0],[0,0]],"o":[[-5.41,-3.757],[0,0],[0,0]],"v":[[28.004,33.197],[12.538,47.658],[41.191,47.593]],"c":true},"ix":2},"nm":"Path 1","mn":"ADBE Vector Shape - Group","hd":false},{"ty":"fl","c":{"a":0,"k":[0.042081428977,0.856587009804,0.640383611941,1],"ix":4},"o":{"a":0,"k":100,"ix":5},"r":1,"bm":0,"nm":"Fill 1","mn":"ADBE Vector Graphic - Fill","hd":false},{"ty":"tr","p":{"a":0,"k":[0,0],"ix":2},"a":{"a":0,"k":[0,0],"ix":1},"s":{"a":0,"k":[100,100],"ix":3},"r":{"a":0,"k":0,"ix":6},"o":{"a":0,"k":100,"ix":7},"sk":{"a":0,"k":0,"ix":4},"sa":{"a":0,"k":0,"ix":5},"nm":"Transform"}],"nm":"color_mtn_left","np":2,"cix":2,"bm":0,"ix":7,"mn":"ADBE Vector Group","hd":false},{"ty":"gr","it":[{"ind":0,"ty":"sh","ix":1,"ks":{"a":0,"k":{"i":[[0,0],[0,0],[0,0],[0,0],[0,0]],"o":[[0,0],[0,0],[0,0],[0,0],[0,0]],"v":[[8.5,12],[-3,12],[-8.5,-12],[-6,-12],[8.5,6.5]],"c":true},"ix":2},"nm":"Path 1","mn":"ADBE Vector Shape - Group","hd":false},{"ty":"fl","c":{"a":0,"k":[0,0,0,1],"ix":4},"o":{"a":0,"k":20,"ix":5},"r":1,"bm":0,"nm":"Fill 1","mn":"ADBE Vector Graphic - Fill","hd":false},{"ty":"tr","p":{"a":0,"k":[52.761,35.071],"ix":2},"a":{"a":0,"k":[0,0],"ix":1},"s":{"a":0,"k":[100,100],"ix":3},"r":{"a":0,"k":0,"ix":6},"o":{"a":0,"k":100,"ix":7},"sk":{"a":0,"k":0,"ix":4},"sa":{"a":0,"k":0,"ix":5},"nm":"Transform"}],"nm":"shadow_right","np":2,"cix":2,"bm":0,"ix":8,"mn":"ADBE Vector Group","hd":false},{"ty":"gr","it":[{"ind":0,"ty":"sh","ix":1,"ks":{"a":0,"k":{"i":[[6.801,4.723],[0,0],[0,0],[0,0]],"o":[[-5.41,-3.757],[0,0],[0,0],[0,0]],"v":[[30.175,23.081],[10.822,48.02],[46.579,47.344],[46.612,42.917]],"c":true},"ix":2},"nm":"Path 1","mn":"ADBE Vector Shape - Group","hd":false},{"ty":"fl","c":{"a":0,"k":[0.042081428977,0.856587009804,0.640383611941,1],"ix":4},"o":{"a":0,"k":100,"ix":5},"r":1,"bm":0,"nm":"Fill 1","mn":"ADBE Vector Graphic - Fill","hd":false},{"ty":"tr","p":{"a":0,"k":[15.117,0.07],"ix":2},"a":{"a":0,"k":[0,0],"ix":1},"s":{"a":0,"k":[100,100],"ix":3},"r":{"a":0,"k":0,"ix":6},"o":{"a":0,"k":100,"ix":7},"sk":{"a":0,"k":0,"ix":4},"sa":{"a":0,"k":0,"ix":5},"nm":"Transform"}],"nm":"color_mtn_right","np":2,"cix":2,"bm":0,"ix":9,"mn":"ADBE Vector Group","hd":false},{"ty":"gr","it":[{"ind":0,"ty":"sh","ix":1,"ks":{"a":0,"k":{"i":[[0,0],[0,0],[0,0],[0,0],[0,0],[0,0]],"o":[[0,0],[0,0],[0,0],[0,0],[0,0],[0,0]],"v":[[89.587,-20.551],[90.923,12.78],[83.821,19.832],[-82.502,20.7],[-89.751,10.121],[-89.587,-20.551]],"c":true},"ix":2},"nm":"Path 1","mn":"ADBE Vector Shape - Group","hd":false},{"ty":"fl","c":{"a":0,"k":[0.617079377174,0.95407474041,0.704518616199,1],"ix":4},"o":{"a":0,"k":100,"ix":5},"r":1,"bm":0,"nm":"Fill 1","mn":"ADBE Vector Graphic - Fill","hd":false},{"ty":"tr","p":{"a":0,"k":[30.803,55.691],"ix":2},"a":{"a":0,"k":[0,0],"ix":1},"s":{"a":0,"k":[33.824,40.993],"ix":3},"r":{"a":0,"k":0,"ix":6},"o":{"a":0,"k":100,"ix":7},"sk":{"a":0,"k":0,"ix":4},"sa":{"a":0,"k":0,"ix":5},"nm":"Transform"}],"nm":"floor","np":2,"cix":2,"bm":0,"ix":10,"mn":"ADBE Vector Group","hd":false},{"ty":"gr","it":[{"ind":0,"ty":"sh","ix":1,"ks":{"a":0,"k":{"i":[[-3.038,0],[0,0],[0,-3.038],[0,0],[3.037,0],[0,0],[0,3.037],[0,0]],"o":[[0,0],[3.037,0],[0,0],[0,3.037],[0,0],[-3.038,0],[0,0],[0,-3.038]],"v":[[-25.168,-31.889],[25.168,-31.889],[30.668,-26.389],[30.668,26.389],[25.168,31.889],[-25.168,31.889],[-30.668,26.389],[-30.668,-26.389]],"c":true},"ix":2},"nm":"Path 1","mn":"ADBE Vector Shape - Group","hd":false},{"ty":"fl","c":{"a":0,"k":[0.879442401961,0.951776960784,1,1],"ix":4},"o":{"a":0,"k":100,"ix":5},"r":1,"bm":0,"nm":"Fill 1","mn":"ADBE Vector Graphic - Fill","hd":false},{"ty":"tr","p":{"a":0,"k":[31.168,32.611],"ix":2},"a":{"a":0,"k":[0,0],"ix":1},"s":{"a":0,"k":[100,100],"ix":3},"r":{"a":0,"k":0,"ix":6},"o":{"a":0,"k":100,"ix":7},"sk":{"a":0,"k":0,"ix":4},"sa":{"a":0,"k":0,"ix":5},"nm":"Transform"}],"nm":"bg","np":2,"cix":2,"bm":0,"ix":11,"mn":"ADBE Vector Group","hd":false}],"ip":0,"op":1800.0000733155,"st":0,"bm":0},{"ddd":0,"ind":3,"ty":4,"nm":"upload_cloud","sr":1,"ks":{"o":{"a":0,"k":100,"ix":11},"r":{"a":0,"k":0,"ix":10},"p":{"a":0,"k":[253,262.5,0],"ix":2},"a":{"a":0,"k":[34,34.5,0],"ix":1},"s":{"a":1,"k":[{"i":{"x":[0.2,0.2,0.833],"y":[1,1,1]},"o":{"x":[0.4,0.4,0.167],"y":[0,0,0]},"t":42,"s":[110,110,100]},{"i":{"x":[0.2,0.2,0.833],"y":[1,1,1]},"o":{"x":[0.4,0.4,0.167],"y":[0,0,0]},"t":44.916,"s":[125,125,100]},{"i":{"x":[0.2,0.2,0.833],"y":[1,1,1]},"o":{"x":[0.4,0.4,0.167],"y":[0,0,0]},"t":49,"s":[110,110,100]},{"i":{"x":[0.2,0.2,0.833],"y":[1,1,1]},"o":{"x":[0.4,0.4,0.167],"y":[0,0,0]},"t":103,"s":[110,110,100]},{"i":{"x":[0.2,0.2,0.833],"y":[1,1,1]},"o":{"x":[0.4,0.4,0.167],"y":[0,0,0]},"t":105.916,"s":[125,125,100]},{"i":{"x":[0.2,0.2,0.833],"y":[1,1,1]},"o":{"x":[0.4,0.4,0.167],"y":[0,0,0]},"t":110,"s":[110,110,100]},{"i":{"x":[0.2,0.2,0.833],"y":[1,1,1]},"o":{"x":[0.4,0.4,0.167],"y":[0,0,0]},"t":164,"s":[110,110,100]},{"i":{"x":[0.2,0.2,0.833],"y":[1,1,1]},"o":{"x":[0.4,0.4,0.167],"y":[0,0,0]},"t":166.916,"s":[125,125,100]},{"t":171.000006964973,"s":[110,110,100]}],"ix":6}},"ao":0,"shapes":[{"ty":"gr","it":[{"ind":0,"ty":"sh","ix":1,"ks":{"a":0,"k":{"i":[[3.882,-0.937],[2.844,-2.805],[0.996,-3.871],[-1.141,-3.832],[-2.949,-2.699],[-3.918,-0.797],[0,0],[0,0],[-2.007,1.012],[-1.332,1.809],[-0.375,2.215],[0.668,2.149],[1.567,1.614],[2.125,0.731],[2.226,-0.305],[1.847,-1.277],[2.652,2.985],[3.817,1.191]],"o":[[-3.887,0.942],[-2.847,2.808],[-0.996,3.871],[1.141,3.833],[2.945,2.695],[0,0],[0,0],[2.246,0.004],[2.004,-1.011],[1.336,-1.808],[0.371,-2.219],[-0.668,-2.144],[-1.562,-1.613],[-2.125,-0.734],[-2.223,0.308],[-0.739,-3.93],[-2.656,-2.988],[-3.812,-1.196]],"v":[[-16.158,-21.256],[-26.444,-15.533],[-32.314,-5.33],[-32.096,6.439],[-25.846,16.416],[-15.354,21.752],[15.491,22.189],[18.795,22.189],[25.264,20.658],[30.342,16.369],[32.939,10.252],[32.49,3.615],[29.095,-2.1],[23.487,-5.666],[16.869,-6.318],[10.674,-3.908],[5.49,-14.475],[-4.397,-20.865]],"c":true},"ix":2},"nm":"Path 1","mn":"ADBE Vector Shape - Group","hd":false},{"ty":"st","c":{"a":0,"k":[1,1,1,1],"ix":3},"o":{"a":0,"k":100,"ix":4},"w":{"a":0,"k":2,"ix":5},"lc":2,"lj":2,"bm":0,"nm":"Stroke 1","mn":"ADBE Vector Graphic - Stroke","hd":false},{"ty":"tr","p":{"a":0,"k":[33.759,22.623],"ix":2},"a":{"a":0,"k":[0,0],"ix":1},"s":{"a":0,"k":[100,100],"ix":3},"r":{"a":0,"k":0,"ix":6},"o":{"a":0,"k":100,"ix":7},"sk":{"a":0,"k":0,"ix":4},"sa":{"a":0,"k":0,"ix":5},"nm":"Transform"}],"nm":"cloud","np":2,"cix":2,"bm":0,"ix":1,"mn":"ADBE Vector Group","hd":false},{"ty":"fl","c":{"a":0,"k":[0.13333333333333333,0.17647058823529413,0.19215686274509805,1],"ix":4},"o":{"a":0,"k":100,"ix":5},"r":1,"bm":0,"nm":"Fill 1","mn":"ADBE Vector Graphic - Fill","hd":false}],"ip":0,"op":1800.0000733155,"st":0,"bm":0},{"ddd":0,"ind":6,"ty":4,"nm":"arrow 4","sr":1,"ks":{"o":{"a":0,"k":100,"ix":11},"r":{"a":0,"k":0,"ix":10},"p":{"a":1,"k":[{"i":{"x":0.2,"y":1},"o":{"x":0.4,"y":0},"t":123,"s":[252.794,329.45,0],"to":[0,-5.833,0],"ti":[0,5.833,0]},{"i":{"x":0.2,"y":0.2},"o":{"x":0.4,"y":0.4},"t":136.965,"s":[252.794,294.45,0],"to":[0,0,0],"ti":[0,0,0]},{"i":{"x":0.2,"y":1},"o":{"x":0.4,"y":0},"t":158.38,"s":[252.794,294.45,0],"to":[0,-6.667,0],"ti":[0,6.667,0]},{"t":177.000007209358,"s":[252.794,254.45,0]}],"ix":2},"a":{"a":0,"k":[33.828,53.625,0],"ix":1},"s":{"a":1,"k":[{"i":{"x":[0.2,0.2,0.833],"y":[1,1,1]},"o":{"x":[0.4,0.4,0.167],"y":[0,0,0]},"t":123,"s":[0,0,100]},{"i":{"x":[0.2,0.2,0.833],"y":[1,1,1]},"o":{"x":[0.4,0.4,0.167],"y":[0,0,0]},"t":139.53,"s":[120,120,100]},{"i":{"x":[0.2,0.2,0.833],"y":[1,1,1]},"o":{"x":[0.4,0.4,0.167],"y":[0,0,0]},"t":158.38,"s":[120,120,100]},{"t":177.000007209358,"s":[0,0,100]}],"ix":6}},"ao":0,"shapes":[{"ty":"gr","it":[{"ind":0,"ty":"sh","ix":1,"ks":{"a":0,"k":{"i":[[0,0],[0,0]],"o":[[0,0],[0,0]],"v":[[0,20.93],[0,-5.508]],"c":false},"ix":2},"nm":"Path 1","mn":"ADBE Vector Shape - Group","hd":false},{"ind":1,"ty":"sh","ix":2,"ks":{"a":0,"k":{"i":[[0,0],[0,0],[0,0]],"o":[[0,0],[0,0],[0,0]],"v":[[-11.016,5.508],[0,-5.508],[11.016,5.508]],"c":false},"ix":2},"nm":"Path 2","mn":"ADBE Vector Shape - Group","hd":false},{"ty":"st","c":{"a":0,"k":[0.13333333333333333,0.17647058823529413,0.19215686274509805,1],"ix":3},"o":{"a":0,"k":100,"ix":4},"w":{"a":0,"k":2,"ix":5},"lc":2,"lj":2,"bm":0,"nm":"Stroke 1","mn":"ADBE Vector Graphic - Stroke","hd":false},{"ty":"tr","p":{"a":0,"k":[33.828,45.914],"ix":2},"a":{"a":0,"k":[0,0],"ix":1},"s":{"a":0,"k":[100,100],"ix":3},"r":{"a":0,"k":0,"ix":6},"o":{"a":0,"k":100,"ix":7},"sk":{"a":0,"k":0,"ix":4},"sa":{"a":0,"k":0,"ix":5},"nm":"Transform"}],"nm":"arrow","np":3,"cix":2,"bm":0,"ix":1,"mn":"ADBE Vector Group","hd":false}],"ip":123.000005009893,"op":180.00000733155,"st":123.000005009893,"bm":0},{"ddd":0,"ind":7,"ty":4,"nm":"arrow 3","sr":1,"ks":{"o":{"a":0,"k":100,"ix":11},"r":{"a":0,"k":0,"ix":10},"p":{"a":1,"k":[{"i":{"x":0.2,"y":1},"o":{"x":0.4,"y":0},"t":61,"s":[252.794,329.45,0],"to":[0,-5.833,0],"ti":[0,5.833,0]},{"i":{"x":0.2,"y":0.2},"o":{"x":0.4,"y":0.4},"t":74.965,"s":[252.794,294.45,0],"to":[0,0,0],"ti":[0,0,0]},{"i":{"x":0.2,"y":1},"o":{"x":0.4,"y":0},"t":96.38,"s":[252.794,294.45,0],"to":[0,-6.667,0],"ti":[0,6.667,0]},{"t":115.000004684046,"s":[252.794,254.45,0]}],"ix":2},"a":{"a":0,"k":[33.828,53.625,0],"ix":1},"s":{"a":1,"k":[{"i":{"x":[0.2,0.2,0.833],"y":[1,1,1]},"o":{"x":[0.4,0.4,0.167],"y":[0,0,0]},"t":61,"s":[0,0,100]},{"i":{"x":[0.2,0.2,0.833],"y":[1,1,1]},"o":{"x":[0.4,0.4,0.167],"y":[0,0,0]},"t":77.53,"s":[120,120,100]},{"i":{"x":[0.2,0.2,0.833],"y":[1,1,1]},"o":{"x":[0.4,0.4,0.167],"y":[0,0,0]},"t":96.38,"s":[120,120,100]},{"t":115.000004684046,"s":[0,0,100]}],"ix":6}},"ao":0,"shapes":[{"ty":"gr","it":[{"ind":0,"ty":"sh","ix":1,"ks":{"a":0,"k":{"i":[[0,0],[0,0]],"o":[[0,0],[0,0]],"v":[[0,20.93],[0,-5.508]],"c":false},"ix":2},"nm":"Path 1","mn":"ADBE Vector Shape - Group","hd":false},{"ind":1,"ty":"sh","ix":2,"ks":{"a":0,"k":{"i":[[0,0],[0,0],[0,0]],"o":[[0,0],[0,0],[0,0]],"v":[[-11.016,5.508],[0,-5.508],[11.016,5.508]],"c":false},"ix":2},"nm":"Path 2","mn":"ADBE Vector Shape - Group","hd":false},{"ty":"st","c":{"a":0,"k":[0.13333333333333333,0.17647058823529413,0.19215686274509805,1],"ix":3},"o":{"a":0,"k":100,"ix":4},"w":{"a":0,"k":2,"ix":5},"lc":2,"lj":2,"bm":0,"nm":"Stroke 1","mn":"ADBE Vector Graphic - Stroke","hd":false},{"ty":"tr","p":{"a":0,"k":[33.828,45.914],"ix":2},"a":{"a":0,"k":[0,0],"ix":1},"s":{"a":0,"k":[100,100],"ix":3},"r":{"a":0,"k":0,"ix":6},"o":{"a":0,"k":100,"ix":7},"sk":{"a":0,"k":0,"ix":4},"sa":{"a":0,"k":0,"ix":5},"nm":"Transform"}],"nm":"arrow","np":3,"cix":2,"bm":0,"ix":1,"mn":"ADBE Vector Group","hd":false}],"ip":61.0000024845809,"op":118.000004806239,"st":61.0000024845809,"bm":0},{"ddd":0,"ind":8,"ty":4,"nm":"arrow","sr":1,"ks":{"o":{"a":0,"k":100,"ix":11},"r":{"a":0,"k":0,"ix":10},"p":{"a":1,"k":[{"i":{"x":0.2,"y":1},"o":{"x":0.4,"y":0},"t":0,"s":[252.794,329.45,0],"to":[0,-5.833,0],"ti":[0,5.833,0]},{"i":{"x":0.2,"y":0.2},"o":{"x":0.4,"y":0.4},"t":13.965,"s":[252.794,294.45,0],"to":[0,0,0],"ti":[0,0,0]},{"i":{"x":0.2,"y":1},"o":{"x":0.4,"y":0},"t":35.38,"s":[252.794,294.45,0],"to":[0,-6.667,0],"ti":[0,6.667,0]},{"t":54.0000021994651,"s":[252.794,254.45,0]}],"ix":2},"a":{"a":0,"k":[33.828,53.625,0],"ix":1},"s":{"a":1,"k":[{"i":{"x":[0.2,0.2,0.833],"y":[1,1,1]},"o":{"x":[0.4,0.4,0.167],"y":[0,0,0]},"t":0,"s":[0,0,100]},{"i":{"x":[0.2,0.2,0.833],"y":[1,1,1]},"o":{"x":[0.4,0.4,0.167],"y":[0,0,0]},"t":16.53,"s":[120,120,100]},{"i":{"x":[0.2,0.2,0.833],"y":[1,1,1]},"o":{"x":[0.4,0.4,0.167],"y":[0,0,0]},"t":35.38,"s":[120,120,100]},{"t":54.0000021994651,"s":[0,0,100]}],"ix":6}},"ao":0,"shapes":[{"ty":"gr","it":[{"ind":0,"ty":"sh","ix":1,"ks":{"a":0,"k":{"i":[[0,0],[0,0]],"o":[[0,0],[0,0]],"v":[[0,20.93],[0,-5.508]],"c":false},"ix":2},"nm":"Path 1","mn":"ADBE Vector Shape - Group","hd":false},{"ind":1,"ty":"sh","ix":2,"ks":{"a":0,"k":{"i":[[0,0],[0,0],[0,0]],"o":[[0,0],[0,0],[0,0]],"v":[[-11.016,5.508],[0,-5.508],[11.016,5.508]],"c":false},"ix":2},"nm":"Path 2","mn":"ADBE Vector Shape - Group","hd":false},{"ty":"st","c":{"a":0,"k":[0.13333333333333333,0.17647058823529413,0.19215686274509805,1],"ix":3},"o":{"a":0,"k":100,"ix":4},"w":{"a":0,"k":2,"ix":5},"lc":2,"lj":2,"bm":0,"nm":"Stroke 1","mn":"ADBE Vector Graphic - Stroke","hd":false},{"ty":"tr","p":{"a":0,"k":[33.828,45.914],"ix":2},"a":{"a":0,"k":[0,0],"ix":1},"s":{"a":0,"k":[100,100],"ix":3},"r":{"a":0,"k":0,"ix":6},"o":{"a":0,"k":100,"ix":7},"sk":{"a":0,"k":0,"ix":4},"sa":{"a":0,"k":0,"ix":5},"nm":"Transform"}],"nm":"arrow","np":3,"cix":2,"bm":0,"ix":1,"mn":"ADBE Vector Group","hd":false}],"ip":0,"op":57.0000023216576,"st":0,"bm":0},{"ddd":0,"ind":9,"ty":4,"nm":"bg","sr":1,"ks":{"o":{"a":0,"k":100,"ix":11},"r":{"a":0,"k":0,"ix":10},"p":{"a":0,"k":[249,255,0],"ix":2},"a":{"a":0,"k":[0,0,0],"ix":1},"s":{"a":0,"k":[100,100,100],"ix":6}},"ao":0,"shapes":[{"ty":"rc","d":1,"s":{"a":0,"k":[235,235],"ix":2},"p":{"a":0,"k":[0,0],"ix":3},"r":{"a":0,"k":40,"ix":4},"nm":"Rectangle Path 1","mn":"ADBE Vector Shape - Rect","hd":false},{"ty":"fl","c":{"a":0,"k":[0.13333333333333333,0.17647058823529413,0.19215686274509805,1],"ix":4},"o":{"a":0,"k":100,"ix":5},"r":1,"bm":0,"nm":"Fill 1","mn":"ADBE Vector Graphic - Fill","hd":false}],"ip":0,"op":1800.0000733155,"st":0,"bm":0}],"markers":[]}