{
  "project_info": {
    "project_number": "573325980011",
    "firebase_url": "https://awqat-e-salah-4a749.firebaseio.com",
    "project_id": "awqat-e-salah-4a749",
    "storage_bucket": "awqat-e-salah-4a749.appspot.com"
  },
  "client": [
    {
      "client_info": {
        "mobilesdk_app_id": "1:573325980011:android:8b368f784752d2fb",
        "android_client_info": {
          "package_name": "com.awqatesalah.awqat_e_salah"
        }
      },
      "oauth_client": [
        {
          "client_id": "573325980011-bkl975j5fapff3f74891gr37gshukt4t.apps.googleusercontent.com",
          "client_type": 3
        }
      ],
      "api_key": [
        {
          "current_key": "AIzaSyAi7axQBZO2MaS926XBpyW0dqDQTWV6xxo"
        }
      ],
      "services": {
        "analytics_service": {
          "status": 1
        },
        "appinvite_service": {
          "status": 1,
          "other_platform_oauth_client": []
        },
        "ads_service": {
          "status": 2
        }
      }
    }
  ],
  "configuration_version": "1"
}