{
  "project_info": {
    "project_number": "269615856639",
    "project_id": "video-player-mg",
    "storage_bucket": "video-player-mg.appspot.com"
  },
  "client": [
    {
      "client_info": {
        "mobilesdk_app_id": "1:269615856639:android:583573dc70669afbd0c5ca",
        "android_client_info": {
          "package_name": "com.videothems.videoplayer.music"
        }
      },
      "oauth_client": [],
      "api_key": [
        {
          "current_key": "AIzaSyA99jdhnqn3IcdTBZPNQXjz5mRWMfjSpAg"
        }
      ],
      "services": {
        "appinvite_service": {
          "other_platform_oauth_client": []
        }
      }
    }
  ],
  "configuration_version": "1"
}