{
  "project_info": {
    "project_number": "310722735175",
    "project_id": "gps-map-camera-5407b",
    "storage_bucket": "gps-map-camera-5407b.appspot.com"
  },
  "client": [
    {
      "client_info": {
        "mobilesdk_app_id": "1:310722735175:android:1fd72914f900e61a07d562",
        "android_client_info": {
          "package_name": "com.timestamp.gpsmap"
        }
      },
      "oauth_client": [],
      "api_key": [
        {
          "current_key": "AIzaSyCIKCmTaPaGsekKhVwcTtE8vKf0O1pJuA8"
        }
      ],
      "services": {
        "appinvite_service": {
          "other_platform_oauth_client": []
        }
      }
    }
  ],
  "configuration_version": "1"
}