{
  "v": "5.1.6",
  "fr": 30,
  "ip": 0,
  "op": 94,
  "w": 300,
  "h": 300,
  "nm": "Comp 2",
  "ddd": 0,
  "assets": [
    {
      "id": "comp_0",
      "layers": [
        {
          "ddd": 0,
          "ind": 1,
          "ty": 4,
          "nm": "Shape Layer 3",
          "sr": 1,
          "ks": {
            "o": {
              "a": 0,
              "k": 100,
              "ix": 11
            },
            "r": {
              "a": 0,
              "k": 0,
              "ix": 10
            },
            "p": {
              "a": 0,
              "k": [
                81,
                59.26,
                0
              ],
              "ix": 2
            },
            "a": {
              "a": 0,
              "k": [
                -30,
                -6.544,
                0
              ],
              "ix": 1
            },
            "s": {
              "a": 1,
              "k": [
                {
                  "i": {
                    "x": [
                      0.651,
                      0.667,
                      0.667
                    ],
                    "y": [
                      0.998,
                      1,
                      1
                    ]
                  },
                  "o": {
                    "x": [
                      0.333,
                      0.333,
                      0.333
                    ],
                    "y": [
                      0,
                      0,
                      0
                    ]
                  },
                  "n": [
                    "0p651_0p998_0p333_0",
                    "0p667_1_0p333_0",
                    "0p667_1_0p333_0"
                  ],
                  "t": 9,
                  "s": [
                    0,
                    75.476,
                    100
                  ],
                  "e": [
                    110,
                    75.476,
                    100
                  ]
                },
                {
                  "i": {
                    "x": [
                      0.524,
                      0.833,
                      0.833
                    ],
                    "y": [
                      0.97,
                      1,
                      1
                    ]
                  },
                  "o": {
                    "x": [
                      0.379,
                      0.167,
                      0.167
                    ],
                    "y": [
                      0.013,
                      0,
                      0
                    ]
                  },
                  "n": [
                    "0p524_0p97_0p379_0p013",
                    "0p833_1_0p167_0",
                    "0p833_1_0p167_0"
                  ],
                  "t": 21,
                  "s": [
                    110,
                    75.476,
                    100
                  ],
                  "e": [
                    100,
                    75.476,
                    100
                  ]
                },
                {
                  "t": 29
                }
              ],
              "ix": 6
            }
          },
          "ao": 0,
          "shapes": [
            {
              "ty": "gr",
              "it": [
                {
                  "ty": "rc",
                  "d": 1,
                  "s": {
                    "a": 0,
                    "k": [
                      85.26,
                      14.271
                    ],
                    "ix": 2
                  },
                  "p": {
                    "a": 0,
                    "k": [
                      0,
                      0
                    ],
                    "ix": 3
                  },
                  "r": {
                    "a": 0,
                    "k": 2,
                    "ix": 4
                  },
                  "nm": "Rectangle Path 1",
                  "mn": "ADBE Vector Shape - Rect",
                  "hd": false
                },
                {
                  "ty": "fl",
                  "c": {
                    "a": 0,
                    "k": [
                      0.941176470588,
                      0.949019607843,
                      0.960784313725,
                      1
                    ],
                    "ix": 4
                  },
                  "o": {
                    "a": 0,
                    "k": 100,
                    "ix": 5
                  },
                  "r": 1,
                  "nm": "Fill 1",
                  "mn": "ADBE Vector Graphic - Fill",
                  "hd": false
                },
                {
                  "ty": "tr",
                  "p": {
                    "a": 0,
                    "k": [
                      12.63,
                      -8.364
                    ],
                    "ix": 2
                  },
                  "a": {
                    "a": 0,
                    "k": [
                      0,
                      0
                    ],
                    "ix": 1
                  },
                  "s": {
                    "a": 0,
                    "k": [
                      100,
                      100
                    ],
                    "ix": 3
                  },
                  "r": {
                    "a": 0,
                    "k": 0,
                    "ix": 6
                  },
                  "o": {
                    "a": 0,
                    "k": 100,
                    "ix": 7
                  },
                  "sk": {
                    "a": 0,
                    "k": 0,
                    "ix": 4
                  },
                  "sa": {
                    "a": 0,
                    "k": 0,
                    "ix": 5
                  },
                  "nm": "Transform"
                }
              ],
              "nm": "Rectangle 1",
              "np": 3,
              "cix": 2,
              "ix": 1,
              "mn": "ADBE Vector Group",
              "hd": false
            }
          ],
          "ip": 0,
          "op": 118,
          "st": 0,
          "bm": 0
        },
        {
          "ddd": 0,
          "ind": 2,
          "ty": 4,
          "nm": "Shape Layer 2",
          "sr": 1,
          "ks": {
            "o": {
              "a": 0,
              "k": 100,
              "ix": 11
            },
            "r": {
              "a": 0,
              "k": 0,
              "ix": 10
            },
            "p": {
              "a": 0,
              "k": [
                81,
                41.26,
                0
              ],
              "ix": 2
            },
            "a": {
              "a": 0,
              "k": [
                -30,
                -6.544,
                0
              ],
              "ix": 1
            },
            "s": {
              "a": 1,
              "k": [
                {
                  "i": {
                    "x": [
                      0.651,
                      0.667,
                      0.667
                    ],
                    "y": [
                      0.997,
                      1,
                      1
                    ]
                  },
                  "o": {
                    "x": [
                      0.333,
                      0.333,
                      0.333
                    ],
                    "y": [
                      0,
                      0,
                      0
                    ]
                  },
                  "n": [
                    "0p651_0p997_0p333_0",
                    "0p667_1_0p333_0",
                    "0p667_1_0p333_0"
                  ],
                  "t": 3,
                  "s": [
                    0,
                    75.476,
                    100
                  ],
                  "e": [
                    90,
                    75.476,
                    100
                  ]
                },
                {
                  "i": {
                    "x": [
                      0.524,
                      0.833,
                      0.833
                    ],
                    "y": [
                      0.94,
                      1,
                      1
                    ]
                  },
                  "o": {
                    "x": [
                      0.379,
                      0.167,
                      0.167
                    ],
                    "y": [
                      0.027,
                      0,
                      0
                    ]
                  },
                  "n": [
                    "0p524_0p94_0p379_0p027",
                    "0p833_1_0p167_0",
                    "0p833_1_0p167_0"
                  ],
                  "t": 15,
                  "s": [
                    90,
                    75.476,
                    100
                  ],
                  "e": [
                    85,
                    75.476,
                    100
                  ]
                },
                {
                  "t": 23
                }
              ],
              "ix": 6
            }
          },
          "ao": 0,
          "shapes": [
            {
              "ty": "gr",
              "it": [
                {
                  "ty": "rc",
                  "d": 1,
                  "s": {
                    "a": 0,
                    "k": [
                      85.26,
                      14.271
                    ],
                    "ix": 2
                  },
                  "p": {
                    "a": 0,
                    "k": [
                      0,
                      0
                    ],
                    "ix": 3
                  },
                  "r": {
                    "a": 0,
                    "k": 2,
                    "ix": 4
                  },
                  "nm": "Rectangle Path 1",
                  "mn": "ADBE Vector Shape - Rect",
                  "hd": false
                },
                {
                  "ty": "fl",
                  "c": {
                    "a": 0,
                    "k": [
                      0.941176470588,
                      0.949019607843,
                      0.960784313725,
                      1
                    ],
                    "ix": 4
                  },
                  "o": {
                    "a": 0,
                    "k": 100,
                    "ix": 5
                  },
                  "r": 1,
                  "nm": "Fill 1",
                  "mn": "ADBE Vector Graphic - Fill",
                  "hd": false
                },
                {
                  "ty": "tr",
                  "p": {
                    "a": 0,
                    "k": [
                      12.63,
                      -8.364
                    ],
                    "ix": 2
                  },
                  "a": {
                    "a": 0,
                    "k": [
                      0,
                      0
                    ],
                    "ix": 1
                  },
                  "s": {
                    "a": 0,
                    "k": [
                      100,
                      100
                    ],
                    "ix": 3
                  },
                  "r": {
                    "a": 0,
                    "k": 0,
                    "ix": 6
                  },
                  "o": {
                    "a": 0,
                    "k": 100,
                    "ix": 7
                  },
                  "sk": {
                    "a": 0,
                    "k": 0,
                    "ix": 4
                  },
                  "sa": {
                    "a": 0,
                    "k": 0,
                    "ix": 5
                  },
                  "nm": "Transform"
                }
              ],
              "nm": "Rectangle 1",
              "np": 3,
              "cix": 2,
              "ix": 1,
              "mn": "ADBE Vector Group",
              "hd": false
            }
          ],
          "ip": 0,
          "op": 166,
          "st": 0,
          "bm": 0
        },
        {
          "ddd": 0,
          "ind": 3,
          "ty": 4,
          "nm": "Shape Layer 1",
          "sr": 1,
          "ks": {
            "o": {
              "a": 0,
              "k": 100,
              "ix": 11
            },
            "r": {
              "a": 0,
              "k": 0,
              "ix": 10
            },
            "p": {
              "a": 0,
              "k": [
                48.961,
                49.211,
                0
              ],
              "ix": 2
            },
            "a": {
              "a": 0,
              "k": [
                -66.789,
                -32.789,
                0
              ],
              "ix": 1
            },
            "s": {
              "a": 1,
              "k": [
                {
                  "i": {
                    "x": [
                      0.044,
                      0.044,
                      0.667
                    ],
                    "y": [
                      0.991,
                      0.991,
                      1
                    ]
                  },
                  "o": {
                    "x": [
                      0.333,
                      0.333,
                      0.333
                    ],
                    "y": [
                      0,
                      0,
                      0
                    ]
                  },
                  "n": [
                    "0p044_0p991_0p333_0",
                    "0p044_0p991_0p333_0",
                    "0p667_1_0p333_0"
                  ],
                  "t": 0,
                  "s": [
                    0,
                    0,
                    100
                  ],
                  "e": [
                    93,
                    93,
                    100
                  ]
                },
                {
                  "t": 12
                }
              ],
              "ix": 6
            }
          },
          "ao": 0,
          "shapes": [
            {
              "ty": "gr",
              "it": [
                {
                  "ty": "rc",
                  "d": 1,
                  "s": {
                    "a": 0,
                    "k": [
                      38.422,
                      38.422
                    ],
                    "ix": 2
                  },
                  "p": {
                    "a": 0,
                    "k": [
                      0,
                      0
                    ],
                    "ix": 3
                  },
                  "r": {
                    "a": 0,
                    "k": 4,
                    "ix": 4
                  },
                  "nm": "Rectangle Path 1",
                  "mn": "ADBE Vector Shape - Rect",
                  "hd": false
                },
                {
                  "ty": "fl",
                  "c": {
                    "a": 0,
                    "k": [
                      0.894117647059,
                      0.901960784314,
                      0.921568627451,
                      1
                    ],
                    "ix": 4
                  },
                  "o": {
                    "a": 0,
                    "k": 100,
                    "ix": 5
                  },
                  "r": 1,
                  "nm": "Fill 1",
                  "mn": "ADBE Vector Graphic - Fill",
                  "hd": false
                },
                {
                  "ty": "tr",
                  "p": {
                    "a": 0,
                    "k": [
                      -66.789,
                      -32.789
                    ],
                    "ix": 2
                  },
                  "a": {
                    "a": 0,
                    "k": [
                      0,
                      0
                    ],
                    "ix": 1
                  },
                  "s": {
                    "a": 0,
                    "k": [
                      100,
                      100
                    ],
                    "ix": 3
                  },
                  "r": {
                    "a": 0,
                    "k": 0,
                    "ix": 6
                  },
                  "o": {
                    "a": 0,
                    "k": 100,
                    "ix": 7
                  },
                  "sk": {
                    "a": 0,
                    "k": 0,
                    "ix": 4
                  },
                  "sa": {
                    "a": 0,
                    "k": 0,
                    "ix": 5
                  },
                  "nm": "Transform"
                }
              ],
              "nm": "Rectangle 1",
              "np": 3,
              "cix": 2,
              "ix": 1,
              "mn": "ADBE Vector Group",
              "hd": false
            }
          ],
          "ip": 0,
          "op": 166,
          "st": 0,
          "bm": 0
        }
      ]
    }
  ],
  "layers": [
    {
      "ddd": 0,
      "ind": 1,
      "ty": 0,
      "nm": "Comp 1",
      "refId": "comp_0",
      "sr": 1,
      "ks": {
        "o": {
          "a": 0,
          "k": 100,
          "ix": 11
        },
        "r": {
          "a": 0,
          "k": 0,
          "ix": 10
        },
        "p": {
          "a": 0,
          "k": [
            150,
            175,
            0
          ],
          "ix": 2
        },
        "a": {
          "a": 0,
          "k": [
            100,
            50,
            0
          ],
          "ix": 1
        },
        "s": {
          "a": 0,
          "k": [
            100,
            100,
            100
          ],
          "ix": 6
        }
      },
      "ao": 0,
      "w": 200,
      "h": 100,
      "ip": 62,
      "op": 152,
      "st": 62,
      "bm": 0
    },
    {
      "ddd": 0,
      "ind": 2,
      "ty": 0,
      "nm": "Comp 1",
      "refId": "comp_0",
      "sr": 1,
      "ks": {
        "o": {
          "a": 1,
          "k": [
            {
              "i": {
                "x": [
                  0.833
                ],
                "y": [
                  0.833
                ]
              },
              "o": {
                "x": [
                  0.167
                ],
                "y": [
                  0.167
                ]
              },
              "n": [
                "0p833_0p833_0p167_0p167"
              ],
              "t": 62,
              "s": [
                100
              ],
              "e": [
                60
              ]
            },
            {
              "i": {
                "x": [
                  0.833
                ],
                "y": [
                  0.833
                ]
              },
              "o": {
                "x": [
                  0.167
                ],
                "y": [
                  0.167
                ]
              },
              "n": [
                "0p833_0p833_0p167_0p167"
              ],
              "t": 76,
              "s": [
                60
              ],
              "e": [
                60
              ]
            },
            {
              "t": 94
            }
          ],
          "ix": 11
        },
        "r": {
          "a": 0,
          "k": 0,
          "ix": 10
        },
        "p": {
          "a": 1,
          "k": [
            {
              "i": {
                "x": 0.182,
                "y": 1
              },
              "o": {
                "x": 0.333,
                "y": 0
              },
              "n": "0p182_1_0p333_0",
              "t": 62,
              "s": [
                150,
                175,
                0
              ],
              "e": [
                150,
                123.5,
                0
              ],
              "to": [
                0,
                -8.58333301544189,
                0
              ],
              "ti": [
                0,
                8.58333301544189,
                0
              ]
            },
            {
              "i": {
                "x": 0.182,
                "y": 0.182
              },
              "o": {
                "x": 0.167,
                "y": 0.167
              },
              "n": "0p182_0p182_0p167_0p167",
              "t": 76,
              "s": [
                150,
                123.5,
                0
              ],
              "e": [
                150,
                123.5,
                0
              ],
              "to": [
                0,
                0,
                0
              ],
              "ti": [
                0,
                0,
                0
              ]
            },
            {
              "t": 94
            }
          ],
          "ix": 2
        },
        "a": {
          "a": 0,
          "k": [
            100,
            50,
            0
          ],
          "ix": 1
        },
        "s": {
          "a": 1,
          "k": [
            {
              "i": {
                "x": [
                  0.069,
                  0.069,
                  0.667
                ],
                "y": [
                  0.995,
                  0.995,
                  1
                ]
              },
              "o": {
                "x": [
                  0.333,
                  0.333,
                  0.333
                ],
                "y": [
                  0,
                  0,
                  0
                ]
              },
              "n": [
                "0p069_0p995_0p333_0",
                "0p069_0p995_0p333_0",
                "0p667_1_0p333_0"
              ],
              "t": 62,
              "s": [
                100,
                100,
                100
              ],
              "e": [
                80,
                80,
                100
              ]
            },
            {
              "i": {
                "x": [
                  0.833,
                  0.833,
                  0.833
                ],
                "y": [
                  1,
                  1,
                  1
                ]
              },
              "o": {
                "x": [
                  0.333,
                  0.333,
                  0.333
                ],
                "y": [
                  0,
                  0,
                  0
                ]
              },
              "n": [
                "0p833_1_0p333_0",
                "0p833_1_0p333_0",
                "0p833_1_0p333_0"
              ],
              "t": 76,
              "s": [
                80,
                80,
                100
              ],
              "e": [
                80,
                80,
                100
              ]
            },
            {
              "t": 94
            }
          ],
          "ix": 6
        }
      },
      "ao": 0,
      "w": 200,
      "h": 100,
      "ip": 30,
      "op": 120,
      "st": 30,
      "bm": 0
    },
    {
      "ddd": 0,
      "ind": 3,
      "ty": 0,
      "nm": "Comp 1",
      "refId": "comp_0",
      "sr": 1,
      "ks": {
        "o": {
          "a": 1,
          "k": [
            {
              "i": {
                "x": [
                  0.833
                ],
                "y": [
                  0.833
                ]
              },
              "o": {
                "x": [
                  0.167
                ],
                "y": [
                  0.167
                ]
              },
              "n": [
                "0p833_0p833_0p167_0p167"
              ],
              "t": 30,
              "s": [
                100
              ],
              "e": [
                60
              ]
            },
            {
              "i": {
                "x": [
                  0.833
                ],
                "y": [
                  0.833
                ]
              },
              "o": {
                "x": [
                  0.167
                ],
                "y": [
                  0.167
                ]
              },
              "n": [
                "0p833_0p833_0p167_0p167"
              ],
              "t": 44,
              "s": [
                60
              ],
              "e": [
                60
              ]
            },
            {
              "i": {
                "x": [
                  0.833
                ],
                "y": [
                  0.833
                ]
              },
              "o": {
                "x": [
                  0.167
                ],
                "y": [
                  0.167
                ]
              },
              "n": [
                "0p833_0p833_0p167_0p167"
              ],
              "t": 62,
              "s": [
                60
              ],
              "e": [
                0
              ]
            },
            {
              "t": 76
            }
          ],
          "ix": 11
        },
        "r": {
          "a": 0,
          "k": 0,
          "ix": 10
        },
        "p": {
          "a": 1,
          "k": [
            {
              "i": {
                "x": 0.182,
                "y": 1
              },
              "o": {
                "x": 0.333,
                "y": 0
              },
              "n": "0p182_1_0p333_0",
              "t": 30,
              "s": [
                150,
                175,
                0
              ],
              "e": [
                150,
                123.5,
                0
              ],
              "to": [
                0,
                -8.58333301544189,
                0
              ],
              "ti": [
                0,
                8.58333301544189,
                0
              ]
            },
            {
              "i": {
                "x": 0.182,
                "y": 0.182
              },
              "o": {
                "x": 0.167,
                "y": 0.167
              },
              "n": "0p182_0p182_0p167_0p167",
              "t": 44,
              "s": [
                150,
                123.5,
                0
              ],
              "e": [
                150,
                123.5,
                0
              ],
              "to": [
                0,
                0,
                0
              ],
              "ti": [
                0,
                0,
                0
              ]
            },
            {
              "i": {
                "x": 0.182,
                "y": 1
              },
              "o": {
                "x": 0.167,
                "y": 0
              },
              "n": "0p182_1_0p167_0",
              "t": 62,
              "s": [
                150,
                123.5,
                0
              ],
              "e": [
                150,
                86.5,
                0
              ],
              "to": [
                0,
                -6.16666650772095,
                0
              ],
              "ti": [
                0,
                6.16666650772095,
                0
              ]
            },
            {
              "t": 76
            }
          ],
          "ix": 2
        },
        "a": {
          "a": 0,
          "k": [
            100,
            50,
            0
          ],
          "ix": 1
        },
        "s": {
          "a": 1,
          "k": [
            {
              "i": {
                "x": [
                  0.069,
                  0.069,
                  0.667
                ],
                "y": [
                  0.995,
                  0.995,
                  1
                ]
              },
              "o": {
                "x": [
                  0.333,
                  0.333,
                  0.333
                ],
                "y": [
                  0,
                  0,
                  0
                ]
              },
              "n": [
                "0p069_0p995_0p333_0",
                "0p069_0p995_0p333_0",
                "0p667_1_0p333_0"
              ],
              "t": 30,
              "s": [
                100,
                100,
                100
              ],
              "e": [
                80,
                80,
                100
              ]
            },
            {
              "i": {
                "x": [
                  0.833,
                  0.833,
                  0.833
                ],
                "y": [
                  1,
                  1,
                  1
                ]
              },
              "o": {
                "x": [
                  0.333,
                  0.333,
                  0.333
                ],
                "y": [
                  0,
                  0,
                  0
                ]
              },
              "n": [
                "0p833_1_0p333_0",
                "0p833_1_0p333_0",
                "0p833_1_0p333_0"
              ],
              "t": 44,
              "s": [
                80,
                80,
                100
              ],
              "e": [
                80,
                80,
                100
              ]
            },
            {
              "i": {
                "x": [
                  0.833,
                  0.833,
                  0.833
                ],
                "y": [
                  1,
                  1,
                  1
                ]
              },
              "o": {
                "x": [
                  0.167,
                  0.167,
                  0.167
                ],
                "y": [
                  0,
                  0,
                  0
                ]
              },
              "n": [
                "0p833_1_0p167_0",
                "0p833_1_0p167_0",
                "0p833_1_0p167_0"
              ],
              "t": 62,
              "s": [
                80,
                80,
                100
              ],
              "e": [
                50,
                50,
                100
              ]
            },
            {
              "t": 76
            }
          ],
          "ix": 6
        }
      },
      "ao": 0,
      "w": 200,
      "h": 100,
      "ip": -2,
      "op": 88,
      "st": -2,
      "bm": 0
    },
    {
      "ddd": 0,
      "ind": 4,
      "ty": 0,
      "nm": "Comp 1",
      "refId": "comp_0",
      "sr": 1,
      "ks": {
        "o": {
          "a": 1,
          "k": [
            {
              "i": {
                "x": [
                  0.833
                ],
                "y": [
                  0.833
                ]
              },
              "o": {
                "x": [
                  0.167
                ],
                "y": [
                  0.167
                ]
              },
              "n": [
                "0p833_0p833_0p167_0p167"
              ],
              "t": -1,
              "s": [
                100
              ],
              "e": [
                60
              ]
            },
            {
              "i": {
                "x": [
                  0.833
                ],
                "y": [
                  0.833
                ]
              },
              "o": {
                "x": [
                  0.167
                ],
                "y": [
                  0.167
                ]
              },
              "n": [
                "0p833_0p833_0p167_0p167"
              ],
              "t": 13,
              "s": [
                60
              ],
              "e": [
                60
              ]
            },
            {
              "i": {
                "x": [
                  0.833
                ],
                "y": [
                  0.833
                ]
              },
              "o": {
                "x": [
                  0.167
                ],
                "y": [
                  0.167
                ]
              },
              "n": [
                "0p833_0p833_0p167_0p167"
              ],
              "t": 31,
              "s": [
                60
              ],
              "e": [
                0
              ]
            },
            {
              "t": 45
            }
          ],
          "ix": 11
        },
        "r": {
          "a": 0,
          "k": 0,
          "ix": 10
        },
        "p": {
          "a": 1,
          "k": [
            {
              "i": {
                "x": 0.182,
                "y": 1
              },
              "o": {
                "x": 0.333,
                "y": 0
              },
              "n": "0p182_1_0p333_0",
              "t": -1,
              "s": [
                150,
                175,
                0
              ],
              "e": [
                150,
                123.5,
                0
              ],
              "to": [
                0,
                -8.58333301544189,
                0
              ],
              "ti": [
                0,
                8.58333301544189,
                0
              ]
            },
            {
              "i": {
                "x": 0.182,
                "y": 0.182
              },
              "o": {
                "x": 0.167,
                "y": 0.167
              },
              "n": "0p182_0p182_0p167_0p167",
              "t": 13,
              "s": [
                150,
                123.5,
                0
              ],
              "e": [
                150,
                123.5,
                0
              ],
              "to": [
                0,
                0,
                0
              ],
              "ti": [
                0,
                0,
                0
              ]
            },
            {
              "i": {
                "x": 0.182,
                "y": 1
              },
              "o": {
                "x": 0.167,
                "y": 0
              },
              "n": "0p182_1_0p167_0",
              "t": 31,
              "s": [
                150,
                123.5,
                0
              ],
              "e": [
                150,
                86.5,
                0
              ],
              "to": [
                0,
                -6.16666650772095,
                0
              ],
              "ti": [
                0,
                6.16666650772095,
                0
              ]
            },
            {
              "t": 45
            }
          ],
          "ix": 2
        },
        "a": {
          "a": 0,
          "k": [
            100,
            50,
            0
          ],
          "ix": 1
        },
        "s": {
          "a": 1,
          "k": [
            {
              "i": {
                "x": [
                  0.069,
                  0.069,
                  0.667
                ],
                "y": [
                  0.995,
                  0.995,
                  1
                ]
              },
              "o": {
                "x": [
                  0.333,
                  0.333,
                  0.333
                ],
                "y": [
                  0,
                  0,
                  0
                ]
              },
              "n": [
                "0p069_0p995_0p333_0",
                "0p069_0p995_0p333_0",
                "0p667_1_0p333_0"
              ],
              "t": -1,
              "s": [
                100,
                100,
                100
              ],
              "e": [
                80,
                80,
                100
              ]
            },
            {
              "i": {
                "x": [
                  0.833,
                  0.833,
                  0.833
                ],
                "y": [
                  1,
                  1,
                  1
                ]
              },
              "o": {
                "x": [
                  0.333,
                  0.333,
                  0.333
                ],
                "y": [
                  0,
                  0,
                  0
                ]
              },
              "n": [
                "0p833_1_0p333_0",
                "0p833_1_0p333_0",
                "0p833_1_0p333_0"
              ],
              "t": 13,
              "s": [
                80,
                80,
                100
              ],
              "e": [
                80,
                80,
                100
              ]
            },
            {
              "i": {
                "x": [
                  0.833,
                  0.833,
                  0.833
                ],
                "y": [
                  1,
                  1,
                  1
                ]
              },
              "o": {
                "x": [
                  0.167,
                  0.167,
                  0.167
                ],
                "y": [
                  0,
                  0,
                  0
                ]
              },
              "n": [
                "0p833_1_0p167_0",
                "0p833_1_0p167_0",
                "0p833_1_0p167_0"
              ],
              "t": 31,
              "s": [
                80,
                80,
                100
              ],
              "e": [
                50,
                50,
                100
              ]
            },
            {
              "t": 45
            }
          ],
          "ix": 6
        }
      },
      "ao": 0,
      "w": 200,
      "h": 100,
      "ip": -33,
      "op": 57,
      "st": -33,
      "bm": 0
    },
    {
      "ddd": 0,
      "ind": 5,
      "ty": 0,
      "nm": "Comp 1",
      "refId": "comp_0",
      "sr": 1,
      "ks": {
        "o": {
          "a": 1,
          "k": [
            {
              "i": {
                "x": [
                  0.833
                ],
                "y": [
                  0.833
                ]
              },
              "o": {
                "x": [
                  0.167
                ],
                "y": [
                  0.167
                ]
              },
              "n": [
                "0p833_0p833_0p167_0p167"
              ],
              "t": -35,
              "s": [
                100
              ],
              "e": [
                60
              ]
            },
            {
              "i": {
                "x": [
                  0.833
                ],
                "y": [
                  0.833
                ]
              },
              "o": {
                "x": [
                  0.167
                ],
                "y": [
                  0.167
                ]
              },
              "n": [
                "0p833_0p833_0p167_0p167"
              ],
              "t": -21,
              "s": [
                60
              ],
              "e": [
                60
              ]
            },
            {
              "i": {
                "x": [
                  0.833
                ],
                "y": [
                  0.833
                ]
              },
              "o": {
                "x": [
                  0.167
                ],
                "y": [
                  0.167
                ]
              },
              "n": [
                "0p833_0p833_0p167_0p167"
              ],
              "t": -1,
              "s": [
                60
              ],
              "e": [
                0
              ]
            },
            {
              "t": 13
            }
          ],
          "ix": 11
        },
        "r": {
          "a": 0,
          "k": 0,
          "ix": 10
        },
        "p": {
          "a": 1,
          "k": [
            {
              "i": {
                "x": 0.182,
                "y": 1
              },
              "o": {
                "x": 0.333,
                "y": 0
              },
              "n": "0p182_1_0p333_0",
              "t": -35,
              "s": [
                150,
                175,
                0
              ],
              "e": [
                150,
                123.5,
                0
              ],
              "to": [
                0,
                -8.58333301544189,
                0
              ],
              "ti": [
                0,
                8.58333301544189,
                0
              ]
            },
            {
              "i": {
                "x": 0.182,
                "y": 0.182
              },
              "o": {
                "x": 0.167,
                "y": 0.167
              },
              "n": "0p182_0p182_0p167_0p167",
              "t": -21,
              "s": [
                150,
                123.5,
                0
              ],
              "e": [
                150,
                123.5,
                0
              ],
              "to": [
                0,
                0,
                0
              ],
              "ti": [
                0,
                0,
                0
              ]
            },
            {
              "i": {
                "x": 0.182,
                "y": 1
              },
              "o": {
                "x": 0.167,
                "y": 0
              },
              "n": "0p182_1_0p167_0",
              "t": -1,
              "s": [
                150,
                123.5,
                0
              ],
              "e": [
                150,
                86.5,
                0
              ],
              "to": [
                0,
                -6.16666650772095,
                0
              ],
              "ti": [
                0,
                6.16666650772095,
                0
              ]
            },
            {
              "t": 13
            }
          ],
          "ix": 2
        },
        "a": {
          "a": 0,
          "k": [
            100,
            50,
            0
          ],
          "ix": 1
        },
        "s": {
          "a": 1,
          "k": [
            {
              "i": {
                "x": [
                  0.069,
                  0.069,
                  0.667
                ],
                "y": [
                  0.995,
                  0.995,
                  1
                ]
              },
              "o": {
                "x": [
                  0.333,
                  0.333,
                  0.333
                ],
                "y": [
                  0,
                  0,
                  0
                ]
              },
              "n": [
                "0p069_0p995_0p333_0",
                "0p069_0p995_0p333_0",
                "0p667_1_0p333_0"
              ],
              "t": -35,
              "s": [
                100,
                100,
                100
              ],
              "e": [
                80,
                80,
                100
              ]
            },
            {
              "i": {
                "x": [
                  0.833,
                  0.833,
                  0.833
                ],
                "y": [
                  1,
                  1,
                  1
                ]
              },
              "o": {
                "x": [
                  0.333,
                  0.333,
                  0.333
                ],
                "y": [
                  0,
                  0,
                  0
                ]
              },
              "n": [
                "0p833_1_0p333_0",
                "0p833_1_0p333_0",
                "0p833_1_0p333_0"
              ],
              "t": -21,
              "s": [
                80,
                80,
                100
              ],
              "e": [
                80,
                80,
                100
              ]
            },
            {
              "i": {
                "x": [
                  0.833,
                  0.833,
                  0.833
                ],
                "y": [
                  1,
                  1,
                  1
                ]
              },
              "o": {
                "x": [
                  0.167,
                  0.167,
                  0.167
                ],
                "y": [
                  0,
                  0,
                  0
                ]
              },
              "n": [
                "0p833_1_0p167_0",
                "0p833_1_0p167_0",
                "0p833_1_0p167_0"
              ],
              "t": -1,
              "s": [
                80,
                80,
                100
              ],
              "e": [
                50,
                50,
                100
              ]
            },
            {
              "t": 13
            }
          ],
          "ix": 6
        }
      },
      "ao": 0,
      "w": 200,
      "h": 100,
      "ip": -76,
      "op": 14,
      "st": -76,
      "bm": 0
    }
  ],
  "markers": []
}