{
  "project_info": {
    "project_number": "945952641042",
    "project_id": "calculator-vault-dbc58",
    "storage_bucket": "calculator-vault-dbc58.appspot.com"
  },
  "client": [
    {
      "client_info": {
        "mobilesdk_app_id": "1:945952641042:android:1229198a8240a2917608cb",
        "android_client_info": {
          "package_name": "calculatorlock.calculatorvault.hide.photo.video"
        }
      },
      "oauth_client": [
        {
          "client_id": "945952641042-hiiv8nut8ep4nao6qfnrmj0012e1olfs.apps.googleusercontent.com",
          "client_type": 3
        }
      ],
      "api_key": [
        {
          "current_key": "AIzaSyCGMiD5B6VnYnw6TTh_Zzntxz1rPsjCQa8"
        }
      ],
      "services": {
        "appinvite_service": {
          "other_platform_oauth_client": [
            {
              "client_id": "945952641042-hiiv8nut8ep4nao6qfnrmj0012e1olfs.apps.googleusercontent.com",
              "client_type": 3
            }
          ]
        }
      }
    }
  ],
  "configuration_version": "1"
}