[
  {
    "Body": "Your A/c 801740 is debited by Rs. 2005.9 on 17Apr20. Avbl Bal: Rs. 12994.18. Info: IMPS/P2A/010821563190/Chetan/AkhandA/X00. Call 18605005555 for dispute.",
    "BankName": "Canberra"
  },
  {
    "Body": "Your A/c 801740 is debited by Rs. 250 on 26Mar20. Avbl Bal: Rs. 17292.08. Info: IMPS/P2A/008623778731/parth/KOTAKMA/X450. Call 18605005555 for dispute.",
    "BankName": "Canberra"
  },
  {
    "Body": "Dear Customer, your Account Number XXXXXX6377 has been credited by Rs 215.000 being DBT/DBTL funds transfer on 19/05/2015 - CENTRAL BANK OF INDIA",
    "BankName": "Canberra"
  }
]