{
  "project_info": {
    "project_number": "591067447725",
    "project_id": "cleanner-f9231",
    "storage_bucket": "cleanner-f9231.appspot.com"
  },
  "client": [
    {
      "client_info": {
        "mobilesdk_app_id": "1:591067447725:android:d12c5e53ed519cc643e124",
        "android_client_info": {
          "package_name": "com.cleanmaster.trashcleaner.junkeraser"
        }
      },
      "oauth_client": [],
      "api_key": [
        {
          "current_key": "AIzaSyCQH0BNsNyoGCZ4gz1fGE6wxdK8SmPD9EQ"
        }
      ],
      "services": {
        "appinvite_service": {
          "other_platform_oauth_client": []
        }
      }
    }
  ],
  "configuration_version": "1"
}